T_0012 -0.009047 -0.009003 0.022723 -0.042000 0.056166 0.023306 -0.156078 -0.036171 -0.127089 -0.028353 0.009289 0.085747 0.018384 0.027687 0.068835 -0.058187 0.077731 -0.022391 0.069202 0.002239 -0.009968 -0.093198 -0.050735 -0.027036 0.063351 0.097442 0.097116 0.086774 0.113344 -0.019784 0.037236 0.095926 -0.106412 -0.100751 -0.028489 0.007081 -0.060061 0.000680 0.114145 -0.086587 -0.002044 0.050561 0.000151 -0.099397 0.057489 -0.077077 -0.111324 -0.059021 0.030482 0.008679 -0.000921 0.027944 0.062151 -0.056220 0.057710 0.085065 -0.022646 0.009468 -0.064027 0.021544 -0.019049 0.037804 -0.139535 0.070636 0.079063 -0.037248 0.063427 -0.062439 -0.011894 -0.087293 -0.031427 0.077756 0.066490 -0.132642 -0.005924 0.061383 -0.054175 -0.074622 0.018408 0.041474 -0.005369 0.061747 0.049847 -0.079438 -0.026804 0.036003 0.063926 0.058212 -0.087492 -0.028001 -0.048133 -0.144341 -0.015896 0.016628 -0.055090 0.027406 0.083116 -0.025419 -0.170022 0.100452 -0.082685 0.086187 0.009226 0.100659 0.045793 0.121369 -0.065918 -0.139093 -0.034007 -0.035930 0.067959 -0.039709 0.017391 -0.072474 -0.031938 0.067563 0.022845 0.109428 0.179806 -0.055415 -0.049286 0.029573 -0.005490 0.095562 -0.006163 -0.043051 0.103561 -0.064656 -0.007452 0.049613 -0.034993 -0.022384 -0.103526 -0.093785 -0.067734 -0.049563 0.182900 -0.067602 0.006830 -0.058945 -0.050622 -0.099527 0.036975 -0.111304 0.139337 0.068036 0.056119 0.050026 -0.103416 0.113623 0.075457 -0.070377 0.012126 0.024377 0.097309 0.031450 -0.143751 0.082300 -0.079831 -0.025890 -0.001769 0.007507 0.058650 -0.132074 -0.021086 -0.019724 0.066317 -0.068453 -0.047671 0.054323 0.038381 0.016650 0.109299 -0.084034 0.031083 -0.014894 0.006795 -0.069860 0.009189 0.105580 -0.099545 -0.115978 -0.021749 -0.073118 -0.053076 -0.122203 0.015208 -0.077691 -0.047906 -0.204778 0.077151 -0.054683
T_0020 0.002836 -0.094926 0.003290 0.021627 -0.009269 0.015057 -0.050385 0.015239 -0.081747 0.035355 0.057042 0.069847 0.092171 0.062869 0.034421 0.027247 0.126987 -0.025564 0.101345 0.102673 -0.047720 -0.105446 0.089247 -0.052997 0.015438 0.047840 0.147851 0.040692 0.072782 0.020067 0.038562 0.053372 -0.089717 -0.080394 -0.083103 -0.174348 0.046235 -0.087567 0.068719 -0.009017 0.000553 -0.055822 0.000828 -0.138903 -0.062400 -0.036597 -0.043310 -0.069601 0.079146 0.123544 0.048434 0.022753 0.048442 -0.015022 0.022819 0.072135 -0.105578 -0.025191 -0.107237 0.009944 -0.004300 0.097966 -0.084407 0.037819 0.046318 -0.031496 0.014763 -0.075189 0.083682 -0.089935 0.034760 0.081268 0.051398 -0.109578 0.036380 -0.021494 0.011989 -0.081526 -0.023648 0.096750 -0.039672 0.037176 0.005248 -0.095584 -0.008058 0.037368 0.055106 0.041781 -0.066978 -0.068415 -0.142662 -0.091031 -0.036149 0.046330 -0.046702 0.073446 0.059142 0.032069 -0.170796 0.044433 -0.001967 0.007076 -0.075597 0.075867 0.044132 0.107616 -0.029777 -0.007052 0.007574 0.047706 0.038123 -0.098172 0.040714 -0.014290 -0.038727 -0.004632 -0.008453 0.144058 0.240794 -0.021334 -0.075416 -0.047397 -0.036977 0.044449 0.005454 -0.049708 0.055125 -0.084180 0.048151 0.026905 -0.050036 -0.055088 -0.018488 -0.066755 -0.035563 -0.116812 0.083526 -0.018445 -0.045286 -0.029059 -0.105107 -0.021537 -0.036803 -0.079599 0.115618 0.100468 0.067103 0.005582 -0.047597 0.066060 0.102019 -0.028070 -0.047845 -0.016409 0.013796 -0.038064 -0.046541 0.086993 -0.026768 -0.009296 0.131987 0.036003 0.002635 -0.111956 -0.018743 0.058998 0.077849 -0.031148 -0.081766 0.055509 0.062366 -0.037418 0.051414 -0.131281 0.087853 -0.060044 -0.029579 -0.161662 -0.062335 0.079354 0.081933 -0.096727 -0.008564 -0.042475 -0.052277 0.002172 0.082292 -0.203178 -0.006166 -0.239062 0.004971 -0.021121
T_0023 0.016444 0.101148 0.028400 0.000361 0.018297 -0.143188 0.066802 -0.083260 0.025816 0.082919 0.021932 0.106558 0.100434 0.005136 0.076599 -0.033341 0.051676 -0.020761 0.030927 0.042420 -0.037879 -0.029665 0.088837 -0.047876 0.022399 -0.002017 -0.019346 0.024532 0.036390 -0.064948 0.046334 0.022474 0.027292 -0.027099 0.042571 0.004439 -0.037067 0.020401 -0.001687 -0.052966 -0.105669 0.087120 -0.018091 -0.034030 0.041940 -0.004155 0.003911 0.033772 0.143614 0.106615 -0.032753 -0.061091 -0.151663 0.102042 0.139564 0.034486 0.005196 -0.083929 -0.067246 0.057429 0.005144 -0.002909 -0.056274 0.066786 0.052134 0.169518 0.002592 -0.113956 0.035087 -0.110861 0.056044 0.161523 0.068678 -0.071975 -0.022731 -0.043885 -0.110067 -0.020967 -0.011296 0.097489 0.033657 0.095985 -0.061364 0.038950 0.095397 -0.070718 -0.009616 0.073664 -0.191439 0.103827 -0.010328 -0.044713 0.041752 0.169801 -0.022838 -0.010691 0.039485 -0.041677 -0.265717 0.100702 0.088483 -0.099792 0.097235 -0.017783 -0.118651 0.008208 -0.011556 -0.079288 0.032431 -0.008407 -0.075500 0.005425 0.087651 -0.098368 0.016724 -0.032962 -0.211412 0.125672 -0.008581 -0.018586 0.106453 0.000117 0.022245 0.097677 0.010727 0.042568 -0.106538 -0.017233 0.007590 0.075191 -0.069807 0.024409 -0.062509 -0.005004 -0.093229 -0.123025 0.020476 -0.021986 -0.017557 -0.157538 -0.054914 -0.068528 -0.068794 -0.108704 0.072106 0.070025 -0.061342 0.036762 0.084976 -0.049344 -0.038508 0.048048 0.073926 -0.029808 0.054239 -0.011446 -0.008710 -0.020040 -0.105661 -0.010619 0.053945 -0.046637 0.092491 -0.087186 0.004867 -0.001622 0.097227 0.021591 -0.104735 0.025395 0.113050 -0.081615 -0.011145 0.018793 0.035781 0.079336 -0.041498 0.002416 -0.086707 0.070296 -0.039208 -0.083380 -0.005768 0.073352 -0.002299 -0.034833 -0.063101 -0.085927 -0.005857 -0.007901 0.052935 -0.056460
T_0027 -0.116140 -0.033822 0.035419 0.044260 -0.022610 -0.049190 0.020558 0.005888 -0.044777 -0.006397 -0.106518 0.050237 0.069888 -0.012239 0.120783 -0.072417 0.008990 0.076431 0.056571 -0.004552 0.073669 -0.124199 0.069283 0.067694 -0.057543 0.036442 0.015879 0.117356 0.059449 -0.166443 -0.088284 0.042835 -0.005890 0.027058 0.130353 -0.007395 0.040104 0.046594 -0.018710 -0.015799 -0.053205 0.028775 0.014148 -0.093268 -0.018213 0.089105 -0.013020 -0.024525 0.103214 0.000380 0.000178 0.048630 0.027014 -0.011550 0.059486 0.041298 -0.063392 -0.001919 -0.140444 0.003889 0.029335 -0.020891 -0.037535 0.069212 0.121374 0.007201 -0.060343 -0.096427 0.085322 -0.105479 0.013992 0.036261 0.001409 -0.137928 -0.045959 -0.042751 -0.079111 -0.067859 0.011198 0.099550 -0.098073 0.075539 0.060985 -0.000127 0.107778 0.003414 0.060372 -0.058953 -0.072108 0.080922 0.015175 -0.083091 0.005322 0.208091 0.003584 -0.065273 0.137406 -0.017672 -0.237957 0.085830 0.047065 -0.063236 0.045512 0.051922 -0.033524 -0.017741 -0.082447 0.004266 -0.056757 -0.042257 -0.026428 0.014057 0.048644 -0.112014 0.018048 0.068276 -0.021688 0.036851 0.023905 -0.067226 0.150799 0.005675 -0.001242 -0.038310 0.094468 -0.063347 -0.061392 -0.040812 -0.059187 0.004578 0.015923 0.022512 -0.008964 -0.057923 -0.170034 -0.128000 0.107344 -0.082476 0.150461 -0.088561 0.032845 -0.037864 0.088169 -0.020002 0.053729 0.000343 -0.050570 0.069394 0.136231 -0.073429 -0.048971 -0.053832 -0.073762 0.001941 0.059847 0.073843 -0.164954 0.046942 -0.184697 0.025563 0.018256 -0.035903 -0.006607 -0.058657 -0.070571 0.062627 0.096031 -0.056130 -0.048488 0.002351 0.028896 -0.033584 0.003036 0.012333 0.068694 0.015732 -0.145088 -0.061655 0.008681 0.169604 -0.000915 -0.090119 0.148014 0.004292 0.034747 -0.013235 -0.101454 -0.005817 0.041020 0.029241 0.065753 -0.050473
T_0039 -0.093997 0.016705 0.061881 0.127540 -0.081855 -0.068212 0.121099 -0.044017 -0.013814 -0.059063 0.015802 0.101490 0.049633 0.011543 0.104370 -0.039904 0.138666 0.063154 -0.036405 0.074095 -0.004814 -0.131851 0.162719 0.044494 -0.025022 0.028034 0.022344 0.101381 0.035280 -0.129149 -0.026411 0.065019 -0.030874 0.082487 0.040253 -0.122612 0.032845 0.021667 0.018739 -0.084643 -0.074101 0.005086 0.044331 -0.042926 -0.038308 0.087521 -0.063780 -0.001047 0.161907 0.066090 -0.087402 -0.120456 -0.030025 0.000863 0.081071 0.067831 -0.028280 0.010016 -0.134591 -0.038040 0.068408 -0.019873 -0.047827 0.014125 0.020888 0.124275 -0.000964 -0.086718 0.141281 -0.067262 -0.048212 0.045975 -0.061180 -0.088781 0.053747 -0.155657 -0.076446 -0.095305 -0.006338 0.019388 0.006990 0.045901 0.044846 0.077528 0.115381 0.050203 -0.026527 -0.057185 -0.127743 0.136769 0.052593 -0.002522 -0.030920 0.143602 -0.025236 0.015026 0.116418 -0.092188 -0.194986 0.058533 0.113606 0.004412 0.081557 0.040818 -0.000658 -0.014856 -0.006630 0.031824 -0.018200 0.012566 -0.064649 -0.011847 0.059531 -0.004566 -0.011548 -0.064704 -0.050892 0.096751 -0.073743 -0.004590 0.162234 0.012209 0.013151 -0.032522 0.060314 -0.031119 -0.074501 -0.001511 -0.020341 0.001495 -0.014395 0.028230 -0.058938 -0.012988 -0.122999 -0.136022 0.095943 -0.034140 0.091126 -0.081439 0.003381 0.028772 0.044563 -0.036807 0.080631 0.043555 -0.015802 0.005175 0.115994 0.062386 -0.030390 -0.058829 0.000975 -0.021599 0.049102 0.108444 -0.041934 0.021967 -0.153314 0.048825 -0.003668 -0.026892 0.003469 -0.075403 -0.057696 0.120157 0.096125 -0.031668 -0.092234 0.053067 0.005666 -0.110482 -0.099493 -0.043951 0.123545 0.070273 -0.054670 -0.120557 -0.072523 0.153775 -0.068399 -0.035329 0.058961 0.036428 -0.045922 -0.005905 -0.081841 -0.009485 0.001454 0.016551 0.029530 -0.067220
T_0046 -0.041965 -0.016419 0.018249 -0.046993 -0.016746 -0.034754 0.069964 0.041777 -0.041562 -0.061300 -0.112930 0.029464 0.097657 0.058188 0.109185 -0.013592 0.039319 0.019261 -0.064370 -0.023209 0.035107 -0.026108 0.004961 -0.035750 -0.033183 0.146758 0.006400 0.100982 0.053372 -0.095555 -0.086430 0.123946 -0.033183 0.046683 -0.020789 0.029588 0.037946 0.117114 -0.022720 -0.040022 -0.058349 0.047692 0.013068 -0.012058 -0.066908 0.010008 0.002085 -0.010685 0.037186 0.094505 -0.016359 0.013801 0.081437 -0.014476 -0.015830 0.070367 -0.116021 0.038214 -0.063767 0.021429 -0.024007 -0.023510 -0.035884 -0.008229 0.117309 0.056547 0.018927 -0.135603 0.036289 -0.145548 -0.034279 0.045676 0.050264 -0.059289 -0.003964 -0.007725 0.028480 0.009365 -0.049546 0.071620 -0.001574 0.100138 0.127320 -0.041376 0.071699 -0.062170 -0.039971 0.003825 -0.127870 0.112410 0.033161 -0.036362 -0.011499 0.301487 -0.067677 -0.002966 0.137417 -0.009872 -0.170823 0.069826 0.012760 -0.036033 0.019127 0.046180 -0.033619 -0.028165 -0.064383 -0.011070 0.038980 -0.020063 -0.041258 0.063095 0.052379 -0.114125 -0.036323 0.077122 -0.106188 0.025306 0.036559 -0.048474 0.033193 0.085437 -0.041393 0.004219 0.085359 0.037603 -0.037782 -0.114399 -0.060108 0.023214 -0.007776 -0.023378 -0.041814 -0.101177 -0.146713 -0.078472 0.023146 -0.068888 0.117237 -0.088403 0.065355 -0.068915 0.026069 -0.070349 0.082505 -0.047016 -0.050872 0.022679 0.149855 0.035700 -0.013188 -0.021308 -0.097737 0.045010 0.151794 0.052840 -0.182238 -0.056346 -0.174888 0.014810 0.017413 0.021176 -0.029482 -0.116056 -0.056997 0.071116 0.052660 -0.058667 0.039290 0.031317 0.111853 -0.094750 -0.010680 0.019786 0.096447 0.023806 -0.207442 0.039057 0.005495 0.139436 -0.084579 -0.108307 0.073459 -0.024097 0.026926 0.042880 -0.106666 0.001693 0.024770 -0.022580 0.084514 0.042682
T_0052 0.005829 0.109305 -0.002081 0.068286 -0.021974 -0.113929 -0.020623 -0.076293 -0.004451 0.007205 -0.089791 0.078754 -0.001639 -0.019464 0.101102 0.065381 0.096230 0.011847 -0.082510 -0.025650 -0.023992 -0.105082 0.059260 -0.048743 -0.011577 -0.082019 0.028277 0.081901 0.021599 -0.053731 0.012249 0.007028 -0.062074 0.079900 -0.020913 0.047710 0.039608 0.089013 0.012766 -0.059341 -0.065968 0.065289 -0.013886 -0.112699 0.054374 -0.002739 -0.081735 0.003376 0.101797 0.084095 0.039688 0.038647 -0.078114 -0.002120 0.274842 0.022109 -0.111736 -0.102706 -0.162749 -0.085931 -0.042454 0.003811 -0.036066 0.037943 0.051442 0.145467 -0.025557 -0.037442 0.054171 -0.111473 0.045058 0.110139 0.069499 -0.098370 -0.091613 0.040207 -0.055888 0.053024 0.037653 0.099609 0.049041 0.102180 -0.129975 0.099877 0.071322 -0.102945 0.016601 0.081880 -0.053422 0.088376 -0.028562 -0.040021 -0.026143 0.081570 0.073172 0.008321 0.057954 -0.061778 -0.261514 0.123620 0.054357 -0.066774 0.085603 0.019178 -0.080036 -0.025571 -0.130702 -0.090983 0.048203 0.016542 -0.136418 -0.124462 -0.024271 -0.045204 0.031124 -0.040958 -0.125785 0.016558 0.050197 0.054175 0.041034 0.074075 0.011323 0.005077 -0.011431 0.024495 -0.055497 -0.013958 -0.114327 0.119988 -0.044443 0.011512 0.056366 -0.038029 -0.110145 -0.032191 0.071623 -0.026844 -0.049126 -0.102487 0.071711 -0.056681 -0.072341 -0.175044 0.104204 0.032640 0.014763 -0.003829 0.047029 -0.021359 -0.090647 -0.008676 0.046017 0.001564 0.070616 0.044841 0.016041 0.084068 -0.026557 -0.010502 0.064946 -0.035580 0.086409 -0.025707 -0.018696 0.038828 0.086420 -0.035120 0.004153 -0.017461 0.060299 -0.115053 -0.022255 0.005761 0.113027 0.032342 -0.065041 0.031774 -0.026803 -0.015806 -0.097792 -0.106473 -0.082713 0.037295 0.014279 -0.072615 -0.040955 -0.047915 0.004301 0.034732 0.072338 -0.066445
T_0091 -0.083652 0.061548 0.030731 0.028901 0.052066 -0.097849 0.095876 0.021324 -0.040648 -0.011076 -0.097433 0.050599 0.066639 0.049374 0.138950 -0.035503 0.071795 0.039399 0.031786 -0.050873 -0.006315 -0.055045 0.086459 -0.004273 -0.009718 0.051912 0.000669 0.013623 0.042900 -0.060354 -0.015463 0.013480 -0.009218 0.076197 0.061668 -0.058433 -0.042414 0.058951 0.006980 0.014478 -0.082470 0.079444 0.022364 -0.001582 0.079424 -0.055788 -0.022834 -0.027625 0.111171 0.064721 -0.003447 0.008633 -0.159464 0.021512 0.062134 0.029970 -0.043475 -0.003011 -0.047935 0.049933 0.028635 0.062282 -0.023173 0.093321 0.029367 0.127388 -0.034790 -0.191380 0.057003 -0.073042 0.027549 0.064088 0.049192 -0.063961 -0.030772 -0.009653 -0.034162 -0.063849 -0.000075 0.095299 -0.004603 0.180950 0.026149 -0.032588 0.072359 0.017637 0.033885 0.061954 -0.057368 0.093382 0.052931 -0.086747 0.019746 0.201892 -0.053515 -0.035998 0.071512 -0.024264 -0.210537 0.108748 0.023240 -0.100969 0.064593 0.019204 -0.035557 -0.076036 -0.018513 -0.042767 0.041615 0.003301 -0.073431 0.024042 0.084621 -0.176537 -0.081558 0.015093 -0.106227 0.084434 0.052368 -0.017590 0.066037 0.081152 -0.064781 0.091173 0.093244 0.006237 -0.095347 -0.050033 -0.035440 0.042971 -0.005524 0.035774 0.013479 0.013439 -0.189436 -0.089726 0.081833 -0.109972 0.078217 -0.141683 -0.015034 -0.048853 -0.104497 -0.074496 0.038583 -0.002717 0.031214 0.076003 0.071881 -0.004218 -0.038420 0.009005 -0.011159 -0.013450 0.137320 0.080829 -0.091352 0.041818 -0.190187 -0.066767 0.124469 -0.083185 0.003100 -0.095178 -0.059952 0.001236 0.120288 -0.003549 -0.035903 0.047764 0.101200 -0.079014 0.068286 0.012937 0.009489 0.022648 -0.123552 0.036890 -0.046862 0.124352 -0.000365 -0.148313 0.097896 0.032659 -0.053723 0.001038 -0.087253 -0.033213 -0.015727 0.047443 0.107921 -0.065030
T_0101 -0.018909 0.024536 0.067886 0.048307 0.061643 -0.043392 0.028785 0.103590 -0.079476 -0.026238 -0.077922 0.031586 0.075360 0.028141 0.156380 -0.023024 0.068233 0.070519 0.101359 -0.034444 0.005551 -0.038135 0.071019 0.009302 -0.005912 0.099746 -0.022168 0.052553 0.046655 -0.155477 -0.034504 0.016563 -0.067639 -0.034636 0.056824 0.045947 -0.095826 0.083808 0.000828 0.013804 -0.051902 0.017170 -0.019288 -0.099069 0.026931 -0.006058 0.018101 0.009505 0.113022 0.036243 -0.011285 0.106220 -0.010228 -0.002579 0.069229 0.052839 -0.015374 0.051068 -0.089412 0.065974 -0.010818 0.049628 -0.096254 0.040263 0.087676 0.057323 -0.059133 -0.179740 0.024654 -0.027908 0.012793 0.043132 0.124812 -0.141252 -0.062037 -0.131501 -0.065797 -0.027028 -0.044431 0.075091 -0.008481 0.099211 0.032856 0.026856 0.052711 -0.055111 0.031566 0.027454 -0.059672 0.084228 -0.032031 -0.061320 0.042963 0.167207 -0.022496 -0.090675 0.033621 -0.039109 -0.294777 0.047332 0.113164 -0.014954 0.057070 0.040095 0.004038 0.038524 -0.079221 -0.068237 0.045121 -0.020539 -0.000910 -0.030274 0.076360 -0.127857 -0.072624 0.070530 -0.006980 0.048999 0.049729 -0.092796 0.029747 -0.015027 -0.005606 0.004319 0.128529 0.025671 -0.137715 -0.119635 -0.085411 0.041368 -0.017247 0.068449 0.030421 -0.025289 -0.148360 -0.107162 0.078520 -0.039965 0.043269 -0.153089 0.060401 -0.051881 0.011386 -0.084834 0.009913 0.037746 -0.087009 0.045911 0.062043 -0.061871 0.011244 -0.013508 -0.033968 0.000190 0.091875 0.040064 -0.102509 -0.008716 -0.161642 -0.058072 0.023105 -0.061278 0.027167 -0.053064 -0.061891 -0.083903 0.094323 0.031877 -0.074158 -0.036151 0.055799 -0.095406 0.077919 0.072381 0.043705 0.078191 -0.110137 0.058898 0.016629 0.104671 -0.025129 -0.109119 0.147473 0.002089 -0.024409 0.017661 -0.123570 -0.011570 0.028670 0.068341 0.125094 -0.095790
T_0141 -0.093246 0.012985 0.058215 -0.027156 -0.007234 -0.036357 0.088859 -0.020114 -0.076396 -0.055535 -0.072266 0.060233 0.132841 -0.043746 0.081263 -0.010361 0.095081 0.060113 0.007391 0.021207 0.055364 -0.084028 0.051405 0.070858 -0.040385 0.051815 -0.025251 0.098768 0.086637 -0.148247 -0.047288 0.089052 -0.019522 -0.017286 0.058277 -0.061027 0.018292 -0.030478 0.011332 -0.125223 -0.033494 0.038289 -0.006141 -0.148003 0.034430 0.007993 -0.028952 -0.002836 0.143465 0.080657 0.049961 0.061500 0.023288 -0.042636 0.020993 0.052484 -0.124357 -0.049800 -0.115193 0.005071 0.095622 -0.009571 -0.043144 0.057908 0.042101 0.068787 0.026263 -0.185300 0.041977 -0.083846 0.017785 0.033173 0.026006 -0.044838 -0.037806 -0.032602 -0.050756 -0.083598 -0.066225 0.123247 -0.069837 0.066753 0.101148 0.006701 0.086288 -0.015610 0.043706 0.009414 -0.037703 0.095643 0.010342 -0.135024 0.050102 0.165340 -0.030420 -0.076935 0.039880 -0.002369 -0.191929 0.176207 0.039210 -0.055262 -0.012288 0.052267 -0.073700 -0.067764 -0.073767 -0.002957 -0.027539 -0.053058 -0.040404 -0.057147 -0.052300 -0.092753 -0.022305 0.093267 -0.108663 0.051387 0.070258 -0.058747 0.140484 0.052069 -0.038531 -0.057083 0.049997 -0.053845 -0.060250 -0.127600 -0.064304 0.058725 -0.006803 0.014178 0.006000 -0.039078 -0.160472 -0.164669 0.101148 -0.040332 0.113188 -0.119166 -0.034227 -0.070799 0.092977 -0.074188 0.058404 0.060865 -0.028821 0.079120 0.052740 0.023116 -0.066174 -0.066642 -0.080839 0.042832 0.083853 0.002955 -0.096123 0.036742 -0.126695 0.007411 0.022166 0.006965 -0.017372 -0.050206 -0.019985 0.069307 0.015895 -0.068522 -0.036532 0.055793 0.109366 -0.013517 0.025228 -0.052275 0.096299 0.022772 -0.059005 -0.060441 -0.038302 0.122042 -0.153548 -0.091895 0.066968 -0.066121 -0.003275 0.000455 -0.138727 0.004189 0.048220 -0.007726 0.096919 -0.074484
T_0170 -0.070113 0.059011 0.054807 0.041493 0.061138 -0.019065 -0.036550 0.012938 -0.020044 0.013429 -0.132634 0.063457 0.120568 -0.037417 0.120444 -0.016434 0.098411 0.070073 -0.046045 0.044953 -0.019974 -0.046864 0.008930 0.073887 -0.041587 -0.006304 -0.021648 0.137148 0.007636 -0.124088 -0.079658 0.047139 -0.082398 0.063926 0.037661 -0.078480 0.002820 0.106319 -0.049040 -0.089585 -0.034094 0.061817 0.009035 -0.062503 -0.067136 -0.006819 -0.086342 -0.027185 0.159292 0.056939 -0.016237 0.081785 -0.057765 -0.009279 0.081121 0.061426 -0.072912 -0.015985 -0.186512 0.015238 -0.061850 0.007594 -0.048344 0.070754 0.100218 0.112418 0.069444 -0.157755 -0.042145 -0.106502 0.027868 0.101769 0.096319 -0.124352 -0.064282 0.002149 -0.104107 -0.103813 -0.042513 0.047431 -0.085606 0.080107 0.010718 0.057008 0.055497 -0.072377 -0.034477 0.078569 -0.054554 0.059747 0.016016 -0.084726 0.026686 0.113021 -0.016247 -0.080607 0.038885 0.002825 -0.223703 0.025573 0.060761 -0.075603 0.006948 0.076667 0.046783 -0.040017 -0.122004 -0.059052 0.073631 0.048225 0.005628 -0.047648 -0.005130 -0.020481 0.026329 0.053318 -0.119004 0.038775 0.062318 -0.094974 0.075774 0.132422 0.016042 -0.044388 0.026033 -0.123011 -0.008044 -0.072326 -0.056872 0.108122 -0.147393 -0.039737 -0.005361 0.044990 -0.085926 -0.071809 0.090869 -0.070659 0.083926 -0.164644 0.048719 -0.094971 0.065244 -0.018688 0.119855 0.073579 -0.042720 0.045025 0.034004 -0.005845 -0.064930 -0.026164 0.024986 -0.030041 0.004484 -0.009793 -0.036743 0.073134 -0.042238 -0.088528 0.093717 -0.021979 0.011694 -0.004345 -0.066587 -0.023680 0.131579 -0.002909 -0.033465 0.026596 0.001260 -0.118931 -0.011697 -0.009476 0.100053 -0.038539 -0.053472 0.019728 -0.041148 0.070709 -0.101059 -0.157498 0.031067 -0.001415 -0.047219 -0.030436 -0.093033 -0.048290 -0.061668 0.083142 -0.002608 -0.148567
T_0213 -0.034657 0.003666 0.050338 0.041213 0.025766 -0.085678 0.011698 0.010853 -0.063827 -0.032053 -0.049070 0.053432 0.090630 -0.037459 0.089907 -0.021308 0.086139 0.030007 0.059501 -0.003369 0.037946 -0.038980 0.037680 -0.016456 -0.035613 -0.035785 0.033445 0.079989 0.016128 -0.155959 -0.030143 0.029803 -0.025722 -0.011737 -0.006196 0.002729 0.057257 0.130759 -0.074285 -0.079573 -0.134150 0.018451 0.023107 -0.108722 0.013195 0.077060 -0.037170 0.052574 0.146587 0.068484 -0.024600 0.040786 0.013346 -0.019795 0.057232 0.135983 -0.036381 -0.017399 -0.081293 -0.024586 0.039069 -0.023106 -0.148922 0.067431 0.101371 0.158086 -0.023768 -0.227205 0.018520 -0.055507 -0.032199 0.120487 0.028167 -0.094290 0.013549 -0.144013 -0.100189 -0.031755 -0.062765 0.001459 0.047101 0.081487 0.011202 0.051000 0.103791 0.024629 -0.031160 -0.055078 -0.111122 0.136428 0.028843 -0.073528 -0.037289 0.171974 -0.035290 -0.081194 0.089446 -0.042766 -0.247297 0.049320 0.060530 -0.021262 -0.040004 -0.004834 -0.020836 -0.004011 -0.045998 -0.001122 0.078749 0.027415 -0.064381 0.013420 0.036743 -0.083752 -0.002679 0.009059 -0.082985 0.036994 0.042745 -0.100353 0.069074 -0.036098 0.063511 -0.056755 0.004137 0.009733 -0.089378 -0.160718 -0.103155 0.085575 -0.056553 0.044789 -0.070834 -0.041350 -0.090445 -0.170379 0.102819 -0.017295 0.094171 -0.080386 0.114750 -0.119575 0.080877 -0.066244 -0.026936 0.007906 -0.083687 0.045106 0.138099 -0.016335 -0.004728 0.003522 -0.009258 -0.043653 0.121546 0.041564 -0.057528 0.042440 -0.079799 -0.044270 -0.044814 -0.025069 -0.025294 -0.077592 -0.027570 -0.042182 0.024067 -0.072493 -0.053370 0.001085 -0.017073 -0.086388 -0.004877 0.002293 0.089873 0.077273 -0.138254 0.039166 -0.004023 0.105232 -0.107069 -0.118594 0.061143 0.041805 0.004543 -0.002108 -0.094025 0.005747 0.010584 0.010686 0.066660 -0.083709
T_0217 -0.029687 -0.026304 0.089576 0.077829 0.077215 0.008741 -0.104872 0.022656 -0.127509 0.010299 -0.030750 0.115399 -0.010942 0.008072 0.075131 -0.026096 0.098250 0.006850 0.057881 0.103442 0.003625 0.007454 -0.057271 -0.035116 -0.047043 0.044548 -0.069726 0.046008 0.151555 -0.120713 0.080259 0.163535 -0.029242 0.029706 0.000539 0.005256 -0.007185 -0.108838 0.052330 -0.043286 -0.086497 -0.012343 -0.057847 -0.101183 0.024886 0.010385 0.055970 -0.006747 0.087614 -0.004309 0.009981 0.019721 0.071416 -0.002152 0.069558 0.019538 -0.044264 -0.008400 -0.120588 0.013505 -0.035658 -0.098611 -0.091705 0.023758 0.066210 0.056079 -0.018469 -0.087638 0.006386 -0.129852 0.063349 0.010312 0.077835 -0.091058 -0.059896 0.038698 -0.130719 -0.098697 0.091957 0.103212 -0.055109 0.160429 0.021327 -0.064284 0.039394 -0.046238 0.071478 -0.071640 -0.075253 0.021017 -0.080557 -0.043265 0.014219 0.064626 -0.072259 0.070322 0.030696 -0.033415 -0.191510 0.076005 -0.008765 0.045007 -0.062234 0.062632 -0.045582 0.093286 -0.031807 -0.025061 -0.094778 0.006635 -0.035108 0.003612 0.091289 -0.099912 -0.008518 0.099369 0.015430 0.140096 0.065344 0.088697 -0.045154 0.110040 0.047273 0.032405 0.085545 -0.017551 0.102443 -0.105616 0.004270 0.086229 0.008331 0.068989 -0.064681 -0.065000 -0.069236 -0.011134 0.017342 -0.067654 0.035504 -0.047080 -0.002442 0.003010 -0.000922 -0.242904 -0.045121 -0.010163 -0.019914 0.077545 -0.093500 0.136266 -0.066909 -0.142000 -0.078421 -0.030175 0.006317 0.041887 -0.145192 -0.060956 -0.035999 -0.079807 0.049864 0.046593 0.005682 0.001995 0.024980 0.007837 0.005813 -0.175427 -0.026370 0.039436 -0.005173 0.014041 0.013216 -0.062524 -0.026632 -0.093450 0.001726 -0.071073 -0.008165 0.064042 -0.183294 -0.077724 -0.003628 -0.105313 0.057446 -0.041527 -0.038148 -0.091792 -0.067501 -0.130201 0.118758 -0.031644
T_0218 -0.042636 0.111234 0.074483 0.051380 0.102169 -0.101839 0.074837 -0.034217 -0.002745 -0.009541 0.016737 0.066427 0.065933 -0.006152 0.157566 -0.037695 0.068247 0.010144 0.051218 0.004617 -0.012967 0.015362 0.106395 -0.098062 0.007158 0.037631 -0.055506 -0.010477 0.002169 -0.167655 0.012674 0.047615 -0.001162 0.038914 0.014963 -0.030185 0.013654 0.075038 -0.075734 -0.077172 -0.056250 0.132707 -0.024789 0.024023 0.049622 0.045761 -0.060826 -0.007406 0.109049 0.020409 0.002084 -0.071409 -0.094269 0.075947 0.086325 0.088835 -0.035612 -0.048404 -0.098122 0.055281 -0.016455 0.023194 -0.082428 0.033414 0.098464 0.151193 -0.041587 -0.172393 0.047844 -0.083773 -0.001080 0.114746 0.053441 -0.070471 -0.055243 -0.134986 -0.112044 -0.041215 -0.025118 0.073941 0.010402 0.131332 -0.078731 0.035728 0.047849 -0.022298 0.009906 0.043230 -0.136028 0.069792 0.018477 -0.075359 0.062055 0.109382 -0.073895 -0.035358 0.050071 -0.044552 -0.237976 0.102484 0.077523 -0.035969 0.036176 -0.061573 -0.082861 0.026670 -0.025485 -0.037568 0.096745 -0.004346 -0.105777 0.057895 0.093967 -0.145467 0.003818 0.051020 -0.181275 0.092840 0.056450 -0.051410 0.024197 0.006645 -0.026068 0.075348 0.063837 0.045694 -0.119436 -0.066605 -0.043746 0.017273 -0.000597 0.034444 -0.126571 0.001633 -0.129683 -0.074665 0.010341 -0.052095 -0.005069 -0.104326 0.007297 -0.119916 0.014002 -0.101019 0.065242 -0.010065 -0.005750 0.055003 0.087963 -0.039862 0.011672 0.085908 0.022724 -0.012608 0.102074 0.000751 -0.026084 -0.025781 -0.121791 -0.035627 0.019345 0.021230 0.074006 -0.059662 0.004411 -0.019089 0.087882 -0.061952 -0.095215 0.003730 0.031742 -0.085732 0.016693 0.100624 0.078964 0.076353 -0.144029 -0.012717 -0.041484 0.114676 -0.045557 -0.091036 0.028684 0.085622 0.034840 -0.046319 -0.106275 -0.068900 0.010078 0.016752 0.068780 -0.085572
T_0267 0.043662 -0.101441 -0.008443 -0.021266 -0.033826 0.004546 -0.198994 0.050990 -0.026114 0.028075 -0.016909 0.014963 0.061663 0.051868 -0.020438 0.048753 0.039060 -0.085535 0.056109 0.130488 -0.046294 -0.040012 0.051087 -0.018526 0.005136 0.075886 0.074827 0.063697 0.057926 -0.096254 -0.042936 0.085644 -0.083972 -0.088377 -0.038219 -0.133927 0.070909 -0.047255 -0.010550 -0.070869 -0.097051 -0.085213 -0.011406 -0.098624 -0.023254 -0.129161 0.003728 -0.008665 0.071991 0.156144 0.038965 -0.005127 0.052944 -0.096702 0.057465 0.102249 -0.091698 -0.065354 -0.076226 0.002339 -0.010118 0.053384 -0.065467 0.083308 0.019270 -0.023646 -0.026522 -0.013276 0.101582 -0.078222 0.024019 0.062896 -0.002581 -0.106201 -0.021542 -0.037782 -0.046813 -0.138073 0.026447 0.085505 -0.012034 0.123853 0.039192 -0.105543 -0.000827 -0.038972 0.087750 0.001359 -0.041095 0.029113 -0.121907 -0.064365 0.016206 0.050088 -0.138928 0.087102 0.096390 0.009417 -0.222081 0.060348 0.007780 0.029753 0.043198 -0.005140 -0.079997 0.129414 -0.015198 -0.020672 -0.005756 0.001816 0.020327 -0.080322 -0.008968 -0.073577 -0.076453 0.108107 -0.009355 0.087416 0.126902 -0.025258 -0.054735 0.000988 -0.037079 0.042433 0.002673 -0.071617 0.023363 -0.089408 -0.077671 0.030788 -0.003271 0.019935 0.018999 -0.043013 -0.008669 -0.039730 0.063477 0.008274 -0.068551 -0.007565 0.025728 0.030996 -0.012293 -0.180062 0.033870 0.155901 0.151307 0.008712 -0.082169 0.139024 0.002860 -0.070745 -0.046387 -0.013841 0.027706 0.053572 -0.143339 0.051810 -0.077877 -0.000984 0.095109 -0.004760 0.029638 -0.054691 0.012648 0.046380 0.096196 -0.097448 -0.106390 0.060303 0.021219 -0.066816 0.157126 -0.111863 0.117359 -0.071747 -0.025410 -0.026392 -0.072404 0.114006 -0.042586 -0.105872 0.017508 -0.108534 -0.027050 -0.033450 0.098655 -0.060533 -0.023249 -0.151042 0.008323 0.003651
T_0282 -0.072549 -0.033722 0.031110 0.025830 0.081198 -0.064334 0.038410 0.063575 -0.127049 -0.030313 -0.132125 0.092150 0.139293 -0.012561 0.112661 -0.019015 0.082636 -0.016098 0.024644 -0.019404 -0.092424 -0.120081 0.003041 0.043506 -0.038430 0.018711 -0.003428 0.025026 0.000400 -0.135004 0.033924 0.005643 -0.030943 -0.060661 0.045187 0.076925 0.041762 0.129350 0.014062 -0.010001 -0.126362 -0.055554 0.016560 -0.073890 0.082037 -0.031471 0.055645 0.010550 0.089899 0.061279 -0.047116 0.136510 -0.058023 -0.056221 0.051882 0.038437 0.001269 0.048377 -0.032906 -0.017076 0.028860 0.054341 -0.081050 0.043172 -0.001341 0.063926 -0.074879 -0.097005 0.070400 -0.126447 0.063897 0.112912 0.042859 -0.124554 -0.097592 -0.095560 -0.020964 -0.017507 -0.106593 0.065062 0.012607 -0.005828 -0.007560 -0.057531 0.108202 -0.075775 0.033076 -0.050797 -0.021131 0.142569 0.022720 -0.097698 0.035636 0.169884 -0.047587 -0.035024 0.046716 -0.059917 -0.238532 0.106719 0.037883 -0.111872 0.056849 0.033931 -0.019796 -0.006771 -0.045042 -0.054335 0.132544 0.007381 -0.130331 -0.049556 0.068241 -0.159432 -0.003847 0.070643 0.006950 0.102466 0.010605 -0.040633 0.107449 -0.007803 -0.001056 -0.013451 -0.046216 0.000628 -0.019689 -0.112223 -0.073489 -0.020705 -0.008307 0.074469 -0.013039 -0.099130 -0.084327 -0.098502 0.081731 -0.053076 0.040080 -0.080815 -0.072792 -0.001532 -0.050132 -0.064111 -0.001774 0.020601 -0.051924 -0.020388 0.096738 -0.012664 -0.094652 0.018290 0.064284 -0.073417 0.090908 0.105390 -0.059834 -0.002457 -0.170676 0.027105 0.006513 -0.160680 0.054426 -0.008870 -0.076170 -0.032192 0.048121 -0.022717 -0.042684 -0.055371 0.109172 0.014039 -0.024239 -0.014778 0.039778 0.026637 -0.077438 0.123013 0.001729 0.050497 -0.015038 -0.101090 0.090877 0.094017 0.000257 -0.009584 -0.147158 -0.052479 -0.035756 -0.001531 0.132805 -0.074189
T_0287 0.034440 0.091484 0.054978 -0.006026 -0.015925 -0.121966 0.092630 -0.045977 -0.030771 0.042237 0.041135 0.129989 0.128339 -0.024038 0.034632 0.038352 0.027546 0.000325 0.008957 -0.005536 0.021254 -0.076292 0.112675 -0.136862 -0.019662 -0.051443 -0.000666 0.018239 0.006321 -0.082816 0.067771 0.053112 0.009155 -0.000929 -0.019613 0.014931 0.047301 -0.013702 0.000005 -0.051931 0.012916 0.089536 -0.020634 -0.060986 0.021472 0.022282 -0.038352 0.078089 0.166751 0.125570 -0.014215 -0.049168 -0.075560 0.006570 0.190297 -0.081747 -0.075704 -0.113714 -0.101278 -0.007539 0.038719 0.025764 -0.099616 0.036137 0.027535 0.192475 -0.001183 -0.110061 0.011954 -0.113940 0.077050 0.126049 0.070603 -0.069327 -0.034266 0.004673 -0.068295 0.013729 -0.018774 0.098559 0.052680 0.150172 0.038737 0.041899 0.051341 -0.038228 -0.009968 0.067983 -0.119079 0.067137 -0.011744 -0.079358 0.008617 0.082593 -0.006375 0.029344 0.035533 -0.036525 -0.255531 0.181825 0.085468 -0.044998 0.048344 -0.028201 -0.124026 -0.039320 -0.047811 -0.059025 0.015204 0.014831 -0.127980 -0.072608 0.044167 -0.051973 0.024376 -0.004658 -0.107072 0.068271 0.023041 -0.061343 0.077348 -0.025085 0.013141 0.001211 0.053887 0.062491 -0.106691 -0.031236 -0.117847 0.102762 -0.037600 -0.006588 0.016652 -0.018769 -0.089807 -0.106851 0.100220 0.006968 -0.025565 -0.074805 -0.057810 -0.090372 -0.092319 -0.119692 0.109642 0.139640 -0.019815 -0.013788 0.077782 0.037821 -0.018372 0.047267 0.082962 -0.021544 0.082173 -0.030646 -0.010896 0.000830 -0.100675 0.004080 0.020434 0.026508 0.065767 0.004740 0.007484 0.040841 0.122738 0.027580 -0.026288 0.025633 0.109334 -0.124948 -0.004050 -0.025052 0.064743 0.024877 -0.101766 -0.010583 -0.042268 0.077606 -0.074442 -0.095687 -0.036479 0.015238 0.006106 -0.122182 -0.135159 -0.089831 0.055169 0.017901 0.009840 -0.092591
T_0291 0.006807 -0.107917 0.062246 0.084392 -0.085977 -0.032184 -0.136097 0.001902 -0.066186 0.059301 -0.009981 0.053082 -0.100896 0.018677 0.000851 -0.043354 0.091167 0.017365 0.028538 0.101552 -0.011093 -0.043611 0.000946 -0.034705 -0.007082 0.093317 0.040004 0.075666 0.091719 -0.083805 -0.019519 0.159447 -0.081328 -0.071414 0.026064 -0.107849 -0.025742 -0.015698 0.019433 -0.122310 -0.144586 -0.024079 -0.045846 -0.058350 0.016630 -0.059618 -0.025407 -0.006273 0.055142 0.121685 -0.064122 -0.021474 0.031507 -0.103243 0.080251 0.078573 -0.088509 -0.021710 -0.092475 0.054801 -0.038717 -0.009120 -0.053251 0.110989 0.091883 -0.055624 -0.042933 -0.020088 0.013134 -0.120231 0.002499 0.101343 0.094471 -0.061726 -0.031087 0.010223 -0.060900 -0.151457 0.043856 0.075418 -0.012903 0.114802 0.051953 -0.070834 -0.017633 -0.077019 0.070321 -0.045761 -0.118649 0.000262 0.016066 -0.055885 0.067950 0.038406 -0.080274 0.127850 0.059970 -0.010571 -0.203147 0.012712 0.000704 0.051486 0.097711 0.060569 -0.070468 0.117051 -0.030493 -0.049044 0.021563 0.017619 0.016682 -0.043130 0.117695 -0.042526 -0.053711 0.076463 0.028607 0.159869 0.087347 0.021577 -0.018351 0.018600 0.004739 0.053401 0.022564 -0.075932 0.022687 -0.066239 -0.079922 0.057051 -0.032282 0.001594 -0.123899 -0.062546 -0.086721 -0.073947 0.099945 -0.027665 0.003512 0.001741 0.016844 -0.023119 0.012936 -0.142366 0.090595 0.119473 0.047326 0.042591 -0.096277 0.155013 0.039973 -0.160489 0.032125 -0.081885 0.005438 0.069778 -0.137730 0.025555 0.008807 0.024636 -0.033083 -0.029330 0.097602 -0.048887 0.018161 0.000948 0.017655 -0.033037 -0.111054 0.011775 -0.047636 -0.081990 0.088728 -0.046705 0.159817 -0.118219 0.012882 -0.099693 0.006481 0.118871 -0.042021 -0.086596 -0.026882 -0.050202 -0.022448 -0.038521 0.035502 0.039107 -0.114360 -0.159934 0.040404 -0.035188
T_0298 0.023241 0.072022 0.028093 0.007542 0.042724 -0.096789 0.019678 -0.077715 -0.103417 0.007411 0.008156 0.100471 0.083791 -0.035564 0.087054 0.058575 0.085899 0.013947 0.038329 -0.056675 0.044474 -0.026209 0.114763 -0.126439 -0.054886 -0.009283 -0.006628 0.049170 -0.042524 -0.116873 0.088299 0.098137 -0.017164 0.052978 -0.007554 0.062124 0.000693 0.034370 -0.003280 -0.081446 -0.025251 0.053976 -0.067452 -0.047791 -0.006389 0.022094 -0.039245 -0.000679 0.135187 0.106534 0.010381 -0.003173 -0.090124 0.027945 0.176892 0.006695 -0.057069 -0.086487 -0.127599 0.032754 0.051900 0.041976 -0.093567 0.051273 0.117191 0.109627 -0.039217 -0.080509 0.053022 -0.065824 0.084158 0.127074 0.075322 -0.105082 -0.066345 -0.059494 -0.117400 -0.009126 -0.005127 0.086078 0.083255 0.063358 -0.106541 0.115270 0.115105 -0.039678 -0.042035 0.027220 -0.100363 0.061173 -0.036011 -0.078378 0.049118 0.096459 -0.032427 -0.001010 0.006977 -0.044166 -0.288381 0.130088 0.128448 -0.042094 0.054607 -0.005675 -0.124617 0.025545 -0.098936 -0.018992 0.066770 -0.023224 -0.108398 -0.073245 0.085339 -0.068236 0.023267 -0.044891 -0.123896 0.060345 0.110909 -0.025440 0.051802 0.005709 0.062174 0.029606 0.063872 0.036489 -0.099354 -0.019785 -0.076938 0.061951 -0.008725 -0.001588 -0.044709 -0.023295 -0.100632 -0.099877 0.058008 -0.008501 -0.013518 -0.073279 0.045613 -0.085257 -0.008482 -0.089327 0.121325 0.066705 -0.034090 -0.003483 0.084369 -0.077120 -0.022283 0.039306 0.076654 -0.101051 0.076384 0.018456 -0.072775 -0.020531 -0.031128 -0.058465 0.049079 0.037041 0.107637 -0.011088 -0.012562 -0.042119 0.044030 -0.028306 -0.023310 -0.044427 0.095691 -0.138114 0.008265 -0.016555 0.097085 0.025800 -0.064660 0.015028 -0.012606 0.075298 -0.076423 -0.126924 0.009049 0.068009 0.022394 -0.128340 -0.031584 -0.089698 -0.003552 -0.000509 0.072711 -0.131118
T_0313 -0.055800 -0.044078 0.020027 0.069111 0.017405 -0.011964 -0.087088 0.100678 -0.195012 0.061639 0.034798 0.073374 -0.018481 -0.023684 0.095585 -0.061667 0.128159 0.000506 0.048028 -0.023158 0.005278 -0.096226 -0.079193 -0.064752 0.061671 0.009960 -0.014612 0.066573 0.089035 -0.138677 0.088430 0.107682 -0.004914 -0.088459 -0.041337 -0.039703 -0.087236 -0.086999 0.012389 -0.081457 -0.038444 0.011172 0.013906 -0.046302 0.103109 -0.024998 -0.019490 -0.075521 0.063969 0.030093 -0.095065 0.017782 0.114018 -0.060365 0.125697 0.026689 -0.022237 -0.049910 -0.094905 -0.010400 -0.011416 -0.032763 -0.095539 0.101716 0.140187 0.022290 0.036294 -0.048721 -0.081268 -0.138130 0.020714 0.055073 0.039688 -0.160849 0.030088 0.081885 -0.082971 -0.118891 0.102071 0.004593 -0.009968 0.107185 0.014123 -0.030523 0.073392 -0.041317 0.104073 0.021323 -0.112024 0.058856 0.002708 -0.057425 0.021223 0.057970 -0.044689 0.089624 0.030140 -0.042374 -0.136691 0.068277 -0.057134 0.047384 0.010703 0.130675 0.009808 0.032887 -0.052363 -0.020914 -0.070241 -0.035254 -0.023247 0.035125 0.132290 -0.040267 -0.040136 0.013475 -0.005818 0.055790 0.151596 0.036763 -0.050302 -0.035374 -0.016312 0.043256 0.094481 -0.039830 0.055805 -0.073091 -0.031501 0.047871 -0.063234 -0.014058 -0.109129 -0.022725 -0.092126 -0.079218 0.055616 0.013239 0.061801 -0.005359 0.016770 -0.070636 0.108359 -0.164611 0.096753 0.033381 0.042522 0.075427 -0.046087 0.125599 -0.047045 -0.097625 0.042117 -0.036295 0.051844 0.011899 -0.168086 0.012093 -0.061142 -0.040983 0.032148 -0.000223 0.126067 -0.030793 0.006147 -0.090110 0.011009 -0.101615 0.035578 0.005305 0.061178 -0.004105 0.048973 -0.015318 0.028840 -0.073045 0.021412 -0.020000 0.052713 0.179632 -0.193843 -0.078689 0.016801 -0.067901 0.072052 -0.069223 -0.013466 0.019615 -0.108854 -0.127008 0.088210 -0.089269
T_0316 0.071003 -0.027301 0.070984 -0.062015 -0.021040 0.042023 -0.002308 0.040344 -0.122126 -0.057031 0.044203 0.107166 0.091801 0.064080 0.120154 0.030063 0.146533 -0.009463 -0.001788 0.037139 -0.072931 0.005828 0.092726 0.092959 0.002063 0.100072 0.079828 0.018474 0.062525 -0.035399 -0.007715 0.108711 -0.058760 -0.044079 -0.052601 -0.065056 0.023945 -0.072098 0.130686 -0.061492 -0.049521 0.038154 -0.052687 -0.108119 0.096669 -0.012544 -0.090430 -0.041418 0.002997 0.098670 -0.095135 0.192039 0.068169 -0.078697 -0.001966 -0.038462 -0.096057 0.036476 -0.043895 0.049444 -0.056496 0.038720 -0.143928 0.017317 0.021971 -0.011737 0.010049 -0.080920 -0.017935 -0.123926 0.034944 0.033326 0.037970 -0.120553 -0.090774 -0.062793 -0.123766 -0.035805 -0.008880 0.046206 0.064579 0.058014 0.011115 -0.088769 0.120848 0.063073 -0.028429 0.113966 -0.073090 -0.036736 -0.101321 -0.200031 0.035934 0.142551 -0.033637 -0.007532 0.039028 0.001020 -0.179473 0.137745 0.008104 0.120620 0.052306 0.037813 0.007163 0.038561 0.023695 -0.033588 -0.070350 0.004476 0.025351 -0.070139 -0.049139 -0.014691 0.002176 0.085526 -0.046285 0.065114 0.158244 -0.064328 -0.011776 0.032225 -0.011549 0.037267 0.049754 0.077596 0.069227 -0.054354 -0.067283 0.054188 -0.068097 -0.057463 -0.053182 -0.099799 -0.051278 -0.064514 -0.000729 0.035049 -0.047565 0.042777 0.041997 -0.055600 -0.088078 -0.125923 0.080527 0.051014 0.098951 -0.070714 -0.055532 0.146723 0.066127 -0.055379 0.007739 -0.055342 0.059036 0.023545 -0.026248 0.053223 -0.034082 -0.035227 0.047826 -0.039672 -0.027420 -0.140853 -0.039496 -0.027908 0.037750 -0.083819 -0.033468 0.045231 0.078733 0.017116 0.035584 -0.092580 -0.047450 -0.039781 -0.055137 -0.070044 0.056039 0.061235 -0.105101 -0.072983 0.021295 -0.029515 -0.107630 -0.020063 0.061887 -0.105239 0.037539 -0.206010 0.034358 -0.082526
T_0326 0.090728 0.016407 0.087174 0.023174 -0.002190 -0.058605 -0.124638 0.006966 -0.037896 -0.014426 -0.043158 0.135954 0.011226 0.051361 0.122737 0.025667 0.079492 -0.006164 0.081704 0.109661 -0.123026 -0.097793 0.038183 0.039510 -0.047417 0.085492 0.109732 0.123294 0.042530 -0.024544 0.047643 0.103250 -0.094833 -0.054537 0.022716 -0.164759 0.063589 -0.065760 -0.024608 -0.036985 -0.058290 -0.037466 -0.047248 -0.172719 -0.012764 -0.082887 0.026086 -0.016760 0.014236 0.138081 -0.092585 0.011599 0.013089 -0.035922 0.047750 -0.008693 -0.037264 -0.024999 -0.064510 0.105086 -0.021161 0.080226 -0.102141 0.095526 0.016605 -0.040231 -0.031073 -0.055642 0.068125 -0.063226 -0.015797 0.168736 0.086701 -0.019836 0.047120 0.001936 -0.092579 -0.105940 -0.027540 0.044619 0.018872 0.047703 0.091021 -0.049395 0.021612 0.014699 0.084244 0.047621 -0.160812 0.017033 -0.054770 -0.087092 0.058310 0.044166 -0.028199 0.038658 0.048252 -0.024958 -0.082313 0.051470 0.025710 0.055729 0.083835 0.105453 -0.070219 0.175206 -0.022184 -0.051043 -0.055973 0.036719 0.051139 -0.034968 0.030663 0.024145 0.008297 0.125025 -0.027630 0.044122 0.078865 -0.024440 -0.112101 0.069665 -0.002180 0.009917 0.043867 -0.054673 0.017264 -0.043993 -0.055135 0.065115 -0.087521 -0.016495 -0.123902 -0.037976 -0.022906 -0.077973 0.060139 -0.022584 -0.069990 -0.033751 -0.051718 -0.028925 -0.090977 -0.168689 0.036188 0.108815 0.104457 -0.014501 -0.162792 0.110503 0.045381 -0.019894 -0.083336 -0.006269 0.043593 -0.011940 -0.085072 0.018815 -0.056915 0.000211 -0.018868 0.011718 0.043522 -0.089359 0.016104 -0.020081 0.121140 -0.083316 -0.126361 0.051849 0.030341 -0.049733 0.009125 -0.111993 0.082361 -0.159047 -0.026703 -0.091827 -0.042389 0.058424 -0.106602 -0.129892 0.007117 -0.079298 -0.051721 -0.044162 0.093122 -0.007051 -0.065614 -0.156641 0.049047 -0.069901
T_0329 -0.048367 -0.030597 -0.002761 -0.007362 0.018931 0.064614 -0.136802 0.034614 -0.152593 0.074885 0.060193 0.073242 0.012659 -0.010731 -0.009357 -0.129494 0.042207 0.003948 -0.002224 -0.147133 0.009233 -0.029964 -0.030776 -0.000163 0.014011 0.142127 -0.015976 0.047383 0.048952 -0.138132 -0.026833 0.118319 -0.040358 -0.079297 0.003790 -0.051386 -0.122144 0.005353 0.091430 -0.116193 -0.042904 0.091934 0.002051 -0.055953 0.007783 -0.159302 -0.045454 -0.072393 0.077000 0.021675 -0.075282 -0.040437 -0.023231 -0.101924 0.138797 -0.007230 -0.120957 -0.047882 -0.065686 0.020985 0.020511 0.078812 -0.116027 0.085099 0.054686 -0.029856 0.003092 -0.054192 -0.076080 -0.056085 -0.037389 0.042347 0.070049 -0.145600 0.037041 0.049352 -0.093167 -0.070240 0.042351 -0.005368 0.038852 0.079894 0.015379 -0.104785 -0.012248 -0.037157 0.028955 -0.060232 -0.098583 0.109361 -0.027376 -0.070644 0.016995 0.110213 -0.012548 0.038614 0.045297 -0.007435 -0.134567 0.035952 -0.125981 -0.014263 0.020903 0.067811 0.020099 -0.111910 -0.053662 -0.084389 -0.044441 0.050933 -0.013536 -0.016119 0.020010 -0.007153 -0.077992 0.026288 -0.014355 0.137574 0.156344 0.004144 -0.002276 -0.006049 -0.033583 0.108892 0.104901 -0.018434 0.021410 -0.083083 -0.076142 0.051829 -0.016584 0.006977 -0.083747 -0.091802 -0.178191 -0.081031 0.196121 0.020489 0.072523 -0.100567 -0.004328 -0.131626 0.012938 -0.122200 0.152040 0.037404 -0.000489 0.008208 -0.121749 0.107303 0.055820 -0.046004 -0.000029 0.031781 0.065906 0.012834 -0.105814 0.003138 -0.073506 -0.048255 -0.039686 -0.082068 0.076051 -0.064407 -0.040094 -0.055771 0.048616 0.000500 -0.042608 -0.032444 0.008697 -0.060889 0.096984 -0.032539 0.029221 -0.058967 0.023220 0.022431 0.018100 0.107153 -0.083443 -0.135407 0.006377 -0.098421 0.023619 -0.061427 -0.076931 0.049830 -0.100903 -0.088385 0.022902 -0.080148
T_0331 0.011332 -0.051886 0.054574 -0.040194 0.018033 -0.054405 0.022598 0.122511 -0.072858 0.028797 -0.090013 0.075440 0.147165 -0.017926 -0.023604 -0.050253 0.024989 0.058901 -0.051659 -0.069921 0.024728 -0.008866 -0.051863 -0.035642 -0.082213 0.133755 -0.010857 0.117097 0.080024 -0.156611 -0.066010 0.134676 0.004934 -0.024698 0.045402 -0.003408 0.089136 -0.017918 0.009885 -0.045279 -0.046677 0.003133 -0.032204 -0.056720 -0.071400 -0.070768 0.022808 0.052890 0.000101 0.132548 0.018020 0.038294 0.029456 -0.046468 0.038361 0.033198 -0.148451 -0.037006 -0.151172 0.073104 0.026269 -0.083324 -0.026524 0.010264 0.069009 0.009001 -0.011063 -0.018410 -0.038065 -0.135773 -0.039997 0.055985 0.114847 -0.145291 0.012990 0.036177 0.038831 0.093625 -0.028488 0.133045 -0.000944 0.092340 0.101642 -0.030769 0.032422 -0.056784 -0.001835 0.018914 -0.114423 0.091317 -0.038138 -0.127417 0.093518 0.215249 -0.049431 0.040047 0.107374 0.077240 -0.194853 0.014912 -0.065844 -0.061539 -0.059659 0.005058 -0.039784 -0.044049 -0.134337 0.024307 -0.027861 0.009066 0.006525 -0.003870 0.020388 -0.042680 -0.054459 0.150538 0.003191 0.033832 0.052331 -0.095167 0.070966 0.058392 0.006673 -0.023715 0.108737 -0.020739 -0.030751 -0.108043 -0.063842 0.032400 -0.019508 0.012194 -0.042303 -0.113808 -0.170867 -0.078881 0.052119 -0.101981 0.040485 -0.080800 0.057211 -0.112704 0.070395 -0.099507 0.058065 -0.066271 -0.047526 0.000446 0.014144 0.063367 -0.025945 -0.046510 -0.098910 0.012728 0.079413 0.039112 -0.154302 -0.035319 -0.089153 -0.073587 0.010621 -0.044275 -0.056361 -0.139536 -0.078443 0.035927 0.043909 -0.050818 0.022795 0.041775 0.122140 -0.033587 0.016553 0.023091 0.018587 -0.077360 -0.022587 -0.004230 -0.014497 0.052034 -0.171527 -0.119386 0.011690 -0.045178 0.046009 -0.004742 -0.115004 -0.011368 -0.015601 -0.091691 0.051766 -0.027445
T_0332 -0.005158 -0.050088 0.071135 -0.031159 -0.043066 0.033122 -0.101746 0.004590 -0.056521 0.018214 0.070704 0.082743 0.045750 0.058070 -0.022583 0.027389 0.061059 -0.018760 0.034454 0.093972 -0.024900 -0.037337 -0.072450 0.020360 0.004144 0.154544 0.075683 0.064590 0.046925 -0.063539 0.058364 0.096888 -0.090513 0.033858 -0.020901 -0.074557 -0.001221 -0.045255 0.002795 -0.080354 0.020249 0.044036 -0.037698 -0.120585 0.010861 -0.098300 -0.012223 -0.033063 0.129665 0.130692 0.041916 0.108274 -0.024144 -0.065963 -0.021129 0.073272 -0.029797 -0.022324 -0.154322 0.054896 -0.069022 0.011749 -0.004524 0.004536 0.090669 -0.002837 -0.027689 -0.053853 0.024219 -0.048086 0.045924 0.101819 0.102772 -0.052036 -0.080922 0.008125 -0.045847 -0.096701 0.140910 0.088280 0.025331 0.110652 0.015767 -0.087450 -0.026883 0.008735 0.043991 0.040572 -0.134078 -0.054378 -0.052407 -0.153933 -0.015819 0.059284 -0.088909 0.107159 0.152110 0.013594 -0.213894 0.042469 -0.006663 0.006563 0.045823 -0.006301 -0.017391 0.092483 -0.014596 -0.073221 -0.042993 0.056064 0.075950 -0.014314 0.045681 -0.099800 -0.062691 0.033221 0.015261 0.146426 0.075384 -0.038132 0.019327 0.020741 -0.046378 0.091569 -0.064780 -0.008761 0.088687 -0.128017 0.019624 0.037292 0.035331 -0.038260 -0.079529 -0.149151 -0.096837 -0.080603 0.209797 -0.049790 0.027575 0.028554 -0.033181 -0.049502 -0.023946 -0.106585 0.072284 0.048250 0.026344 0.067504 -0.121636 0.103187 0.030433 -0.056125 0.069912 0.004546 -0.017468 0.098612 -0.121809 0.034216 0.017333 0.016534 0.059393 0.058776 -0.003270 -0.084982 0.009812 0.048188 0.049030 -0.083235 -0.116298 0.022454 -0.008263 -0.088271 0.080065 -0.125804 0.056664 -0.083478 -0.025800 -0.085182 -0.055731 0.050982 -0.069046 -0.070678 -0.030563 0.020616 -0.075916 -0.007481 -0.006337 -0.039735 -0.079809 -0.251661 -0.006759 -0.046870
T_0346 -0.004234 -0.078896 0.059600 0.101324 0.003824 0.021320 -0.052494 0.087649 -0.100479 0.008207 -0.032349 0.057985 -0.065292 -0.038090 0.042446 0.017234 0.141960 -0.093408 0.075604 0.088205 0.060993 -0.036222 0.044782 -0.033335 0.000274 0.015729 0.065290 0.010872 -0.037551 -0.029770 -0.046934 0.115584 -0.047257 -0.116012 -0.010696 -0.140103 0.030710 -0.124763 0.013797 -0.060602 -0.045949 -0.047002 -0.012777 -0.128868 -0.052843 0.082399 0.061812 -0.040647 0.123009 0.024490 0.031913 0.043457 0.039975 -0.031444 0.007284 0.052734 -0.069759 -0.065800 -0.127424 0.061522 0.011078 -0.018747 -0.125417 0.009155 0.085825 -0.003680 0.001170 -0.081913 0.053652 -0.050239 0.091718 0.101576 0.009247 -0.140763 0.115843 -0.073205 -0.018984 -0.002233 0.020197 0.073187 -0.101432 0.160597 0.054589 -0.050056 0.000652 -0.002010 0.086262 -0.060644 -0.061102 -0.040323 -0.063504 -0.118452 -0.001584 0.059113 -0.029999 0.040583 0.060255 -0.016888 -0.173094 -0.045096 0.015881 -0.024768 0.015369 0.072397 -0.161698 0.087064 -0.103571 0.100428 -0.010499 0.068975 -0.051814 -0.047972 0.103488 0.056032 0.055458 0.021467 0.005061 0.029131 0.080101 0.076521 -0.080784 -0.022022 -0.011971 -0.026924 0.034151 -0.025898 0.019557 -0.088998 0.061539 0.025330 -0.030426 -0.025972 -0.039242 -0.082625 0.025266 -0.106429 0.144382 0.004503 0.034607 0.054931 -0.063083 -0.006907 -0.000937 -0.133588 0.131464 0.110971 0.066558 0.115226 0.037489 0.066889 0.072511 -0.026508 -0.015881 -0.042984 -0.039877 0.037482 -0.071374 0.050456 -0.029427 0.040383 0.033239 0.147051 0.056392 0.005901 0.018238 0.043190 0.059369 -0.097605 -0.082438 0.058296 -0.012516 -0.065791 0.115884 -0.083378 0.076818 -0.171220 0.021725 -0.121732 -0.040081 0.173723 0.022667 -0.018364 0.053350 0.002070 -0.048570 -0.032170 -0.048081 -0.113332 -0.048433 -0.209782 0.089330 -0.094395
T_0349 -0.012769 -0.009663 0.085602 0.130410 -0.003914 -0.054815 0.032564 -0.030001 0.005501 0.037170 0.017812 0.088844 0.157268 -0.010767 0.083997 -0.022911 0.026581 0.037207 -0.011093 -0.050452 -0.090813 -0.105873 0.038069 0.072105 -0.030534 0.069743 0.002133 0.158202 0.046965 -0.087368 -0.024345 0.032230 -0.114332 0.016722 0.087431 0.050432 -0.043777 0.082736 0.134060 -0.127628 -0.170889 0.023571 -0.056822 -0.088594 0.029102 0.038215 0.064207 0.003296 0.072469 0.097141 -0.012831 0.070169 -0.034330 0.002229 0.145424 0.077932 -0.046619 0.063411 -0.104438 0.018400 0.040729 -0.003341 -0.031828 0.004865 -0.030328 0.048316 -0.005389 -0.147936 0.009153 -0.096973 0.041564 0.109569 0.065110 -0.143110 0.016047 -0.142561 -0.052435 -0.089428 -0.061324 0.068445 -0.086056 -0.045436 0.043780 0.014794 0.043324 -0.011828 0.053090 0.034199 -0.077339 0.157485 -0.000974 -0.099897 0.037783 0.154798 -0.049490 -0.101476 0.062078 -0.030857 -0.146154 0.019746 0.061113 -0.057600 0.015497 0.024362 0.029969 -0.032218 -0.070684 -0.017259 0.001653 0.104248 -0.055732 -0.058430 -0.000121 -0.022163 -0.085511 0.009528 -0.054316 0.028051 0.036960 -0.034907 0.022390 -0.005217 -0.080138 -0.024372 -0.036621 -0.042985 -0.084908 -0.151577 0.015288 0.134803 -0.111231 0.043636 -0.028341 -0.015725 -0.185968 -0.127534 0.009077 -0.093564 0.094931 -0.116277 0.016749 -0.026042 0.024817 -0.091159 -0.010093 0.057807 -0.014351 0.005560 -0.030083 -0.017518 -0.098037 -0.051387 -0.097843 -0.032398 -0.020094 0.045522 -0.025659 0.029448 -0.161950 -0.088126 0.037950 -0.069731 0.035677 0.033233 -0.075914 -0.052871 0.134984 0.065750 -0.062471 0.084702 0.062667 -0.138459 0.009048 -0.002418 0.055129 -0.010036 0.012584 -0.060665 -0.093878 0.065509 -0.045973 -0.115133 0.115098 -0.007337 -0.007120 0.061422 -0.093886 0.005169 -0.083306 0.012156 0.091140 -0.083678
T_0380 -0.020535 0.006011 0.039820 -0.028156 -0.029138 0.011262 -0.057143 0.066898 -0.155680 -0.045200 -0.037072 0.071276 0.085549 0.024147 0.094549 -0.083746 0.026669 -0.023355 0.033646 -0.078150 -0.075743 -0.013439 0.072482 0.007586 0.022752 0.063049 0.043023 0.089677 0.144009 -0.099618 0.020074 0.091086 -0.004600 0.040129 0.037799 -0.003009 -0.010329 -0.097508 0.002145 -0.015195 0.011089 0.086251 -0.000673 -0.022432 -0.047915 -0.044414 -0.059189 -0.049571 0.082807 0.059565 -0.043455 -0.033430 0.074431 0.004084 0.060721 0.016944 -0.047834 -0.061469 -0.110195 -0.000090 -0.087885 -0.088300 -0.076196 0.101846 0.070565 0.011113 -0.110351 -0.042918 -0.022499 -0.154806 -0.060977 0.050269 0.033964 -0.129635 -0.035300 -0.116798 -0.056241 -0.151217 0.028087 0.000620 0.041507 0.123109 0.055828 -0.065127 -0.012483 -0.046198 0.022388 0.021777 -0.069029 0.120271 -0.106538 -0.156949 -0.057275 0.077953 -0.067511 0.063775 0.023652 -0.081402 -0.084518 0.102490 -0.027835 0.015708 -0.016452 0.068233 -0.021596 0.011905 -0.039887 -0.061429 -0.051831 0.122317 -0.008420 0.013056 0.004259 -0.055672 0.021369 0.110381 -0.013940 0.086547 0.083577 -0.092117 -0.026731 0.031087 -0.079624 -0.054419 0.016954 0.011103 0.147924 -0.073937 -0.015011 0.074377 -0.029201 -0.015795 -0.064438 -0.013360 -0.207952 0.020306 0.105315 -0.052848 0.022525 -0.056270 0.067596 -0.033321 -0.011938 -0.149406 0.061476 0.099971 0.025280 -0.019875 -0.049586 0.140019 -0.060562 -0.103985 0.068919 0.022437 0.095426 0.050051 -0.190534 0.031435 -0.101255 0.055354 0.079555 0.053803 0.056842 -0.070638 0.017502 -0.009809 0.124102 -0.065183 -0.009629 0.042876 0.093116 -0.092657 -0.015171 -0.077653 -0.030292 -0.096127 -0.028619 -0.018887 -0.023639 0.116787 -0.201186 -0.081971 0.054332 0.053747 -0.088675 -0.092086 0.065629 -0.014732 0.060408 -0.153585 0.046487 -0.025909
T_0393 -0.090779 0.056408 -0.005377 0.046014 0.012713 -0.082400 0.033071 -0.028559 -0.060575 -0.007023 -0.070531 0.048411 0.057233 -0.003565 0.165870 0.026977 0.154437 -0.022109 -0.032614 -0.003092 -0.034856 -0.184840 0.083912 0.026783 -0.023214 0.036574 -0.052967 0.100263 0.013225 -0.085822 0.034392 0.025721 -0.023998 0.036739 -0.049398 0.049911 0.008365 0.050604 0.026079 -0.031738 -0.006107 0.075541 0.031975 -0.058011 0.052389 -0.003314 -0.081022 0.049021 0.070768 0.102722 -0.040650 0.014640 -0.045174 -0.005890 0.201083 0.040283 -0.060972 -0.015737 -0.165437 -0.066643 -0.084923 0.026646 -0.008322 0.032779 0.124518 0.090266 -0.018904 -0.024911 0.028708 -0.101334 0.031731 0.047277 0.058625 -0.144179 -0.136592 0.020088 -0.025931 0.047532 -0.056093 0.113907 0.020615 0.090902 -0.041628 0.035194 0.084253 -0.138204 0.020482 0.037069 -0.090599 0.116627 -0.003515 -0.058147 -0.053276 0.128706 0.012818 -0.062791 0.010891 -0.074603 -0.240333 0.117324 0.086474 -0.007768 0.092860 0.014373 -0.073189 -0.020701 -0.194298 -0.107945 0.028973 -0.043862 -0.086154 -0.069076 -0.071808 -0.113995 -0.009423 -0.027809 -0.076277 -0.003393 0.014414 0.028201 0.036710 0.022755 -0.015090 -0.003005 -0.038261 -0.021199 -0.147865 -0.041704 -0.091612 -0.005678 0.008888 0.059345 0.083332 -0.047088 -0.087315 -0.021173 0.118176 -0.020545 0.050043 -0.136372 0.067635 -0.084945 -0.005770 -0.142340 0.093096 0.091599 -0.052571 0.062798 0.060225 -0.013022 -0.095213 -0.004945 -0.011830 0.029568 0.029938 0.069086 -0.062029 0.073732 -0.045529 -0.029236 0.046198 -0.004745 0.052088 -0.043940 -0.039983 -0.001251 0.139931 -0.016848 -0.049643 0.016327 0.089289 -0.075877 -0.004707 0.015833 0.143171 0.036279 -0.081840 0.013537 -0.001236 0.027154 -0.127574 -0.123314 0.003297 0.060119 0.038230 -0.023132 -0.117104 -0.095851 0.003369 0.026745 0.065083 -0.065321
T_0396 -0.037987 0.083783 0.046740 0.027700 0.123111 -0.090495 0.081354 0.128812 -0.112383 -0.059072 -0.046495 0.108541 0.095384 -0.072687 0.145610 -0.005305 0.073409 0.044386 0.070945 -0.011016 -0.010653 -0.074424 0.062798 -0.064771 0.002842 0.055268 -0.010427 -0.015055 -0.005966 -0.095625 0.014709 0.016431 -0.051323 -0.002061 0.036559 0.062592 -0.012166 0.050812 -0.003102 0.013963 -0.023967 -0.016792 -0.037714 -0.034682 0.127991 -0.039977 -0.004600 0.027675 0.146249 0.040541 -0.004377 0.049544 -0.098400 -0.010471 0.062282 0.020453 -0.012073 0.012575 -0.076764 0.003856 0.031042 0.030171 -0.120837 0.068578 0.045162 0.119109 -0.075091 -0.160946 0.090819 -0.038660 0.017654 0.151462 0.132387 -0.124934 -0.100176 -0.121587 -0.025521 -0.004911 -0.070984 0.020859 0.020362 0.064959 -0.031618 -0.015667 0.045553 -0.017477 0.043025 -0.017060 -0.117445 0.101595 -0.009368 -0.045347 0.061103 0.136591 0.015638 -0.002407 0.005776 -0.006303 -0.249042 0.088218 0.064705 -0.032392 0.057138 -0.053848 -0.057823 0.074600 0.018150 -0.086047 0.059563 -0.003400 -0.139379 0.011135 0.020517 -0.108065 -0.106744 0.066059 -0.016491 0.062828 0.004354 -0.072395 0.001625 -0.102727 0.027205 0.013792 0.053688 0.066028 -0.086651 -0.108045 -0.140567 0.030791 0.016678 0.092438 -0.021971 -0.082095 -0.137189 -0.092295 0.064749 -0.025014 0.050206 -0.058890 0.017730 -0.066215 -0.043361 -0.103672 -0.042100 -0.014952 -0.061702 -0.002339 0.076751 -0.043704 -0.003665 0.041064 0.011684 -0.036264 0.105787 0.077695 -0.098596 0.006886 -0.187648 -0.021338 0.005848 -0.123056 0.051504 0.008572 -0.057052 -0.073535 0.033661 -0.024433 -0.057769 -0.050361 0.126302 -0.031775 0.059626 0.082481 0.037260 0.098353 -0.121705 -0.001808 -0.020332 0.044623 -0.006215 -0.140370 0.137070 0.030513 -0.026281 -0.042395 -0.150750 -0.038433 0.028935 0.024867 0.079745 -0.033063
T_0411 -0.078876 -0.060132 0.005173 -0.001988 0.024314 -0.102100 0.088224 0.089256 -0.087013 -0.025286 -0.127417 0.068721 0.083294 -0.037168 0.138952 -0.053262 0.035752 0.055077 0.048273 0.013774 0.048262 -0.062354 0.014311 -0.008500 -0.104045 0.121561 -0.025616 0.019017 0.012920 -0.185353 -0.018252 0.060920 -0.023671 -0.077495 -0.018482 0.000253 -0.006431 -0.027715 -0.025433 -0.121763 -0.020185 -0.031383 -0.028214 -0.048209 0.024566 0.104885 0.028993 -0.005682 0.093393 0.003220 0.019530 0.087239 0.126386 -0.000758 0.054642 0.084552 -0.096368 0.032107 -0.117350 0.000250 -0.007079 -0.075606 -0.076454 0.031080 0.149697 0.052810 -0.033327 -0.053395 0.055583 -0.122034 -0.005684 0.008416 0.040570 -0.110258 -0.114894 -0.013305 0.000430 -0.061372 -0.039769 0.152316 -0.051545 0.090213 0.119287 -0.036022 0.060247 -0.060830 0.038790 -0.071822 -0.080603 0.081426 0.048472 -0.118979 0.041833 0.202079 -0.063039 -0.059132 0.052988 -0.092248 -0.211753 0.020387 0.041344 0.011658 0.023764 -0.011190 -0.098301 0.039261 -0.098381 -0.032115 -0.055113 -0.048184 -0.032184 0.074067 0.001502 -0.141003 -0.029906 0.161054 -0.019807 0.042042 0.010999 -0.095240 0.061426 0.051372 -0.062361 -0.010757 0.113701 -0.009745 -0.042148 -0.131492 -0.039430 -0.022515 0.017906 0.066311 -0.020084 -0.069701 -0.134426 -0.092516 0.059630 -0.090881 0.079281 -0.018599 0.044197 -0.053810 0.068820 -0.105093 0.022449 0.033025 -0.097431 0.001678 0.027489 -0.060859 -0.063435 -0.062743 -0.038152 0.027328 0.065658 0.048950 -0.145645 -0.023030 -0.169987 -0.007871 0.047979 -0.014334 0.030201 -0.079314 -0.093458 -0.006133 0.010220 -0.135745 -0.033613 0.025831 0.070389 0.004860 0.001913 0.038810 0.122467 0.032365 -0.163880 0.029014 0.007659 0.079189 -0.065184 -0.054326 0.056197 -0.036077 0.061607 0.011023 -0.083937 -0.029965 0.052820 -0.039291 0.062752 -0.032476
T_0440 -0.032953 0.113977 0.037037 0.003029 0.028463 -0.095637 -0.012830 -0.004445 0.017371 0.047120 -0.043965 0.071985 0.130845 -0.107875 0.031828 0.030051 0.068790 0.042687 -0.045098 -0.011193 0.069847 -0.073650 0.163442 0.027530 -0.039260 -0.061928 0.038012 0.123535 0.074705 -0.133463 -0.051817 0.045867 -0.008783 0.003044 0.052144 -0.114562 0.038066 -0.033549 -0.046883 -0.118482 0.008429 -0.041862 0.024497 -0.104591 0.001012 0.021623 -0.083092 0.037001 0.222769 0.114564 0.030212 0.026320 0.029214 -0.017139 0.101282 0.022651 -0.137688 -0.088742 -0.225949 -0.017657 0.079951 -0.004974 -0.043588 0.068564 0.071931 0.156354 0.087016 -0.109288 0.035765 -0.029090 -0.004070 0.099163 0.032173 -0.062921 -0.015978 -0.062221 -0.109653 -0.113183 -0.019084 -0.000537 0.004478 0.092312 0.024818 0.079217 0.073901 0.033310 -0.003411 0.071813 -0.081900 0.059167 -0.025889 -0.130624 0.031582 0.071341 0.030993 0.029236 -0.012057 -0.020726 -0.226174 0.091416 0.000903 -0.011803 -0.029550 0.072449 -0.043754 -0.066750 -0.068494 0.022452 0.002101 0.053537 -0.017338 -0.065494 0.007399 0.044784 0.054365 0.056813 -0.091349 0.064892 0.103582 -0.062498 0.044533 0.061405 0.067039 -0.034757 0.008692 -0.072530 -0.008575 -0.044641 -0.118228 0.131595 -0.105528 -0.030284 0.021336 -0.025436 -0.087459 -0.111651 0.080822 -0.056529 0.102730 -0.119639 0.047217 -0.126371 0.080911 -0.031990 0.073879 0.089344 -0.014741 0.054619 0.057984 0.048621 -0.034963 -0.043378 0.009941 -0.001505 0.066395 -0.007871 0.006494 0.069272 -0.014423 -0.066059 0.029035 0.095826 -0.004121 -0.061579 -0.023757 0.082573 0.043461 -0.061867 -0.023928 0.016215 -0.049451 -0.094660 -0.013404 -0.075851 0.101018 0.000036 -0.105510 -0.076953 -0.081596 0.109494 -0.130871 -0.089226 0.004189 -0.028894 -0.020726 -0.064576 -0.097289 0.001101 0.016388 0.022275 0.023724 -0.134742
T_0497 0.019707 -0.025425 -0.004728 -0.064316 0.085567 -0.014812 -0.023405 0.073649 -0.140547 -0.031803 0.056279 0.203782 0.155479 -0.046105 0.111418 0.038348 0.056133 0.034501 0.051659 -0.029067 0.002190 -0.097780 0.035528 -0.015470 -0.040247 0.044542 0.070855 0.016292 0.156958 -0.057882 0.073119 0.036690 -0.078479 0.040668 -0.002449 -0.032600 0.014532 -0.022864 -0.015199 -0.062652 -0.021588 -0.029024 -0.065792 -0.012845 0.056344 -0.080226 -0.038913 -0.035407 0.088381 0.095509 -0.013366 -0.064518 0.043482 -0.025929 0.109913 0.055746 0.033490 -0.087868 -0.103392 -0.011072 -0.030581 -0.039345 -0.136943 -0.005552 0.081164 -0.042472 -0.024835 -0.068463 -0.027128 -0.033467 -0.017996 0.079320 0.159031 -0.054479 -0.070466 -0.028572 -0.055178 -0.120520 -0.023341 0.031742 -0.024810 0.136956 0.072471 -0.074180 0.002252 0.051681 -0.001903 0.034912 -0.172803 -0.044901 -0.047133 -0.079958 0.071651 0.072638 -0.033566 -0.022907 0.091636 -0.039574 -0.082900 0.131047 -0.144376 0.011670 0.111847 0.001137 0.048681 -0.016302 0.005934 -0.033262 -0.062211 0.162578 0.049757 -0.004449 0.065738 0.016900 -0.057267 0.089599 -0.054457 0.000654 0.090670 -0.164643 -0.072157 0.015233 0.019841 -0.035177 0.049626 -0.009465 0.101195 -0.035052 0.072511 0.071056 -0.057779 0.024289 -0.117786 -0.055934 -0.108220 -0.049940 0.134436 -0.039674 0.003400 -0.127262 -0.053493 -0.008305 -0.027608 -0.072569 0.203529 -0.041356 0.024324 -0.018664 -0.030656 0.066287 -0.000721 -0.024167 0.050673 0.026095 0.101688 0.139103 -0.074980 0.084808 -0.117478 0.070873 0.127198 0.050170 0.037051 -0.127055 -0.000043 -0.005364 -0.006012 -0.059397 -0.050744 0.055961 0.081560 0.011796 -0.070073 -0.121428 0.064356 -0.021205 0.004569 -0.051093 0.043945 0.080639 -0.000028 -0.039455 -0.067396 -0.034669 -0.076932 0.040473 0.090978 -0.104193 -0.032085 -0.121893 0.121174 -0.054535
T_0498 -0.076224 -0.005961 0.053501 0.014381 0.059138 -0.028528 0.016926 -0.010747 0.009242 -0.065190 -0.060789 0.102591 0.092981 -0.080483 0.141050 0.048008 0.123713 -0.005981 0.075964 0.004457 0.011972 -0.062580 0.099675 0.044953 -0.059860 0.018267 0.031228 0.075034 0.040539 -0.216783 -0.001217 0.001392 0.023334 -0.014851 0.034239 -0.030238 0.017058 0.035503 0.038301 -0.088857 -0.108658 0.011654 0.047131 -0.131386 0.008619 0.049689 -0.007448 -0.040823 0.118324 0.103954 -0.010498 0.012446 0.024112 -0.039328 0.043008 0.075463 -0.087129 -0.032461 -0.147605 -0.060065 0.030029 0.023693 -0.023039 0.103408 0.119661 0.080789 -0.070974 -0.148750 0.100379 -0.014989 -0.032192 0.060673 0.062727 -0.072744 -0.038484 -0.144584 -0.022425 -0.080968 -0.089319 0.052717 -0.013449 0.083750 0.043850 0.069704 0.105122 -0.063413 -0.022458 0.016832 -0.096894 0.071603 0.028866 -0.113078 0.010530 0.109674 -0.035237 0.024502 0.014302 -0.022791 -0.259039 0.033431 0.065863 -0.054337 -0.000974 0.136954 0.015187 -0.037512 -0.084893 0.029704 0.011401 0.048420 -0.019144 -0.021156 -0.022375 -0.094196 -0.008749 0.065899 -0.110997 0.088912 0.016768 -0.101155 0.082082 0.029963 0.006464 -0.058162 0.048228 -0.027401 -0.021555 -0.133114 -0.050034 0.128018 -0.077486 0.067683 0.006421 -0.081945 -0.061291 -0.105494 0.087009 -0.093153 0.081639 -0.160909 -0.003361 -0.040486 0.055997 -0.049963 0.034071 -0.010781 -0.034999 0.028436 0.099144 -0.023453 -0.010321 0.009253 0.013850 -0.044661 0.060636 0.039800 -0.087415 0.102976 -0.130600 -0.047814 -0.047003 -0.050541 0.023561 -0.065297 -0.074448 -0.004734 -0.003241 -0.070209 -0.058799 0.052663 0.020004 -0.020062 0.013922 -0.079836 0.059856 0.047673 -0.061473 -0.023235 -0.021914 0.131383 -0.134681 -0.074883 0.134305 0.018217 -0.026559 0.007169 -0.092344 -0.101099 0.041486 0.081710 0.132486 -0.136705
T_0499 -0.044392 0.049533 0.078342 0.032236 0.084421 -0.067526 0.051655 0.083937 -0.091448 0.016401 -0.153867 0.063804 0.110288 -0.029755 0.112574 0.000317 0.092277 0.033710 0.045860 0.015711 -0.024054 -0.110669 0.050306 0.107465 -0.001023 -0.005376 -0.037432 0.066067 0.042260 -0.120773 -0.062071 -0.022407 -0.067670 0.022294 0.059346 -0.006215 -0.009823 0.093500 -0.042604 -0.027455 0.003655 -0.014120 0.059348 -0.110394 0.048603 -0.051337 0.010536 -0.065116 0.140570 0.010278 0.028383 0.125577 0.018113 -0.032077 0.067297 0.056188 -0.092966 0.030951 -0.102379 -0.009522 -0.006184 0.076044 -0.065499 0.106335 0.085011 0.094694 -0.015560 -0.147062 0.059368 -0.050720 0.001939 0.068278 0.105649 -0.170295 -0.102716 -0.071548 -0.069588 -0.073379 -0.050967 0.084425 -0.063042 0.092100 0.041005 0.001855 0.093012 -0.033393 0.068169 0.015069 -0.028205 0.056828 -0.034325 -0.108690 -0.018650 0.145813 -0.034972 -0.109916 0.003438 -0.017692 -0.236440 0.075203 0.046377 -0.056265 0.027138 0.066103 0.070660 0.005840 -0.110303 -0.092954 0.017390 0.040929 -0.032363 -0.081091 -0.022643 -0.086764 -0.028484 0.071686 -0.062713 0.045483 0.047121 -0.073455 0.101981 0.075179 -0.002078 -0.091406 0.006018 -0.118993 -0.090890 -0.110099 -0.120621 0.046777 -0.030075 0.033011 0.023052 -0.050185 -0.111362 -0.123067 0.102089 -0.045933 0.127106 -0.143123 0.038653 -0.062060 0.013570 -0.087948 0.083100 0.066877 -0.004832 0.088948 0.042210 -0.085566 -0.015690 -0.036721 -0.029496 -0.010528 0.049683 0.019415 -0.097844 0.074941 -0.135051 -0.045816 0.022057 -0.075552 -0.004229 -0.037033 -0.073661 -0.028576 0.056415 -0.017950 -0.004318 -0.007971 0.045685 -0.006240 0.021557 0.008061 0.071529 0.026945 -0.091490 0.056783 -0.003995 0.084255 -0.091863 -0.139370 0.092951 -0.029444 -0.008514 0.045699 -0.138605 -0.011980 -0.011413 0.053949 0.085120 -0.111779
T_0517 0.098799 0.043519 0.008581 -0.047578 -0.059366 -0.020542 0.017604 0.037328 -0.102904 -0.010061 -0.023873 0.082831 0.116005 -0.013290 0.008338 -0.045115 0.108130 -0.110131 -0.006537 -0.062930 -0.079776 -0.084700 -0.072046 -0.009129 -0.064780 0.066732 0.017217 0.024782 0.068023 -0.168272 0.073279 0.180732 0.012357 -0.046554 0.058806 -0.001334 -0.004490 -0.080569 0.084782 -0.122484 0.051662 -0.066838 -0.062829 -0.071023 -0.047254 -0.026647 0.044291 0.008356 0.109952 0.072392 -0.053068 0.057337 -0.103815 -0.052746 0.064974 0.051283 -0.111645 0.066658 -0.074745 -0.018014 0.002771 -0.087125 -0.134969 0.035845 0.074716 -0.025846 0.048109 -0.109482 -0.021673 -0.127841 -0.017345 0.006621 0.031640 -0.179688 0.057687 -0.038653 -0.009057 -0.041609 0.023775 0.098703 -0.049673 0.036933 -0.024341 -0.078869 0.062824 -0.057495 0.084638 -0.011696 -0.075814 0.051283 -0.115631 -0.073167 0.113857 0.147704 -0.074146 0.046551 0.066959 0.041570 -0.133145 0.056883 -0.061517 0.061350 0.046971 0.052706 -0.006527 0.002366 -0.111093 0.002496 -0.032964 0.043004 -0.077268 -0.093999 0.045991 -0.145690 0.029250 0.130707 0.048906 0.023697 0.112163 -0.027909 -0.011686 0.076979 0.044092 -0.042287 0.168063 0.035076 0.136447 -0.013402 0.038790 0.016132 -0.046651 -0.035247 -0.096411 -0.089276 -0.044675 -0.053183 0.061171 -0.090416 0.048838 -0.029560 -0.076368 -0.018813 0.039477 -0.111311 0.086478 0.018343 -0.083921 -0.027622 -0.076613 0.030110 -0.071743 -0.015340 -0.035820 0.002577 0.037224 -0.026525 -0.135402 -0.003008 -0.008207 -0.129912 -0.050142 0.003568 0.036502 -0.073922 -0.125296 -0.052057 0.030200 -0.106039 -0.000488 0.015317 0.092796 -0.010818 -0.018029 -0.008388 -0.044110 0.004790 0.015354 -0.005335 -0.022051 0.006744 -0.200602 -0.047728 -0.051749 -0.035854 -0.003534 -0.060676 -0.062614 -0.150273 -0.065847 -0.134802 0.097969 -0.109364
T_0519 -0.032456 -0.020998 0.099206 -0.025365 -0.012200 0.022750 -0.016944 0.079232 -0.141251 0.010483 0.062778 0.140124 0.052609 0.015661 0.092647 0.031009 0.094603 0.000579 -0.011047 -0.007215 0.004266 -0.091162 0.042904 0.025397 0.043176 0.110703 0.066933 -0.003184 0.049363 -0.095307 0.042113 0.135111 -0.017427 0.104969 -0.036130 -0.104132 0.038114 -0.065515 0.086405 -0.020903 -0.023716 0.020543 0.002375 -0.093444 -0.040529 -0.087022 -0.003891 -0.144088 0.102265 0.061428 -0.031637 0.094758 0.067362 0.049096 -0.019054 0.039009 -0.137417 -0.047239 -0.194756 0.079474 -0.084635 -0.007019 -0.067656 -0.022269 0.134365 0.000880 -0.048797 -0.096375 0.045941 -0.107285 0.035568 0.011367 0.099482 -0.173576 -0.076176 0.000942 -0.010884 -0.052532 0.073403 0.067711 -0.002890 0.144142 -0.011725 -0.006490 0.004130 -0.046738 0.098985 0.001858 -0.037008 0.109037 -0.103963 -0.055977 0.013651 0.067191 -0.020559 0.052526 0.131524 0.114762 -0.191832 -0.033021 -0.029138 0.013212 -0.065643 0.101936 -0.045349 -0.086425 -0.067679 0.032258 -0.041232 0.035777 0.047676 0.029511 0.130531 -0.065344 -0.063905 -0.001615 -0.016671 0.172587 0.158092 0.010128 -0.021346 0.016848 -0.096938 0.034602 0.041448 0.028914 0.108775 -0.114972 0.028910 -0.008137 -0.070660 -0.022391 -0.072988 -0.121002 -0.130353 -0.092090 0.101039 -0.126454 -0.068375 -0.012516 -0.023555 0.024601 -0.081399 -0.169660 0.111503 0.064919 0.040102 -0.021525 -0.003097 0.011848 0.029936 -0.067330 0.085104 -0.042517 0.010393 0.007941 -0.069443 -0.016015 -0.059911 0.005276 -0.032423 0.078107 0.015031 -0.161364 -0.004412 0.021641 0.047607 -0.079665 -0.027421 0.066556 0.064180 -0.050323 0.005364 -0.042431 0.026500 -0.057826 -0.006320 -0.062937 -0.048513 0.080626 -0.001368 -0.043416 0.023556 0.001550 -0.076842 -0.070739 0.004002 -0.020790 -0.020284 -0.138172 -0.005927 -0.050825
T_0524 0.121687 0.104641 0.099306 -0.012146 0.012452 0.053900 -0.062880 -0.052878 -0.062178 0.037273 0.030249 0.061799 0.072291 0.027538 0.024397 -0.080486 0.112651 -0.046107 -0.001648 0.038147 0.114757 -0.033785 -0.004882 -0.046560 0.030001 0.086489 0.092378 0.103875 0.197046 -0.091074 0.068371 0.146503 -0.015641 -0.016093 0.035332 0.014124 0.084507 0.031172 0.149296 -0.061633 0.007371 0.031819 0.006427 -0.057887 0.028875 -0.083617 -0.068531 0.018798 0.086304 -0.026971 0.067342 0.078909 0.053929 0.027676 0.092903 0.136279 -0.071725 0.030336 0.002614 0.000903 -0.002801 -0.000513 -0.097074 -0.030868 0.040819 0.031873 -0.012880 -0.045426 -0.065905 -0.107821 0.006197 0.014955 0.144039 -0.146147 -0.076396 -0.008715 -0.084861 -0.064027 0.071653 0.070081 -0.020097 0.114686 0.017968 -0.035626 0.028467 -0.028398 0.073591 0.054266 -0.091122 -0.053018 -0.052486 -0.129241 -0.043379 0.063924 -0.098922 0.124273 0.063210 0.027807 -0.109989 0.131772 -0.126855 0.126604 -0.027442 0.123877 0.050182 0.036945 -0.005629 -0.098893 -0.068786 0.061081 0.050780 -0.069123 0.056470 -0.067839 0.018984 0.141107 0.045589 0.105835 0.130667 0.003381 -0.030716 0.072533 0.052794 0.070072 0.021556 -0.039072 0.007444 -0.022334 0.013051 0.030305 -0.026594 0.021684 -0.066862 -0.126332 -0.018373 0.010452 0.198113 -0.002180 0.049024 -0.112904 -0.042918 -0.111037 0.081715 -0.124521 0.129957 0.012604 0.035586 0.023575 -0.049297 0.123369 0.014135 -0.033155 -0.008632 0.022221 0.065297 -0.005444 -0.047945 0.011654 -0.054015 -0.102484 0.009330 0.001879 -0.003123 -0.070997 -0.034163 -0.034984 0.004360 -0.086988 -0.015732 0.045846 0.015032 0.053753 0.030554 -0.060678 -0.063014 0.001845 -0.036111 -0.084768 0.003383 0.050204 -0.090459 -0.063007 0.025627 -0.058318 -0.040356 -0.053818 -0.065650 -0.186779 -0.020710 -0.183924 0.082375 -0.005666
T_0529 0.008763 0.133033 0.058080 0.058847 0.092296 -0.096140 -0.009057 0.036719 -0.094668 0.053648 -0.152133 0.026001 0.104487 0.044392 0.153286 -0.040729 0.053322 0.021675 -0.000137 -0.043109 -0.013427 -0.098181 0.077332 -0.035884 0.079278 -0.037541 0.020130 0.036471 0.024576 -0.064219 -0.009925 -0.007473 -0.034117 -0.020184 -0.001419 0.078650 0.012606 0.147408 -0.025438 0.027898 -0.081260 0.020837 0.014965 -0.097177 0.047830 -0.046601 0.008155 0.050453 0.134937 0.005551 -0.011689 0.113370 -0.066313 -0.006022 0.117549 0.042284 -0.048542 0.053430 -0.082017 0.073443 0.013589 0.077382 -0.109233 0.071529 -0.002534 0.115820 -0.046597 -0.122065 0.061710 -0.071589 0.055619 0.109354 0.064961 -0.149854 -0.104237 -0.054132 -0.074519 0.013624 -0.056929 0.100793 0.056921 0.076699 -0.053310 0.010629 0.085314 -0.080637 0.050488 0.031304 -0.032863 0.107966 0.008982 -0.108076 0.016835 0.168725 0.023621 -0.097844 0.035519 -0.088442 -0.223816 0.076757 0.038303 -0.049853 0.120561 0.007071 -0.053067 -0.025173 -0.118237 -0.083276 0.054717 -0.030553 -0.111714 -0.094999 0.077702 -0.112625 -0.037290 0.045034 -0.039089 0.078752 0.063314 -0.025369 0.068023 0.007142 -0.044651 0.000364 0.040238 0.036062 -0.095781 -0.089904 -0.094798 0.003627 0.021902 0.051503 0.050375 -0.042068 -0.083574 -0.083732 0.076046 -0.070662 0.039820 -0.117064 0.007675 -0.078474 -0.040881 -0.142071 0.014090 0.041395 -0.038466 -0.010728 0.025906 -0.034675 -0.096864 0.030452 0.053390 0.015669 0.097682 0.015095 -0.083183 0.073756 -0.121407 -0.021719 0.065461 -0.061018 0.064679 -0.016044 -0.061966 0.007594 0.101586 -0.002599 -0.039859 -0.021775 0.021625 -0.066980 0.021551 0.090186 0.032711 0.105921 -0.159196 0.076069 0.030498 0.070377 0.021993 -0.125336 0.053963 0.053566 0.040543 -0.018075 -0.112876 -0.055768 0.020991 0.011889 0.152443 -0.041438
T_0554 -0.007592 0.038727 0.011765 0.011678 -0.038814 -0.037617 0.071234 0.119710 -0.057931 -0.066212 -0.073494 0.055855 0.043219 0.032240 -0.002480 -0.037143 0.047457 0.034886 -0.052002 -0.058248 0.068949 -0.026639 0.021794 0.020372 -0.091219 0.058488 0.038786 0.148070 0.078902 -0.163060 -0.110939 0.114656 -0.051557 -0.013891 0.015707 -0.008959 -0.000541 -0.014513 0.031452 -0.073675 -0.022712 0.070319 -0.042073 -0.070253 -0.159937 0.004029 0.014438 0.019772 0.087399 -0.002915 0.055624 0.015947 -0.030740 -0.048486 0.051349 0.040145 -0.113799 0.006159 -0.059501 0.067400 0.046930 -0.014069 -0.095482 0.052419 0.042410 -0.027274 0.085234 -0.037854 0.004428 -0.178197 0.003012 0.038312 0.037947 -0.157054 0.090806 -0.022609 -0.019027 0.046595 -0.052588 0.064095 -0.079237 0.075188 0.077209 -0.054960 0.027887 0.008662 0.050099 -0.037494 -0.149769 0.005938 -0.048100 -0.075233 0.058862 0.265220 -0.049060 0.032872 0.137297 0.088599 -0.134871 0.037532 0.018320 -0.003240 -0.002452 0.069023 -0.051895 0.056520 -0.031309 -0.080075 0.056263 0.021195 -0.102126 0.030096 -0.020384 -0.035480 0.023587 0.146289 0.091926 0.035913 0.075373 0.013385 0.107364 -0.001039 0.024110 -0.104641 0.137144 0.010604 0.007347 -0.169214 -0.034447 -0.022757 -0.008081 -0.009649 -0.053720 -0.104705 -0.153829 -0.137562 0.104587 -0.100519 0.054603 -0.095284 0.043631 -0.067056 0.109666 -0.089965 0.063443 0.042841 -0.051317 0.056319 -0.003806 0.077862 0.047970 -0.093317 -0.129485 -0.024280 -0.016073 0.006157 -0.135840 -0.062037 -0.119861 -0.044412 -0.039007 -0.003034 0.042589 -0.063527 -0.013732 -0.013939 0.043354 0.017747 -0.014510 -0.047848 0.056366 -0.015577 -0.029905 -0.002358 0.048778 -0.071729 -0.075978 0.034839 0.022465 0.017686 -0.213276 -0.135225 -0.028400 -0.030340 0.018243 -0.011773 -0.063973 -0.084306 -0.025154 -0.126342 0.027256 -0.050840
T_0571 -0.032820 -0.074182 -0.010909 -0.000119 -0.045243 -0.026273 -0.019561 -0.017878 -0.141278 -0.024604 0.005984 0.091958 -0.081278 -0.002764 0.058304 -0.098357 0.134200 -0.022365 0.047158 -0.027904 -0.031106 -0.076056 0.041065 -0.016174 0.082182 0.060778 0.066680 0.044785 0.105162 -0.140461 0.010000 0.167456 -0.064832 -0.069707 -0.016235 -0.045613 -0.039714 0.029497 0.098995 -0.082982 -0.081294 0.010093 0.001289 -0.005470 0.021341 -0.037185 -0.094921 -0.066618 0.051234 0.072999 -0.054784 0.025286 0.047844 -0.031516 0.105062 0.030899 -0.057211 0.035136 -0.144973 0.050850 -0.053328 -0.020299 -0.102241 0.011340 0.117180 -0.032029 -0.008587 -0.074895 0.010034 -0.089883 -0.015068 -0.005155 -0.046280 -0.191139 -0.000106 0.019151 -0.063861 -0.086767 0.020180 0.056788 0.011205 0.050943 0.028333 -0.061949 0.018219 -0.027955 0.051715 0.038375 -0.087152 0.082568 -0.044949 -0.057797 0.063032 0.055457 -0.052671 0.112110 0.098823 0.065636 -0.196467 0.044022 -0.030172 0.044761 0.009265 0.075572 -0.062003 0.054926 -0.020193 -0.021277 0.015179 -0.055746 -0.005932 -0.034450 0.137747 -0.109426 -0.036155 -0.022093 0.046462 0.217815 0.209576 -0.026882 0.027561 0.008062 -0.020326 0.076500 0.039026 -0.034259 0.084770 -0.097868 -0.056032 -0.014757 -0.006055 -0.037344 -0.160349 -0.063067 -0.097818 -0.095005 0.101165 -0.000307 0.021948 0.002462 -0.030311 -0.056911 0.060604 -0.147770 0.121003 0.104414 0.020695 0.019695 -0.044132 0.105202 0.093356 -0.131682 0.033258 -0.041010 0.029795 -0.009976 -0.126631 0.039912 -0.085890 -0.021587 -0.012796 0.025427 0.041254 -0.120498 0.016249 0.012867 0.056305 -0.046145 -0.038441 0.009539 0.049533 -0.040305 0.072888 -0.042128 0.057383 -0.076382 0.038936 -0.072034 0.008322 0.137601 -0.120092 -0.069875 -0.023660 -0.061998 -0.023268 -0.115221 0.025873 -0.012573 -0.077077 -0.197019 0.045990 -0.053930
T_0589 -0.096313 0.003673 0.086761 0.021677 0.079689 -0.113767 0.036737 0.088210 -0.073019 0.013291 -0.093031 0.020847 0.097910 -0.049230 0.176057 -0.022251 0.069030 0.085887 0.079060 -0.068829 0.011104 -0.112081 0.096501 -0.044125 -0.024130 0.041338 0.029875 0.064131 0.074822 -0.164270 -0.039995 0.053981 -0.023849 -0.002272 0.004382 0.058495 -0.008573 0.104039 -0.030512 -0.060684 -0.054365 0.011475 0.010249 -0.102891 0.051929 0.044522 0.039519 0.011506 0.085362 0.045758 -0.013737 0.087832 0.007734 -0.027267 0.105706 0.112386 -0.068893 0.030658 -0.099831 -0.017403 0.043841 -0.025642 -0.109242 0.035854 0.058374 0.086082 -0.063739 -0.112928 0.054625 -0.077431 -0.005870 0.125816 0.055605 -0.151490 -0.064337 -0.132690 -0.033802 -0.000001 -0.057956 0.019112 -0.008871 0.073211 0.059690 0.034144 0.054030 -0.005091 -0.022830 -0.023264 -0.067056 0.126128 0.005512 -0.089168 -0.028690 0.192754 0.015328 -0.038861 0.036753 -0.033695 -0.236631 0.070829 0.103201 -0.076904 0.013183 0.032170 -0.009430 -0.045244 -0.049717 -0.023290 0.020742 0.001206 -0.054116 0.000020 0.059367 -0.141868 0.000495 0.069657 -0.007847 0.066687 -0.003520 -0.060365 0.078314 -0.031141 -0.016297 -0.060592 0.004917 -0.023391 -0.075498 -0.124466 -0.106408 0.069345 0.004208 0.073823 -0.035700 -0.074482 -0.100660 -0.155728 0.118764 -0.054149 0.169806 -0.038267 0.074788 -0.043335 0.021008 -0.077673 -0.009017 0.042191 -0.055532 0.036089 0.044558 -0.048520 -0.038771 -0.021262 -0.032904 -0.062147 0.105347 0.096420 -0.079099 0.035811 -0.172914 -0.062519 -0.036071 -0.035742 0.013082 -0.002022 -0.136277 -0.042918 0.072750 -0.083369 -0.047166 -0.009712 0.062486 -0.040313 -0.001359 0.078285 0.050560 0.048915 -0.117425 0.009879 -0.043884 0.097985 -0.086407 -0.084818 0.128510 0.039115 -0.005727 0.024137 -0.103984 -0.028091 -0.038381 -0.004764 0.072323 -0.100100
T_0609 0.010408 -0.061843 -0.040439 0.032360 0.008254 -0.078664 -0.138937 -0.000895 -0.117843 -0.045085 -0.041581 0.091471 0.034169 -0.003498 0.103427 -0.008902 0.147177 0.041807 0.104206 0.070328 -0.045504 -0.087147 0.020333 -0.009097 -0.057525 0.076870 0.080049 0.105715 0.096378 -0.066866 -0.014390 0.093561 0.013037 -0.078292 -0.092971 -0.017635 0.012956 -0.063218 0.049705 -0.022076 -0.091503 -0.096833 -0.047950 -0.067970 -0.011097 -0.081404 -0.090129 0.011249 -0.011665 0.101549 -0.093379 -0.039944 0.130122 -0.029048 0.071282 0.075726 -0.009833 -0.008508 -0.038111 0.018431 0.002465 -0.051986 -0.173285 0.037157 0.030843 -0.016356 0.037088 -0.116287 0.081939 -0.059477 0.038857 0.102023 0.125607 -0.014146 -0.020581 -0.008301 -0.081570 -0.098988 0.042707 0.042715 0.061389 0.094869 0.076347 -0.033812 0.030801 -0.069199 0.007079 0.066540 -0.138192 0.010871 -0.035018 -0.039058 -0.016522 0.011445 -0.073693 0.078272 0.014628 0.050857 -0.142001 0.115211 -0.069511 0.127784 0.057542 0.103627 0.065367 0.136476 -0.021507 -0.001986 -0.036027 -0.018293 0.003836 -0.046709 0.014247 0.036487 0.074117 0.116151 -0.032439 0.072900 0.106306 -0.047960 -0.065321 0.104405 -0.035338 -0.003440 0.047529 -0.014751 0.028723 -0.052622 -0.025249 0.099143 -0.022847 0.010302 -0.085024 0.026815 -0.095357 -0.080520 0.053023 0.022953 -0.036419 -0.066193 -0.036397 0.045058 0.001310 -0.083207 0.011390 -0.005031 0.054388 0.025187 -0.053156 0.100719 0.037720 -0.109633 -0.051497 -0.080771 0.159199 0.068325 -0.103790 0.025198 -0.007063 0.071783 0.061482 0.009567 -0.017932 -0.159320 0.005534 -0.074254 0.032564 -0.026862 -0.084822 0.096272 0.072774 0.048241 0.075426 -0.096708 0.189046 -0.028218 0.045966 -0.070477 0.050016 0.174006 -0.078574 -0.079969 0.042773 -0.090776 -0.053694 -0.050080 0.051621 -0.057365 -0.036427 -0.123241 0.139892 -0.143910
T_0610 0.078161 0.017240 0.035014 -0.020930 0.088890 0.034895 -0.042598 -0.042439 -0.085976 0.030576 0.039496 0.129879 0.063999 0.045953 0.087035 -0.116347 0.069342 -0.028417 0.024921 -0.088071 0.026171 -0.020520 -0.068686 -0.032685 0.001382 0.133989 0.071978 0.063476 0.160500 -0.052928 -0.042502 0.158752 -0.000754 0.005917 0.006050 -0.064090 0.040584 -0.035868 0.079909 -0.054813 0.069286 -0.022559 -0.007352 -0.013602 0.074539 -0.117689 -0.179111 -0.040423 0.040797 0.033000 -0.063206 -0.005151 0.095628 0.024560 0.120391 -0.045590 -0.070111 0.040234 -0.036429 -0.006131 -0.081914 -0.032318 -0.063223 0.054886 0.010924 -0.103460 -0.079915 -0.152911 -0.011908 -0.116103 0.037969 0.012644 0.074489 -0.112944 -0.075793 -0.082595 -0.092171 -0.040821 0.030425 -0.003462 0.039058 0.048356 0.027090 -0.121419 0.124975 -0.016708 -0.042453 0.026420 -0.067027 -0.043700 -0.076681 -0.081576 0.040777 0.064233 -0.036730 0.070981 0.123656 -0.004818 -0.066058 0.087642 -0.070868 0.126638 0.029112 0.048089 0.099126 -0.004858 -0.048464 -0.088343 -0.022832 0.032787 -0.016776 -0.027728 0.024336 -0.025080 0.017821 0.072121 -0.059014 0.129410 0.141937 0.002037 -0.057306 0.027131 0.053024 0.080070 0.034180 -0.031552 0.116705 -0.101989 -0.029285 0.009648 -0.034411 0.069260 -0.154447 -0.137481 -0.061042 -0.030254 0.070220 -0.003144 0.026215 -0.068819 -0.013072 -0.049330 0.014906 -0.045730 0.162529 -0.042668 0.022357 -0.064267 -0.042386 0.051878 -0.008344 -0.197796 0.101276 -0.074293 0.057527 0.052334 -0.065669 -0.027735 -0.054531 -0.091788 0.062388 -0.014146 0.050402 -0.130223 -0.064730 0.017343 -0.014125 -0.065404 -0.000706 0.105847 0.068251 0.063815 -0.037370 -0.018371 -0.066475 -0.022719 0.055105 -0.027728 -0.040099 0.137990 -0.107149 -0.123607 0.002682 -0.044504 -0.043772 -0.058001 -0.017945 -0.122364 -0.054280 -0.183628 0.051560 -0.080180
T_0621 -0.063083 0.132159 0.046336 0.084449 -0.033117 -0.120576 0.022038 -0.034928 -0.034619 0.068431 -0.090559 0.086510 0.090957 -0.016425 0.146785 -0.052717 0.054158 0.024931 -0.007593 -0.017006 -0.025208 -0.114898 0.060423 0.014107 -0.024512 -0.044209 -0.028132 0.090398 0.060129 -0.104451 -0.039000 0.023006 -0.015017 -0.004267 0.020062 -0.005143 0.088164 0.062314 0.032908 -0.088079 -0.059419 0.095348 -0.036800 -0.110674 0.034821 0.006687 -0.041442 -0.076924 0.097704 0.027126 -0.018735 -0.006104 -0.115742 -0.023481 0.166801 0.067753 -0.042130 0.032437 -0.095859 -0.070127 0.022416 0.056638 0.032297 0.151608 0.002411 0.154681 -0.107624 -0.119997 0.088565 -0.122766 -0.018213 0.113355 0.090162 -0.096649 -0.102128 -0.063485 -0.007199 -0.068232 -0.074187 0.076550 -0.030676 0.054225 -0.054974 0.051057 0.071374 -0.085205 -0.022011 0.041857 -0.079909 0.073378 -0.006117 -0.085383 -0.017460 0.157152 0.022934 -0.060736 0.030631 -0.092487 -0.220025 0.012288 0.117098 -0.099872 0.092625 0.018320 -0.025356 -0.030050 -0.110549 -0.100079 0.033068 0.053033 -0.160554 -0.077434 -0.082321 -0.047850 0.014153 0.006974 -0.118868 0.058383 -0.041227 -0.019505 0.132139 0.048102 -0.084382 0.015538 -0.071421 -0.029714 -0.010715 -0.098542 0.022095 0.025559 -0.029648 0.077184 0.000406 -0.008370 -0.074987 -0.111932 -0.024141 -0.106432 0.084588 -0.146794 0.016533 -0.060815 0.010601 -0.088298 0.022652 0.007233 0.035765 -0.002007 0.010974 -0.069616 -0.097463 -0.030855 0.034833 -0.075563 0.057919 0.061198 0.011960 0.078827 -0.075664 -0.019968 0.069860 -0.086197 0.009657 -0.056819 -0.087401 0.005995 0.067370 -0.036458 -0.033017 0.017241 0.075537 -0.183631 -0.087923 -0.001828 0.021745 0.026471 -0.056219 -0.019003 -0.132268 0.004628 -0.075001 -0.092914 0.023176 0.053644 -0.025323 -0.041689 -0.067932 -0.037096 -0.045769 -0.021824 0.069571 -0.074514
T_0622 0.001181 -0.030239 0.006150 -0.103651 0.004708 -0.029426 -0.015145 0.027421 -0.093308 -0.017402 0.028463 0.044563 0.016281 -0.028476 0.094061 -0.071582 0.171719 -0.009916 -0.011155 -0.087465 0.005390 -0.021893 0.018769 -0.055524 0.030458 0.105081 0.097767 0.038791 0.124583 -0.086079 -0.011962 0.118768 0.008905 0.039258 -0.040820 -0.025478 0.074962 0.056021 0.063949 -0.079428 -0.020188 0.001491 -0.046252 -0.092822 -0.035285 -0.056535 -0.075022 -0.079154 0.093486 0.076601 -0.002709 0.012906 0.065599 -0.064781 0.096812 0.051268 -0.081104 -0.007947 -0.113501 0.048048 -0.053157 -0.080630 -0.100311 0.001552 0.052289 -0.080165 0.008667 -0.082479 -0.010429 -0.124557 0.055331 0.023913 -0.019941 -0.109700 -0.066853 -0.011473 -0.092232 0.000369 -0.040743 0.037771 0.023088 0.060469 0.011187 -0.121476 0.053402 -0.020187 0.020039 0.087348 -0.115987 0.021735 -0.101644 -0.088018 0.039155 0.218346 -0.002088 0.116248 0.141700 0.084369 -0.150216 0.192284 -0.042303 0.079638 -0.025527 0.111066 0.015366 -0.001570 -0.051193 -0.020660 -0.017531 0.052677 -0.053720 -0.065354 0.004099 -0.053205 0.005805 0.069080 0.006265 0.125556 0.154830 -0.091944 0.069096 0.076241 -0.015847 -0.007757 0.090693 0.004319 0.084048 -0.049999 0.086672 0.040946 0.030456 0.014092 -0.131759 -0.074280 -0.049920 -0.051289 0.075611 -0.092615 -0.065546 -0.063753 -0.026240 -0.002462 0.076086 -0.132935 0.141381 0.000032 -0.029346 -0.019400 -0.041142 0.100373 -0.016671 -0.101619 -0.058800 -0.057031 0.098951 0.003737 -0.053699 0.054252 -0.084849 -0.032030 0.075182 0.071999 -0.007003 -0.093621 -0.126209 -0.004016 0.019298 -0.114986 -0.061697 0.027842 0.048976 0.025899 -0.005348 -0.076674 0.045367 -0.064430 -0.101865 -0.055423 -0.017062 0.089012 -0.132484 -0.063714 -0.005568 -0.043239 0.002385 0.012182 0.000360 -0.055368 -0.068866 -0.177649 0.086429 -0.124785
T_0634 -0.001109 0.052556 0.113460 -0.025584 -0.012046 0.054937 -0.035887 -0.004269 -0.020443 -0.022961 0.145049 0.063935 0.069565 0.028874 0.100140 -0.068470 0.125111 0.016460 0.061139 0.020124 -0.056345 -0.072512 -0.003516 0.022330 0.009652 0.172991 0.039398 0.044775 0.108837 -0.123841 0.039915 0.097631 -0.001656 0.037883 -0.010177 -0.003606 -0.083646 -0.026650 0.089902 -0.054311 -0.065578 -0.051538 0.020675 -0.094420 0.113921 -0.105535 -0.083531 -0.104342 0.138853 0.071936 -0.012064 0.033336 0.101155 0.009491 0.026798 0.050254 -0.075558 -0.038875 -0.102492 0.023698 -0.031045 -0.125494 -0.129219 -0.004944 0.102200 -0.014922 -0.013709 0.005359 0.001441 -0.123934 0.033042 -0.006104 0.124284 -0.121428 -0.106444 -0.006017 -0.062581 -0.101344 0.041883 0.041114 0.015424 0.039071 0.032331 -0.014320 0.085370 -0.003287 0.005955 -0.002704 -0.088780 -0.039721 -0.070862 -0.147875 0.076829 -0.028284 0.002349 0.065233 0.061152 -0.006281 -0.180027 0.035835 -0.073775 0.014037 -0.023832 0.042594 0.056853 0.011427 0.020872 0.023933 -0.055185 0.101997 0.012175 -0.029760 0.106393 -0.041658 0.034284 0.095405 -0.035635 0.053758 0.160271 0.032087 -0.001082 0.042270 -0.047212 0.062304 0.005629 0.001030 0.082946 -0.070473 -0.016907 0.059540 -0.075483 -0.023854 -0.164394 -0.021268 -0.077231 -0.105929 0.086781 0.032300 -0.005376 -0.065766 -0.004414 -0.063208 -0.105482 -0.091161 0.103855 -0.052858 0.037007 0.042593 -0.048895 -0.016293 0.038075 -0.088030 0.074853 -0.124281 0.015211 0.034256 -0.098359 0.012965 -0.064197 0.036177 0.056951 0.031703 0.046735 -0.193802 -0.019559 0.016064 -0.010426 -0.000170 -0.001157 0.160582 0.063375 -0.006062 0.081088 -0.173849 0.040509 -0.085551 0.031239 -0.066918 -0.024729 0.103179 -0.059497 -0.086124 -0.021954 0.017021 -0.179887 -0.107173 0.026472 -0.018977 0.079190 -0.085165 0.068196 -0.101974
T_0635 -0.000294 0.116350 0.034153 0.077992 -0.031547 -0.105398 0.046468 -0.107220 0.033489 0.017525 -0.021469 0.099071 0.083514 -0.016213 0.150487 0.078971 0.056900 0.041089 -0.086665 -0.022227 -0.092299 -0.114902 0.035180 0.006825 -0.041109 -0.056259 -0.034862 0.048964 0.028725 -0.057626 0.049757 0.001574 -0.058524 0.016902 -0.000019 0.072931 0.039888 0.010186 0.026501 -0.049681 -0.009867 0.066625 0.001048 -0.096411 0.050824 -0.002349 -0.036770 0.094807 0.115813 0.097857 0.011092 0.014059 -0.066214 0.049683 0.277994 0.005926 -0.085167 -0.093329 -0.134368 -0.100289 -0.009858 0.057306 -0.071850 0.062830 0.039957 0.114713 0.002241 -0.004437 0.029831 -0.153271 0.075737 0.157318 0.031439 -0.083586 -0.052184 0.041486 -0.052933 0.043979 -0.006056 0.131577 0.070403 0.016970 -0.060277 0.052280 0.078385 -0.143125 0.042601 -0.017863 -0.115554 0.086731 -0.060925 -0.057941 0.022252 0.049820 0.085179 0.003382 0.058721 -0.077661 -0.262603 0.106385 0.067846 -0.061907 0.116650 -0.024579 -0.069374 0.007332 -0.075616 -0.090996 0.013670 -0.005857 -0.109925 -0.103604 0.015779 -0.031595 0.025174 -0.045851 -0.113857 0.037574 0.008162 0.029389 0.039465 0.048217 -0.002289 0.027596 -0.042890 0.069055 -0.069010 0.000753 -0.087353 0.002476 -0.006280 0.007275 0.037635 -0.000362 -0.069755 -0.031443 0.077380 -0.002618 -0.038754 -0.023627 -0.012995 -0.083212 -0.053170 -0.195278 0.133597 0.082421 -0.005696 -0.016320 0.023469 0.061175 -0.104380 -0.010359 0.048899 0.022475 0.043409 0.013079 -0.016610 0.004885 -0.065677 0.038435 0.029932 0.008527 0.109157 0.012641 -0.007841 0.022051 0.126753 0.046035 -0.051271 -0.030877 0.120286 -0.142824 -0.082270 -0.051196 0.110106 0.006538 -0.060399 -0.077650 -0.037478 -0.023809 -0.072416 -0.065070 -0.017548 0.034538 0.057269 -0.046174 -0.130743 -0.084756 0.061410 0.009519 0.051226 -0.067809
T_0636 0.034326 0.038684 0.036569 0.008672 0.027579 -0.018771 -0.081607 0.032817 -0.065308 0.021666 -0.018225 0.176664 0.053578 0.014318 -0.015522 0.018828 0.110328 0.034873 0.080806 -0.160894 -0.008414 -0.045401 0.109394 0.074953 0.059576 0.064460 0.105299 0.120174 0.103233 -0.043889 0.007679 0.108153 -0.050507 -0.020010 -0.020585 -0.110592 -0.038544 -0.014268 0.023827 -0.052195 0.073338 0.094830 0.033818 -0.017972 0.024652 -0.106099 -0.154611 -0.081247 0.032333 0.005369 -0.068237 0.092086 -0.038555 -0.002441 0.090968 -0.001822 -0.137772 -0.022949 -0.075550 0.064106 -0.025389 -0.044572 -0.023342 0.015232 0.027985 0.005018 -0.100191 -0.056254 -0.069899 -0.046807 -0.058268 0.017129 -0.014253 -0.182931 -0.030983 -0.097105 -0.083021 -0.082660 -0.077505 -0.030419 0.075247 0.075296 -0.040191 -0.112282 -0.060198 0.051843 0.098269 -0.010106 -0.146502 0.039555 -0.139160 -0.154769 0.008172 0.061591 0.043933 -0.049950 0.091383 -0.054169 -0.038583 0.074832 -0.007728 0.095823 0.061953 0.125764 -0.048692 -0.037711 0.005340 -0.044802 -0.010329 0.032278 -0.060494 -0.042628 0.153279 0.058508 -0.057683 0.130569 0.015008 0.058040 0.210142 -0.057755 -0.089568 -0.079328 -0.026895 -0.037504 0.106838 -0.025720 0.154067 -0.004098 -0.009710 0.102297 -0.040028 0.001514 -0.118161 -0.125778 -0.037097 -0.063959 0.049383 -0.057599 0.013074 -0.101541 0.045417 -0.082057 0.001513 -0.024373 0.091758 0.074360 -0.049479 0.001846 -0.023683 0.074874 -0.026868 -0.136262 0.057889 0.059985 0.031771 0.012836 -0.087106 0.016733 -0.125732 0.006308 0.029551 -0.021587 0.067015 -0.054951 0.007944 0.012381 -0.003493 -0.044899 -0.084078 -0.016919 0.112755 0.023910 -0.062535 -0.028393 -0.066117 -0.140637 0.002676 0.035425 0.005222 0.076271 -0.127646 -0.077306 -0.045273 0.017087 0.010286 -0.009431 -0.076465 -0.093706 -0.016817 -0.083503 0.056859 -0.089512
T_0650 -0.078640 -0.037721 0.033552 -0.089875 0.043430 0.015948 -0.078211 -0.070406 -0.149776 -0.150106 0.030619 0.105272 0.030590 -0.009375 0.007439 0.017253 0.017694 -0.009706 -0.017497 -0.061156 -0.019512 -0.013314 -0.015794 0.111722 0.018803 0.158758 0.004769 -0.004800 0.186908 -0.062134 0.088085 0.045189 -0.125467 0.075190 -0.000459 -0.047143 -0.056790 0.053733 -0.017156 -0.031429 -0.006759 0.112391 -0.035346 -0.043482 0.128184 -0.113314 -0.111653 -0.135994 0.100048 0.038905 -0.051105 -0.003349 0.092311 -0.014152 0.059171 0.024395 0.010597 -0.006259 -0.104753 0.051017 -0.015872 0.064866 -0.124366 -0.014131 0.125600 -0.023220 -0.058047 -0.048788 -0.044905 0.010715 -0.040736 0.060607 0.040314 -0.151923 -0.066793 -0.025380 -0.168810 -0.015598 -0.004219 -0.039404 0.027162 0.124424 0.050885 -0.102790 0.001782 0.039057 0.014831 0.005392 -0.099157 0.011825 -0.090056 -0.118922 0.003561 0.022382 0.020847 -0.071171 0.113518 -0.023125 -0.115945 0.098769 -0.051269 0.024587 0.063706 0.090730 -0.025367 -0.001300 0.068447 -0.089659 -0.026228 0.024568 0.043910 0.099874 -0.019178 0.025243 -0.033604 0.080994 -0.059515 0.011997 0.132068 -0.148900 0.025728 -0.061206 -0.044150 0.011835 0.069725 0.066332 0.039054 -0.077189 -0.059834 -0.019370 -0.070996 -0.064921 -0.183657 -0.075357 -0.070288 -0.039264 0.101312 -0.055659 -0.005380 -0.070729 0.056801 -0.047931 0.075666 -0.101610 0.099214 -0.080324 0.011770 -0.017396 -0.078819 0.070931 -0.033284 -0.041828 0.113160 0.056414 0.076692 0.084953 -0.057652 0.001642 -0.150015 0.078080 0.019213 0.067479 0.075190 -0.190349 0.003600 0.043058 0.059821 -0.027613 -0.050082 0.051637 0.092288 0.037790 0.006655 -0.060496 0.084618 -0.100493 0.033539 0.018175 0.031500 0.086803 -0.067610 -0.035612 -0.034271 0.041331 -0.066085 -0.080429 0.041268 -0.020420 0.007194 -0.134187 0.090268 -0.030397
T_0664 0.015425 -0.057591 0.064552 -0.073988 0.016913 0.050610 0.033620 -0.011303 -0.141348 0.056482 -0.092356 0.088623 0.022830 0.029622 0.087725 0.036219 0.062944 0.001613 0.058200 -0.042689 0.050689 -0.002577 0.070931 0.050027 0.076990 0.082238 0.002646 0.126106 0.111190 -0.116151 -0.022757 0.138971 -0.063574 0.076323 -0.017325 -0.026252 0.044659 0.014979 -0.038559 -0.030902 -0.008508 0.086034 0.015527 -0.032984 -0.018298 -0.046704 -0.026540 -0.025243 0.143366 0.034346 -0.016713 0.020918 0.038263 -0.049227 0.000607 -0.049235 -0.089652 -0.020058 -0.086752 0.053660 -0.034631 -0.032696 -0.014952 -0.079981 0.065399 0.015611 -0.057530 -0.073163 -0.064018 -0.123592 -0.027938 0.048287 0.059811 -0.079642 -0.148302 -0.070115 -0.046681 -0.126459 0.032198 0.023369 -0.041006 0.303690 -0.027959 -0.012107 0.038418 -0.073045 0.032307 0.052777 -0.102038 0.010484 -0.054058 -0.129054 -0.045920 0.068889 -0.042215 -0.024491 0.097838 -0.067460 -0.146159 0.074812 -0.071534 0.022018 0.011006 0.045764 -0.112503 -0.030679 -0.044557 0.046632 -0.041859 0.115963 -0.019782 0.112749 0.012071 -0.112952 -0.028617 0.132292 -0.065483 0.090550 0.141956 -0.135701 0.018474 -0.017593 -0.058041 -0.036239 0.040262 -0.078682 0.120743 -0.045718 -0.051473 0.018886 -0.025723 -0.019646 -0.112550 -0.138877 -0.090928 0.018386 0.075474 -0.132942 -0.000233 -0.052745 0.032104 -0.013169 0.125991 -0.135767 0.045814 0.024060 -0.065667 0.023974 0.031770 0.092692 -0.034158 -0.064627 0.046209 0.096049 0.093070 0.088482 -0.074627 -0.063674 -0.126531 0.017232 0.053000 0.009600 0.000152 -0.040417 -0.029002 0.085996 0.021392 -0.060358 0.003715 -0.013141 0.088980 0.010100 0.025840 -0.089142 -0.111761 -0.070838 -0.009525 -0.076728 0.032763 0.124287 -0.134451 -0.053215 0.049727 0.059848 -0.071733 0.005517 0.034399 -0.077313 -0.000756 -0.118326 0.028424 0.001426
T_0668 -0.069173 0.013155 0.007114 -0.045180 0.100213 -0.074522 0.002030 -0.049598 -0.007515 -0.070037 -0.115889 0.104635 0.090077 0.000096 0.144783 0.034385 0.129260 0.009723 0.066654 0.016866 0.029019 -0.046002 0.057243 0.007699 -0.053692 0.056018 0.016169 -0.065381 0.013210 -0.020402 0.006468 -0.010941 -0.009617 0.084132 0.085721 -0.017494 -0.010374 0.024756 -0.026142 0.013296 0.001336 0.039170 0.029049 0.104274 0.003653 -0.009001 -0.063279 0.027512 0.135865 0.055156 -0.023319 0.019938 -0.100322 0.031490 0.055928 0.046356 -0.036570 0.038952 -0.047912 0.035834 -0.065626 -0.034643 0.010344 0.108857 0.096145 0.117681 0.048630 -0.153069 0.078050 -0.118138 0.039703 0.050431 0.080035 -0.086333 -0.030929 -0.016765 -0.020530 -0.114588 -0.088189 0.096333 0.038461 0.081550 0.023987 -0.035605 0.096939 0.006487 -0.032276 -0.005109 -0.151585 0.065061 -0.019553 -0.047701 0.036387 0.232027 -0.018679 0.015424 0.088685 -0.001119 -0.224693 0.142974 0.045891 -0.145591 0.034312 0.021792 -0.045455 -0.035812 -0.056189 -0.079328 0.050426 -0.044890 -0.074750 0.023084 0.105821 -0.141407 0.007168 0.002706 -0.101332 0.092477 0.069985 -0.045864 0.088493 0.067060 -0.004314 0.068353 0.084584 0.063173 -0.029763 -0.019237 -0.081442 -0.013075 -0.028325 -0.026959 -0.154518 -0.063228 -0.058854 -0.044451 0.027976 -0.066487 0.031938 -0.094881 0.012208 -0.084488 -0.045258 0.007088 0.089983 -0.029026 -0.032925 0.037858 0.154847 -0.051295 -0.020259 -0.025821 0.001391 0.045717 0.093999 0.021128 -0.151249 -0.044906 -0.146216 0.014326 0.067615 -0.039112 0.069047 -0.133470 -0.022347 0.023183 0.116199 -0.069529 -0.010406 -0.035338 0.069241 -0.035699 -0.001074 -0.042691 0.033043 0.031106 -0.202915 0.070720 0.003552 0.136664 -0.036243 -0.089655 0.159915 0.030142 -0.052962 0.013702 -0.077174 -0.055480 0.008733 0.017846 0.065064 -0.020535
T_0673 -0.030027 -0.157204 0.007590 -0.023272 -0.089195 0.022637 -0.029498 -0.051977 -0.104425 -0.016237 0.043246 0.073924 -0.038583 -0.011776 0.039292 -0.038444 0.147410 -0.000298 0.036789 -0.028729 -0.011850 -0.039808 0.029189 -0.098064 0.071444 -0.049579 0.100796 0.080213 0.042476 -0.138022 0.000006 0.062899 -0.066283 -0.072293 -0.132111 -0.040342 0.047850 0.011526 0.013717 -0.080506 -0.140386 -0.062041 0.003306 -0.031493 -0.031207 -0.108626 -0.103092 -0.088895 0.080381 0.080134 -0.020451 -0.027542 0.129471 -0.050054 0.074747 0.116345 -0.038967 -0.045710 -0.088775 0.036845 -0.021857 0.021582 -0.075662 -0.036625 0.038861 -0.009639 -0.019571 -0.045980 0.056644 -0.062553 0.114622 0.062606 0.006687 -0.083630 -0.021797 0.068666 -0.145810 -0.080315 -0.006788 -0.002686 -0.053299 0.133579 -0.008154 -0.025829 0.021996 -0.047758 -0.047918 0.024560 -0.159242 0.023324 -0.088078 0.026460 0.050205 0.081866 -0.073476 0.098942 0.123256 0.032692 -0.201943 0.135288 -0.058651 0.100129 0.101339 0.071909 -0.012104 0.085574 -0.023932 0.036616 -0.023566 -0.028005 0.000961 -0.028029 0.111961 -0.054813 0.014025 0.032206 0.055596 0.053394 0.115479 -0.023388 0.029141 0.042985 -0.062429 -0.046121 0.046535 -0.065367 0.046385 -0.048560 0.046981 -0.008528 -0.016115 -0.070536 -0.138194 -0.000928 -0.070597 -0.104321 0.060742 -0.041975 -0.049199 -0.005315 -0.085701 0.046254 0.119553 -0.100842 0.126288 0.045541 0.020868 0.036144 0.021353 0.047282 0.031111 -0.107565 0.044162 -0.089073 0.110427 0.079309 -0.070481 0.019803 -0.067442 0.042228 0.092241 0.146931 -0.029508 -0.081785 -0.054827 0.007141 0.006270 -0.056836 -0.105619 0.000963 0.035420 -0.028423 0.033742 -0.115387 0.128291 -0.065003 -0.023274 -0.124637 0.019486 0.119369 -0.021102 -0.028020 0.044050 -0.050744 -0.053297 -0.023615 0.010185 -0.065794 -0.054422 -0.224251 0.093676 -0.048822
T_0676 -0.003369 -0.061408 0.007147 0.032319 0.000281 -0.043954 0.037087 0.040177 -0.076561 0.021908 0.028914 0.112648 0.076387 -0.014792 0.038528 -0.122906 0.100674 0.033381 0.016354 -0.001447 0.117899 -0.037327 0.000530 0.005450 0.012590 0.027149 0.082362 0.103653 0.155982 -0.181124 -0.039589 0.058954 0.022708 -0.015078 -0.052172 -0.034022 0.104765 -0.051425 0.079852 -0.052156 -0.056811 -0.007338 0.021900 -0.094331 -0.051528 -0.081679 0.042564 -0.079861 0.113284 0.065661 0.059292 -0.012490 0.122401 -0.012887 0.091521 0.072028 -0.122706 -0.014047 -0.079711 -0.023779 0.035302 -0.063028 -0.058414 0.009139 0.107538 -0.004847 -0.014071 -0.069210 -0.008239 -0.184428 0.061853 0.031935 0.105721 -0.091493 0.050739 -0.018119 -0.049148 0.080654 0.015193 0.038419 -0.045830 0.143720 0.083339 0.021555 0.112690 0.030645 0.045937 -0.026358 -0.097647 0.016800 -0.069932 -0.082823 -0.030362 0.074466 -0.075501 0.105743 0.080897 0.087020 -0.133435 -0.000606 -0.104232 0.002999 -0.037984 0.095135 0.014447 0.042593 -0.081565 0.034687 -0.048104 0.040462 -0.050026 0.001306 0.092337 -0.112365 0.034364 0.099945 0.065935 0.028543 0.182879 -0.042679 -0.009119 -0.030279 0.015075 0.001502 0.152208 0.015046 0.076389 -0.086272 -0.006445 -0.009847 -0.019633 0.036112 -0.006230 -0.075155 -0.113616 -0.107596 0.079143 -0.065466 0.001198 -0.088757 0.029151 -0.070138 0.074142 -0.107055 0.005625 -0.078345 0.025952 0.018829 0.052319 0.027563 0.079015 -0.105201 -0.057280 -0.041058 -0.024662 -0.001445 -0.119700 -0.026458 -0.094265 -0.095497 -0.035102 -0.026795 -0.009843 -0.123174 0.030882 -0.002945 -0.058162 -0.017199 0.002618 0.129300 0.096645 0.057924 -0.043177 0.016040 0.019739 0.026303 0.043240 -0.090303 -0.024117 0.073734 -0.139814 -0.169734 0.063275 -0.063245 0.022507 -0.059242 -0.000123 -0.161630 0.017504 -0.172058 0.104849 -0.065016
T_0696 -0.111797 -0.060544 0.019105 -0.024603 -0.019472 -0.046328 0.037900 -0.069643 -0.066225 -0.043794 0.023393 0.081853 0.143881 0.011960 0.086537 -0.047753 0.049413 0.035285 -0.008645 -0.015223 0.001141 -0.034897 0.032639 -0.005262 -0.001211 0.075388 0.112628 0.128019 0.035708 -0.059086 -0.072533 0.110985 0.008785 -0.030864 0.044357 -0.051384 0.097904 -0.016818 0.011814 -0.124160 -0.139965 0.040764 -0.006873 -0.050244 -0.066803 -0.033111 -0.017619 0.013130 0.096761 0.068720 0.047133 -0.072024 0.007525 -0.070590 0.154522 0.020346 -0.089780 0.033716 -0.105241 -0.026339 0.130853 -0.120730 -0.057056 0.089751 0.015137 0.101655 -0.025168 -0.139435 0.016611 -0.127934 -0.006512 0.134825 0.078181 -0.040998 0.044173 -0.068659 -0.010063 -0.073113 -0.147678 0.103986 -0.031117 0.026745 0.067600 0.042863 0.185083 -0.006165 -0.052027 0.024719 -0.071651 0.124912 -0.001617 -0.020147 -0.033976 0.235168 -0.056984 -0.024681 0.116222 -0.000591 -0.170734 0.008250 0.039285 -0.064547 0.009350 -0.048088 -0.033344 0.019588 -0.060491 -0.053635 0.009722 0.038354 -0.087609 -0.015897 0.006282 -0.040322 0.065325 -0.009029 -0.108415 0.047305 0.064455 -0.026839 0.069222 0.001343 0.099209 -0.006717 0.022114 0.060658 0.029939 -0.070574 0.007030 0.037180 -0.046102 0.000178 -0.056215 -0.054516 -0.123758 -0.138997 0.059020 -0.035362 0.081913 -0.113017 0.059739 -0.149690 0.028851 -0.054531 -0.012303 -0.031817 -0.057858 -0.000728 0.109811 -0.015226 -0.043284 -0.049660 -0.007663 -0.025850 0.080613 0.020660 -0.097332 0.002356 -0.096767 -0.059420 -0.048478 -0.045957 -0.092059 -0.055658 -0.077828 0.001163 0.022644 -0.069320 -0.013176 0.116721 0.115435 -0.106913 -0.036580 -0.013045 0.057200 0.033370 -0.001434 -0.009160 -0.033067 0.072174 -0.170829 -0.207344 0.018339 0.006551 -0.071992 -0.020933 -0.082435 -0.047088 -0.031953 -0.068845 -0.024073 -0.079561
T_0712 0.080285 -0.090040 0.002629 -0.082558 0.031433 -0.007576 -0.123784 -0.013658 -0.042486 -0.107245 0.058805 0.096472 0.097915 0.025264 0.080351 -0.015680 0.109405 -0.085786 0.085558 0.078052 -0.065788 -0.128506 -0.002239 0.003733 0.028495 0.092695 0.150486 0.080792 0.107524 0.011094 0.061767 0.158313 -0.108653 -0.023161 -0.051103 -0.093652 0.022907 -0.035051 -0.015713 -0.017969 -0.014049 -0.079873 -0.040500 -0.109437 0.091058 -0.100929 -0.059223 -0.026407 0.088472 0.124576 -0.048418 0.048207 0.044038 -0.035847 0.040680 0.100022 -0.000477 0.042959 -0.077896 0.010603 -0.055720 0.050747 -0.006198 0.040068 0.046253 -0.045619 -0.024567 -0.089982 0.026061 -0.098293 -0.021405 0.106814 0.040012 -0.071287 -0.030729 -0.031548 -0.048120 -0.091483 0.050320 0.084802 0.055586 0.043545 0.003357 -0.091142 0.051896 0.036074 0.052737 0.104855 -0.109452 -0.055219 -0.076061 -0.048553 -0.000570 0.021385 -0.063238 0.061683 0.051257 -0.011383 -0.166185 0.088514 -0.001698 0.104846 0.019283 0.071589 0.071760 0.125688 0.046306 -0.081326 -0.046776 0.009259 0.036605 -0.071029 -0.026502 -0.024017 -0.024116 0.033066 -0.020907 0.080664 0.184413 -0.085736 -0.014150 0.065469 -0.030827 0.022819 -0.033808 -0.053990 0.017686 -0.090906 -0.020278 0.036040 -0.038531 0.002623 -0.061035 -0.062276 -0.020619 -0.077039 0.063078 0.008036 -0.067927 -0.075454 -0.069685 0.010680 -0.023228 -0.067098 0.064491 0.048144 0.126082 -0.024036 -0.093940 0.137476 0.063127 -0.087587 0.006779 -0.068114 0.083315 0.012647 -0.073539 0.028172 -0.057366 0.039341 0.124919 -0.002500 0.004860 -0.153432 -0.027293 -0.035217 0.041340 -0.035459 -0.111254 0.071157 0.107073 0.016258 0.037301 -0.103255 0.112158 -0.073988 -0.028745 -0.060999 -0.047920 0.078951 -0.045060 -0.141724 0.001497 -0.069921 -0.061097 0.001006 0.130500 -0.123654 -0.023711 -0.250466 -0.001409 0.007005
T_0730 0.019482 -0.019269 0.021732 -0.054219 -0.014773 -0.015464 -0.190862 0.061572 -0.007738 0.013483 -0.007383 0.015247 0.000662 0.034523 0.024892 -0.015300 0.108789 -0.100834 -0.012604 0.103578 -0.019542 -0.050428 -0.101820 -0.058901 -0.007493 0.088895 0.045622 0.089103 0.030383 -0.021909 0.041873 0.113164 0.003192 -0.086807 -0.014897 -0.042515 -0.039096 -0.117775 0.034024 -0.042318 -0.016071 -0.010359 -0.080057 -0.110864 -0.070445 -0.007950 -0.072618 0.053481 0.055501 0.103458 -0.042084 0.050719 -0.047949 -0.093915 0.049007 0.077708 -0.030549 0.022220 -0.063302 -0.001907 -0.004542 -0.004388 -0.063905 0.039174 0.107141 0.011475 0.086310 -0.103748 0.039353 -0.083273 0.016428 0.055231 0.029623 -0.042055 -0.003201 -0.035433 -0.030965 -0.139892 0.040721 0.060110 -0.085553 0.097753 0.027509 -0.122174 0.028825 -0.034747 0.121781 0.043119 -0.090104 0.008620 -0.031181 -0.056010 0.048084 0.050614 -0.132063 0.120924 -0.000140 0.013272 -0.156721 0.028692 -0.023674 0.031357 -0.010451 0.059520 0.005566 0.116749 -0.083153 -0.097979 -0.011685 0.068448 0.035089 -0.079591 0.008169 -0.109990 -0.002057 0.002880 -0.005408 0.061871 0.113196 0.042829 -0.060043 0.088030 0.010460 0.046779 0.057320 -0.055258 0.083828 -0.066487 -0.080135 0.140436 -0.018757 0.002401 -0.058405 -0.090218 -0.073237 0.035359 0.198157 -0.084854 -0.000776 -0.019269 -0.058400 -0.074689 0.027335 -0.085425 0.050473 0.079191 0.053300 0.018723 -0.127525 0.132010 -0.082430 -0.055123 -0.078774 -0.134766 0.094021 -0.001602 -0.116615 0.103108 -0.034207 -0.039541 0.019744 0.006996 0.005230 -0.029849 -0.009213 -0.062654 0.051446 -0.079884 -0.139508 0.062736 0.066667 -0.083419 0.117484 -0.046252 0.050422 -0.041237 0.029057 -0.080312 -0.130363 0.102366 -0.120718 -0.111101 0.037144 -0.085670 0.010946 -0.039269 -0.008341 -0.063647 -0.064693 -0.207500 0.174641 -0.072140
T_0764 -0.004821 -0.016942 0.029925 -0.082452 -0.040715 0.007103 -0.031702 0.024586 -0.173971 -0.042689 0.078591 0.124294 0.097948 -0.045011 0.051781 0.052361 0.135008 -0.062560 0.040930 0.011538 0.013443 -0.015919 0.064621 -0.028277 0.046061 0.107730 0.047335 0.020273 0.096327 -0.144249 0.118417 0.139665 0.002277 0.057577 0.021322 -0.019552 -0.040753 -0.067367 0.032330 -0.039391 0.017181 -0.000356 0.015895 -0.136341 0.055635 -0.064536 -0.079821 -0.002576 0.057808 0.003484 0.002084 0.037065 0.119031 -0.046329 0.039247 0.029974 -0.006980 -0.024064 -0.205304 -0.001564 -0.064437 -0.081358 -0.076663 -0.057172 0.022704 -0.048832 -0.085121 -0.044965 -0.128668 -0.178913 -0.021720 -0.011895 0.020527 -0.070359 -0.083687 -0.101368 -0.115932 -0.062122 0.057642 0.032142 0.024822 0.097965 0.025657 -0.077648 0.070467 0.000772 -0.009164 0.058917 -0.113844 0.009867 -0.133124 -0.107332 0.061582 0.136654 0.030806 -0.008408 0.056103 0.045065 -0.106926 0.184671 -0.099400 -0.037001 0.157955 0.092122 -0.038528 0.049059 -0.018427 0.022290 0.001161 0.072533 0.033734 0.007016 0.072576 -0.030067 0.013756 0.123974 -0.033836 0.042405 0.051739 -0.125475 0.076141 -0.021502 -0.053210 -0.026337 0.082675 0.057736 0.165672 -0.104715 0.028158 0.041104 0.029608 -0.027528 -0.077467 -0.078605 -0.037047 -0.052610 0.107482 -0.055377 0.019197 -0.044643 -0.039067 -0.021033 -0.023209 -0.072433 0.106825 -0.060169 0.055373 -0.031030 -0.038193 0.082586 -0.033098 -0.012174 -0.026427 -0.013739 0.053317 0.021334 -0.011341 0.037593 -0.073558 0.086554 0.112975 0.006972 0.063388 -0.074287 0.007633 -0.032911 0.032358 -0.108898 -0.052047 -0.019936 0.109659 0.100180 0.029839 -0.079278 0.006490 -0.052822 0.012860 -0.148244 0.056544 0.081936 -0.152070 0.004963 -0.007235 0.034616 -0.134348 0.050095 -0.034342 -0.086604 -0.041492 -0.066849 0.075258 -0.101284
T_0770 -0.070914 0.047099 0.100726 0.063058 0.033889 -0.042838 0.063540 0.044470 -0.054475 -0.023866 -0.049970 0.095887 0.083763 0.024787 0.176912 -0.052627 0.055713 0.077988 0.038550 -0.009233 0.007505 -0.086914 0.101763 -0.009418 -0.060715 0.086415 0.002214 0.066665 0.047266 -0.238020 -0.034579 0.014211 0.020552 0.039440 0.018204 -0.046657 0.037726 0.085369 -0.059208 -0.026437 -0.045911 0.116436 0.025172 -0.108324 -0.011988 0.044832 -0.073031 -0.049123 0.128963 -0.026698 0.027522 -0.047475 -0.055857 0.019572 0.015783 0.080468 -0.099936 0.004709 -0.119830 0.042339 0.030843 0.036331 -0.020025 0.041313 0.123719 0.082203 -0.080041 -0.186881 0.022489 -0.074578 -0.066750 0.023718 0.098848 -0.112664 -0.020752 -0.108621 -0.012371 -0.049068 -0.013587 0.080490 -0.064521 0.211700 0.077803 0.033144 0.025363 0.047392 -0.002331 0.053661 -0.049165 0.049515 0.042452 -0.060640 -0.019150 0.196662 -0.020489 -0.044097 0.049275 -0.032259 -0.212898 -0.002559 0.092916 -0.030195 0.028655 0.025845 -0.005397 -0.020939 -0.068221 0.007182 -0.002934 0.020304 -0.001541 0.041923 0.004320 -0.116081 -0.063727 0.075491 -0.054324 0.039514 -0.005399 -0.088000 0.047203 0.045826 -0.031949 -0.014018 0.122660 -0.000978 -0.050396 -0.030743 -0.053461 0.045322 -0.019119 0.027986 -0.021690 -0.021324 -0.125280 -0.097895 0.063227 -0.027694 0.116329 -0.134034 0.063433 -0.065623 0.027226 -0.052660 0.043595 -0.044924 -0.010834 0.097461 0.132828 -0.027971 0.034015 0.005064 -0.038694 0.006087 0.109504 0.062510 -0.096771 0.051881 -0.124730 -0.100847 0.017541 0.002137 -0.041933 -0.018001 -0.075463 -0.026048 0.149514 -0.055653 -0.088611 0.049669 -0.002937 -0.081795 0.026269 0.032155 0.029521 0.041260 -0.140266 -0.040516 -0.030589 0.158308 -0.009194 -0.105940 0.152113 -0.021173 0.012245 0.024983 -0.138477 -0.022839 0.003326 0.060042 0.035222 -0.029700
T_0796 -0.119223 -0.020578 0.034201 0.027034 0.005204 -0.082010 0.077098 0.028935 -0.076829 -0.111580 -0.109494 0.088243 0.098230 0.053528 0.183742 -0.013128 0.078481 0.095681 0.053843 -0.004963 -0.030811 -0.101996 0.093993 0.045813 -0.065034 0.104216 -0.036441 0.000566 0.008529 -0.122009 0.004317 0.034790 0.003845 0.064572 0.004596 -0.049961 0.001246 0.054843 0.013791 -0.003648 -0.060960 0.069871 -0.002233 -0.058669 0.083627 0.039006 0.006807 0.010650 0.083359 0.034948 -0.079194 0.045094 -0.099963 0.003269 0.020658 0.066536 -0.004293 0.023918 -0.140150 -0.007276 -0.009763 -0.006449 -0.048678 0.085559 0.074820 0.120704 -0.039321 -0.110618 0.112678 -0.076633 0.026843 0.068836 0.010475 -0.093718 -0.077428 -0.032913 -0.060079 -0.055493 -0.089020 0.058466 -0.002557 0.077442 0.034716 0.004719 0.106710 -0.046318 -0.021081 -0.038602 -0.074854 0.122771 0.068574 -0.043955 0.007454 0.191076 -0.039655 -0.047558 0.108260 -0.059505 -0.223403 0.044876 0.071319 -0.065190 0.121491 0.050081 -0.058802 -0.069472 -0.072248 -0.044390 0.028319 -0.029732 -0.035189 0.034445 0.059087 -0.159241 -0.046600 0.009780 -0.073330 0.134455 -0.009550 -0.031682 0.136074 0.090363 -0.048566 0.014831 0.095243 -0.002832 -0.038223 -0.055080 -0.019359 0.017167 0.009614 0.060411 -0.089508 -0.014370 -0.138110 -0.132892 0.093551 -0.040897 0.072013 -0.118835 0.016469 0.019023 -0.017383 -0.062441 0.087096 0.014951 -0.045678 0.070508 0.098115 -0.076986 -0.091104 -0.014240 -0.011153 -0.014873 0.081316 0.088644 -0.114407 0.005116 -0.205957 -0.010542 0.075407 -0.071081 0.024356 -0.040587 -0.069013 0.020273 0.099140 -0.031832 -0.071306 0.012689 0.123194 -0.013185 0.028096 0.015825 0.080239 0.015790 -0.101330 -0.010398 0.016402 0.125186 -0.010213 -0.077477 0.132005 0.011962 0.008612 -0.001344 -0.073320 -0.091211 -0.003967 0.022371 0.069805 -0.078068
T_0818 0.075537 0.001610 0.016051 -0.051403 -0.005954 0.001133 -0.044420 -0.012783 -0.093262 -0.007346 0.032616 0.078437 -0.005423 -0.004585 0.052697 -0.100758 0.145259 -0.060388 -0.008939 -0.006287 -0.000418 -0.061064 -0.034876 -0.075433 -0.029776 0.052886 0.099115 0.044122 0.115124 -0.071851 0.014739 0.123770 -0.039032 -0.063184 0.026456 -0.048373 -0.016479 0.019425 0.100959 -0.070013 0.014804 0.004255 -0.057350 -0.108361 -0.005551 0.002102 -0.136590 -0.027507 0.037073 0.056652 -0.042130 0.044602 -0.020720 -0.036130 0.110119 0.044566 0.027731 0.082264 -0.086784 0.033108 0.007094 -0.040943 -0.140599 -0.005487 0.048902 -0.034534 0.007914 -0.117427 -0.067586 -0.065498 0.039687 0.021118 0.017621 -0.094004 0.013308 -0.001018 -0.037844 -0.039103 0.029950 0.034952 -0.017176 0.020160 0.022742 -0.150158 0.021949 -0.022954 0.020613 0.071986 -0.156889 -0.046738 -0.101925 -0.109137 0.105474 0.155301 -0.098937 0.127700 0.074058 0.033585 -0.101417 0.120706 -0.059231 0.067157 0.037596 0.098397 -0.019952 0.089188 -0.091886 -0.028192 0.040224 0.001776 0.008137 -0.124670 0.092071 -0.055669 0.037857 0.029202 -0.009255 0.102573 0.179633 -0.054148 -0.045104 0.033019 0.092037 -0.004490 0.089548 -0.011294 0.116664 -0.044735 -0.014195 0.085941 -0.002930 -0.010854 -0.235343 -0.093496 -0.024167 -0.069448 0.175320 -0.015445 0.085204 -0.021472 -0.151951 -0.095601 0.017709 -0.000059 0.140650 -0.030126 -0.041073 0.004270 -0.094112 0.090567 0.007874 -0.058658 -0.029366 -0.047146 0.008382 -0.017385 -0.031438 0.046217 -0.090687 -0.041782 -0.073035 0.047587 0.042614 -0.062160 -0.059564 -0.019357 0.027001 -0.067338 -0.131391 0.000762 0.008715 -0.014285 -0.011330 -0.051508 -0.000779 -0.025451 0.008424 -0.099145 0.006197 0.058261 -0.157037 -0.023894 -0.081722 -0.016853 0.046237 -0.036961 -0.020977 -0.129858 -0.083912 -0.192525 0.134177 -0.102949
T_0842 -0.010817 -0.130005 -0.055056 -0.034351 0.008784 0.001226 -0.051634 0.022118 -0.158517 -0.068211 -0.025691 0.100138 -0.010271 0.012772 0.008353 0.010518 0.056930 -0.073172 0.021736 -0.009090 -0.017758 -0.028320 0.072386 0.044084 -0.002433 0.125949 0.047393 0.000962 0.087263 -0.172483 -0.084130 0.088526 -0.086162 -0.014318 -0.021872 -0.084815 0.088541 0.094796 -0.076817 -0.067297 -0.061352 0.060163 -0.004437 -0.033948 0.043497 -0.187036 0.076139 -0.116339 0.122383 0.079680 0.004981 0.034048 0.033206 -0.087821 -0.011678 0.018143 -0.010105 -0.015117 -0.094372 0.079324 -0.079835 0.122221 -0.067311 0.013151 0.099376 -0.050079 -0.004413 -0.077234 -0.001309 -0.029553 0.067104 0.033658 0.016893 -0.109477 -0.067258 -0.006805 -0.079284 -0.054069 0.083238 0.032112 0.000427 0.214526 0.039294 -0.036834 0.032705 -0.035171 0.032405 0.034019 -0.151447 0.058125 -0.054057 -0.038561 -0.001769 0.081217 -0.118399 0.016650 0.153645 0.002180 -0.191602 0.085969 0.032630 -0.021632 0.067289 0.060742 -0.068431 0.038368 0.017312 0.076599 -0.145711 0.020365 0.055111 0.079636 -0.040198 -0.026496 -0.034346 0.124031 -0.023665 0.014099 0.040493 -0.139698 -0.024349 0.056904 -0.014735 -0.012243 -0.068367 -0.034409 -0.002115 0.015151 -0.043045 -0.017705 -0.056788 -0.022314 -0.047069 -0.075988 -0.087686 -0.042558 0.028220 -0.051706 -0.082446 -0.038339 0.013636 0.037719 0.042435 -0.213043 0.018859 0.010216 0.042164 0.017197 -0.018299 0.038499 0.028448 0.017687 0.091960 0.157809 0.014637 0.102636 -0.085068 -0.062110 -0.087817 0.032378 0.023070 0.095480 -0.002537 -0.122694 0.050077 0.007061 0.086163 -0.100249 0.007059 0.012959 0.029696 0.059231 0.076354 -0.101118 0.108711 -0.043295 -0.024816 -0.016167 0.089600 0.062643 -0.168252 -0.043166 0.001537 0.049210 -0.058980 -0.050968 0.080362 -0.045205 -0.095773 -0.163225 -0.044092 0.008465
T_0854 -0.072032 -0.000894 0.108920 0.069132 0.017884 -0.083044 0.044263 0.025922 -0.056959 -0.045842 -0.089854 0.089829 0.100573 -0.021498 0.153642 0.014417 0.098763 0.038985 0.051596 0.034389 -0.004670 -0.124013 0.098506 0.045244 -0.073505 -0.012608 -0.065804 0.017483 0.059589 -0.164615 0.044685 0.043173 0.022373 0.015018 0.056152 -0.046390 0.072179 0.044831 -0.016693 -0.045294 -0.042368 0.027684 0.052024 -0.102782 0.043521 0.061987 -0.017922 -0.005341 0.100491 0.049139 -0.042793 0.027371 -0.037991 0.014369 0.056981 0.090745 -0.031171 0.022251 -0.147445 -0.047226 0.045114 -0.038628 -0.044623 0.113357 0.097514 0.123782 -0.023818 -0.088143 0.059455 -0.044337 -0.024942 0.065397 0.008836 -0.100988 -0.066475 -0.131135 -0.054739 -0.068445 -0.089511 0.032641 -0.049701 0.033888 0.018452 0.065127 0.111983 -0.037700 -0.049209 -0.062602 -0.090993 0.071951 0.023811 -0.135168 0.022717 0.144800 -0.032433 -0.036761 0.045430 -0.062843 -0.248276 0.076013 0.087950 -0.093409 0.083341 0.033939 0.020326 -0.066846 -0.061865 -0.035924 0.030460 0.022872 -0.036943 -0.000951 0.028212 -0.089955 0.018585 0.026701 -0.111746 0.117284 -0.038313 -0.060329 0.161241 0.064189 -0.019019 -0.021427 0.060079 -0.003876 -0.055247 -0.068973 -0.069821 0.028821 -0.005908 0.026327 -0.109140 -0.038996 -0.064674 -0.158678 0.098537 -0.052325 0.116881 -0.092583 0.029765 -0.016331 0.074126 -0.020251 0.101262 0.037113 -0.037617 0.095257 0.104209 -0.056087 0.013869 0.035920 -0.005306 -0.033638 0.047303 0.067165 -0.078477 0.023595 -0.159898 -0.009684 0.017912 -0.083104 -0.000643 -0.016900 -0.100694 0.040142 0.052785 -0.077297 -0.083408 0.004180 0.052152 -0.029726 0.001537 -0.026456 0.112781 0.025848 -0.108291 -0.055269 -0.037959 0.160093 -0.059636 -0.033958 0.156984 0.029755 0.007203 0.001603 -0.088720 -0.099965 -0.006400 0.053448 0.023127 -0.171941
T_0858 -0.083646 0.007454 -0.032524 -0.008421 -0.070842 0.037517 -0.014095 0.083788 -0.110190 0.108164 -0.005288 0.077617 -0.031445 -0.013105 -0.029539 -0.110485 0.115099 -0.006469 -0.072980 -0.028116 -0.025708 -0.014873 -0.042907 -0.026553 -0.015932 0.029877 -0.055490 0.143482 0.075913 -0.043229 -0.062812 0.126017 0.020900 -0.040216 -0.017109 -0.123778 0.043473 -0.086401 -0.012475 -0.104075 -0.052033 0.044796 -0.083129 -0.120885 -0.013155 -0.081249 0.008141 -0.045648 0.101200 0.110452 0.039386 0.029700 -0.070584 -0.118808 0.092346 -0.016955 -0.125088 -0.003782 -0.053693 0.003867 -0.037853 -0.010044 -0.062283 0.078555 0.046116 0.066075 0.032470 -0.090726 0.039284 -0.055584 0.005536 0.035333 0.086397 -0.119854 -0.001613 -0.015679 -0.083052 -0.100656 0.055491 0.090930 -0.057979 0.087777 -0.084826 -0.121368 0.078968 -0.019538 -0.007063 -0.062285 -0.067303 0.023909 -0.113122 -0.079037 0.053940 0.243121 -0.062059 0.132362 0.077641 -0.031630 -0.135833 -0.007284 0.007034 0.020696 0.005871 0.002741 -0.017822 -0.011654 -0.040456 -0.064044 -0.025199 0.105598 -0.032960 0.023593 -0.052806 0.017686 -0.001484 -0.008838 -0.005978 0.083213 0.142188 0.090458 0.019957 -0.017936 -0.023098 0.035450 0.121062 -0.101038 0.068617 -0.052098 -0.018702 0.087892 -0.057577 -0.005327 -0.051724 -0.141605 -0.134930 -0.038383 0.093786 -0.027391 0.020038 -0.096812 -0.013167 -0.047113 0.061918 -0.223998 0.051187 0.122914 0.019784 0.038115 -0.049891 0.049963 -0.028258 -0.075622 -0.089082 0.007922 0.064551 0.013040 -0.094378 0.006496 -0.014911 -0.072505 0.084402 -0.002884 -0.002515 -0.009749 -0.066198 0.005929 -0.007769 -0.088328 -0.024681 0.017839 0.091958 -0.106039 0.080995 -0.082563 0.057529 -0.099634 0.003274 -0.064503 -0.050351 0.048933 -0.134065 -0.140642 0.022120 -0.115294 0.001764 0.033660 -0.042019 -0.001860 -0.055438 -0.185203 0.072034 -0.018993
T_0866 -0.001642 0.007588 0.014412 0.122992 0.081586 -0.038700 -0.093440 0.028672 -0.074061 0.046195 0.009692 0.069320 -0.044476 -0.033385 0.071381 0.005114 0.186186 -0.003525 0.073209 0.068896 0.045661 -0.023249 -0.060188 -0.013602 -0.024670 0.048649 0.016795 0.023659 0.128172 -0.078021 0.036907 0.082583 -0.018170 -0.077397 -0.095122 0.028626 -0.094294 -0.123704 0.050575 -0.069714 0.006037 -0.038574 0.005119 -0.084888 0.081195 -0.025858 0.055968 -0.037634 0.083247 0.094898 -0.135844 0.046456 0.151210 -0.011043 0.052194 0.106096 -0.044536 -0.028578 -0.049623 -0.041563 0.019880 -0.078074 -0.079052 0.056209 0.147507 -0.022427 -0.003118 -0.116740 -0.067841 -0.150454 0.070549 0.023709 0.129956 -0.040179 -0.008461 0.049706 -0.083252 -0.149865 0.074424 0.091387 -0.015627 0.147818 0.018125 0.025030 0.171747 -0.085038 0.071382 -0.023247 -0.101925 -0.042526 -0.019889 -0.106252 -0.043867 0.031546 -0.010233 0.130869 -0.022770 -0.028915 -0.179981 0.069340 -0.053727 0.058994 -0.030998 0.108455 0.003152 0.060996 -0.010078 0.017694 -0.000965 -0.012834 -0.014815 -0.091039 0.079489 0.002870 0.038485 0.010686 -0.017914 0.049182 0.095859 0.033551 -0.053404 0.053789 0.014297 0.089239 -0.003004 -0.013135 0.120805 -0.033689 -0.000843 0.069833 -0.054130 0.077228 -0.059111 -0.044006 -0.030079 -0.052296 -0.000714 -0.020129 0.062993 -0.012549 0.025830 -0.026280 0.087116 -0.109072 0.027863 -0.008939 0.064067 0.060818 -0.019092 0.072687 -0.030552 -0.142606 -0.028158 -0.076496 0.069781 -0.017743 -0.151191 0.024708 0.029511 -0.034447 0.023983 0.006614 0.093545 -0.100034 0.057192 0.020198 -0.107148 -0.061532 -0.023720 0.096618 0.078193 0.031885 0.039725 -0.053761 0.034420 -0.006641 0.074403 -0.002412 -0.018045 0.165246 -0.153356 -0.093443 0.069205 -0.118164 0.081533 -0.039397 0.034988 -0.115160 -0.061830 -0.081954 0.114717 -0.138533
T_0877 -0.072912 -0.008117 0.012442 -0.044501 -0.017352 -0.020439 0.086354 -0.030064 -0.093387 -0.077610 -0.063632 0.059658 0.098741 -0.042115 0.130940 -0.001951 0.062540 0.015858 -0.053814 -0.014398 0.090636 -0.066659 0.030303 0.042623 -0.077131 0.108555 0.010149 0.172022 0.056322 -0.121647 -0.028212 0.129014 0.015172 0.083149 0.023936 -0.046446 0.060975 -0.036970 0.040996 -0.107234 -0.046892 0.055521 0.001298 -0.040742 -0.044035 0.004773 -0.033876 -0.001495 0.132196 0.095832 0.014552 0.007631 -0.006946 -0.025278 0.020423 0.033907 -0.091482 -0.029200 -0.101074 0.020424 0.056847 0.005236 -0.048932 0.056127 0.037896 0.068181 0.042795 -0.142519 0.038917 -0.076829 -0.014933 0.109223 0.009777 -0.069052 -0.008560 -0.007999 -0.018227 -0.057805 -0.025069 0.097155 -0.013252 0.123322 0.063345 -0.028856 0.091904 0.015895 0.029211 -0.010859 -0.037938 0.094056 0.051738 -0.063876 0.056828 0.225888 -0.052581 0.005693 0.127273 -0.001401 -0.191097 0.107739 0.074498 -0.037340 0.021462 0.025451 -0.105143 -0.057021 -0.036061 0.030674 0.006458 -0.054078 -0.043818 0.067140 0.068234 -0.128862 -0.024434 0.039594 -0.121432 0.094551 0.095270 -0.020228 0.063122 0.064915 -0.061110 0.020307 0.074196 0.006695 -0.011548 -0.080808 -0.023292 0.007348 0.048734 -0.019802 -0.009345 -0.013837 -0.178617 -0.147087 0.096419 -0.073484 0.088495 -0.110004 0.013990 -0.055514 0.004365 -0.088673 0.060985 0.047102 -0.045347 0.075097 0.127801 0.044901 -0.081872 -0.069082 -0.070227 0.064941 0.145581 0.044411 -0.140294 -0.016011 -0.183268 0.000496 0.000863 0.051467 -0.094061 -0.064043 -0.013335 0.084732 0.060302 -0.030542 -0.020280 0.008975 0.060856 -0.059375 0.005833 -0.002186 0.102452 0.019938 -0.097704 -0.051672 -0.048036 0.140148 -0.101911 -0.134143 0.061665 -0.033246 -0.010082 -0.043683 -0.149795 -0.024147 0.041051 -0.064200 -0.000617 -0.063994
T_0881 0.018712 -0.064071 0.101482 -0.076410 0.060126 -0.098344 -0.031934 0.055350 -0.082373 -0.106125 -0.058092 0.094904 0.062803 -0.007603 0.062488 -0.074985 0.060050 0.052026 -0.055047 -0.117633 0.093617 0.005023 0.022096 -0.092368 -0.017077 0.136211 0.041077 -0.052067 0.106204 -0.118801 -0.058565 0.185987 0.018275 0.078223 0.047895 0.000177 0.097056 0.048469 0.023636 -0.075548 -0.020982 0.006117 0.001219 0.079496 0.019259 -0.171342 0.009918 -0.046399 0.086762 0.050882 -0.032998 0.022886 -0.019879 -0.024803 0.100281 0.057510 -0.191496 0.003857 -0.058652 0.020091 0.031911 -0.128078 -0.027496 0.089631 0.042193 0.039154 -0.012650 -0.084560 0.021690 -0.116879 -0.025133 0.048155 0.040125 -0.059718 -0.033424 -0.035063 -0.011125 -0.056102 -0.072372 0.081424 0.022496 0.111306 -0.001783 -0.057172 0.100527 -0.010735 0.011431 0.014226 -0.127901 0.111792 -0.057046 -0.097015 -0.007012 0.159924 0.007337 0.047207 0.177336 0.053248 -0.127330 0.053909 -0.088950 0.022003 -0.009535 -0.004617 0.018956 0.008733 -0.056289 0.002783 -0.001747 -0.012966 -0.117902 0.055552 0.073780 -0.078032 -0.045108 0.082777 -0.064229 0.000226 0.087509 0.028108 0.026388 0.070735 0.023242 0.054789 0.100906 0.045937 0.019392 0.048221 -0.063513 -0.030362 0.009632 0.046750 -0.051738 -0.174718 -0.061644 -0.032454 0.086043 -0.043662 -0.045523 -0.072876 0.071409 -0.159760 0.037995 -0.067672 0.065529 -0.079906 -0.025550 -0.055632 -0.006870 0.002711 -0.005486 -0.094977 0.009224 0.017842 0.121547 -0.001919 -0.180887 -0.067553 -0.079550 -0.005666 -0.001539 -0.069844 0.055962 -0.139218 -0.077985 -0.039778 -0.053413 -0.152841 0.037671 0.084939 0.131727 -0.006454 0.011492 0.005850 -0.013476 0.007077 -0.042571 0.037724 0.042173 0.096807 -0.082678 -0.148295 0.068569 -0.020603 -0.069094 0.007658 -0.059235 -0.029428 0.067924 -0.086620 0.072546 -0.044632
T_0897 -0.076800 0.092892 0.031788 0.030085 0.055529 -0.124551 0.078603 0.015839 -0.051651 0.023062 -0.043224 0.070642 0.059299 0.065319 0.174236 -0.039381 0.044500 0.006727 0.033948 -0.026966 -0.021628 -0.060576 -0.003408 -0.130354 0.008747 0.030664 0.022966 0.007437 0.004690 -0.215926 -0.008742 0.013936 -0.033462 0.019855 0.015954 0.056572 0.005548 0.163675 -0.067049 -0.003266 -0.094470 0.054014 -0.077440 -0.030744 0.046659 0.002777 0.013337 -0.011852 0.080967 0.067285 0.014194 -0.039488 -0.096065 0.020537 0.077290 0.073546 -0.048054 -0.018152 -0.045884 0.016161 0.036554 0.012021 -0.069438 0.035178 0.053960 0.125346 -0.081828 -0.143905 0.011608 -0.136562 0.063209 0.167833 0.038544 -0.007518 -0.096216 -0.078629 -0.076028 0.045731 -0.007816 0.064561 -0.004606 0.123890 -0.017910 0.039755 0.051273 0.004818 -0.006390 0.034607 -0.055670 0.115229 0.034901 -0.070171 0.031629 0.190701 0.029647 -0.018141 0.035823 -0.015573 -0.239713 0.064849 0.001995 -0.082445 0.083274 -0.014752 -0.056247 -0.039247 -0.033210 -0.055671 0.099120 0.030461 -0.132184 0.047837 0.036974 -0.108297 -0.017939 0.085191 -0.110820 0.069352 0.045351 -0.077582 0.077823 -0.031673 0.001123 0.015473 -0.002112 0.055323 -0.070816 -0.083832 -0.038113 0.006968 -0.001140 0.053358 -0.043128 -0.048695 -0.114296 -0.129569 0.045755 -0.049039 0.098540 -0.089296 0.003604 -0.049882 -0.042360 -0.150392 0.026553 -0.005512 -0.051078 0.013545 0.053367 -0.027619 -0.089916 0.072127 0.012358 -0.052044 0.127047 0.062809 -0.049954 0.023782 -0.150554 -0.054426 0.029122 -0.065618 0.009461 0.013608 -0.045914 -0.036952 0.134202 -0.059419 -0.063192 -0.023070 0.091116 -0.095306 -0.014103 0.090665 0.002747 0.088968 -0.125762 0.033430 -0.063951 0.094966 -0.030939 -0.144391 0.106839 0.077059 0.050755 -0.014327 -0.117569 0.015973 0.006901 0.035108 0.145087 -0.037537
T_0925 0.063833 0.069162 0.082274 0.084472 -0.042308 0.029608 0.013529 0.029123 0.021290 0.050872 0.084514 0.114664 -0.029896 0.004619 0.085757 -0.090390 0.169777 0.057904 0.038412 0.079656 -0.027503 -0.015235 0.052321 -0.085427 0.015376 0.035840 0.030616 0.078473 0.180878 -0.094246 -0.009077 0.099392 0.008274 0.013789 -0.014610 0.004230 -0.010813 -0.040310 0.065713 -0.047091 -0.113169 -0.058368 0.013131 -0.120156 0.054562 -0.052734 -0.109431 -0.041090 0.099674 0.089702 -0.045356 0.047167 0.067030 -0.049211 0.103552 0.005242 -0.106729 0.022735 -0.030903 0.042631 -0.024843 -0.126716 -0.127012 -0.070066 0.105939 -0.006399 0.028054 -0.056258 -0.000430 -0.131903 0.005172 0.007957 0.146760 -0.150228 -0.054128 0.028727 -0.042742 -0.075149 0.005618 0.035891 0.063451 -0.002740 0.077864 -0.004599 0.156391 -0.040077 0.029300 0.023086 -0.086908 0.017381 -0.068702 -0.157858 0.035121 0.053159 0.006225 0.121542 0.027701 -0.003877 -0.166402 0.132973 -0.038077 0.144141 -0.071830 0.092038 0.032745 0.093886 0.047438 0.084393 -0.091157 0.066268 -0.015115 -0.068600 0.113629 0.005502 0.075060 0.022345 -0.030847 0.068756 0.152669 0.005627 0.009245 0.089632 0.037482 0.045758 0.036980 -0.026340 0.009374 -0.054053 -0.038779 0.107061 -0.065579 -0.021968 -0.108098 -0.010296 -0.007175 -0.070631 0.032739 -0.023798 0.042252 -0.041665 0.028275 -0.044680 -0.060182 -0.113486 0.043666 0.032546 0.012866 -0.006030 -0.062383 -0.003850 0.036786 -0.124421 0.012054 -0.051182 0.055878 0.006548 -0.029519 0.038635 0.016979 -0.102678 -0.031096 -0.007297 0.007800 -0.106758 0.035938 0.048475 -0.043138 -0.052193 0.040841 0.069549 0.096212 0.006576 -0.012105 -0.129509 0.003132 -0.089143 -0.024803 -0.080600 0.027701 0.144804 -0.131994 -0.129848 0.018625 -0.025174 -0.064781 -0.062622 0.031899 -0.042043 0.031304 -0.227550 0.041445 -0.106302
T_0934 0.028494 0.013141 0.032685 -0.077253 0.032148 0.032897 -0.068902 -0.026653 -0.105783 0.039993 0.055686 0.062873 0.098402 0.025750 0.067197 -0.022208 0.108538 -0.070021 0.037726 -0.029834 0.049694 -0.079463 -0.036702 -0.014646 0.058638 0.075421 0.081210 0.048023 0.207685 -0.128958 0.034113 0.117882 0.021226 -0.025644 0.020966 0.002270 0.050159 -0.006082 0.100574 -0.084531 0.040866 0.060818 -0.002819 -0.123552 0.060507 -0.057109 -0.075728 0.006932 0.075243 0.045724 0.057345 0.073552 -0.014969 -0.055715 0.037191 0.115566 -0.048842 0.013391 -0.080511 -0.035388 -0.017297 -0.001460 -0.132878 -0.051719 0.042578 -0.005534 0.041164 -0.128700 -0.066598 -0.115274 -0.002945 -0.001506 0.140672 -0.153377 -0.058164 -0.030318 -0.056676 0.023529 0.025742 0.010983 0.014315 0.123559 0.023020 -0.038565 0.049021 0.020214 0.062685 0.094364 -0.053751 -0.015591 -0.058602 -0.150410 -0.002399 0.079625 -0.089039 0.049167 0.099456 0.044304 -0.123935 0.192691 -0.135887 0.102433 -0.015345 0.060255 -0.005101 0.016917 -0.032328 -0.071645 -0.075694 0.015507 0.032513 -0.046835 0.041885 -0.126083 -0.034234 0.184580 0.025642 0.057748 0.154763 -0.059076 -0.042832 0.021720 -0.003494 0.038519 0.071767 -0.092952 0.131037 -0.012359 0.043104 0.044617 0.010679 0.014556 -0.052891 -0.145175 -0.029935 0.006502 0.145905 -0.036170 0.034556 -0.103699 -0.019959 -0.066315 0.079431 -0.079533 0.164672 -0.013694 -0.049030 0.026191 0.033671 0.079978 0.018834 -0.002532 -0.048102 0.028386 0.085599 0.047064 -0.094240 -0.003780 -0.072837 -0.108008 -0.003430 -0.007679 -0.036982 -0.096017 -0.055952 -0.021854 -0.010111 -0.130736 0.014527 -0.000314 0.040226 0.062749 -0.013070 -0.014150 -0.079179 -0.001559 -0.023139 -0.132816 0.031355 0.038193 -0.085827 -0.042758 0.043536 -0.012136 -0.073797 -0.053177 -0.084428 -0.136166 -0.054691 -0.138457 0.109333 -0.064461
T_0938 -0.033254 0.005935 0.073095 0.029035 -0.012947 0.073720 -0.065200 0.035574 0.023051 0.017394 0.120845 0.109182 0.007925 0.019688 0.107310 -0.006233 0.105120 0.084872 0.069419 0.099559 -0.117379 0.011919 0.009188 0.052892 0.074515 0.109041 0.040147 0.050434 0.103288 -0.127479 0.048146 0.045236 -0.031074 0.040144 -0.066956 -0.019130 -0.074457 -0.067213 0.130613 -0.092815 -0.088873 -0.000814 0.055590 -0.038919 0.051968 -0.162079 0.032655 -0.092698 0.084745 0.078440 -0.053435 0.067757 0.109795 -0.027895 0.011777 0.128024 -0.129745 0.023860 -0.162121 -0.015802 -0.111954 -0.014499 -0.139674 -0.017371 0.063795 -0.011892 -0.030497 -0.002122 0.052317 -0.067441 0.034042 0.078825 0.177827 -0.147756 -0.074926 0.022896 -0.017475 -0.112318 0.025475 0.034830 0.008623 0.071025 0.029353 0.007086 0.080409 0.018279 -0.013149 -0.014004 -0.057151 0.061556 -0.045162 -0.141416 -0.005702 0.016640 -0.005299 0.020044 0.068865 0.029064 -0.204621 0.021559 0.008463 0.108874 0.052034 0.063055 -0.001047 0.013591 0.022022 -0.033241 -0.064485 0.035269 0.107113 -0.037496 0.068743 -0.086198 0.031868 0.071079 0.024985 0.011780 0.183122 0.016356 0.024954 0.033144 -0.023960 0.100157 0.080240 -0.032007 0.044692 -0.086589 0.084080 0.062056 -0.039692 -0.102990 -0.048975 -0.037544 -0.113882 -0.058919 0.084008 0.092015 -0.036515 -0.034539 0.073410 -0.028404 -0.066270 -0.115527 0.078263 0.054335 0.020853 0.076911 0.011936 0.045089 0.090119 -0.028815 0.019190 -0.077422 0.062140 0.061085 -0.142685 0.006682 0.001939 -0.041265 -0.005697 0.008996 -0.000891 -0.111986 0.006424 0.033752 0.056350 -0.052201 -0.071609 0.075592 0.037693 -0.036018 0.041993 -0.142424 0.029255 -0.080691 -0.054680 -0.108219 -0.013565 0.138042 -0.111756 -0.024889 -0.003935 -0.000658 -0.072590 -0.071072 0.031044 -0.015679 0.034327 -0.184587 0.026336 -0.086702
T_0959 0.025436 -0.095567 0.092161 0.054476 0.023858 0.012263 -0.053733 0.002736 -0.086297 0.034259 0.004828 0.061215 -0.049748 0.043496 0.031039 -0.040442 0.042672 0.008242 0.079697 0.101667 -0.182027 -0.069976 -0.016335 0.028576 -0.069118 0.032592 0.084925 0.041450 0.092068 -0.038166 0.019982 0.053042 -0.127817 -0.013466 0.023473 -0.143966 0.072758 -0.031888 -0.081886 -0.001583 -0.004049 0.068860 0.017689 -0.098654 0.023991 -0.069069 -0.000373 -0.039959 0.079978 0.151086 -0.096352 0.031996 0.016199 0.005168 0.061500 -0.066043 -0.036978 0.027800 -0.177398 0.101192 -0.034631 0.118968 -0.025560 0.065885 0.030697 -0.053805 -0.037317 -0.033123 0.011757 -0.014635 0.042545 0.153797 0.008117 -0.045844 0.035129 -0.045791 0.034983 -0.068882 -0.052955 0.000212 0.025285 0.011173 -0.001616 -0.132965 0.092270 0.063096 0.074343 0.080486 -0.160139 0.013744 -0.045581 -0.077459 0.077078 0.067534 -0.003835 0.043079 0.095943 -0.044320 -0.149985 0.063555 0.024681 0.011981 0.093627 0.065882 -0.122260 0.164165 0.050107 -0.001409 -0.123013 -0.043016 0.035652 -0.054539 -0.044652 -0.068096 -0.020753 0.021624 0.026725 -0.001440 0.105858 -0.128572 -0.012990 -0.010413 -0.000589 0.032751 0.019661 -0.044295 -0.050077 -0.103611 -0.064763 -0.036485 -0.040832 -0.058734 -0.125535 -0.041339 -0.043598 -0.110449 0.129640 0.008717 -0.067530 -0.037842 -0.052031 -0.091380 -0.004943 -0.138840 0.052107 0.066346 0.047232 -0.032488 -0.145388 0.099831 0.094081 0.007777 0.035815 -0.028977 0.011487 -0.043011 -0.052727 0.034952 -0.103707 0.048601 -0.021080 0.029715 0.060648 -0.050376 0.074479 0.018336 0.088959 -0.074842 -0.097837 -0.023185 -0.004699 -0.061698 -0.013945 -0.195505 0.142516 -0.110938 -0.045533 -0.099741 -0.016657 0.032776 -0.056060 -0.068607 -0.020298 -0.000926 -0.056651 -0.024602 0.150738 -0.055789 -0.090101 -0.190492 -0.016246 -0.068814
T_0975 -0.081339 -0.106222 0.020026 0.073585 -0.016950 0.045154 0.009037 0.007962 -0.080387 0.020862 0.070725 0.158972 -0.013274 -0.004282 0.165849 0.000126 0.169532 0.053510 0.061073 0.065270 -0.110270 -0.076519 0.002381 0.026237 0.045877 0.056260 0.001589 -0.034664 0.094731 -0.146604 0.064890 0.118502 -0.093772 -0.057983 0.005677 -0.025612 -0.115176 -0.011361 0.070752 -0.144820 -0.069727 -0.137011 0.028638 -0.046739 0.016228 -0.126847 0.044950 -0.035544 0.178134 0.145094 -0.093844 -0.051362 0.044584 0.016072 0.048083 -0.002329 -0.111081 -0.062632 -0.164044 -0.025447 -0.084054 0.028280 -0.030720 0.018857 0.055611 0.003223 -0.063955 -0.020307 0.060045 -0.117088 0.047575 0.131056 0.024217 -0.148517 -0.002971 -0.043668 -0.039965 -0.119740 0.009986 0.104907 0.045431 0.026716 -0.007487 -0.053963 0.047714 0.014819 0.055517 -0.096867 -0.096136 -0.012070 -0.009640 -0.089771 0.068509 -0.034970 0.055026 0.167754 0.027216 -0.038802 -0.160677 0.016973 -0.050590 -0.028094 0.088692 0.062471 -0.023074 -0.027456 -0.046648 0.032153 -0.043197 0.038250 -0.042524 -0.076645 0.120439 -0.040803 -0.049583 0.006238 -0.011955 0.107405 0.139400 0.022567 -0.053037 0.085664 0.036421 0.039875 0.036326 -0.072553 0.082052 -0.014701 -0.036050 0.014436 0.030550 0.016576 -0.137016 0.005802 -0.068019 -0.178450 0.040756 0.026250 -0.007737 -0.029952 -0.093261 0.035459 -0.052521 -0.060875 0.108836 0.054779 0.058622 0.096844 0.017557 0.101643 0.067688 -0.068092 -0.003911 -0.063917 0.015328 0.071541 -0.087895 -0.068068 0.046183 -0.018561 0.017224 -0.035997 0.018650 -0.063533 -0.042118 0.028494 0.031217 -0.062865 -0.073474 0.032766 0.018313 -0.087697 0.036606 -0.116352 0.014117 -0.086866 -0.015249 -0.092783 -0.007967 0.077523 -0.041892 -0.088938 -0.063486 -0.052214 -0.000830 -0.026743 -0.014174 0.025476 -0.113362 -0.071108 0.124712 -0.038953
T_0993 0.067085 0.118685 0.096973 0.022715 -0.099117 0.043725 0.029299 0.046533 -0.069734 -0.014869 0.091177 0.182563 0.095121 0.076418 0.037954 -0.018424 0.141622 0.021886 0.045626 -0.008647 -0.036304 -0.027271 0.025949 0.038337 -0.029127 0.067457 0.042039 0.003980 0.048402 -0.093567 0.086388 0.063143 -0.004946 -0.040848 0.016177 0.037358 -0.006888 -0.070384 0.161523 0.022244 0.014624 -0.030625 0.015052 -0.098803 -0.020263 -0.054035 -0.073215 -0.021342 0.068487 0.077316 -0.040594 0.106508 -0.078031 -0.018672 0.091917 -0.030578 -0.163573 -0.024489 -0.102504 0.044901 -0.002220 -0.057873 -0.068480 -0.074731 -0.003417 0.036522 -0.069496 -0.012306 -0.033269 -0.147514 0.021839 0.032726 -0.017629 -0.185537 -0.084430 -0.018124 -0.016534 -0.010680 -0.064826 0.102997 0.054456 -0.016455 0.061942 -0.050065 0.040199 -0.016375 0.083065 0.081553 -0.146128 -0.037012 -0.121138 -0.170880 0.043437 0.063666 0.013176 0.072802 0.016899 -0.015278 -0.032668 0.048042 -0.092461 0.008594 0.003080 0.037831 0.037923 -0.021102 -0.098079 0.012268 -0.030998 0.117576 0.043016 -0.082426 0.102500 0.003098 -0.027332 0.094626 -0.026838 0.132534 0.176888 0.004409 -0.002998 0.049869 -0.035686 -0.033620 0.066547 -0.028935 0.123148 -0.007711 0.041559 0.033700 -0.103832 0.027988 -0.211800 -0.095563 -0.001467 -0.115862 0.037246 -0.102787 0.063886 -0.043413 -0.003885 -0.068012 -0.119256 -0.103016 0.062892 0.041648 0.040894 -0.018204 -0.053258 0.090953 -0.056536 -0.077600 -0.009114 -0.061090 0.056397 -0.043489 -0.024632 0.060666 -0.020020 0.014278 0.028127 0.030476 0.021966 -0.021688 -0.038323 0.027818 0.069826 -0.011904 0.036060 0.021170 0.015336 -0.045099 0.007083 -0.171775 -0.099475 -0.138317 -0.021002 -0.042703 -0.037527 0.087070 -0.127497 -0.046221 -0.085916 0.014789 -0.130879 -0.092006 -0.094484 -0.081897 0.019381 -0.128720 0.083742 -0.084251
T_1007 -0.079996 0.042931 0.058654 0.054729 0.028864 -0.027434 -0.006398 0.014315 -0.058469 -0.016495 -0.069479 0.067173 0.080881 -0.063414 0.148758 -0.002924 0.044061 0.037534 0.049995 -0.025053 -0.016410 -0.077458 0.010672 0.019299 -0.094981 0.023026 -0.002014 0.094080 -0.005534 -0.188739 -0.002023 0.040023 -0.039522 0.011451 -0.013442 -0.021113 0.028264 0.079632 -0.042561 -0.067170 -0.064797 0.051276 -0.006394 0.000817 -0.056352 0.041065 -0.036304 0.031174 0.078078 0.032747 -0.051588 -0.002847 -0.081826 0.012841 0.127501 0.079286 -0.058431 -0.040215 -0.174170 0.011091 0.006168 -0.036647 -0.087725 0.045408 0.037671 0.109567 0.024278 -0.092259 -0.013509 -0.062705 0.019957 0.101667 0.033175 -0.098224 -0.092642 -0.051853 -0.111317 -0.074569 -0.042939 0.025194 -0.000923 0.148253 -0.046001 0.059493 0.097379 0.007796 -0.023807 0.024666 -0.038466 0.107296 0.040168 -0.102597 0.056967 0.153852 -0.019221 -0.057606 0.029104 -0.000499 -0.315214 0.106213 0.036664 -0.066296 0.034136 0.072510 -0.030132 -0.061163 -0.114596 -0.031879 0.063327 0.015608 -0.055561 0.041149 0.006503 -0.069730 0.020533 0.019440 -0.091009 0.090387 0.068825 -0.073757 0.102650 0.075624 0.007374 -0.008009 0.017634 -0.042721 -0.086505 -0.095791 -0.058623 0.096540 -0.075980 0.012077 -0.092442 -0.026842 -0.095902 -0.108718 0.134841 -0.027788 0.066289 -0.124229 0.098395 -0.059593 -0.032336 -0.044243 0.086393 0.088371 -0.006756 0.021348 0.017859 -0.009859 0.004165 -0.000714 -0.024701 -0.062164 0.062470 0.012696 -0.015763 -0.070044 -0.123744 -0.048743 0.126559 0.008081 0.043269 -0.028089 -0.092971 -0.032083 0.122746 -0.037789 -0.097929 -0.045036 0.022449 -0.101016 0.001509 0.065911 0.091090 0.060920 -0.094524 0.005913 -0.025806 0.161038 -0.051191 -0.192972 0.086304 0.031981 -0.000013 -0.024049 -0.056848 -0.033435 -0.052055 0.045496 0.008072 -0.177368
T_1032 -0.076392 -0.022606 0.092205 0.005122 0.087812 -0.058799 0.011682 0.138887 -0.123303 -0.050259 -0.090188 0.113901 0.186162 -0.089275 0.114138 -0.043093 0.038770 0.064173 0.001400 -0.013019 -0.010063 -0.169926 0.002225 0.055572 -0.096101 -0.040935 0.045274 0.083021 0.016594 -0.152317 0.077266 0.052293 0.032881 -0.003668 0.066982 0.026850 0.073402 0.031085 -0.002592 0.056383 0.004259 -0.007719 0.005690 -0.068136 0.060540 -0.002540 0.016495 0.039921 0.149331 0.117173 -0.056262 0.042198 -0.049081 -0.076513 0.065117 0.016302 -0.060768 0.022819 -0.111728 -0.121684 0.044263 0.006070 -0.043041 0.082989 0.082518 0.049646 0.008920 -0.105312 -0.014474 -0.016140 -0.010243 0.094620 0.083379 -0.196025 -0.047761 -0.035056 -0.025063 -0.087438 -0.028991 0.008176 0.025525 0.083833 0.110564 0.017131 0.108871 0.004621 0.001788 0.036917 -0.014755 0.135898 0.019441 -0.107954 0.003261 0.117766 0.024463 -0.064404 0.080120 0.024073 -0.277745 0.050003 0.040161 -0.137545 0.048037 0.073991 0.017790 -0.029249 0.031599 -0.008755 -0.002352 -0.022119 -0.041810 -0.036838 -0.044663 -0.056834 -0.041833 0.032819 -0.007467 0.058853 0.012394 -0.071445 0.003927 0.048361 0.098106 -0.001208 0.018927 -0.000998 -0.010844 -0.055849 -0.106108 0.048900 -0.046317 -0.028449 0.040707 -0.066794 -0.052592 -0.107927 0.146518 -0.054881 0.118702 -0.064938 0.054232 -0.049242 -0.024495 -0.083478 0.032212 0.059054 -0.049092 0.037067 0.090123 -0.028342 -0.013525 0.013745 0.003205 0.010169 0.097243 0.083027 -0.079963 0.048996 -0.191050 -0.007706 -0.010304 -0.105888 0.030998 -0.070792 -0.102615 -0.023680 0.028393 -0.020525 -0.023889 0.024457 0.058731 -0.075822 0.013711 -0.065258 0.054930 0.043164 -0.099953 0.011222 -0.026120 0.114050 -0.068095 -0.109743 0.111580 -0.008013 -0.047761 -0.014723 -0.098699 -0.121770 0.019129 0.058030 0.011743 -0.128904
T_1074 -0.087113 0.120251 0.059902 0.060696 -0.018468 -0.077419 0.066710 0.001272 0.024964 0.026163 -0.096528 0.089218 0.075051 -0.006635 0.228560 0.046040 0.095713 0.037051 -0.040227 0.012592 -0.098796 -0.170672 0.100791 0.040083 0.006437 0.056459 -0.028011 0.039913 0.076368 -0.074544 0.000759 0.062570 -0.018819 0.068457 0.023726 0.032844 0.002000 0.103689 -0.026622 -0.081297 -0.010346 0.073401 -0.023753 -0.031913 0.072976 -0.035626 -0.069702 0.036485 0.042266 0.006093 0.019325 0.064974 0.038105 -0.001063 0.201624 0.053379 -0.042289 -0.051876 -0.187011 -0.109653 -0.077833 0.003198 -0.030624 0.093617 0.022570 0.147345 0.025359 -0.025154 0.035759 -0.066743 0.019348 0.097271 0.046117 -0.155031 -0.067718 0.029746 0.025968 0.063047 0.024643 0.033348 -0.041627 0.092609 -0.043214 0.015914 0.074090 -0.069692 -0.038964 0.079574 -0.090865 0.135620 0.026382 -0.054152 -0.043904 0.069949 0.018535 -0.048739 0.060139 -0.018095 -0.249893 0.036834 0.054911 -0.046974 0.084074 0.032349 -0.065296 -0.021415 -0.154739 -0.147309 0.032803 -0.013466 -0.086859 -0.098386 -0.042974 -0.073113 0.005775 -0.042315 -0.154337 0.015256 0.008801 0.027609 0.046789 0.068737 -0.057767 0.001221 0.005308 -0.012042 -0.098743 -0.005805 -0.111246 0.054102 -0.004888 0.032897 0.057702 0.029563 -0.125911 -0.045026 0.119932 -0.033199 0.003269 -0.136797 0.072998 -0.034676 -0.042216 -0.152677 0.121560 0.064073 -0.040707 0.035464 -0.007822 0.054060 -0.100692 0.002411 -0.041645 0.063849 0.036004 0.014381 -0.030781 0.029712 -0.094046 -0.009956 0.083678 -0.088128 0.065131 -0.036263 -0.039728 0.040095 0.161595 -0.041232 -0.003267 0.027173 0.056443 -0.062218 -0.007620 0.009861 0.158064 -0.004790 -0.040331 -0.013371 0.022297 0.018195 -0.098342 -0.069934 -0.012835 -0.011055 -0.012371 -0.031570 -0.048666 -0.077354 0.064334 0.041337 0.067090 -0.060271
T_1077 0.037728 -0.049796 0.027370 -0.097705 0.016280 -0.065131 -0.129830 0.062765 -0.092276 -0.043742 0.014147 0.079528 0.051690 0.012931 0.078966 0.038703 0.028304 -0.097019 0.046797 -0.000833 -0.043057 -0.090553 0.008919 -0.028607 -0.039943 0.105732 0.097422 0.060183 0.109064 -0.004935 0.042528 0.095391 -0.073046 -0.011355 0.022770 -0.107060 0.017851 0.007775 -0.024464 0.023537 0.038557 0.048996 0.013457 -0.162465 0.073959 -0.025730 -0.020709 -0.075100 0.045283 0.100819 -0.056876 0.055341 -0.004688 -0.112262 0.042295 0.004898 -0.032971 -0.012846 -0.102515 0.032365 -0.043125 0.072245 -0.097904 -0.016763 0.081403 -0.087930 0.044236 -0.142030 -0.022005 -0.111498 -0.029639 0.100091 0.035579 -0.037655 0.007613 -0.018396 -0.040102 -0.009414 0.005748 0.032160 0.101052 0.022775 0.042238 -0.059652 0.044300 0.010397 0.077594 0.104991 -0.106882 -0.033728 -0.089075 -0.117269 0.015512 0.153717 -0.074591 0.036835 0.083447 0.015875 -0.096820 0.180712 0.003637 0.025228 -0.027725 0.046429 0.012883 0.106633 0.015545 -0.062307 -0.130858 0.044803 0.077691 -0.110302 -0.106725 0.031776 -0.070875 0.089862 -0.025731 0.023403 0.116735 -0.159159 -0.013476 0.028074 0.048532 0.013760 0.073207 -0.007363 0.064764 -0.017075 -0.012501 0.065105 -0.048438 -0.024703 -0.170149 -0.074702 0.019346 -0.033743 0.117436 -0.111450 -0.001025 -0.072324 -0.066809 -0.017049 -0.055103 -0.133462 0.086603 0.016068 0.096970 -0.044406 -0.115216 0.180539 0.028708 -0.020622 -0.067664 0.066606 0.055456 0.026463 -0.080494 0.070364 -0.127793 0.057003 -0.009725 -0.046150 0.066546 -0.114094 -0.035896 -0.042904 0.085840 -0.082414 -0.059358 -0.018819 -0.016967 -0.009912 -0.053993 -0.012025 0.073138 -0.086607 -0.121997 -0.047581 -0.035457 0.086238 -0.138943 -0.111476 -0.029645 0.016646 -0.049103 -0.017152 0.052790 -0.068543 -0.082520 -0.174861 0.092568 -0.052821
T_1100 0.067813 -0.010393 0.016373 -0.006540 0.038312 -0.006198 -0.125821 0.017786 -0.017364 -0.027547 -0.059396 0.099724 0.062942 0.037028 0.063318 -0.007692 0.103402 -0.030935 0.104127 0.028976 0.026544 -0.041603 -0.033687 0.021830 -0.028892 0.142252 0.068552 0.088509 0.096061 -0.148501 0.035038 0.174878 0.031472 -0.072941 -0.059243 -0.013149 -0.014610 -0.004415 0.076810 -0.015892 -0.026774 0.023424 -0.007046 -0.115875 -0.001054 -0.055794 -0.092224 -0.005832 0.036678 0.051243 -0.073512 0.041193 -0.007310 -0.026945 0.051625 0.051140 -0.021304 -0.035826 -0.083672 0.051390 0.016999 0.024893 -0.110888 0.059282 0.006644 -0.051578 -0.034035 -0.179248 0.016292 -0.069691 0.080602 0.081246 0.116775 -0.049355 -0.062783 0.014722 -0.083233 -0.100577 0.107704 0.005148 0.003413 0.168672 0.096279 -0.082921 -0.004212 -0.040885 0.037707 -0.013576 -0.140273 -0.000108 -0.048563 -0.090562 0.012790 0.026547 -0.105800 0.073397 0.052377 0.048513 -0.189010 0.080458 -0.077000 0.073697 0.009061 0.106999 0.002529 0.082005 -0.056170 -0.048054 0.002085 -0.004333 0.009101 0.006557 0.012054 -0.065363 0.005877 0.080589 -0.063621 0.127152 0.105434 -0.050885 -0.045427 0.081141 0.040178 -0.026208 0.060495 -0.038407 0.054644 -0.136880 -0.054721 0.107612 0.028014 0.014391 -0.093512 -0.160652 -0.073508 -0.032254 0.127735 -0.022749 0.065821 -0.078754 -0.044957 -0.075296 0.001519 -0.078986 0.081287 0.035158 0.027661 0.038116 -0.127916 0.135782 0.023986 -0.100651 -0.063760 -0.034993 0.021500 0.046643 -0.155550 -0.007884 -0.059317 0.020462 0.001903 0.026946 0.020342 -0.127736 0.048861 -0.033820 0.033460 -0.081552 -0.087561 0.051040 -0.008567 0.032401 0.098767 -0.094982 0.039664 -0.076970 0.019114 -0.024404 -0.036052 0.123255 -0.120419 -0.120138 -0.032117 -0.078056 -0.012845 -0.081238 0.032262 -0.105003 -0.069980 -0.176197 0.095019 -0.064153
T_1117 0.032372 -0.096862 -0.028413 -0.053724 -0.007841 0.008285 -0.026029 -0.060110 -0.076284 -0.082668 0.039838 0.081257 0.041273 -0.041420 0.133369 0.012986 0.102440 0.016941 0.039729 0.002831 -0.043893 -0.029705 0.021371 0.082507 -0.053309 0.015354 0.054707 0.029414 0.067500 -0.059608 0.039957 0.059809 -0.106869 0.019157 -0.078748 -0.057674 -0.001473 -0.007746 0.037641 -0.092839 -0.087902 0.053140 0.003251 -0.096102 0.089449 -0.117548 -0.066004 -0.043054 0.057922 0.115201 -0.162081 0.008028 0.071507 -0.092198 -0.016254 -0.033645 0.040825 -0.044008 -0.142199 0.138624 -0.092030 0.055635 -0.083268 -0.074241 0.116006 -0.075883 -0.032023 -0.068024 -0.002062 -0.025110 0.055364 0.061606 0.009656 -0.036833 -0.038721 0.005586 -0.142495 0.001145 0.045656 -0.043626 0.022267 0.080246 -0.032142 -0.087962 -0.000631 0.058435 -0.064256 0.025912 -0.160850 0.064541 -0.039482 -0.140102 0.117546 0.044322 -0.048835 -0.038208 0.109122 0.051096 -0.109200 0.127340 -0.041759 0.016290 0.210933 -0.001121 -0.040754 0.092242 -0.042423 0.048235 -0.076320 0.029739 0.083428 0.033273 0.049817 0.015393 -0.024319 0.081426 -0.029733 0.018062 0.059524 -0.112848 0.025681 -0.038153 -0.012065 -0.046756 0.083432 -0.014188 0.057963 -0.050624 -0.025487 -0.056220 -0.078384 -0.061350 -0.196789 -0.087336 -0.136898 -0.137654 0.019273 -0.029498 -0.014410 -0.060139 -0.021822 0.012097 0.008049 -0.069277 0.088440 -0.093724 -0.033060 -0.022480 0.016411 0.029315 0.053091 -0.026994 0.137845 -0.004442 0.036166 0.158701 -0.061637 0.028350 -0.071144 0.053560 0.001794 0.059666 -0.015110 -0.155014 -0.091147 0.041749 -0.038067 -0.067344 -0.052551 0.047480 0.042135 0.018933 -0.008146 -0.046590 0.032337 -0.128658 -0.031525 -0.054628 0.075396 0.091120 -0.137497 -0.084029 -0.007814 0.042020 -0.007446 -0.046860 0.111411 -0.063469 -0.055213 -0.161782 0.076280 -0.123041
T_1122 0.025810 -0.037588 0.015410 0.006728 0.003744 0.004389 -0.082620 0.043949 -0.088672 0.079853 0.042371 0.102212 0.023584 -0.010632 0.074833 0.019036 0.125969 0.014800 -0.016411 0.015407 -0.005058 -0.049702 0.009951 -0.056719 -0.058140 -0.000812 0.116746 0.117803 0.144537 -0.102780 -0.059224 0.074461 0.000510 -0.028680 -0.061588 -0.087090 0.046935 0.059561 -0.041194 -0.082184 -0.043635 0.070422 0.005490 -0.132652 -0.027874 -0.024472 -0.054950 -0.003046 0.018705 0.084855 0.005558 0.040479 0.006574 -0.069196 0.062228 0.041638 -0.016402 -0.060803 -0.080749 0.080635 -0.008933 0.030245 -0.189072 -0.015906 0.056419 -0.034023 0.003640 -0.104562 -0.049196 -0.051045 0.091152 0.059365 0.118206 -0.041882 -0.029513 -0.006109 -0.081634 -0.035986 0.012309 -0.010142 -0.026422 0.160038 0.070465 -0.098086 -0.013254 -0.022960 0.014131 0.071375 -0.136793 0.006456 -0.044350 -0.094062 0.009840 0.179730 -0.106486 0.057940 0.110389 0.059024 -0.190638 0.159954 -0.109340 0.047287 0.037794 0.088215 -0.005761 0.095437 -0.098603 -0.062295 -0.040072 0.032514 -0.003083 -0.019072 -0.006241 -0.071263 0.004155 0.160994 -0.008203 0.038052 0.149868 -0.090333 -0.049334 0.016885 0.035586 -0.048596 0.109194 -0.058586 0.017424 -0.071529 -0.006926 0.085612 -0.076918 0.006330 -0.104218 -0.119376 -0.067540 -0.042108 0.161036 -0.120317 0.008622 -0.097616 -0.083839 -0.051184 0.085447 -0.097256 0.132074 0.022140 0.007250 0.046702 -0.052580 0.093459 0.030793 -0.058204 -0.038779 -0.029669 0.077943 0.081279 -0.039337 0.033912 -0.074565 -0.055222 -0.021572 0.099598 0.015379 -0.080005 -0.056209 0.004539 0.015281 -0.047743 -0.070706 0.045708 0.022581 0.008329 0.024486 -0.080018 0.055517 -0.031467 -0.059981 -0.100233 -0.011980 0.041387 -0.153640 -0.076829 -0.016982 -0.039009 0.000027 -0.053575 0.051885 -0.090560 -0.084023 -0.178465 0.099930 -0.028946
T_1128 0.036029 -0.047748 -0.044962 -0.055246 0.000616 -0.029281 -0.047615 0.035747 -0.129176 -0.035785 0.040425 0.058600 -0.021030 0.044854 0.129926 -0.102331 0.113971 -0.044633 0.019723 -0.013428 -0.003692 -0.038704 0.008724 0.004778 -0.001854 0.164696 0.047289 0.044980 0.177622 -0.127809 -0.022750 0.094692 -0.002882 0.033544 -0.034816 -0.025342 -0.009712 0.050231 -0.004732 -0.073881 -0.062740 0.096377 -0.086125 -0.032992 0.009303 -0.046285 -0.117950 -0.063186 0.051935 0.010329 -0.037694 0.043163 0.035758 -0.093478 0.029715 0.034711 -0.023817 0.031354 -0.100630 0.036802 -0.041727 0.034353 -0.159591 0.012362 0.079855 0.019504 0.019374 -0.130154 -0.025126 -0.080251 0.059850 0.011285 0.109871 -0.093933 -0.088246 -0.088897 -0.095357 0.032093 0.069243 -0.073908 -0.025322 0.144701 0.060224 -0.024008 0.071866 -0.008277 -0.031295 0.065744 -0.131221 0.065524 0.003203 -0.121182 0.005332 0.074410 -0.121623 0.084377 0.151197 0.073495 -0.189281 0.102386 -0.068099 0.094822 -0.023141 0.065029 -0.014696 0.015130 -0.016176 0.029584 -0.105409 -0.015098 -0.079289 0.104255 0.006909 -0.001527 -0.031115 0.158063 -0.083863 0.051175 0.100483 -0.093409 -0.024913 0.048875 -0.075362 -0.031930 0.006773 0.057204 0.061872 -0.003653 -0.018420 -0.006247 -0.022243 0.036305 -0.088853 -0.089054 -0.104405 -0.039821 0.080815 -0.024132 -0.017117 0.017372 0.015381 -0.038204 0.025151 -0.121088 0.091051 -0.033016 0.048205 -0.071847 0.045659 0.017641 0.044672 -0.045156 0.008968 0.119186 0.083776 0.126998 -0.041618 0.019066 -0.062514 -0.057120 -0.015074 0.051819 -0.026565 -0.126556 -0.027860 -0.009941 0.065199 -0.137873 0.028179 0.056041 0.085878 0.039970 0.024284 -0.045680 0.042852 -0.036078 0.017642 -0.078702 0.039929 0.081820 -0.199045 -0.059297 0.064844 0.010141 -0.052723 -0.110487 0.130943 -0.042043 -0.037304 -0.192577 0.004856 -0.083277
T_1145 -0.086593 0.110983 0.077371 0.083450 0.070048 -0.063814 0.030874 -0.081590 -0.009791 0.046634 -0.106595 0.052357 0.073763 -0.020830 0.131889 0.018408 0.085588 0.024572 -0.028459 -0.008422 0.005960 -0.091505 0.127947 -0.017374 0.034678 0.028548 -0.050496 -0.005448 0.025461 -0.092852 -0.058747 0.054695 -0.035404 0.034813 -0.014655 -0.052572 -0.015824 0.040470 -0.041077 -0.100178 -0.022513 0.088812 -0.019270 -0.079497 0.048273 0.001017 -0.068303 -0.005403 0.132790 0.023244 0.017858 0.022786 -0.038311 0.050417 0.166791 0.099016 -0.073523 -0.003400 -0.158733 0.004815 -0.016229 0.046314 -0.058175 0.111062 0.030763 0.183878 -0.011246 -0.136249 0.094220 -0.130188 0.021229 0.078185 0.086252 -0.137870 -0.093590 -0.093276 -0.038999 -0.057157 -0.018419 0.115577 -0.035274 0.090583 -0.020486 -0.017292 0.020349 -0.046307 0.076367 0.036367 -0.129870 0.058122 0.012358 -0.082833 0.001857 0.099199 -0.042664 -0.118078 0.039193 -0.113010 -0.186333 0.085313 0.089728 -0.004697 0.049360 -0.013499 -0.027115 -0.005034 -0.152950 -0.070995 0.035353 -0.037178 -0.078241 -0.012817 0.003927 -0.113006 0.030167 0.087624 -0.125599 0.019072 0.030334 -0.017578 0.077044 0.060063 -0.070160 0.054423 0.022144 -0.001172 -0.080048 -0.109049 -0.054710 0.049454 -0.013447 0.029982 0.000242 0.042640 -0.189350 -0.053755 0.046827 -0.142098 0.019791 -0.144350 0.036357 -0.125078 0.020281 -0.115626 0.049134 0.018172 0.046155 -0.026036 0.013461 -0.004849 -0.076030 -0.009341 0.039704 0.010339 0.052831 -0.006409 -0.066223 0.056222 -0.140743 -0.062599 0.066372 -0.030687 0.015369 -0.011210 0.002295 -0.022866 0.102475 -0.077573 -0.087037 0.025891 0.009361 -0.123817 0.004827 0.050027 0.075088 0.060134 -0.078273 -0.012905 -0.042399 0.080559 -0.041885 -0.148660 -0.002980 -0.022799 -0.026329 -0.036057 -0.105198 -0.007314 0.021121 0.045510 0.118689 -0.095419
T_1147 -0.036097 0.001388 0.035921 0.028048 0.009292 0.040828 -0.147621 -0.007340 -0.151236 -0.003585 -0.019675 0.055195 -0.008333 0.016275 0.057037 -0.005821 0.088033 -0.035398 0.005791 0.088999 0.003610 0.065973 -0.009417 -0.094426 0.004259 0.041023 0.062958 0.062267 0.100810 -0.060658 -0.011482 0.105412 0.004659 0.003911 -0.034102 -0.070104 0.105849 -0.021785 0.039420 -0.091292 -0.021421 0.047891 -0.007314 -0.087478 -0.091979 0.047752 -0.023731 0.015365 0.065448 0.097502 0.043471 0.122175 0.106380 -0.114250 -0.023585 0.088046 -0.032099 -0.059817 -0.108107 -0.009410 -0.014247 -0.000134 -0.049179 -0.010334 -0.006962 0.018037 -0.043414 -0.075844 0.038066 -0.050425 0.143773 0.078092 0.045517 -0.048800 -0.078973 -0.020414 -0.140372 -0.117527 0.075819 -0.013250 -0.115612 0.184635 0.056932 -0.082808 -0.060655 -0.039979 0.051629 0.045617 -0.148540 -0.026955 -0.024489 -0.069882 -0.016459 0.135876 -0.119330 0.033923 0.093348 0.042043 -0.142186 0.079163 -0.029044 0.048456 0.007980 0.028098 -0.082490 0.158636 -0.085753 -0.055348 -0.050840 -0.010622 -0.034101 0.017170 -0.021592 -0.115960 0.019114 0.073082 -0.033159 0.015604 0.041558 0.071404 -0.024977 0.030536 0.022170 -0.045383 0.044709 -0.055075 0.087097 -0.078473 0.016478 -0.001578 0.022198 0.037372 -0.094815 -0.135715 -0.022771 0.050999 0.119633 -0.053044 0.007405 -0.012843 -0.080068 -0.049296 0.021389 -0.119718 0.020918 0.042163 0.018799 0.042167 -0.042352 0.158347 0.044134 -0.059958 -0.066231 -0.073444 0.039318 0.057646 -0.071908 0.028094 -0.083934 0.030146 0.018846 0.124561 0.004710 -0.019102 -0.026388 -0.001947 0.109592 -0.152383 -0.127148 -0.015899 -0.007859 0.005936 0.153015 -0.088963 0.022972 -0.080370 -0.008828 -0.128657 -0.025423 0.106423 -0.070542 -0.018745 0.067979 -0.008890 -0.003469 -0.082490 0.014165 -0.105811 -0.015237 -0.245311 0.156410 -0.028332
T_1159 -0.076887 -0.006229 -0.061625 0.011583 -0.005989 0.026375 0.009177 0.047681 -0.096456 0.094776 -0.034438 0.022963 -0.012015 -0.040789 0.074603 -0.022251 0.140488 0.015525 0.031007 0.093138 0.052535 -0.111770 0.004314 0.041132 -0.010281 0.061145 0.023043 -0.033813 0.027366 -0.022848 -0.043720 0.085460 -0.077652 -0.030998 -0.076279 -0.105791 -0.132499 -0.095040 0.105229 -0.090777 -0.049428 -0.078545 -0.013078 -0.044502 0.057168 -0.045324 0.046535 -0.073878 0.116235 0.161661 -0.049715 0.062004 0.007155 -0.056771 -0.010662 -0.007802 -0.137017 -0.015237 -0.124941 -0.038707 -0.101840 0.097017 -0.076764 0.065568 0.099091 0.008319 -0.034661 -0.110160 0.083191 -0.071371 -0.022953 0.066821 0.032710 -0.053961 0.049320 -0.060455 0.020900 -0.137391 0.056480 0.117994 -0.055144 0.007493 -0.091588 0.042350 0.138947 0.034849 0.134596 -0.004357 0.008906 -0.015296 0.015216 -0.071211 0.000738 0.056045 0.018681 0.037166 -0.008824 -0.045212 -0.146148 -0.000588 0.009400 0.044242 0.029529 0.083370 -0.054514 0.002396 0.005860 -0.030986 -0.010975 0.057243 -0.085984 -0.069098 0.111124 -0.048903 0.009173 -0.035971 0.051507 0.111663 0.200026 0.019669 0.015457 -0.022739 0.000360 0.097574 0.040885 -0.025230 -0.028896 -0.018965 -0.006785 0.038276 -0.094760 0.023180 -0.034996 -0.028206 -0.087720 -0.058492 0.181173 0.005350 0.021561 0.012370 0.020196 -0.059555 0.052114 -0.114372 0.177555 0.069718 0.105263 0.060415 0.143070 0.030834 -0.093878 -0.113279 -0.037444 -0.129090 0.090710 0.009193 -0.088746 0.039965 -0.039231 -0.039575 0.012506 0.068274 0.080344 0.065223 0.007197 0.038644 0.008580 -0.141383 0.057038 0.024732 0.106143 -0.103804 0.130812 -0.054407 0.066108 -0.073837 0.037969 -0.034141 -0.044259 0.137251 -0.126942 -0.027609 0.001472 -0.106779 -0.023578 -0.073138 0.030974 -0.043387 0.020137 -0.175742 0.066789 -0.019275
T_1183 0.036726 0.023123 0.118096 -0.026613 -0.003651 -0.025877 -0.041489 0.006778 -0.121398 0.004306 -0.019698 0.101291 0.030119 -0.028328 0.051940 -0.058544 0.073824 -0.045309 0.031696 -0.043672 0.058648 -0.095969 -0.011353 -0.017054 0.029972 0.139204 0.054375 0.087852 0.189941 -0.110095 0.040131 0.100427 0.002064 0.058138 0.052709 -0.060753 0.018224 -0.024961 0.032372 -0.038069 -0.032153 -0.005395 -0.027620 -0.029216 0.056445 -0.115272 -0.086817 0.011504 0.074241 -0.034227 -0.015351 -0.043873 -0.038970 -0.017375 0.077227 0.011151 -0.061717 0.002835 -0.088367 0.049559 -0.110520 -0.046026 -0.082041 0.008980 0.102247 -0.035450 -0.071364 -0.070647 -0.105072 -0.126804 -0.031118 0.067518 0.058289 -0.171168 -0.043399 -0.110095 -0.035027 -0.061666 0.020257 -0.004851 0.096763 0.120762 0.071548 -0.093546 -0.002048 -0.034109 0.031713 0.049417 -0.051331 0.014686 -0.032572 -0.095486 0.012417 0.101753 0.012893 0.035532 0.116345 0.011878 -0.107551 0.117399 -0.028894 0.102762 0.057243 0.151713 -0.063337 0.008909 -0.044009 -0.023786 -0.058737 0.034913 -0.066647 0.057666 0.115155 0.005530 -0.027576 0.175772 0.043331 0.028860 0.151458 -0.132185 -0.029311 -0.012417 -0.033889 -0.047032 0.133264 0.013978 0.059574 0.029051 0.017582 0.043915 -0.015274 0.027447 -0.108306 -0.043962 -0.066558 -0.058348 0.143284 0.003919 0.032860 -0.041352 0.027485 0.009696 0.155229 -0.054205 0.113021 0.009765 -0.010160 -0.059554 0.014285 0.126050 -0.077740 -0.032924 0.059415 0.095952 0.139305 0.055393 -0.062951 -0.034224 -0.132590 -0.051567 0.023948 -0.023287 0.053089 -0.074089 0.004877 -0.052440 0.018204 -0.149183 0.058685 -0.058176 0.120823 0.041921 -0.098876 -0.044011 -0.017685 -0.113410 -0.004016 -0.093873 -0.005175 0.068566 -0.144657 -0.098037 0.012245 0.067455 -0.116097 -0.034819 -0.019274 -0.036384 -0.051365 -0.081167 0.111493 -0.104110
T_1202 0.032739 0.088813 0.036322 0.020571 0.004010 -0.074879 0.090137 -0.060523 0.033248 -0.046038 0.004747 0.055677 0.009039 0.023631 0.098826 0.022746 0.030380 0.028504 0.047553 -0.091165 0.046915 0.001022 0.117845 -0.032051 -0.002896 0.036568 -0.015831 0.072224 0.058261 -0.122399 0.011705 -0.002279 -0.071983 -0.056010 0.000511 0.054995 -0.006425 0.038293 -0.074654 -0.082274 -0.031451 0.031795 -0.094755 -0.096154 0.064198 0.008399 -0.047959 0.037047 0.180049 0.069466 0.040330 0.045879 -0.089939 -0.009906 0.193720 -0.021937 -0.030702 -0.158664 -0.125525 0.051101 0.001491 0.047843 -0.124892 0.031130 0.033472 0.154887 0.003442 -0.113917 0.038448 -0.035393 0.081231 0.078590 0.056475 -0.081782 -0.069248 -0.010057 -0.125636 0.074815 0.083325 -0.013830 0.000145 0.075683 -0.043645 0.013048 0.024044 -0.042972 0.095962 0.165176 -0.090527 0.027395 -0.064494 -0.073288 0.070450 0.112723 0.019534 -0.140706 0.008489 -0.052907 -0.288154 0.020581 0.062290 -0.034646 -0.022527 -0.015343 -0.087630 0.072639 -0.075171 -0.057109 0.083645 -0.037446 -0.046150 -0.029619 0.015971 -0.103811 0.020067 -0.052910 -0.134365 0.092375 0.062833 0.013231 0.081881 -0.020790 0.105779 -0.014908 0.085466 0.045926 -0.128484 0.017950 -0.066238 0.025670 -0.015735 0.015479 0.020375 0.034273 -0.140031 -0.114154 0.110614 -0.034141 -0.065501 -0.176675 0.011971 0.005654 -0.139438 -0.153750 0.067590 0.078875 -0.066209 0.065428 0.034201 -0.007699 -0.035841 0.038470 0.002287 0.038775 0.018091 0.011700 -0.025804 -0.021210 -0.096419 -0.025307 0.075085 -0.069239 0.089705 -0.055278 -0.020581 0.044836 0.051106 0.045762 -0.021371 -0.061841 0.057429 0.024123 0.041988 -0.009393 0.118573 0.076841 0.027779 -0.028063 -0.041014 0.036989 -0.051659 -0.049446 -0.012219 0.000279 0.067198 -0.025492 -0.048215 0.011262 0.059265 0.069757 0.124135 -0.112414
T_1255 -0.058426 0.049952 0.083485 0.042048 0.041567 -0.074900 0.064590 -0.032167 -0.013749 -0.009302 -0.011169 0.070160 0.112728 0.024715 0.121278 -0.014474 0.068563 0.051070 0.016117 -0.010361 -0.046451 -0.080215 0.075300 0.055265 0.000237 0.053749 0.002675 0.109849 0.038406 -0.152030 -0.030339 0.021407 -0.005599 0.006998 0.004669 0.004322 -0.023924 -0.002281 0.051422 -0.093653 -0.119638 0.027596 -0.019183 -0.096684 -0.023885 -0.000252 0.003015 -0.009687 0.159858 0.073671 -0.073684 0.049803 -0.150425 -0.082369 0.103329 0.083676 -0.027011 0.027018 -0.068149 0.065698 0.080708 -0.021890 -0.053410 0.049295 -0.007530 0.094127 -0.041379 -0.157491 0.057562 -0.029534 -0.026090 0.143542 0.073400 -0.129709 -0.009604 -0.075865 -0.097118 -0.042157 -0.044634 -0.012386 0.016282 0.024058 0.022900 0.014754 0.090068 -0.034408 -0.002488 0.064761 -0.063364 0.168381 -0.013183 -0.077785 0.029294 0.193373 -0.076516 -0.069030 0.032318 0.000088 -0.256324 0.062326 0.115568 -0.120777 0.042647 0.012964 -0.071363 -0.016419 -0.043254 -0.065421 0.051921 0.077572 -0.122995 -0.048316 0.033571 -0.080592 -0.022189 -0.028264 -0.124408 0.159335 -0.045700 0.002795 0.128849 0.007842 0.011391 0.039201 0.034899 -0.017580 -0.036446 -0.069265 -0.011818 0.085715 -0.078917 0.051765 -0.031043 -0.015388 -0.111467 -0.191318 0.076837 -0.066247 0.041780 -0.107687 0.024515 -0.011225 -0.023283 -0.056183 0.026328 0.060486 -0.040461 0.015732 0.068806 -0.059793 -0.050172 -0.035689 -0.047214 -0.057825 0.077979 0.045527 0.023298 0.042167 -0.141049 -0.055854 0.068505 -0.108569 0.062816 -0.077579 -0.074231 -0.035544 0.070510 0.066608 -0.070126 -0.024303 0.114457 -0.085962 0.000237 -0.035192 0.053078 0.045994 -0.025559 -0.061376 -0.105492 0.075215 -0.019452 -0.054049 0.063164 0.010996 -0.092245 -0.025702 -0.056104 -0.035299 -0.089612 0.030935 0.099271 -0.134923
T_1265 0.027184 0.037699 0.053574 0.002441 0.062581 0.049048 -0.093089 -0.013314 -0.016659 0.066386 0.019695 0.086430 0.057187 0.053361 -0.005086 -0.038303 0.087776 -0.034463 0.035488 -0.026559 -0.000693 -0.111779 -0.057592 0.001422 -0.085460 0.090223 0.075028 0.051195 0.125445 -0.044720 0.012511 0.090741 -0.021897 -0.053701 0.067822 -0.066741 -0.016287 -0.058988 0.128080 0.006989 0.043359 0.032706 -0.005289 -0.136496 -0.062807 0.010753 -0.033606 -0.020869 0.090504 0.030649 -0.018325 0.029748 -0.097296 -0.035363 0.095459 0.022654 -0.045753 0.074421 -0.098727 0.008829 0.020408 0.056270 -0.155658 0.034963 0.043871 -0.129230 0.061312 -0.153450 -0.069134 -0.112164 0.033640 0.069944 0.068803 -0.095936 0.046579 -0.034371 0.047682 -0.043588 -0.026940 0.055640 -0.015386 0.074121 0.051068 -0.128416 0.086727 0.018511 0.083744 0.057424 -0.100503 -0.057090 -0.059545 -0.048177 -0.009610 0.101255 -0.047304 0.034660 0.082495 0.031652 -0.083109 0.064567 -0.093771 0.053166 -0.001584 0.071351 -0.041942 0.117637 -0.083235 -0.038338 -0.015814 0.051340 0.026602 -0.115683 -0.036324 -0.018770 -0.004626 0.062783 0.009266 0.043716 0.190523 -0.009995 -0.101117 0.063338 0.094267 0.064807 0.071386 -0.022040 0.104284 -0.116138 0.013583 0.051130 -0.023622 -0.018651 -0.092064 -0.189010 -0.017260 -0.043610 0.196586 -0.065011 0.039219 -0.088938 -0.011421 -0.144022 -0.014384 -0.074532 0.136892 -0.007197 -0.003310 -0.003033 -0.109932 0.122026 0.022699 -0.027459 -0.089718 -0.016118 -0.032415 0.021412 -0.069453 0.070147 -0.097759 -0.068856 -0.052151 0.073397 0.061211 -0.011844 -0.041730 0.015911 0.038783 -0.007159 -0.071046 -0.003036 -0.031975 -0.037898 0.080585 -0.036245 -0.028334 -0.080901 0.008822 -0.118501 -0.012777 0.043220 -0.116041 -0.093510 0.004245 -0.019774 -0.022742 -0.096950 -0.042264 -0.170065 -0.106555 -0.202739 0.104160 -0.082138
T_1304 -0.058446 -0.060122 -0.063034 -0.057851 0.074409 0.030891 -0.122507 0.095824 -0.074889 -0.040062 0.032410 0.052902 0.124228 0.054295 0.093983 -0.011366 -0.008600 -0.000196 0.065023 -0.004382 -0.058805 -0.029159 -0.038167 -0.007469 0.073153 0.085606 0.096385 0.013166 0.032791 -0.080879 -0.023519 0.097021 -0.004759 -0.029068 -0.115587 -0.076724 0.019332 -0.107536 0.076252 -0.074904 0.027185 0.005099 0.010232 -0.114039 -0.023230 -0.036751 -0.014754 0.022874 0.062984 0.081423 -0.034552 0.061046 0.087653 -0.074003 0.037411 0.048324 -0.042257 0.025182 -0.150663 -0.038444 -0.055299 0.047525 -0.116010 -0.016509 0.017699 -0.026298 -0.041999 -0.139850 0.080486 -0.102776 0.133591 0.042070 0.021662 -0.043917 -0.074301 0.030532 -0.074438 -0.033329 -0.041387 0.022635 -0.009081 0.117361 0.033218 -0.059271 0.060482 -0.030725 0.047089 0.045963 -0.130756 -0.006235 -0.083722 -0.008761 -0.023891 0.116105 -0.113297 0.013057 0.117705 0.040798 -0.194558 0.082383 -0.078738 0.069430 0.013334 0.041795 -0.001371 0.009321 -0.032552 -0.117518 -0.028874 -0.056994 0.002505 -0.027199 -0.019939 -0.060815 0.028101 0.019722 -0.031799 0.074060 0.181123 -0.055578 -0.054773 0.087133 -0.094191 0.008276 0.066594 -0.024138 0.069442 -0.108269 0.025339 0.080933 0.029668 0.016864 -0.069223 -0.075616 -0.072545 0.064155 0.064831 -0.066271 -0.053885 -0.075984 -0.025127 -0.006504 0.044818 -0.101559 0.079664 0.008390 0.064124 0.063475 0.000984 0.131819 0.051244 -0.117584 -0.040977 -0.074492 0.108998 0.064344 -0.178062 0.088676 -0.090159 -0.005667 0.042486 0.085211 -0.064301 -0.113791 -0.034791 -0.009681 0.063116 -0.129726 -0.096116 0.033137 0.038395 -0.003904 0.027125 -0.098610 0.035884 -0.037001 -0.058430 -0.025741 -0.074344 0.168423 -0.038145 -0.081851 0.060167 -0.113524 -0.032451 -0.027326 0.023555 -0.133625 0.009792 -0.226205 0.074399 -0.029672
T_1307 0.068917 -0.017214 0.052208 -0.033653 0.013668 -0.000216 -0.110181 0.079771 -0.030551 0.075078 0.021596 0.048381 -0.011252 0.073207 0.006662 -0.067922 0.105372 -0.065371 -0.003415 -0.007439 0.013138 -0.060370 0.037226 -0.080785 -0.035511 0.117112 0.040412 0.017475 0.153559 -0.113641 0.029348 0.084608 -0.060056 -0.057730 0.039848 -0.023982 0.028464 -0.004027 0.055005 -0.074918 0.031754 -0.022481 -0.065301 -0.091578 0.004555 -0.068482 -0.025920 0.005643 0.046861 0.100573 0.034259 0.082083 -0.011175 -0.072087 0.013942 0.074757 -0.149063 -0.018290 -0.072833 0.016855 -0.066888 0.032759 -0.021773 0.067493 0.092305 -0.058648 0.046316 -0.078842 0.009355 -0.126447 0.004846 -0.039970 0.041639 -0.126936 -0.051852 -0.031472 -0.044023 -0.097145 0.098294 0.086414 -0.048483 0.127086 0.083194 -0.132022 0.059501 -0.013697 0.087242 0.008155 -0.064156 -0.019962 -0.080941 -0.108098 0.010286 0.084743 -0.080241 0.142676 0.092969 0.029705 -0.170957 0.053252 -0.032599 0.003051 -0.053993 0.083508 0.037126 -0.020414 -0.038700 -0.063445 -0.023717 0.046169 0.018975 0.004901 -0.008094 -0.138733 -0.093304 0.053939 0.027163 0.153805 0.166194 -0.033089 -0.071612 0.056677 0.048727 0.151545 0.028235 -0.100607 0.131051 -0.082661 -0.079555 0.028144 -0.038037 0.039328 -0.039103 -0.199242 -0.024405 -0.031536 0.139690 -0.097550 0.028036 -0.047135 -0.054990 -0.068991 0.022050 -0.186192 0.109220 0.095194 0.020708 -0.017211 -0.064504 0.128731 -0.055337 -0.088767 -0.007949 -0.010196 0.002543 -0.019481 -0.148296 0.090617 -0.050200 -0.072766 0.083101 0.032738 0.087717 -0.078138 0.006082 -0.039984 0.005665 -0.081480 0.000185 0.046719 -0.000058 0.041436 0.081364 -0.054090 0.001490 0.038605 0.007130 -0.058850 -0.014022 0.085003 -0.023992 -0.089278 -0.059504 -0.042676 -0.008314 -0.078656 -0.012791 -0.075925 -0.043137 -0.165694 0.099219 -0.016918
T_1308 -0.140067 0.001121 -0.039483 0.054832 0.031497 0.027503 -0.002416 0.009326 -0.035588 -0.001954 -0.055268 0.011859 -0.032892 -0.084774 0.007778 -0.078346 0.082801 0.032723 -0.077051 0.037438 0.122643 -0.107679 0.034539 -0.030530 -0.111137 0.021502 -0.024638 0.208826 0.099188 -0.114276 -0.076430 0.087478 -0.007776 -0.004884 0.011881 0.001646 0.053057 0.004611 -0.010619 -0.052338 -0.063478 0.073221 -0.006481 0.001642 -0.053667 0.060498 -0.006207 0.038098 0.109579 0.052686 -0.008010 -0.046948 0.105537 -0.013994 0.034807 0.042604 -0.077207 -0.014933 -0.133028 0.031347 -0.067788 -0.069628 -0.099916 0.010883 0.152559 0.022815 0.024254 -0.019253 0.001463 -0.144237 0.003391 0.059188 -0.026484 -0.088665 0.073037 -0.085364 -0.018090 -0.089482 0.055391 0.092789 -0.072760 0.060263 0.016794 -0.025832 0.031923 0.016677 0.029530 -0.065305 -0.136659 0.085481 0.003914 -0.014474 0.038650 0.201268 -0.078315 0.048027 0.066287 -0.057742 -0.225533 0.021328 0.073134 0.063910 0.014281 0.016124 -0.053491 -0.037345 -0.031455 -0.014759 0.056093 -0.039376 -0.003663 0.101051 0.052848 -0.026231 0.085486 0.163502 -0.001542 0.019213 0.076253 -0.024401 0.028480 -0.002299 -0.027458 -0.027456 0.046409 -0.024846 -0.053297 -0.092969 -0.058528 0.008863 -0.030480 -0.074303 -0.020825 -0.129216 -0.161477 -0.142594 0.135767 -0.020965 0.096489 -0.068038 0.098435 -0.133199 0.102674 -0.089980 0.001278 0.121043 -0.070239 0.059396 0.138286 0.062374 -0.061053 -0.084411 -0.089464 0.006138 0.038997 -0.011838 -0.079826 -0.052560 -0.107992 -0.019664 0.019329 0.057694 0.013861 -0.012836 0.015801 0.006570 0.020145 -0.005036 -0.033717 -0.003269 0.048263 -0.081570 0.018693 -0.001323 0.155471 -0.012966 -0.039841 -0.097688 -0.001847 0.162845 -0.143265 -0.167768 0.036574 -0.025914 -0.021901 -0.071296 -0.051734 -0.010323 0.026879 -0.086408 0.014413 -0.005473
T_1345 0.132332 0.020632 0.076664 -0.017858 0.015572 -0.020453 -0.007098 -0.002078 -0.073406 0.006080 0.046589 0.105815 0.090192 0.043326 0.015437 -0.061068 0.144372 0.007867 0.031815 0.002846 0.080999 -0.024053 0.028432 -0.008852 -0.003991 0.116007 0.076210 0.055934 0.163804 -0.066299 0.044234 0.177613 -0.006972 0.073160 -0.043655 -0.014542 0.087686 0.004026 0.167493 0.000786 0.012531 0.014190 0.003716 -0.082124 0.003621 -0.107456 -0.058839 -0.028405 0.054246 0.106029 0.006257 0.064226 0.039723 0.012107 0.036011 0.037590 -0.137345 0.028742 -0.087406 -0.023025 -0.090873 -0.031735 0.004814 -0.051749 0.049821 -0.042502 -0.028228 -0.109037 -0.030951 -0.108540 0.042141 -0.034060 0.045491 -0.124218 -0.083014 -0.050967 -0.055248 -0.062375 0.077689 0.042590 0.033273 0.104871 0.052566 -0.038074 0.064367 -0.036344 -0.003518 0.047722 -0.096157 -0.040424 -0.029350 -0.122876 0.016093 0.071482 -0.074336 0.082367 0.101080 0.100015 -0.164410 0.113170 -0.103918 0.104922 -0.039246 0.061610 0.032341 0.005940 -0.049493 -0.023437 -0.002763 -0.014039 0.062009 -0.016690 0.032153 -0.126748 -0.065175 0.163853 0.030631 0.205803 0.150996 -0.013771 -0.016112 0.058543 0.033761 0.062114 0.056944 -0.001583 0.137574 -0.094610 -0.051107 -0.021330 0.014858 0.026791 -0.067087 -0.128083 -0.086543 -0.045505 0.118895 -0.083920 0.032670 -0.017274 -0.030947 -0.052554 0.039173 -0.136461 0.060611 -0.006600 -0.036247 -0.050101 -0.017601 0.086016 0.018112 -0.126012 0.010333 -0.052133 -0.020541 -0.002211 -0.059744 -0.043851 -0.036893 -0.050498 0.054877 -0.003772 0.015918 -0.140251 -0.033687 0.012781 0.012607 -0.047320 0.017509 0.047516 0.023852 0.052109 -0.001982 -0.046446 -0.065314 0.009226 0.001553 -0.118603 -0.052242 0.077071 -0.119984 -0.071938 0.038625 -0.084811 -0.025930 -0.073028 -0.028795 -0.166755 -0.063854 -0.202369 0.070427 -0.062464
T_1356 -0.107354 0.072702 0.010997 0.060003 -0.006748 -0.101078 0.049472 0.018092 -0.053466 0.055958 -0.093865 0.063638 0.033499 -0.024530 0.122093 0.072025 0.058414 0.036671 -0.014502 0.047686 -0.056236 -0.102489 0.038366 0.067388 0.001616 0.068973 0.000430 0.098489 0.059806 -0.060973 -0.042342 0.019964 -0.025860 0.048681 -0.022394 -0.029670 0.011457 0.052405 -0.015910 -0.076397 -0.050342 0.090836 -0.002491 -0.062743 -0.006087 -0.009547 -0.029811 0.013774 0.086579 0.039638 -0.068370 0.089994 -0.110714 0.028912 0.059819 0.045482 -0.090753 0.028739 -0.013647 0.079253 0.033531 -0.026646 -0.060154 0.035546 0.053027 0.115017 0.044580 -0.132947 0.005442 -0.117671 -0.049254 0.077839 0.084144 -0.187428 -0.022251 0.032152 -0.018420 -0.060152 -0.037764 0.052597 -0.028145 0.130008 -0.009061 -0.075802 0.103318 -0.039102 0.014072 0.043910 -0.117073 0.083605 -0.003801 -0.071673 -0.034563 0.253397 -0.027507 0.006710 0.091697 -0.070559 -0.240966 0.096570 0.066333 -0.135238 0.078534 0.020899 -0.090300 -0.069821 -0.013256 -0.074544 -0.027684 0.002840 -0.078003 -0.018850 0.058096 -0.123230 -0.038175 0.044473 -0.117204 0.112086 0.009807 0.019845 0.099696 0.103922 -0.068603 0.042911 0.050187 -0.039423 -0.028413 -0.071989 -0.070499 0.078112 -0.073645 0.010051 -0.079369 0.012857 -0.133811 -0.071243 0.099162 -0.068954 0.078570 -0.134481 0.037642 -0.087642 -0.068728 -0.021151 0.028419 0.029817 -0.051813 0.108193 0.098715 -0.038315 -0.060303 -0.022151 -0.070077 0.050365 0.088496 -0.004610 -0.057892 0.065602 -0.141172 -0.054523 0.113856 -0.052351 0.031609 -0.107845 -0.036328 0.031403 0.165823 -0.003115 -0.081401 0.019850 0.097741 -0.055294 0.001717 0.012882 0.076855 0.006021 -0.131253 -0.006970 0.027303 0.136457 -0.028440 -0.040925 0.024700 -0.007396 -0.047196 -0.002427 -0.071293 -0.030948 -0.077523 0.031739 0.060169 -0.040910
T_1365 -0.089886 0.012101 0.066270 -0.079216 0.001032 0.018198 0.062194 0.096066 -0.092816 -0.100125 -0.099375 0.033161 0.035246 -0.000424 0.040385 -0.068929 0.040749 0.047277 -0.011142 -0.005663 0.083051 -0.012510 -0.058946 -0.058132 -0.093444 0.090110 -0.014800 0.069918 0.013794 -0.142849 -0.004608 0.151850 0.012529 -0.041398 0.017242 -0.010359 0.009296 -0.013146 -0.044869 -0.111291 -0.042431 0.056827 -0.009964 0.012139 -0.054554 -0.041670 0.071049 0.036065 0.066331 0.056660 0.036759 -0.010086 0.031431 -0.018938 0.035032 0.058296 -0.153329 -0.030064 -0.068003 0.058367 0.113753 -0.095129 -0.038839 0.020563 0.069305 0.050076 -0.019002 -0.101465 0.051885 -0.083238 0.035946 0.045599 0.092892 -0.048243 -0.041933 -0.011981 -0.007789 -0.075644 0.010156 0.114449 -0.047418 0.104769 0.063232 -0.044369 0.110209 -0.011353 0.031165 -0.041935 -0.076858 0.138459 -0.009993 -0.081987 0.077146 0.208877 -0.072882 0.020564 0.078602 0.018260 -0.212902 0.090933 -0.000895 -0.019350 0.072167 0.008410 -0.048518 0.011367 -0.030637 -0.015498 0.030310 -0.073420 -0.065613 0.057022 0.041765 -0.125012 -0.000678 0.124280 -0.028468 -0.038186 0.023006 -0.044761 0.025672 0.027235 -0.014157 0.013019 0.122795 0.076341 -0.108425 -0.086382 -0.067924 -0.004219 -0.027582 -0.020073 -0.023492 -0.143004 -0.197513 -0.177592 0.114085 -0.039949 0.084206 -0.065541 0.032882 -0.109413 0.071918 -0.094722 0.076918 -0.039854 -0.106527 0.012831 0.038785 -0.010728 0.045658 -0.059789 -0.030508 0.041261 0.135109 0.023288 -0.204132 -0.032917 -0.109223 -0.015468 0.029691 0.008539 -0.039838 -0.115438 0.005945 -0.021604 -0.058174 -0.077584 -0.016218 0.043886 0.117322 -0.049163 0.012749 -0.019089 0.089426 0.018329 -0.064471 0.008194 0.059286 0.106356 -0.145900 -0.128820 0.014285 -0.072271 -0.027652 0.014943 -0.072851 -0.030639 0.094438 -0.060451 0.082304 -0.004403
T_1401 -0.041755 0.045407 0.072205 0.050663 0.115784 -0.115232 0.075668 -0.075002 0.030552 0.067365 -0.092116 0.058179 0.117829 0.045620 0.067556 -0.012494 0.024714 -0.009030 0.058015 -0.086369 -0.017534 0.028193 0.139651 -0.044038 0.003164 0.069786 -0.025460 -0.025378 0.040400 -0.057119 -0.015138 0.055486 -0.007212 0.012615 -0.003887 0.004474 -0.003866 0.073864 0.038084 -0.089889 -0.028342 0.096807 0.039806 -0.018900 0.056625 -0.041152 -0.023834 0.080668 0.120702 0.108713 -0.016683 0.065039 -0.169973 0.026876 0.130586 0.044001 -0.031296 0.019042 -0.017148 0.094134 -0.063882 0.029536 -0.060041 0.034510 -0.018974 0.095434 0.033733 -0.211648 0.037236 -0.100048 0.056921 0.113354 0.059893 -0.120378 -0.026828 -0.095478 -0.102611 -0.091817 -0.008614 0.075743 0.013426 0.082714 -0.022471 -0.023592 0.062669 -0.022128 -0.008818 0.049420 -0.161616 0.077361 0.034876 -0.051956 0.029309 0.191305 -0.080600 -0.016305 0.091283 -0.030616 -0.185852 0.175659 0.014985 -0.058451 0.010208 -0.016547 -0.052732 -0.087590 -0.038822 -0.051124 0.073403 -0.005525 -0.079230 -0.024910 0.052411 -0.146649 0.048720 0.031201 -0.096403 0.033792 0.031257 -0.041852 0.112110 0.040635 -0.058951 0.093930 0.071549 0.027609 -0.101727 -0.094275 -0.001898 0.079723 -0.078615 0.040043 -0.034890 0.033488 -0.177434 -0.043857 0.076152 -0.028043 0.029272 -0.126635 -0.007622 -0.116258 -0.050551 -0.093169 0.079614 0.026776 0.051293 0.026748 0.026317 -0.053952 0.024595 0.008059 0.009118 -0.011570 0.101856 0.002040 -0.038408 -0.020929 -0.145070 -0.028515 0.080559 -0.011777 0.086799 -0.080217 0.021926 -0.053872 0.133188 0.012822 -0.083331 -0.011389 0.062748 -0.069971 0.070520 0.026970 0.031404 0.000396 -0.138361 0.085828 -0.067948 0.123753 -0.004481 -0.112814 0.006792 0.076019 -0.003401 0.021047 -0.096786 -0.022014 -0.027657 -0.003082 0.065610 -0.062692
T_1408 -0.044429 -0.010563 0.033370 0.083134 0.017724 0.028454 -0.051488 0.009968 -0.182318 0.011536 -0.026042 0.061037 -0.029557 -0.005887 0.048488 0.012689 0.170460 0.005361 0.002136 0.106782 0.027032 0.023935 -0.048751 -0.017177 -0.077717 0.017619 0.000593 0.066688 0.090322 -0.036983 0.046874 0.149739 -0.028300 -0.074428 -0.033986 -0.030035 -0.060537 -0.069209 0.111411 -0.094078 -0.072472 0.037490 -0.102701 -0.133577 -0.006179 0.044968 0.053419 0.014882 0.078069 0.053009 -0.017286 0.069547 0.058874 -0.030031 0.079586 0.090544 -0.065136 -0.047946 -0.041655 0.023374 0.008905 0.027630 -0.105772 0.078078 0.097564 0.043844 0.006192 -0.092492 -0.032739 -0.104092 0.057106 0.044078 0.137970 -0.047502 -0.007767 0.044204 -0.130691 -0.115982 0.044544 0.122541 -0.103809 0.140231 -0.006743 -0.040741 0.018743 -0.032587 0.125164 -0.057906 -0.107779 -0.048832 -0.013900 -0.068282 -0.024025 0.106776 -0.087584 0.054713 -0.001291 -0.006843 -0.184199 0.045870 -0.049152 0.064731 -0.022410 0.077492 -0.082404 0.081131 -0.075063 -0.043461 -0.049391 0.060332 -0.034494 -0.053249 0.046679 -0.036783 -0.007575 0.092441 -0.020020 0.112561 0.100631 0.060839 -0.009007 0.093253 0.031241 -0.023990 0.078788 -0.027657 0.111476 -0.079209 0.008109 0.067554 -0.040764 0.012135 -0.028222 -0.063382 -0.097569 -0.065463 0.096733 -0.026508 0.105808 -0.027711 -0.010191 -0.073054 0.119762 -0.225455 0.030134 0.043203 0.039593 0.078179 -0.045424 0.158181 -0.028673 -0.113199 -0.051758 -0.024171 0.007530 -0.018373 -0.111044 -0.024048 -0.060881 -0.049105 0.019971 0.072817 0.037067 0.009617 0.027101 -0.003809 -0.034024 -0.104233 -0.038818 0.071789 -0.024462 -0.054064 0.064284 -0.023579 0.013675 -0.079585 0.067836 -0.011915 -0.045519 0.077915 -0.162589 -0.063824 0.020845 -0.093047 0.072346 -0.022599 -0.053455 -0.126439 -0.043403 -0.193120 0.096175 -0.039215
T_1421 0.025881 0.036304 0.085366 0.004956 0.021881 0.057372 -0.071750 0.027569 -0.058830 0.022963 0.110484 0.080280 0.116325 0.116872 0.020634 -0.009487 0.023643 -0.002765 0.022515 0.048821 -0.112209 -0.080852 -0.083418 0.105161 -0.006197 0.086725 0.086829 0.037008 0.086312 -0.059431 0.066244 0.046511 -0.159373 -0.010073 0.004363 -0.050153 0.025010 -0.083732 0.026723 -0.061331 -0.042532 0.017096 -0.057474 -0.151795 0.088590 -0.081638 -0.087124 -0.022391 0.064718 0.132124 -0.034036 0.095801 -0.010104 -0.065488 0.008779 -0.021344 -0.055592 0.034157 -0.158144 0.028625 -0.078837 0.022922 -0.048741 0.045311 0.032956 -0.090770 0.006805 -0.055391 -0.002960 -0.081103 0.044156 0.113566 0.002945 -0.082470 -0.028800 -0.049853 0.043615 -0.060218 -0.037696 0.054831 0.040288 0.041125 0.006509 -0.118516 0.038496 0.093093 0.079003 0.021745 -0.117102 -0.064096 -0.035408 -0.122946 0.062522 0.081002 -0.040938 0.058014 0.044379 -0.005889 -0.117905 0.105051 -0.016301 0.087025 0.019631 0.050894 0.013672 0.081259 -0.071139 -0.096159 -0.126188 -0.021696 0.065585 -0.092764 -0.017771 -0.090288 -0.066080 0.005883 -0.007024 0.090982 0.154667 -0.106757 -0.019430 0.044257 -0.042281 0.103279 -0.005884 -0.005468 0.049684 -0.035092 -0.002965 0.096763 -0.015230 -0.038535 -0.162652 -0.126360 -0.048903 -0.043764 0.091571 0.019570 -0.036060 -0.103478 0.047467 -0.044086 -0.054585 -0.075051 0.028687 0.105119 0.036228 -0.027330 -0.100335 0.202666 0.070005 -0.051332 0.011907 -0.067689 0.014550 0.046630 -0.084125 0.052420 -0.089335 -0.016032 -0.015748 0.027835 -0.024918 -0.097224 -0.040233 -0.003312 0.045539 -0.067867 -0.080146 -0.022081 0.062295 -0.065144 -0.022806 -0.125084 0.019900 -0.114940 -0.078557 -0.092248 -0.071696 0.071515 -0.040200 -0.099305 -0.027753 -0.096334 -0.054599 -0.033166 0.048177 -0.078149 -0.019997 -0.253433 0.087952 -0.028845
T_1428 0.038576 0.121935 0.106368 0.043959 0.099905 0.017243 -0.032524 0.035880 -0.033775 0.042819 -0.011269 0.127250 0.171382 -0.041829 0.109759 0.081973 0.023932 0.098030 0.065711 -0.001491 0.000527 -0.091416 0.078316 -0.007340 -0.078887 -0.049977 0.000031 0.068438 0.053688 -0.217240 -0.033039 -0.011744 -0.046854 0.011116 0.050465 -0.034992 0.026135 0.024317 -0.073047 -0.011375 -0.018591 0.000734 -0.032256 -0.024896 0.015978 0.027240 -0.025912 -0.041022 0.175561 -0.018639 0.049827 -0.050278 -0.065901 0.058345 0.079292 -0.012003 -0.090002 -0.061883 -0.114939 0.042169 0.073264 0.053879 -0.089763 0.038287 0.094882 0.141733 0.017233 -0.104899 0.018593 -0.020531 -0.011870 0.138682 0.149532 -0.148749 0.034124 -0.138677 -0.050230 -0.092527 -0.014259 0.063501 -0.043749 0.129440 0.080059 0.032820 0.067671 0.037520 0.054339 0.043397 -0.101427 0.053105 -0.088830 -0.151754 0.028881 0.145498 0.041127 0.015433 -0.001137 -0.066839 -0.245290 0.019927 0.054075 -0.133803 0.034413 0.036998 0.062053 -0.010440 -0.054077 -0.021666 0.040993 0.045269 -0.026671 -0.020266 0.020107 -0.000674 -0.035603 0.103907 -0.029388 0.073049 0.052660 -0.088514 -0.000747 0.004930 0.005604 -0.029500 0.098135 0.016409 -0.042187 -0.071808 -0.086406 0.052402 -0.105186 -0.046882 -0.057382 -0.116205 -0.033932 -0.141014 -0.003237 -0.091825 0.070057 -0.081313 0.009407 -0.099813 -0.036744 -0.005336 0.032624 -0.042407 0.051150 0.023212 0.037658 0.002373 0.038887 0.041369 -0.013012 -0.024661 0.060918 -0.028244 -0.034424 -0.017803 -0.149863 -0.109606 0.071850 0.004227 0.056476 0.006741 -0.069998 0.007986 0.150708 0.050202 -0.062242 0.032068 -0.016588 -0.125739 0.009797 0.007059 0.028805 0.028266 -0.056165 -0.060166 -0.056824 0.124499 -0.029885 -0.065281 0.117101 -0.042566 -0.029421 0.032331 -0.098056 -0.039910 0.019256 0.069378 0.043614 -0.125931
T_1433 0.028639 0.047112 -0.048169 0.099073 -0.047614 0.003836 -0.062131 0.030088 -0.056225 -0.019842 -0.003513 0.102199 -0.046405 0.010175 0.083724 0.009525 0.167859 -0.062662 0.029509 0.065154 -0.052045 -0.008878 0.027171 -0.054065 0.020475 0.052415 0.029125 0.030056 0.135423 -0.143449 -0.039160 0.065264 -0.086575 -0.062775 -0.026754 0.061470 -0.052159 -0.024828 0.002358 -0.048217 -0.073555 -0.037385 0.020848 -0.117981 0.079636 -0.082838 0.005304 -0.033526 0.058221 0.073638 -0.053288 0.104299 0.137830 -0.095357 0.097633 0.105493 -0.091526 -0.052055 -0.112769 0.096827 -0.022134 -0.054525 -0.044698 -0.080729 0.106691 -0.010893 0.031866 -0.086612 0.004350 -0.095832 0.052751 0.067471 0.111152 -0.129202 -0.079200 0.044659 -0.097091 -0.081990 -0.030896 0.120436 -0.080435 0.112711 0.042146 -0.001193 0.086071 -0.060058 0.085671 0.051677 -0.108228 0.006850 -0.025143 -0.179678 -0.064522 0.074709 -0.031789 0.065298 0.096854 -0.031875 -0.230683 0.069608 0.007292 0.117642 -0.038264 0.024298 -0.113682 0.090327 -0.037088 -0.031942 -0.043649 0.035957 -0.031022 -0.094332 0.016586 -0.037546 0.037567 0.028850 -0.019047 0.035896 0.116797 -0.022968 0.022557 0.036295 0.013023 0.057470 0.007379 -0.096107 0.060245 -0.041485 -0.037422 0.091648 -0.060492 0.070300 -0.051270 -0.051322 -0.001795 -0.041001 0.054501 -0.026997 0.025173 0.028771 -0.016103 -0.036167 0.092866 -0.153909 0.051954 0.095854 0.070480 0.068279 -0.074025 0.031925 -0.020955 -0.168440 -0.053454 -0.062984 0.051451 -0.054718 -0.099544 0.027188 -0.032370 -0.028238 0.023721 0.041360 0.050220 -0.075905 0.059642 0.027714 -0.006901 -0.088086 -0.017412 0.086578 0.077028 -0.002196 0.091249 -0.105333 0.001341 -0.047441 0.007735 -0.016769 0.013696 0.210322 -0.132363 -0.092326 -0.009200 -0.094251 0.007040 -0.027458 -0.033086 0.007206 0.012653 -0.171571 0.058167 -0.028229
T_1441 -0.056561 -0.056214 0.152421 -0.023849 -0.040612 0.007387 -0.015462 0.007681 -0.105027 -0.009370 0.046174 0.112716 -0.010338 0.037980 0.061219 0.029575 0.071638 -0.063503 0.018659 -0.001296 -0.072039 0.037763 0.052485 0.100772 -0.019447 0.048022 0.053761 0.037760 0.189419 -0.079450 0.024728 0.065658 -0.015212 0.060766 -0.069773 -0.005936 -0.005668 -0.040342 0.080738 -0.003325 0.026749 0.091519 0.012089 0.019734 0.042310 -0.026658 -0.039303 -0.085608 0.130414 0.106804 -0.050259 0.038188 0.115816 0.058353 0.006865 -0.026583 -0.015045 -0.014307 -0.186068 0.078824 -0.065930 0.002358 -0.017673 0.033432 0.102573 0.002433 -0.044621 -0.038962 -0.145435 -0.141099 -0.042380 0.092816 -0.032181 -0.140410 0.027879 -0.077760 -0.104681 -0.060730 -0.022686 0.019607 0.073963 0.137324 0.000889 -0.045434 0.021716 0.089540 0.070445 0.009996 -0.116334 0.086283 -0.068814 -0.191186 -0.027507 0.110836 -0.057293 0.040485 0.098298 -0.073634 -0.125523 0.051228 -0.030631 0.010042 0.027651 0.014633 -0.055411 0.050127 -0.056676 -0.018070 -0.034407 0.082554 0.060716 0.063768 0.006824 0.006738 0.038854 0.079511 0.020127 0.064797 0.058141 -0.202088 0.043657 0.016253 -0.082320 -0.012248 0.081893 0.071588 0.092855 -0.062049 -0.013200 0.008551 -0.102169 -0.075955 -0.116922 -0.064838 -0.151944 -0.102478 0.132159 -0.067062 -0.023196 -0.038558 0.080150 0.007312 -0.017423 -0.050264 0.094470 0.065116 0.037109 0.032609 -0.078729 0.120811 -0.038590 -0.083532 0.024914 0.044584 0.082029 0.067879 -0.131074 0.029946 -0.082899 -0.008643 0.050414 0.059082 0.049799 -0.066537 0.012987 -0.004483 0.042886 -0.064187 -0.025626 -0.026831 0.109663 -0.095798 0.011431 -0.037782 -0.098613 -0.116977 -0.044937 -0.041423 0.032386 0.061630 -0.141799 -0.033851 -0.004344 0.094017 -0.096519 -0.081699 0.017024 -0.066809 0.017995 -0.151082 0.030766 -0.054770
T_1462 -0.113678 0.002879 0.115417 0.062149 0.084113 -0.030560 0.041923 -0.022376 -0.008252 0.049944 -0.153729 0.024011 0.034532 -0.033655 0.144698 -0.033846 0.077465 0.048718 0.009167 -0.032980 -0.078640 -0.105929 0.050860 0.063242 0.009941 0.098536 -0.002995 0.048171 0.051396 -0.089999 -0.047331 0.105657 -0.071476 0.060039 0.029178 0.000349 -0.045432 0.104492 0.095653 -0.092959 -0.057103 0.017711 0.019310 -0.077130 0.050390 -0.045162 -0.016901 0.004663 0.062265 0.053314 -0.004693 0.086315 -0.047273 -0.014580 0.102807 0.123112 -0.012030 0.019479 -0.106788 0.022271 -0.074923 0.022051 -0.014482 0.053315 0.021540 0.050247 0.009229 -0.114298 0.073149 -0.046813 0.011180 0.070989 0.086836 -0.117305 -0.128429 -0.062229 -0.047193 -0.101306 -0.017235 0.054562 -0.030329 0.016963 -0.016055 -0.018547 0.066560 -0.045477 0.056842 -0.014497 -0.169768 0.091670 0.042767 -0.039310 0.009523 0.142633 -0.076773 -0.117130 0.039954 -0.054987 -0.235855 0.115353 0.045681 -0.044846 0.009967 0.064485 0.010032 -0.045739 -0.119774 -0.020710 0.073081 -0.004605 -0.021823 -0.047676 -0.015491 -0.109954 -0.016161 -0.013108 -0.102710 0.025160 0.002269 0.017231 0.110104 0.040165 -0.066861 0.026628 -0.019301 -0.104590 -0.080488 -0.129494 0.000707 0.133361 -0.069184 0.065569 0.012570 -0.011615 -0.194090 -0.136004 0.101540 -0.048296 0.061441 -0.111387 0.051865 -0.045945 0.046631 -0.076785 0.035722 0.077084 -0.029271 0.025923 0.019567 -0.093937 -0.065180 -0.088278 -0.042620 -0.018138 0.053953 0.011487 -0.060271 0.021357 -0.135107 -0.028274 0.039367 -0.104399 0.043952 -0.042480 -0.020573 -0.054219 0.082516 -0.020131 -0.077248 -0.012722 0.039878 -0.091191 0.046588 0.040192 0.072371 -0.013881 -0.009227 0.036008 -0.094486 0.134752 -0.122380 -0.110948 0.121490 0.002780 -0.034238 -0.001372 -0.079326 -0.039592 -0.033339 0.049313 0.153802 -0.118547
T_1488 -0.021651 -0.062081 0.016377 -0.042375 0.049724 -0.162829 0.017139 0.001650 -0.097828 -0.130812 -0.136351 0.074759 0.048514 -0.004040 0.068700 0.062025 0.055400 0.085157 -0.030550 -0.020838 -0.020826 -0.054014 0.043651 0.051711 -0.053916 0.126829 -0.052114 0.050263 0.065968 -0.143968 -0.029546 0.127343 -0.036366 0.040218 0.035711 0.047993 -0.011209 0.001841 -0.034141 0.030273 0.004873 0.040913 0.014646 0.023286 -0.046556 -0.012679 -0.039644 -0.022175 0.006055 0.085286 -0.131564 0.116585 -0.070769 -0.019782 -0.004280 0.041988 -0.153961 0.013089 -0.092208 0.044813 0.018959 -0.141138 -0.021587 0.012493 0.121499 0.046967 0.035787 -0.058242 0.016018 -0.116092 -0.015772 0.040667 0.016561 -0.210345 -0.039183 0.024561 0.019974 0.096401 0.014538 0.090694 0.006507 0.072844 0.003471 -0.043266 0.054733 -0.037936 -0.020026 0.047259 -0.131608 0.090851 -0.045501 -0.071170 0.016781 0.213162 -0.002823 -0.027430 0.139157 0.020209 -0.241082 0.051795 0.032443 -0.113946 -0.007046 -0.019387 -0.043591 -0.046519 -0.108615 -0.024212 -0.013656 -0.049252 -0.080059 0.008445 0.042228 -0.060918 -0.031057 0.076920 -0.048865 0.069792 0.015313 0.009267 0.111507 0.030079 0.027703 -0.056993 0.105706 -0.058289 0.018235 -0.090201 -0.087638 -0.005748 0.050872 0.058302 -0.111217 -0.062758 -0.167024 -0.043016 0.067476 -0.095038 0.029958 -0.078822 0.054588 -0.051787 0.068483 0.016973 0.029254 -0.029920 0.058495 0.058549 0.073642 0.021221 -0.049729 -0.037764 -0.088722 -0.014526 0.058018 0.107751 -0.180010 -0.032163 -0.176604 0.009718 -0.022744 -0.074193 -0.070597 -0.079584 -0.074516 0.059603 0.060896 -0.076194 -0.013101 -0.043249 0.147771 0.030063 -0.013846 0.004347 0.062188 -0.086142 -0.010234 0.021848 0.042987 0.125244 -0.045310 -0.103482 0.044340 0.066479 -0.035184 -0.034812 -0.089830 0.005117 -0.000969 -0.029163 0.019021 -0.072570
T_1492 0.016039 -0.028512 0.026098 0.041395 -0.029417 -0.024705 -0.087088 -0.008488 -0.130440 0.048943 0.028956 0.019662 0.069304 -0.026124 0.167463 -0.043228 0.065553 0.004622 0.091284 0.005125 0.025648 -0.065529 -0.042803 0.018283 -0.016073 0.092754 0.051009 0.069884 0.163043 -0.234435 -0.006300 0.022050 0.034425 0.037090 -0.072781 0.030408 0.068822 0.022819 0.075433 -0.062272 -0.101282 0.035684 0.029957 -0.036811 0.023507 -0.102168 -0.041862 -0.022830 0.050482 -0.003113 -0.010101 -0.023879 0.143775 -0.019809 0.044160 0.012426 -0.006605 -0.050721 -0.084811 0.034039 -0.015585 -0.057362 -0.110563 0.054185 0.077829 0.021018 -0.006167 -0.039109 -0.026943 -0.133785 0.105733 -0.015371 0.166221 -0.056853 -0.064867 -0.039580 -0.128625 -0.015766 0.086126 -0.063340 -0.016294 0.190360 0.075746 -0.056562 0.014908 -0.039957 -0.072137 0.032991 -0.137294 0.014163 -0.068511 -0.042199 0.034358 -0.002403 -0.065228 0.060265 0.072912 0.083318 -0.205494 0.073319 -0.121525 0.034770 0.085671 0.080631 -0.009634 0.120830 -0.089840 0.076477 -0.117849 -0.015879 -0.007178 0.093014 0.098104 -0.096413 -0.000989 0.145226 -0.016397 0.033569 0.044480 -0.059537 -0.058864 0.068507 -0.031016 -0.051918 -0.005678 -0.030287 0.048153 -0.044463 0.045712 -0.015896 -0.042353 0.069930 -0.049843 -0.057571 -0.112800 -0.097657 0.026577 -0.030703 0.041828 -0.068737 -0.013691 0.003936 0.066606 -0.112362 0.077672 -0.024958 -0.031618 0.012473 0.081082 0.042945 0.002731 -0.059083 0.018888 0.015579 0.055074 0.212484 -0.043462 -0.055918 -0.033877 -0.054431 0.036312 0.099038 -0.000040 -0.129938 0.041467 0.022507 0.012512 -0.149394 0.018006 0.058714 0.062103 0.111522 0.035090 -0.069443 0.040090 -0.041232 0.020971 -0.098006 0.024419 0.079630 -0.158745 -0.040481 0.025677 -0.002480 0.003236 -0.092014 0.013507 -0.064822 0.004663 -0.145097 0.069588 -0.068484
T_1500 -0.066660 0.093216 0.063677 0.067689 0.045014 -0.101075 0.132108 -0.050756 0.000201 0.036543 -0.029770 0.063868 0.084733 0.059388 0.119146 0.006889 0.122788 -0.039025 -0.015977 -0.053876 0.011852 -0.068291 0.152875 -0.072478 0.064183 0.002457 0.006789 0.101341 0.087878 -0.111592 -0.084330 0.039395 -0.018306 0.000201 0.027454 0.032378 0.004300 0.052504 0.043410 -0.083638 -0.110954 0.103486 -0.030098 -0.038022 -0.047795 -0.033045 -0.012913 0.034796 0.137318 0.067617 -0.006504 -0.027577 -0.088088 0.005387 0.132835 0.110278 -0.046730 0.020572 -0.101503 0.040621 -0.010759 0.028862 -0.042478 0.052918 0.013339 0.100387 -0.091359 -0.198946 0.069264 -0.065698 0.038661 0.114976 0.044864 -0.120967 -0.036453 -0.167374 -0.070760 0.031667 0.014672 0.059177 -0.008495 0.103215 0.016936 0.031102 0.056118 -0.028251 0.001625 0.054246 -0.096552 0.094967 0.058999 -0.031129 -0.019205 0.218127 -0.016887 -0.085109 -0.004074 -0.013671 -0.165025 0.059709 0.110850 -0.004486 -0.015991 -0.042657 -0.039843 0.009965 -0.064922 -0.067307 0.044998 0.097368 -0.111125 0.008609 0.079218 -0.146632 0.006148 -0.014422 -0.113588 0.059854 -0.026347 -0.024874 0.070984 -0.049501 -0.057219 -0.007760 -0.008287 0.028332 -0.113403 -0.088888 0.026827 0.033721 -0.041807 0.103733 0.013222 0.031224 -0.171909 -0.148244 0.093314 -0.070734 0.074525 -0.158799 0.033469 -0.046957 0.044368 -0.166996 0.004852 0.054714 -0.007115 0.034209 -0.014665 -0.053254 -0.057889 -0.015238 -0.043654 -0.024691 0.090475 0.063239 -0.056558 0.061845 -0.133896 -0.007396 -0.021069 -0.009997 -0.028679 -0.058766 -0.040296 -0.047243 0.148249 0.009009 -0.069953 0.027017 -0.015575 -0.051450 -0.014139 0.032489 0.064522 0.071635 -0.091810 -0.022628 -0.081017 0.068243 -0.037572 -0.113117 0.031691 0.070851 -0.036532 -0.011808 -0.057791 -0.018866 0.010090 0.029071 0.068726 -0.056420
T_1529 0.154819 0.068696 0.097377 0.024103 0.008142 -0.042776 0.017712 -0.007600 -0.025412 0.000422 -0.006210 0.097676 0.159557 0.033089 0.034397 -0.017244 0.084317 0.045842 0.083947 -0.025634 0.063098 -0.156526 0.026438 0.023468 0.023960 0.054143 0.118621 0.106186 0.171112 -0.165263 -0.003197 0.070832 -0.021572 -0.026430 -0.029490 -0.091676 0.070004 0.039312 0.096387 -0.017967 -0.031650 0.006360 -0.006176 -0.107572 -0.045916 -0.132421 -0.079525 -0.037059 0.040893 0.057891 0.040356 0.050894 -0.001182 0.025651 0.078936 0.008950 -0.164679 -0.004807 -0.077799 0.043520 0.052390 -0.035870 -0.049123 -0.065408 0.033520 -0.014566 0.051557 -0.034402 -0.073709 -0.019783 0.008791 0.031579 0.108190 -0.170048 -0.017338 -0.015061 -0.014452 -0.010617 -0.091971 0.009792 -0.056462 0.125664 0.048525 -0.045427 0.059097 0.042545 0.036784 0.051363 -0.099253 -0.060990 -0.087785 -0.148495 0.033709 0.057803 0.010686 0.019451 0.159042 0.029264 -0.027687 0.020799 -0.090876 0.099631 0.001052 0.076681 0.052317 -0.008728 -0.090004 -0.015647 -0.024257 0.019606 -0.053921 -0.069119 0.142740 -0.012489 -0.042602 0.124123 0.013626 0.048986 0.223642 -0.010984 -0.121802 -0.097611 0.042588 0.032387 0.095158 0.005084 0.069078 0.045247 -0.029710 0.018810 -0.081487 0.012860 -0.040987 -0.046303 -0.076922 -0.056009 0.103802 -0.014122 -0.012063 -0.064561 -0.030278 -0.067140 0.095206 -0.042912 0.118264 -0.012022 0.005475 -0.017748 -0.000420 0.044349 0.056554 -0.058257 0.043668 0.076319 0.021222 0.050622 -0.060354 -0.009309 -0.132248 -0.104361 -0.037358 -0.031008 -0.032280 -0.165049 -0.061973 0.005714 -0.028057 -0.036804 0.002023 0.097434 0.162420 0.042593 -0.052582 -0.040091 -0.083834 -0.007943 -0.009176 -0.063576 0.020555 0.026560 -0.055882 -0.066157 -0.005652 -0.026753 0.012328 0.024720 -0.030803 -0.236852 0.030833 -0.113768 0.057933 -0.119863
T_1539 -0.016203 0.092363 0.005495 0.056540 0.095937 -0.087983 0.077523 -0.047070 -0.073246 -0.036230 -0.089347 0.039926 0.070102 -0.041530 0.119930 0.011949 0.121624 0.003543 0.029552 -0.018166 0.016218 -0.043684 0.183686 -0.140290 -0.023235 -0.048217 -0.052122 -0.032887 -0.026188 -0.072363 0.090165 0.053977 0.016056 0.037005 0.011532 0.041700 0.024604 0.055323 0.037110 -0.035961 0.031245 0.042326 -0.041725 -0.067462 0.110861 0.020212 -0.076047 0.061779 0.106671 0.068474 -0.028518 0.025734 -0.074913 -0.001913 0.206883 0.061239 -0.004287 0.035475 -0.166294 -0.085010 -0.007851 0.072752 -0.059200 0.082010 0.063057 0.171446 -0.005413 -0.160637 0.116280 -0.061795 0.056625 0.105944 -0.001102 -0.087489 -0.087987 -0.100816 -0.074615 -0.029282 -0.045989 0.058974 0.130862 0.043479 -0.107033 0.146580 0.041643 -0.112213 -0.039907 -0.039782 -0.169181 0.045869 -0.013025 -0.053797 0.034653 0.052874 -0.008053 0.024728 0.051617 -0.134605 -0.225929 0.080842 0.119938 0.021838 0.083877 -0.026511 -0.068541 -0.003911 -0.067741 -0.098039 0.102358 -0.052913 -0.070091 -0.083534 0.033017 -0.048834 -0.003140 -0.074423 -0.070521 0.015825 0.015196 -0.021904 0.054476 0.030783 0.021904 0.043552 0.062470 0.052805 -0.131600 -0.008239 -0.049924 0.028066 0.063696 0.059661 -0.012998 -0.031568 -0.099876 -0.019825 0.044577 0.004471 0.015586 -0.077088 0.045750 -0.063541 0.035011 -0.149659 0.055372 0.023579 -0.028327 -0.003750 0.069930 -0.065487 -0.041353 0.025523 0.107285 -0.024441 0.063603 0.050110 -0.038799 0.018112 -0.123519 -0.002759 0.007791 -0.033426 0.039825 -0.006942 0.006835 -0.045823 0.051348 -0.008228 -0.069764 -0.069539 0.008222 -0.164361 -0.056041 -0.008937 0.108961 0.061680 -0.028124 0.059740 -0.007711 0.039896 -0.058403 -0.115253 0.044825 0.049394 0.014228 -0.051755 -0.038331 -0.119940 0.074489 0.036888 0.043280 -0.102642
T_1541 -0.048059 0.070081 0.084660 0.062785 0.072801 -0.111635 0.036887 0.008438 -0.052993 -0.044923 -0.092818 0.117504 0.104002 -0.066089 0.140483 -0.007747 0.072808 0.027408 0.022589 -0.027557 -0.008896 -0.093714 0.072566 -0.014889 -0.050990 -0.020175 0.001665 0.022233 0.002323 -0.174247 0.048090 0.013513 -0.012246 0.027955 0.045882 -0.006162 0.064595 0.087116 -0.010594 -0.056818 -0.098904 0.055778 -0.002076 -0.081344 0.078941 -0.006353 -0.007347 -0.020088 0.142241 -0.013897 0.009197 0.038829 -0.030266 -0.022189 0.128922 0.044262 -0.055262 -0.051407 -0.137719 -0.027809 0.039623 0.036581 -0.055608 0.117813 0.055068 0.190897 -0.024222 -0.136826 0.055616 -0.093646 0.049289 0.133105 0.061265 -0.101243 -0.102129 -0.097022 -0.036551 -0.064076 -0.090041 0.050097 -0.038430 0.112330 -0.043938 0.045743 0.089597 -0.015779 -0.009435 0.016463 -0.070102 0.104963 -0.014123 -0.117858 0.009341 0.105546 -0.032276 -0.019869 0.052853 -0.038134 -0.267353 0.104580 0.035740 -0.084691 0.071640 0.052607 -0.010798 -0.033268 -0.064069 -0.033742 0.084971 0.045923 -0.118343 -0.048610 0.027687 -0.125542 -0.008412 0.067199 -0.105759 0.078068 0.041187 -0.042994 0.062675 0.071319 -0.037619 0.014836 -0.007400 -0.010413 -0.039838 -0.081195 -0.092204 0.103215 0.000861 0.006258 -0.021160 -0.046399 -0.123642 -0.113611 0.077061 -0.052304 0.042551 -0.154544 0.002986 -0.069760 -0.048327 -0.102611 0.091828 0.025052 0.007954 0.020996 0.021038 -0.012582 -0.044566 0.073545 0.063959 -0.053757 0.074840 0.036193 -0.020366 0.035130 -0.143594 -0.012949 0.046719 -0.073294 0.054035 -0.003068 -0.059645 -0.014111 0.070425 -0.063625 -0.032451 0.036075 0.044582 -0.085155 0.003985 0.010185 0.050040 0.019075 -0.091866 0.021073 0.004011 0.112185 -0.073198 -0.154086 0.062419 0.036434 0.007916 -0.000728 -0.123411 -0.105988 -0.008889 0.020608 0.086577 -0.141675
T_1561 0.016730 0.004795 -0.043976 0.007222 0.043443 0.024696 0.004988 0.003114 -0.109257 0.010828 0.027421 0.086083 0.016071 0.047483 0.047769 -0.026056 0.209671 -0.062050 0.035754 0.021023 0.054611 0.007127 0.083256 -0.011639 0.013037 0.026827 0.110337 0.070863 0.126747 -0.082849 -0.055960 0.124264 -0.008754 -0.024214 -0.075898 -0.105814 0.043943 -0.060464 0.063615 -0.056711 0.016699 0.026017 -0.010518 -0.123420 -0.079637 -0.002370 -0.070985 -0.038319 0.111842 0.031480 0.026274 0.090703 0.063084 -0.014139 0.070301 0.104859 -0.054164 -0.060316 -0.097579 -0.033896 0.034913 -0.031559 -0.088744 -0.041248 0.081307 -0.021818 0.019636 -0.175790 -0.034146 -0.131731 0.154780 0.023181 0.036222 -0.089478 -0.026287 -0.109986 -0.070431 -0.021790 0.003889 0.017394 -0.086344 0.165437 0.027932 -0.100523 0.075143 -0.030007 0.009489 -0.002218 -0.088739 -0.087970 -0.102913 -0.080775 0.013618 0.169335 -0.078412 0.063268 0.064177 0.086217 -0.121574 0.065398 -0.023795 0.028912 -0.027070 0.035348 -0.060433 0.079016 -0.109873 0.024782 -0.021812 0.011053 -0.071388 -0.059264 -0.037424 -0.016721 0.028075 0.114546 -0.006058 0.030884 0.116400 0.074053 -0.049962 0.020565 0.063160 -0.071061 0.128082 -0.008621 0.134108 -0.098576 0.034970 -0.008524 0.005848 0.064306 -0.087921 -0.162678 -0.005464 -0.048290 0.103534 -0.061654 0.045944 -0.065670 -0.090301 -0.036140 0.055492 -0.064376 0.072063 0.057111 0.017364 0.001476 -0.000648 0.079636 0.021634 -0.090351 -0.083776 -0.098040 0.002907 0.039793 -0.049538 0.017799 -0.069464 -0.035723 0.039258 0.071448 0.013215 -0.094312 -0.015377 0.009067 0.002224 -0.078220 -0.018287 0.060102 0.077643 0.008537 0.082046 -0.047818 -0.022497 -0.030647 0.013849 -0.114833 -0.034886 0.098630 -0.104576 -0.049509 0.073585 -0.020208 -0.037692 -0.013014 0.014933 -0.165847 -0.062326 -0.225716 0.142926 -0.083364
T_1564 0.007519 0.080065 0.036432 0.050295 -0.003776 -0.093373 0.010859 -0.081811 0.032035 0.051897 -0.095150 0.067504 0.029846 -0.011319 0.138553 0.062989 0.136933 0.043003 -0.080762 -0.006791 -0.028754 -0.079596 0.150383 0.029318 -0.010609 0.000303 -0.023664 0.090855 0.057867 -0.091440 0.015096 0.075485 -0.038036 0.042419 -0.032015 0.014051 0.001140 0.081863 -0.015255 -0.109610 -0.042335 0.086020 0.012451 -0.104361 0.075520 0.006324 -0.131832 0.032526 0.131506 0.077502 0.008995 0.045823 -0.076266 0.030611 0.225685 0.090036 -0.082838 -0.073391 -0.195033 -0.048126 -0.031647 0.053291 -0.019594 0.062035 0.089311 0.139721 0.025357 -0.046620 0.014273 -0.110208 0.009726 0.063891 0.109298 -0.147529 -0.088234 -0.018090 -0.074562 0.011271 -0.005504 0.090114 -0.040891 0.064585 -0.101129 0.049030 0.038315 -0.110850 0.013316 0.072685 -0.133280 0.030202 -0.039440 -0.086526 -0.022748 0.099721 -0.004156 -0.064001 0.031930 -0.083934 -0.210079 0.040980 0.086054 -0.021430 0.034738 -0.024935 -0.077142 0.027997 -0.163623 -0.050577 0.060112 0.000182 -0.092166 -0.084031 -0.022585 -0.062053 0.026332 -0.012829 -0.159865 0.009734 0.023166 0.017561 0.060538 0.070614 0.001066 0.000115 0.057576 0.005384 -0.050402 -0.027299 -0.073487 0.081449 -0.045673 -0.030616 0.021948 0.049626 -0.106052 -0.036958 0.095439 -0.070980 -0.045099 -0.172757 0.096867 -0.123097 0.040514 -0.111544 0.116196 0.047830 -0.013306 0.042367 0.043242 -0.052924 -0.082626 -0.007598 0.030238 0.037689 0.002474 -0.016981 -0.022141 0.041519 -0.051785 -0.067151 0.025745 -0.008271 0.121961 -0.024649 0.008250 0.042380 0.092961 -0.012879 -0.068004 0.034445 0.030526 -0.115473 0.006467 0.000173 0.176885 -0.012219 -0.034410 -0.023782 -0.066768 0.049893 -0.058738 -0.063675 -0.023948 -0.017405 0.045715 -0.051984 -0.076142 -0.036685 0.050175 0.047848 0.049782 -0.093931
T_1567 -0.084547 -0.008103 0.018918 0.032516 -0.005586 -0.059944 0.053267 0.099188 -0.143241 -0.109128 -0.125593 0.127365 0.162896 -0.084229 0.096818 -0.068747 0.030901 -0.005023 -0.032162 -0.000044 0.004637 -0.124281 0.035986 0.032326 -0.107529 -0.026499 0.025833 0.015262 -0.004621 -0.073876 0.023572 0.097710 0.040707 -0.010244 0.022569 0.003980 0.085504 -0.010624 -0.044040 0.037954 0.036273 -0.015506 0.032957 -0.012836 0.082805 -0.041343 -0.052235 0.045200 0.157991 0.104825 -0.072587 -0.012578 -0.043489 -0.065174 0.052565 0.027141 -0.041659 -0.015806 -0.127443 -0.046550 0.051742 -0.020241 -0.037775 0.140080 0.069331 0.157766 0.024515 -0.043140 0.036092 -0.067921 0.022671 0.083617 0.053813 -0.132371 -0.131637 -0.015002 -0.056250 -0.114052 -0.117771 0.034889 0.011283 0.117779 0.058463 -0.044776 0.110114 0.005596 0.018637 0.016356 -0.055739 0.126369 0.029457 -0.046558 0.012988 0.180806 0.012272 -0.082603 0.053942 0.031014 -0.235442 0.134584 0.004329 -0.100771 0.046746 -0.009477 -0.047103 0.014180 -0.022674 -0.030493 0.056979 0.007608 -0.083205 0.013151 -0.022134 -0.122921 -0.027709 0.009438 -0.074548 0.051399 0.046125 -0.047745 0.022863 0.075025 0.077753 -0.009519 -0.030828 0.027694 -0.011677 -0.051131 -0.097044 0.018649 0.011450 -0.068093 0.031318 -0.037698 -0.050862 -0.118182 0.131750 -0.031303 0.114374 -0.095203 0.001872 -0.084670 -0.030320 -0.058020 0.101366 0.059554 -0.059013 0.045639 0.098460 -0.028468 -0.074889 0.042825 0.026219 -0.004712 0.106122 0.038597 -0.067537 0.045666 -0.098068 0.014437 -0.010692 -0.103961 -0.012322 -0.081281 -0.080348 -0.007145 0.020088 -0.059703 -0.053680 -0.022917 0.100597 -0.075751 0.018923 -0.051693 0.057853 0.063367 -0.134903 0.029780 -0.013503 0.097543 -0.082708 -0.142733 0.069453 0.014895 -0.068004 -0.031243 -0.149254 -0.136229 0.053015 -0.032111 -0.013384 -0.093073
T_1570 -0.057784 -0.080156 -0.001484 -0.049068 -0.060286 0.000934 -0.097364 0.019209 -0.143627 -0.046237 0.032480 0.069203 0.085829 0.018355 0.076673 0.034368 0.065749 -0.029779 0.010668 -0.020006 -0.024162 0.016286 0.023112 0.020147 0.019869 0.143637 0.096177 0.033596 0.075368 -0.166285 0.018003 0.072829 -0.036192 -0.016860 -0.093215 -0.070299 0.042520 0.020573 -0.000451 -0.053940 -0.022363 0.023691 0.009487 -0.124720 -0.029208 -0.088587 -0.085670 -0.092922 0.107573 0.110778 -0.009713 0.055450 0.096780 -0.121277 0.040186 0.071089 -0.038358 -0.120273 -0.208303 0.082517 -0.024824 -0.079974 -0.101336 0.035905 0.064049 -0.039007 -0.002631 -0.041759 0.048650 -0.070029 0.042264 0.032143 0.033788 -0.084759 -0.084809 0.001853 -0.119841 -0.046392 0.082207 0.042445 0.016712 0.163711 0.035219 -0.103682 -0.036993 -0.023466 0.041812 0.002297 -0.093113 0.035799 -0.063071 -0.123722 0.060233 0.081947 -0.045301 0.072183 0.173943 0.039835 -0.187490 0.145458 -0.061092 -0.030132 0.056638 0.031656 0.000814 0.037354 -0.012869 0.056006 -0.028964 0.058761 0.019852 -0.019070 0.006273 -0.012448 0.014490 0.099183 -0.028173 0.069619 0.077011 -0.066028 0.022982 0.006850 -0.076346 -0.012864 0.013865 0.007419 0.109621 -0.101189 0.007359 -0.011000 -0.004151 -0.048777 -0.108452 -0.075030 -0.081115 -0.101262 0.058738 -0.021045 -0.058494 -0.041397 -0.061990 -0.018447 -0.037308 -0.153135 0.088936 -0.007876 0.058210 0.056246 -0.050056 0.092914 0.048541 -0.085143 0.050162 -0.000596 0.001625 0.093735 -0.124304 0.037575 -0.107898 0.055770 0.091436 0.129617 -0.027805 -0.114467 0.008413 0.013454 0.064576 -0.091592 -0.131951 0.071680 -0.044533 0.002329 0.091798 -0.106600 0.118016 -0.119616 -0.056433 -0.043034 0.039812 0.133092 -0.044553 -0.026363 -0.035137 0.030830 -0.041950 -0.054645 0.051262 -0.064153 -0.003191 -0.107491 0.064282 -0.073497
T_1590 0.005382 0.064473 0.109150 0.013116 0.144493 -0.055011 0.039680 0.060463 -0.119675 0.030751 -0.118992 0.103191 0.163431 -0.069566 0.067511 -0.016946 0.052896 0.028275 0.074220 0.012877 0.028687 -0.046912 0.067658 -0.048820 -0.085396 0.029706 0.017199 -0.043769 -0.026493 -0.191327 0.037656 0.021216 -0.030745 0.005008 0.002389 -0.007028 0.074232 0.107501 -0.043607 0.006342 -0.032003 0.001676 -0.006272 -0.043178 0.023174 -0.001692 -0.047920 0.008719 0.147522 -0.030066 -0.012736 0.076280 -0.044766 -0.025878 0.039933 0.048814 -0.028534 0.044669 -0.043997 0.051415 0.000735 0.066327 -0.073843 0.024445 0.065700 0.122490 0.002767 -0.193725 0.025711 -0.033206 0.000729 0.071530 0.152835 -0.187561 -0.116738 -0.127993 -0.053238 -0.082365 -0.122474 0.064836 0.005034 0.118337 0.040643 0.018225 0.011922 -0.017478 0.030237 0.013230 -0.117858 0.060929 -0.014961 -0.121673 0.037686 0.158103 -0.026411 -0.022374 0.033032 -0.063788 -0.189473 0.073153 0.043464 -0.092041 0.035294 0.035030 -0.002189 0.012019 -0.018024 -0.032573 0.067704 0.058100 -0.097124 -0.071745 0.001710 -0.072753 -0.031184 0.099738 -0.034020 0.101561 0.045391 -0.117704 0.019541 0.053096 0.039264 0.032361 0.071060 0.016843 -0.094023 -0.109867 -0.099310 0.053893 -0.050164 -0.008046 -0.063888 -0.053997 -0.083997 -0.064368 0.023327 -0.051885 0.047611 -0.098651 0.014603 -0.175931 -0.005278 -0.029026 0.096870 0.027299 -0.032537 0.010902 0.066886 -0.011020 0.027705 0.073423 0.024586 -0.010198 0.110965 0.000255 -0.054345 0.068499 -0.101619 -0.056110 0.041015 -0.070761 0.058286 -0.037616 -0.032911 -0.016812 0.083616 -0.050918 -0.077464 -0.041405 0.021015 -0.134922 0.005909 0.006065 0.054690 0.048485 -0.189484 0.097238 0.007723 0.100058 -0.011021 -0.116176 0.118255 -0.034990 -0.066368 0.035898 -0.116621 -0.072576 0.013438 0.029655 0.077588 -0.072730
T_1592 0.015679 0.089943 0.068247 0.114211 0.089268 -0.056202 0.123108 -0.017099 0.008210 0.065777 0.033567 0.140422 0.095186 0.008448 0.146749 -0.019840 0.065477 -0.011406 0.066689 -0.025971 -0.028482 -0.013708 0.115269 -0.041653 0.018575 0.064048 -0.041903 0.114827 0.058623 -0.179038 -0.008673 0.067936 -0.019568 0.055048 -0.045046 0.043660 -0.020704 0.028620 -0.006792 -0.066169 -0.056568 0.103610 -0.067379 -0.058037 0.010861 0.042817 -0.000886 0.049334 0.131037 0.123530 0.018973 -0.051084 -0.150879 0.027359 0.054834 0.098805 -0.032111 -0.047740 -0.072349 0.090282 -0.010939 0.039208 -0.051775 -0.011831 0.038614 0.090112 -0.006280 -0.171872 -0.011962 -0.050683 0.008374 0.136451 0.050900 -0.076689 -0.010870 -0.141464 -0.112728 0.059130 0.064456 0.076957 -0.007902 0.111373 -0.002572 0.035312 0.009868 -0.038010 0.076018 0.053327 -0.084345 0.083383 0.011403 -0.050117 0.086189 0.148044 -0.012842 -0.019137 -0.036831 -0.008788 -0.208967 0.068545 0.123433 -0.049929 0.053417 -0.008134 -0.114281 0.016965 -0.039813 -0.065934 0.088007 0.001676 -0.083815 0.008632 0.024432 -0.112334 0.001589 0.059609 -0.144713 0.096556 0.019623 -0.040102 0.036056 -0.028228 0.016930 0.047710 0.019203 0.048285 -0.120913 -0.068685 -0.012200 0.025061 -0.065549 0.053520 -0.009536 0.026124 -0.141995 -0.121543 -0.003612 -0.027415 0.034021 -0.154160 -0.028530 -0.041112 -0.028848 -0.124943 0.018544 0.047231 -0.028984 0.031216 0.050413 -0.029681 0.002400 0.065320 -0.046677 -0.033696 0.100862 0.000576 -0.010400 -0.017963 -0.157504 -0.065399 0.041427 -0.000398 0.077960 -0.018147 -0.030404 -0.086788 0.143770 0.060554 -0.117968 -0.025824 0.036867 -0.083411 0.032307 0.116353 0.065651 0.094419 -0.088044 -0.017899 -0.115124 0.118401 -0.006244 -0.023676 0.048251 0.042228 0.040295 -0.042219 -0.102283 -0.044293 0.033088 0.014797 0.093095 -0.082152
T_1593 -0.098134 0.043323 0.090422 0.021796 0.066124 -0.062832 0.113749 0.041095 -0.055146 -0.075824 -0.017502 0.056420 -0.011014 0.065035 0.131042 0.059270 0.135788 0.097032 0.064651 -0.015425 0.015661 -0.121785 0.045649 -0.085766 0.003726 0.052834 -0.032124 -0.038521 0.036492 -0.193886 0.017414 0.005915 -0.014259 0.087930 -0.007009 0.001646 -0.043142 0.076211 -0.040082 0.009017 -0.063911 0.028233 0.028883 0.027431 0.032668 0.003989 0.002683 0.013430 0.096809 0.036678 -0.026886 -0.015595 -0.125839 0.045057 0.023148 0.029482 -0.050354 -0.014056 -0.060618 0.053575 -0.015721 -0.042588 -0.042037 0.025991 0.054707 0.072321 -0.032037 -0.166348 0.001653 -0.071700 0.056628 0.111949 0.039590 -0.081451 -0.058289 -0.008600 0.003265 -0.016213 0.008648 0.057004 -0.020630 0.198462 0.025466 -0.014269 0.012922 0.019545 0.002431 0.022342 -0.090269 0.084932 -0.050930 -0.007468 0.002579 0.122905 0.023863 0.020944 0.060052 0.050200 -0.218447 0.062470 0.055820 -0.098648 0.111275 -0.006940 0.002385 -0.066390 -0.035552 -0.019404 0.069815 0.016833 -0.093347 0.040194 0.068706 -0.152552 -0.120669 0.083126 -0.080622 0.035543 -0.027946 -0.072711 0.035081 -0.045243 -0.034814 -0.016379 0.037885 0.020135 -0.057464 0.012694 -0.117762 0.080371 -0.049396 0.063483 -0.083381 -0.038632 -0.161235 -0.089194 0.065023 -0.035469 0.095374 -0.113675 0.037548 -0.051516 -0.041639 -0.103812 0.027345 -0.003109 0.006024 0.076471 0.039822 -0.042857 -0.031804 0.087598 -0.033972 -0.060255 0.140316 0.095065 -0.036810 -0.049648 -0.178715 -0.006351 -0.008739 -0.055818 -0.017000 -0.020347 -0.074661 -0.093995 0.172927 -0.068752 -0.075326 0.026075 0.172271 0.024557 0.076952 0.089566 0.014829 0.001442 -0.088168 -0.065894 -0.081690 0.104249 -0.003951 -0.107346 0.181118 0.096192 -0.000367 0.034236 -0.085859 -0.077237 -0.015106 0.037347 0.073483 -0.108117
T_1598 0.071365 0.099716 0.044932 0.042638 -0.003853 -0.060266 0.014089 0.010190 -0.086911 0.020025 -0.146086 0.151301 0.152137 -0.016530 0.088383 0.003136 0.117674 0.018371 -0.052366 0.007342 -0.015667 -0.039027 0.099555 0.028735 -0.057394 -0.058366 0.011199 0.048451 -0.069765 -0.080208 0.034044 0.076035 -0.083321 0.041214 0.020013 0.011099 0.044458 0.014994 -0.078006 -0.003377 -0.039820 0.039497 0.106633 -0.022236 0.008058 0.000538 -0.118860 -0.039406 0.213357 0.045388 -0.022488 0.033184 -0.072866 0.002503 0.201812 -0.003072 -0.053359 -0.043296 -0.144752 0.081854 0.039016 0.096371 -0.024893 0.090846 0.056120 0.132418 0.031829 -0.051815 0.020070 -0.151130 0.102494 0.135756 0.077575 -0.143639 0.012205 -0.050879 -0.098752 -0.028716 -0.068885 0.031264 -0.026953 0.080209 0.013630 0.041356 0.046368 -0.073381 -0.042129 0.012704 -0.099355 0.031561 -0.096019 -0.129105 -0.040367 0.028769 -0.094706 0.014581 -0.036916 -0.059155 -0.204714 0.065201 0.078825 -0.064153 0.035415 0.008216 0.060973 0.089135 -0.074234 -0.063201 0.055310 0.094273 -0.100941 -0.145102 0.080543 -0.032018 0.077430 0.003754 -0.070296 0.061159 0.000651 -0.030970 0.122645 0.058798 0.082736 0.006175 0.029670 -0.007463 0.050690 -0.011358 -0.113673 0.045379 -0.120283 -0.043441 -0.012092 0.016184 -0.005292 -0.049853 0.036347 -0.074441 -0.006681 -0.119124 -0.036605 -0.142571 0.021507 -0.023500 0.141012 0.077622 0.030053 0.037552 0.081580 -0.018734 -0.001230 0.014956 0.102040 0.022058 -0.010843 -0.074987 0.001293 0.015935 0.047447 0.012325 0.011710 -0.008687 0.081970 -0.020922 -0.076365 0.027791 0.144962 0.031435 0.054591 -0.042724 0.084182 -0.107437 -0.030888 -0.073542 0.144682 0.000920 -0.040962 0.010805 -0.033701 0.008159 -0.048813 -0.067227 -0.058749 0.009587 0.036118 -0.015652 -0.117271 -0.117038 0.002506 0.024449 -0.001634 -0.102028
T_1600 0.030733 0.009868 0.065939 0.018790 0.033773 -0.021968 -0.049011 0.024400 -0.058057 0.061388 -0.009087 0.087478 0.096033 0.023048 0.014755 -0.123112 0.004940 -0.027230 -0.011944 -0.086712 0.097370 -0.015575 -0.031030 0.018824 0.014563 0.157899 0.101794 0.131334 0.194631 -0.124885 -0.012639 0.118161 0.057712 0.093434 -0.037866 -0.032215 0.169086 0.043643 0.057737 -0.054770 -0.031462 0.081930 -0.019287 -0.072494 -0.056428 -0.169457 -0.049785 -0.034509 0.107181 0.052694 0.016197 -0.003926 0.004395 -0.025088 0.112430 0.037286 -0.123358 0.026072 -0.115981 0.037040 -0.059952 -0.049945 -0.035481 -0.007370 0.095373 0.016595 -0.021500 -0.050572 -0.044173 -0.113805 0.001329 0.005873 0.096774 -0.077796 -0.052255 -0.007527 -0.045120 0.028553 -0.046461 0.006561 0.057773 0.128361 0.047642 -0.068571 0.035619 -0.023796 0.027493 0.043658 -0.093994 0.035093 -0.034904 -0.088879 -0.028877 0.129477 -0.076391 0.117314 0.113660 0.081035 -0.089305 0.082220 -0.111899 0.043283 -0.098000 0.108199 0.064797 0.010355 -0.090612 -0.060588 -0.103959 0.045834 -0.023351 0.000699 0.060641 -0.094079 -0.046899 0.046034 0.036568 0.080576 0.162473 -0.004828 0.029719 0.018561 0.037471 0.073992 0.075980 -0.047565 0.026927 -0.034205 -0.006734 0.000426 0.008640 0.035046 -0.032855 -0.056206 -0.125077 -0.065988 0.099731 0.020666 0.017303 -0.100581 0.056818 -0.078444 0.118532 -0.105440 0.097903 0.003659 -0.027951 -0.039455 -0.003646 0.074313 0.036727 -0.050843 0.036034 0.012875 0.013940 0.025613 -0.109339 -0.025314 -0.111543 -0.107108 -0.017633 -0.057467 -0.054968 -0.123601 -0.034957 -0.025390 -0.009336 -0.057510 0.042582 0.081918 0.062008 0.037632 -0.037710 0.016227 -0.055619 -0.058347 -0.018059 -0.025821 -0.079344 0.107980 -0.184906 -0.157577 0.114131 -0.037732 0.036296 -0.035054 -0.009663 -0.032161 -0.011502 -0.208190 0.033748 -0.065209
T_1606 -0.013687 0.111983 0.056950 0.147083 0.040161 -0.096799 0.013863 -0.058771 0.043740 0.053726 -0.088328 0.077045 0.031733 -0.046447 0.074827 -0.006021 0.081337 0.018507 -0.081303 -0.018306 -0.047795 -0.083558 0.050186 -0.055979 0.027579 -0.055705 -0.024056 0.071871 0.080393 -0.082533 -0.031319 -0.040703 -0.054386 0.025912 0.092632 0.011515 -0.033445 0.075504 0.035703 -0.026301 -0.034561 0.043304 -0.020707 -0.134169 0.064846 0.029922 -0.005947 0.011707 0.140590 0.096441 0.022116 0.048844 -0.088978 0.025502 0.175201 0.073241 -0.042035 -0.089092 -0.101926 0.029353 -0.051731 -0.001290 -0.074143 0.055875 0.000151 0.136166 0.028484 -0.059555 0.069429 -0.089259 0.063235 0.144625 0.020993 -0.099125 -0.115687 -0.023061 -0.125126 0.048336 0.071008 0.083879 0.028436 0.065241 -0.114658 0.024329 0.055735 -0.079295 0.091842 0.066759 -0.111662 0.091164 -0.033703 -0.068541 0.083295 0.120298 0.023872 -0.105665 0.067197 -0.049610 -0.273802 0.085522 0.059788 -0.069983 0.071918 -0.045767 -0.024992 -0.004601 -0.063980 -0.092534 0.086555 -0.031572 -0.092691 -0.015492 0.023761 -0.022635 0.012533 -0.032979 -0.183406 0.059736 0.014939 0.053014 0.048711 -0.046821 0.015952 0.003948 -0.056467 0.012938 -0.094229 -0.076899 -0.081972 0.037099 -0.073509 0.049825 0.046156 -0.019236 -0.127444 -0.098536 0.025121 -0.068818 0.023809 -0.111307 0.022315 -0.014586 -0.031524 -0.155882 0.041656 0.137538 -0.059521 0.001836 0.023331 -0.053713 -0.090317 0.011301 0.019296 0.024907 0.041301 0.020519 0.045946 0.016235 -0.136734 0.031203 0.052073 -0.090586 0.059554 -0.045838 -0.029700 0.000939 0.093934 0.060750 -0.102036 0.005024 0.081701 -0.088969 -0.037162 0.050901 0.072727 0.082634 -0.046505 -0.004905 -0.071668 0.039950 -0.058720 -0.132099 -0.014014 0.063431 -0.008582 -0.037552 -0.078040 -0.055762 -0.008092 0.026577 0.109294 -0.118945
T_1613 0.057913 -0.010141 0.041765 -0.054632 0.009214 0.021142 -0.021025 -0.002952 -0.029994 -0.050443 0.007541 0.125866 0.116428 0.037040 0.126548 0.070243 0.094457 -0.025126 0.082775 -0.003170 -0.090596 -0.060851 -0.033528 0.087889 -0.026906 0.092809 0.140895 0.109978 0.051483 -0.112473 0.098628 0.111795 -0.054916 0.001422 -0.040782 -0.090528 -0.006763 -0.009131 0.055708 0.002277 -0.011670 0.013400 -0.002972 -0.147660 0.059486 -0.078135 -0.074915 -0.052733 0.111873 0.095515 -0.083247 0.060342 0.010909 -0.049436 0.030873 -0.009332 -0.017554 -0.052772 -0.154166 0.058823 -0.056326 0.056066 -0.109808 0.027041 0.071971 -0.056519 -0.009045 -0.130574 -0.014132 -0.057575 0.020287 0.107539 0.129013 -0.090617 -0.066997 0.022327 -0.070475 -0.060107 0.048808 0.100819 0.041702 0.099428 0.017741 -0.076526 0.040104 0.087780 0.045482 0.073434 -0.135959 -0.017756 -0.040910 -0.093421 0.069057 0.006310 -0.035267 0.038995 0.119861 0.043778 -0.169371 0.080746 -0.032783 0.015685 0.114295 0.039535 -0.041249 0.086365 0.026414 0.006222 -0.077080 0.066766 0.074969 -0.054210 0.013073 0.020582 -0.008107 0.105440 -0.024066 0.055789 0.081410 -0.072137 -0.052972 0.086815 0.003585 -0.013281 0.019419 0.042090 0.112241 -0.130306 -0.025556 0.035241 -0.027269 -0.006662 -0.141289 -0.079973 -0.096835 -0.139442 0.030430 -0.007166 -0.031885 -0.032957 -0.049396 -0.035281 -0.045797 -0.086376 0.097153 0.022636 0.066337 0.011913 -0.068359 0.085749 0.087391 -0.049929 0.017176 -0.057869 0.014598 0.058726 -0.102255 0.061649 -0.080142 0.047481 0.043068 0.050056 -0.064688 -0.199418 0.033934 0.048750 0.038226 -0.067776 -0.058863 0.095668 0.064914 -0.002290 0.026191 -0.116181 0.054836 -0.104543 -0.025894 -0.055875 -0.030197 0.095498 -0.070043 -0.070280 -0.052414 -0.002190 -0.133419 0.015467 0.069274 -0.063750 -0.049057 -0.192441 0.039991 -0.103240
T_1616 -0.019750 0.072435 0.085112 0.109892 0.066329 -0.029040 0.097179 -0.021087 0.037806 0.032119 0.055483 0.074040 0.078342 0.046172 0.113344 0.041671 0.085442 -0.036060 0.072988 -0.046827 -0.068351 -0.023553 0.094329 -0.095129 0.081854 -0.057147 0.025351 0.021520 0.059505 -0.164688 -0.072813 0.077907 -0.055080 -0.007508 0.027923 0.042829 0.029622 0.076386 0.064620 -0.069879 -0.074861 0.049719 -0.064170 -0.057939 -0.013488 0.027268 0.015418 0.036149 0.129609 0.163717 0.077938 -0.011307 -0.126054 0.044325 0.089021 0.056806 -0.002170 -0.022442 -0.043820 0.021915 0.062779 0.027824 -0.070423 0.012570 0.028159 0.114938 -0.051456 -0.168155 0.038022 -0.065813 0.065633 0.209135 0.056592 -0.000379 0.024253 -0.231170 -0.049962 0.025779 -0.000101 0.107012 -0.001664 0.079726 0.017366 -0.011194 0.083042 -0.039385 0.031452 -0.005529 -0.118648 0.074032 0.001669 -0.004589 0.010004 0.085456 0.001158 0.051362 0.000149 0.031943 -0.157482 0.075598 0.069033 -0.053793 0.030743 -0.004692 -0.051492 -0.005752 -0.015170 -0.129966 0.108546 0.044288 -0.107167 0.004314 0.027872 -0.070049 0.075649 0.100047 -0.127557 0.046970 0.059050 -0.080297 0.005252 -0.072975 -0.009148 0.007711 -0.028180 0.049235 -0.053410 -0.091073 -0.024501 0.089549 -0.096129 0.089932 -0.059998 -0.014425 -0.112775 -0.158957 -0.027467 -0.077365 0.075209 -0.106519 -0.082325 -0.090043 -0.011429 -0.174303 0.023292 -0.006245 0.010589 0.003746 0.061362 0.002471 -0.074698 0.080119 -0.010940 -0.070575 0.124420 -0.000628 -0.027187 -0.002390 -0.110365 -0.015820 -0.057951 0.015370 0.011644 0.052107 -0.034782 -0.128337 0.162581 0.032495 -0.082857 -0.001543 0.029515 -0.069552 0.034704 0.047428 0.002390 0.093452 -0.077274 0.031389 -0.109143 0.069658 -0.081271 -0.018449 0.038066 0.078086 0.023505 -0.018255 -0.075483 -0.029842 0.018458 0.017350 0.136588 -0.052261
T_1644 0.038088 0.236938 0.084770 0.050376 0.006227 -0.054478 0.075923 -0.046190 0.119547 0.082530 -0.012815 0.042177 0.064533 -0.002394 0.081232 0.024650 0.035983 -0.029215 -0.015030 -0.026122 -0.025184 0.000233 0.184415 -0.028018 0.007806 -0.068237 0.002214 0.030536 0.060589 -0.076808 -0.001461 0.006414 -0.018920 -0.063264 0.011670 0.049783 0.028149 -0.003581 -0.011943 -0.049735 0.001593 0.011692 -0.052833 -0.044098 0.079234 0.005617 0.021137 0.054425 0.148954 0.109774 0.009487 0.016557 -0.145630 0.091955 0.166085 0.008637 -0.011276 -0.110133 -0.089273 0.032983 0.086209 0.066327 -0.095329 0.058486 0.069441 0.179764 0.023916 -0.042647 0.067421 -0.049518 0.070336 0.188482 0.084244 -0.089588 -0.009079 -0.098767 -0.074945 -0.064375 0.040031 0.056485 0.040846 0.101556 -0.021990 0.033691 0.089425 -0.070032 0.060546 0.073629 -0.169403 0.013544 -0.090757 -0.084418 0.120017 0.039483 -0.015984 0.005983 -0.040068 -0.065685 -0.212352 0.041932 -0.043695 -0.050399 0.086893 0.016105 -0.036781 0.001148 -0.037748 -0.047442 0.100505 0.039258 -0.047996 -0.063480 0.077763 -0.060843 0.008467 -0.014585 -0.113678 0.072934 0.056682 -0.049748 0.066928 0.002411 -0.051849 0.034909 0.014992 0.031413 -0.095204 0.008190 -0.033379 0.045857 -0.053038 -0.028146 -0.049667 -0.027638 -0.095162 -0.147748 -0.053058 -0.158463 -0.019677 -0.032953 -0.076666 -0.090744 -0.013933 -0.147429 0.080850 -0.043581 0.079548 -0.006765 -0.028961 -0.023382 -0.029282 0.064724 0.064090 -0.042524 0.069057 -0.078750 -0.009648 0.024783 -0.120246 0.008752 0.034626 0.034804 0.106579 0.075487 -0.075098 -0.065582 0.126954 0.098525 -0.062367 -0.076260 0.061635 -0.124201 -0.032864 -0.078213 0.001728 -0.032710 -0.005948 -0.025706 -0.086578 0.052173 -0.019615 -0.019638 -0.003559 -0.040025 -0.015583 0.002110 -0.055990 -0.010066 0.056942 0.022235 0.082985 -0.167679
T_1645 -0.028486 0.016506 0.039307 -0.084956 -0.041622 -0.080173 0.092103 0.048617 -0.049498 -0.013719 -0.058487 0.133964 0.120613 0.001078 0.038625 -0.036166 0.062039 0.076142 -0.027808 -0.060339 0.068321 -0.016991 0.048766 0.001696 -0.058518 0.111275 0.051887 0.119091 0.053242 -0.098282 -0.012550 0.186155 0.052102 0.043406 0.046015 -0.007014 0.043062 -0.044055 -0.001850 -0.037802 -0.045522 0.004824 0.019533 -0.031248 -0.068098 -0.042662 0.005856 0.019722 0.006346 0.129767 -0.034229 0.006564 -0.062002 -0.059424 0.063135 0.038476 -0.158472 0.040412 -0.146897 -0.007575 0.062908 -0.109586 -0.018079 0.025240 0.085012 0.042235 -0.032807 -0.060204 -0.000783 -0.110985 -0.020890 0.077290 0.026807 -0.172052 -0.040325 0.040944 0.002551 0.020035 -0.028736 0.128972 -0.003722 0.085712 0.056048 -0.013728 0.117122 -0.080868 0.066559 0.014742 -0.116990 0.112719 -0.002478 -0.082710 0.045849 0.210766 -0.009799 0.018630 0.143381 0.035307 -0.187093 0.016458 -0.018906 -0.048439 0.033935 0.050494 -0.057867 -0.045124 -0.131241 0.061233 -0.109302 -0.005103 -0.050516 -0.066041 0.109811 -0.092860 -0.038738 0.043435 -0.046069 0.046258 0.105183 -0.035557 0.056858 -0.014343 0.007526 -0.048473 0.142870 0.038310 -0.009201 0.001142 -0.051979 0.016685 -0.004944 0.001172 -0.036854 -0.060869 -0.170044 -0.127122 0.098276 -0.099462 0.027804 -0.072067 0.012309 -0.073825 0.047782 -0.084102 0.097647 0.010452 0.020802 0.037879 0.012144 -0.023091 -0.051283 -0.143696 -0.018542 -0.066175 0.071653 0.033038 -0.162270 0.026003 -0.129973 -0.034086 -0.061625 -0.005615 -0.054895 -0.063120 0.004673 0.104181 -0.004174 -0.060786 -0.001706 0.059041 0.122702 -0.011720 0.030950 -0.016129 0.022031 -0.011605 -0.051445 -0.021563 -0.036594 0.115005 -0.154718 -0.133774 0.022557 -0.031478 -0.011147 -0.086675 -0.051618 -0.002340 -0.002294 -0.127110 0.039494 -0.113257
T_1659 0.058632 0.012761 0.060081 -0.061588 -0.040831 0.047295 -0.044693 -0.054057 -0.160565 0.023934 0.021182 0.103328 0.069060 0.010728 0.073044 0.008004 0.103619 -0.059975 0.022847 0.041272 -0.001003 0.012186 -0.053053 0.049588 0.064113 0.084749 0.042385 0.088900 0.106084 -0.111928 0.078932 0.144353 -0.113506 0.041830 0.012144 -0.008902 -0.028527 0.036644 0.104652 -0.119769 -0.059162 0.098118 -0.004320 -0.085417 0.135352 0.001976 -0.122261 -0.025818 0.060606 0.028557 0.001572 0.056236 0.086014 -0.112322 -0.002631 -0.013092 0.025270 -0.026320 -0.066779 0.053789 -0.034999 0.006649 -0.138000 -0.017542 0.051408 0.001124 -0.030612 -0.034481 -0.088243 -0.039563 0.004861 0.052068 0.114530 -0.085993 -0.097322 -0.015320 -0.123190 -0.048888 0.079806 -0.004532 -0.007074 0.121441 -0.010991 -0.043212 -0.012772 0.000122 -0.009716 0.078958 -0.108824 -0.018625 -0.083618 -0.194332 0.030788 0.098661 -0.177446 0.002263 0.064331 0.001947 -0.114576 0.134924 -0.069610 0.096223 0.088534 0.003063 -0.033437 0.019907 -0.095105 -0.048480 -0.139210 0.035187 -0.005358 0.037969 0.032448 -0.003572 -0.029611 0.141989 -0.095444 0.111624 0.053516 -0.036973 -0.049762 0.006856 -0.012959 0.018408 0.060873 0.031673 0.124226 -0.000622 -0.005485 0.027566 -0.013761 -0.005541 -0.116391 -0.098686 -0.086958 -0.007062 0.061983 0.012216 0.063308 0.025110 0.009790 -0.057837 -0.009650 -0.114322 0.078174 0.016945 0.017945 -0.007311 -0.065248 0.108372 0.006609 -0.018741 0.113802 0.063257 0.041177 0.152055 -0.081434 0.027033 -0.168488 0.003611 0.006886 0.074098 0.027760 -0.106777 -0.105538 -0.028499 0.101073 -0.087817 -0.022624 0.021543 0.049563 -0.028277 -0.030626 -0.072846 0.013458 -0.082314 -0.005960 -0.091795 0.052435 0.092230 -0.141673 -0.022671 -0.006105 -0.022400 -0.111801 -0.070571 -0.001897 -0.072755 -0.016775 -0.187738 0.025284 -0.071866
T_1660 -0.015388 -0.011610 0.060670 -0.108222 0.047142 0.055675 -0.079501 0.044408 -0.134138 -0.095257 -0.005188 0.134408 0.101385 -0.028712 0.187450 0.051274 0.097286 -0.083144 0.103316 0.064125 -0.078159 -0.059970 -0.040070 0.033647 0.048336 0.046805 0.016121 0.068050 0.140276 -0.088003 0.109563 0.057362 -0.097629 0.004442 -0.102629 0.040443 -0.016653 -0.058327 0.039126 -0.047395 0.001027 0.027296 -0.018037 -0.089113 0.112824 -0.086854 -0.033834 -0.050298 0.059220 0.087081 0.004308 0.074383 0.067558 -0.136215 -0.016715 0.058986 -0.015532 -0.054865 -0.083799 -0.022107 -0.039607 -0.008081 -0.121707 0.039307 0.061082 -0.007034 0.037267 -0.037990 -0.023188 -0.088166 -0.038508 0.112177 0.068045 -0.135725 -0.060379 0.090729 -0.097321 -0.064760 0.002464 0.035358 0.011009 0.046126 0.021553 -0.033849 0.019843 0.065545 -0.010397 0.088938 -0.034375 -0.034307 -0.102719 -0.118111 -0.031253 0.051347 -0.030970 -0.043453 0.090572 -0.004760 -0.118645 0.201589 0.003512 0.078665 0.032694 0.035709 0.063333 0.120697 0.011269 -0.063410 -0.083958 0.047580 0.020687 -0.003269 -0.020328 -0.020177 0.025580 0.100691 -0.022001 -0.010440 0.080167 -0.086066 -0.036963 0.066459 -0.071194 0.037933 -0.005126 -0.013077 0.128987 -0.013068 0.028596 0.023663 -0.058357 -0.046849 -0.015378 -0.058239 -0.057871 0.004951 0.043264 -0.001339 -0.016895 -0.107010 -0.031024 -0.003732 0.013506 -0.134087 0.060449 -0.038277 0.094884 0.021419 -0.119110 0.120935 0.073273 0.017477 0.001443 0.052140 0.105721 0.123801 -0.148416 0.037373 -0.120798 0.073845 0.138603 0.076294 -0.036494 -0.116423 -0.023177 -0.035950 0.036965 -0.147193 0.015898 0.015105 0.094334 0.028438 0.018152 -0.066392 0.011002 -0.066414 -0.046932 -0.057569 0.087503 0.111511 -0.111991 -0.086282 -0.018957 0.033178 -0.113409 -0.060696 0.012698 -0.078415 0.030480 -0.172589 0.040242 -0.058661
T_1674 -0.115275 -0.108474 0.030956 -0.048891 0.065319 -0.027390 -0.009989 0.005729 -0.146676 -0.100491 -0.004247 0.145722 0.009639 -0.003919 0.077721 -0.056467 0.111867 0.003553 -0.017493 -0.060900 -0.049933 -0.134897 0.032382 0.052096 0.102653 0.108749 0.068566 -0.007136 0.086586 -0.056804 -0.038192 0.143057 -0.110275 0.037647 -0.033875 -0.105038 -0.003874 0.007912 0.100976 -0.053121 0.015535 0.062356 0.010531 0.020723 -0.017614 -0.136703 -0.085620 -0.122245 0.102042 0.026883 -0.040315 0.046781 0.118901 0.066899 0.049965 0.083989 -0.064310 0.017016 -0.120778 0.010555 -0.085849 0.059687 -0.032823 0.015535 0.102362 -0.050078 -0.021368 -0.090674 0.057898 -0.017210 -0.010483 0.022261 -0.033518 -0.162180 -0.032555 0.031544 -0.072872 -0.040808 -0.017029 0.028196 0.048211 0.109921 -0.003948 -0.053167 0.029308 0.036698 0.023684 0.032990 -0.079477 0.085172 -0.108929 0.012162 0.059978 0.083495 -0.057039 0.048266 0.119554 0.093028 -0.142358 0.026479 -0.009946 0.067024 0.017880 0.123033 -0.017770 -0.056247 -0.031803 -0.040700 0.095745 -0.083073 0.009815 0.022052 0.057488 0.009212 -0.028592 -0.056273 0.016047 0.150517 0.188597 -0.031021 0.008078 0.010488 -0.086286 0.090965 0.026772 -0.032667 0.132002 -0.088926 0.027532 -0.002971 -0.023176 -0.020498 -0.142596 -0.146946 -0.108349 -0.099349 0.048898 -0.051936 -0.076803 -0.018622 -0.006700 -0.010136 0.034666 -0.140779 0.133548 -0.005167 0.014414 -0.022801 0.028529 0.010823 0.111380 -0.137616 0.061714 -0.076454 0.092073 0.016984 -0.094296 0.022833 -0.132718 0.078600 0.008876 0.070797 0.011120 -0.174799 -0.024223 0.008690 -0.023056 0.009133 -0.084646 0.029943 0.099885 0.012064 -0.015565 0.014069 0.116542 -0.051377 -0.010185 -0.031857 0.012077 0.105435 -0.002351 -0.094269 0.039777 -0.030408 -0.040952 -0.034951 -0.012511 -0.065794 0.003018 -0.130427 0.017129 -0.026285
T_1711 0.029645 -0.049100 0.014622 0.067240 -0.014885 -0.004869 -0.008533 0.042332 -0.056647 0.117423 0.042404 0.102239 0.021286 0.010996 0.054129 -0.098578 0.135301 0.044418 0.002672 0.039360 0.082632 -0.128336 -0.003388 -0.016661 0.054075 0.013722 0.074122 0.046020 0.059123 -0.061929 -0.070122 0.130568 -0.086466 -0.075323 -0.051933 -0.148370 -0.025500 -0.078557 0.145706 -0.082256 -0.008638 -0.041313 -0.050556 -0.048695 0.010284 -0.036970 0.032857 -0.066348 0.137502 0.136092 -0.034810 -0.035714 0.050387 -0.010837 0.069383 0.033009 -0.093676 0.032447 0.015639 -0.070720 -0.084057 0.063446 -0.095540 0.008155 0.114405 0.018623 0.066460 -0.076475 0.089261 -0.127760 0.069641 0.058826 0.029007 -0.038652 0.090487 -0.059698 -0.015194 -0.099829 0.017462 0.079357 0.001684 0.008364 0.003445 -0.029314 0.109351 0.069120 0.085433 -0.019602 -0.097082 0.006454 -0.029315 -0.035173 0.004119 0.013368 -0.048347 0.134893 0.001013 -0.045310 -0.109659 0.012979 -0.044462 -0.018891 0.063072 0.107876 0.030515 -0.011402 -0.024094 -0.000549 0.051721 0.035089 -0.036430 -0.009286 0.101067 -0.034536 0.016740 0.005200 0.029411 0.179375 0.258329 0.022623 -0.099896 -0.015726 -0.033388 0.097219 0.061945 -0.031927 0.064404 -0.078887 -0.059027 0.014047 -0.096456 -0.009475 -0.095613 -0.100149 -0.116621 -0.077800 0.079784 -0.092769 -0.058518 0.013550 -0.052453 -0.096183 -0.022151 -0.100286 0.117372 0.034206 0.054674 -0.007346 0.047641 0.050748 0.020014 -0.089523 0.017919 -0.076357 0.077002 -0.072082 -0.116709 0.053158 -0.030274 -0.062577 0.035332 -0.018619 0.068923 -0.112221 -0.012554 0.000937 -0.019929 -0.038469 -0.017872 0.091761 0.155066 -0.084626 -0.043091 -0.035700 0.024435 0.034597 0.037397 -0.126082 -0.032600 0.084128 -0.034804 -0.119725 0.040113 -0.138673 -0.012869 -0.028515 0.023200 -0.126164 0.009629 -0.193191 0.119574 0.010298
T_1717 0.018444 0.044147 0.060140 0.064332 0.008151 0.059185 -0.024163 -0.042270 -0.101092 0.101788 0.060734 0.126071 0.077307 0.082524 0.017036 0.019876 0.058308 0.043246 0.059183 0.038576 -0.061155 -0.063783 -0.066543 0.004866 -0.043597 0.057178 0.111318 -0.002711 0.099183 -0.095420 0.014216 -0.004163 -0.053744 -0.133591 -0.045894 -0.023860 -0.052135 -0.118011 0.170987 -0.103301 0.001184 -0.039278 0.035047 -0.142345 0.005889 -0.054206 -0.007180 -0.052985 0.110631 0.132051 -0.042873 0.032501 -0.005045 -0.008068 0.089579 -0.023806 -0.064288 0.021527 -0.094897 0.025895 0.016091 0.063751 -0.086540 -0.054385 0.044858 -0.037001 -0.014329 -0.075603 -0.034934 -0.127296 0.058747 0.099189 0.138262 -0.135683 -0.005407 0.027956 -0.059682 -0.059542 -0.093653 0.015943 -0.050056 0.053479 0.021013 -0.045079 0.034388 0.022569 0.057123 -0.004603 -0.162569 -0.107336 -0.082751 -0.151409 -0.047761 0.050697 -0.039344 0.064798 0.047139 -0.013519 -0.068301 0.092463 -0.151777 0.071055 0.034049 0.039860 0.055699 0.049632 -0.114572 -0.042819 -0.079711 -0.002254 -0.010266 -0.140491 0.118692 -0.055105 -0.009880 0.039445 0.007224 0.090158 0.233881 0.004100 -0.076001 0.005457 -0.026996 0.019708 0.056124 -0.000002 0.117011 -0.040141 0.002228 0.096338 -0.095791 -0.000180 -0.096425 -0.125087 0.004520 -0.077361 0.098068 -0.012669 0.126758 -0.084744 -0.012898 -0.031438 -0.046411 -0.012836 0.121251 0.007052 -0.011013 0.056365 0.011973 0.075378 0.043383 -0.086580 0.037094 -0.042501 0.018447 0.017409 -0.101612 0.064984 -0.056851 -0.064912 0.040260 0.097798 -0.007249 -0.059111 -0.020576 0.072861 -0.031822 -0.026222 -0.041407 0.016893 0.026018 -0.049848 -0.033556 -0.096903 -0.077527 -0.059554 -0.005162 -0.078214 -0.069456 0.128824 -0.049866 -0.079512 -0.046779 -0.079451 0.017838 -0.047395 -0.048267 -0.128286 -0.022701 -0.161256 0.126701 -0.070501
T_1723 0.062054 -0.054111 -0.007327 -0.059188 -0.006190 0.040035 -0.175969 0.032422 -0.073610 -0.011279 0.009197 0.069614 0.001607 -0.035204 0.076119 0.138260 0.040447 -0.106606 0.114451 0.125521 -0.047819 -0.038704 0.018269 0.014066 0.002174 0.028106 0.075906 0.110154 0.042593 -0.081810 0.040300 0.037207 -0.093918 -0.062406 -0.090751 -0.074542 0.005625 -0.043150 -0.087894 -0.040308 -0.100012 -0.020750 -0.043715 -0.182730 0.078275 -0.153689 0.048347 -0.052683 0.058771 0.130121 -0.009174 0.096669 0.056906 -0.156345 -0.010909 0.120840 -0.054288 -0.086219 -0.088787 0.017602 -0.008463 0.008769 -0.057450 0.015941 0.111154 0.052650 0.069117 -0.014090 0.059751 -0.070960 -0.028924 0.125944 0.036695 -0.068981 0.016212 0.009726 -0.149192 -0.092573 0.006800 0.075846 -0.019193 0.126329 -0.014835 -0.014334 -0.023034 0.031495 0.055345 0.108899 -0.008743 -0.036075 -0.048752 -0.092044 -0.019668 0.076681 -0.048627 0.001737 0.101921 0.049876 -0.145997 0.110331 0.090959 0.007027 0.017141 -0.002168 -0.027130 0.184983 -0.037193 -0.032913 -0.097939 0.048076 -0.008922 -0.080667 0.010963 0.021090 -0.009058 0.125039 -0.009637 -0.065370 0.048096 0.020728 -0.047889 0.027050 -0.054550 0.029517 -0.079457 -0.074387 0.048417 0.037110 -0.007944 0.053130 -0.077660 -0.018012 0.028236 0.041287 0.006476 -0.006422 0.068361 -0.010789 -0.050992 -0.052542 -0.052256 0.032705 0.034255 -0.142919 0.005267 0.072127 0.078955 0.046206 -0.089946 0.137981 0.060806 0.070628 -0.034306 0.010992 0.060073 -0.012225 -0.081136 -0.021132 -0.093076 0.094742 0.138566 0.020297 -0.038410 -0.127253 0.008529 -0.034141 0.056759 -0.137527 -0.090006 0.127583 0.091574 -0.065035 0.071313 -0.040527 0.060202 -0.118688 0.037072 -0.076641 -0.029042 0.125262 -0.078856 -0.132911 0.028698 0.028065 -0.084571 -0.017132 0.041024 0.043825 0.012335 -0.140123 0.043731 -0.015846
T_1724 -0.110810 0.057519 0.087262 0.015794 0.040721 -0.073527 0.035882 -0.053734 -0.026017 -0.019786 -0.126622 0.048756 0.136988 -0.033162 0.100491 -0.027891 0.068401 0.017146 -0.036343 0.039614 -0.015446 -0.079998 0.064763 0.040583 -0.080962 0.038895 -0.022145 0.050194 0.019735 -0.138001 -0.003890 0.086995 -0.002338 0.017887 0.021578 -0.073154 0.044820 0.043827 0.060146 -0.125865 -0.078362 0.068731 0.019619 -0.076849 0.012151 0.027544 -0.056013 -0.023980 0.119941 0.066405 0.001453 -0.003452 -0.047257 -0.006377 0.042083 0.088830 -0.076850 -0.049636 -0.097771 0.010917 0.029818 0.034343 -0.010700 0.071552 -0.009097 0.097539 0.057365 -0.131710 0.022414 -0.120846 0.019233 0.101790 0.060504 -0.129651 -0.096984 -0.012084 -0.035056 -0.146995 -0.082646 0.098980 -0.066571 0.090433 0.025925 -0.040900 0.044483 -0.009413 0.011877 0.019412 -0.138289 0.104868 -0.001394 -0.130544 0.020351 0.236920 -0.064113 -0.045618 0.034817 -0.034075 -0.167261 0.116948 0.012810 -0.090675 0.043706 0.089654 -0.055828 -0.099039 -0.060267 -0.019262 0.035003 0.013497 -0.023305 -0.008616 -0.020490 -0.125973 -0.048366 0.055273 -0.169542 0.078987 0.052869 -0.014067 0.077601 0.147802 -0.058661 0.028038 0.004109 -0.092731 -0.062213 -0.050768 -0.004776 0.010693 -0.052718 -0.008369 -0.036588 0.002967 -0.128690 -0.104426 0.059234 -0.107135 0.087107 -0.119471 0.028656 -0.118817 0.026515 -0.029801 0.088552 0.070325 0.026329 0.095128 0.099921 0.015908 -0.097837 0.012665 -0.025396 0.058437 0.060633 0.028611 -0.047497 0.035559 -0.102499 -0.059089 0.045156 -0.022314 -0.008982 -0.105265 -0.047156 -0.004518 0.152065 -0.049472 -0.043374 0.079413 0.062921 -0.097420 -0.051562 -0.034776 0.038757 0.020777 -0.126642 -0.000868 -0.091478 0.082752 -0.082364 -0.104716 0.063114 -0.019963 -0.000983 0.031209 -0.134909 -0.037966 -0.020525 -0.009111 0.056474 -0.087863
T_1726 -0.076085 -0.002325 0.056810 0.035509 0.051549 -0.058209 0.058924 -0.036288 -0.082652 -0.055345 -0.073674 0.153236 0.096802 0.003590 0.153397 0.013268 0.133868 0.064102 0.049421 -0.008862 0.003644 -0.067933 0.130379 0.083049 -0.079958 0.073737 -0.089864 0.032575 0.034715 -0.178951 0.017308 0.052534 -0.026924 0.041446 -0.021150 -0.065843 -0.004647 -0.008850 0.018411 -0.077428 -0.096697 0.036871 -0.022143 -0.084338 0.048797 -0.004045 -0.038332 0.015945 0.140320 0.050953 -0.031538 0.035355 -0.064934 0.052004 0.091294 0.106198 -0.000115 -0.058564 -0.190131 0.002878 -0.010683 0.065741 -0.055072 0.109505 0.058146 0.159447 -0.036278 -0.149326 0.084208 -0.056972 0.036619 0.065135 0.042211 -0.082719 -0.064124 -0.115249 -0.023976 -0.069208 -0.063292 0.063921 -0.017380 0.062371 0.001823 0.081047 0.033886 -0.068606 -0.025296 -0.050035 -0.081198 0.066188 0.023658 -0.058411 0.042283 0.095667 -0.064013 -0.002653 -0.033006 -0.088097 -0.199722 0.058747 0.122601 -0.004570 0.074310 0.059131 -0.000232 -0.030157 -0.113450 -0.068065 0.095866 -0.018537 -0.041793 -0.039390 0.028481 -0.134058 -0.022327 0.043854 -0.099539 0.103737 0.066564 -0.104694 0.176139 0.115387 0.009758 0.038846 0.081594 -0.030842 -0.068459 -0.094754 -0.035071 0.016876 -0.008601 0.027406 -0.105474 0.035415 -0.120225 -0.099506 0.063210 -0.071635 0.025503 -0.151144 0.033143 0.002461 0.052766 -0.041532 0.092968 0.031637 -0.025780 0.060328 0.073948 0.005205 -0.038505 0.018210 -0.010419 -0.042943 0.023594 0.035335 -0.075904 0.032736 -0.138193 -0.052177 0.104570 -0.021484 0.027051 -0.072062 -0.070777 -0.008869 0.080955 -0.075482 -0.045615 -0.041856 0.031637 -0.049625 0.041920 0.012298 0.153381 0.001893 -0.038116 -0.031558 -0.037325 0.083618 -0.079410 -0.084878 0.084160 -0.008018 0.038849 0.011638 -0.068305 -0.040590 0.018093 0.038870 0.077527 -0.123407
T_1731 -0.122720 -0.007083 0.093830 -0.026258 -0.004693 -0.022848 0.077102 -0.004707 -0.096187 -0.054444 -0.039420 0.023772 0.026431 -0.044692 0.078162 -0.052821 0.043660 0.082397 -0.061027 0.000926 0.021636 -0.049059 -0.001208 -0.005756 -0.070216 0.112841 0.006320 0.173653 0.052397 -0.087203 0.031938 0.159931 -0.041219 0.024007 0.018986 -0.022466 0.010778 -0.030040 0.029593 -0.104043 -0.079619 0.037513 0.004606 -0.006027 -0.048793 0.018215 -0.000103 0.066582 0.063651 0.065215 -0.039911 0.004953 -0.017797 -0.003115 0.005890 0.055332 -0.061591 -0.004085 -0.116936 0.034306 0.048865 -0.050875 -0.056232 0.013630 0.049020 0.021374 0.004093 -0.115597 0.043801 -0.062394 -0.042269 0.055281 0.017171 -0.029182 0.004069 -0.022229 -0.068946 -0.086678 -0.058244 0.090945 0.021608 0.055844 0.085833 0.012658 0.089086 -0.002289 0.017109 -0.067473 -0.078285 0.140069 0.053204 -0.125612 0.140344 0.195592 -0.018133 -0.048728 0.146172 -0.016380 -0.266170 0.132990 0.103843 -0.043503 0.001426 0.090475 -0.040371 -0.064424 -0.017967 0.060317 0.013097 -0.041367 -0.025982 0.035662 0.055850 -0.029768 -0.023110 0.073212 -0.075278 0.037823 0.038193 -0.025893 0.074072 0.058833 0.010065 -0.044357 0.109552 -0.018525 -0.060975 -0.090042 0.015097 0.109631 -0.032430 -0.024349 -0.030720 -0.013325 -0.215071 -0.216549 0.140018 0.018666 0.061580 -0.078094 -0.014503 -0.033241 0.039595 -0.023932 0.074885 0.063626 -0.083561 0.028757 0.054642 0.029432 -0.041240 -0.079914 -0.078685 0.019228 0.118773 0.075935 -0.105048 -0.046945 -0.135501 0.019679 0.029400 0.002153 -0.040631 -0.080650 0.020313 0.086882 0.006449 0.020694 -0.132555 0.028116 0.061285 -0.066054 0.024353 0.011180 0.114520 -0.012234 -0.005584 -0.061277 -0.094374 0.178587 -0.156994 -0.061279 0.071215 -0.038678 -0.060463 -0.011395 -0.087506 0.012116 0.030440 -0.004693 0.085707 -0.068748
T_1737 -0.047177 -0.052276 0.007919 0.027159 0.005938 0.008819 -0.005799 0.038331 -0.230250 0.000152 -0.005215 0.050355 0.058194 0.030171 0.071774 -0.159904 0.053521 0.043654 0.048499 -0.084404 0.029588 0.019947 -0.058987 -0.072779 -0.002291 0.090108 0.045011 0.068199 0.089413 -0.101263 0.007712 0.112643 0.056669 -0.069209 -0.035842 0.002667 0.037346 -0.095894 0.042200 -0.040348 -0.050706 0.010864 -0.014639 -0.151056 -0.021001 -0.122551 0.012014 -0.040503 0.079095 0.050887 -0.041920 0.083581 -0.027520 -0.100485 0.138901 0.069907 -0.074163 -0.024405 -0.077464 -0.063128 0.048277 -0.053201 -0.097752 0.036230 0.049481 0.033964 -0.003604 -0.060303 -0.046011 -0.114328 -0.017646 0.072262 -0.000088 -0.231012 0.000188 0.050073 -0.057617 0.016409 -0.052025 -0.018066 0.011398 0.029957 -0.021895 0.002941 0.106295 -0.035121 0.114117 -0.044203 -0.133208 0.113940 0.022162 -0.084318 0.061531 0.158105 -0.023676 0.056524 0.097591 0.027871 -0.115129 0.042163 -0.066498 0.015760 -0.011167 0.083290 -0.034360 -0.040150 -0.066881 -0.036941 -0.042188 -0.046115 -0.087206 -0.032974 0.045497 -0.131660 -0.056148 0.003855 0.044518 0.023087 0.214503 0.031795 0.011330 0.002175 -0.025003 -0.044362 0.192132 0.005326 0.084773 -0.031585 -0.045237 0.024209 0.009192 0.011657 -0.087616 -0.082261 -0.112600 -0.067813 0.030223 -0.009401 0.022337 -0.075004 0.048860 -0.045377 0.102638 -0.134627 0.025503 -0.074884 -0.002611 0.012993 0.063039 0.041545 0.008832 -0.119903 -0.061985 -0.009669 0.034814 -0.030723 -0.164598 -0.005622 -0.146961 -0.039664 -0.021722 -0.023785 0.034037 -0.035800 -0.003385 0.004423 -0.042026 -0.073842 0.060124 -0.016621 0.046896 -0.026969 0.014665 0.059838 0.009829 -0.005531 0.025261 0.072327 0.012204 0.112582 -0.200696 -0.197267 -0.022250 -0.051367 0.076079 -0.028337 -0.032571 -0.046810 -0.011215 -0.124015 0.057339 -0.058509
T_1752 -0.079022 0.077432 0.031299 0.063149 0.092177 -0.007261 0.079194 0.024839 -0.051106 0.026997 -0.075993 0.041119 0.059011 -0.028527 0.150047 -0.055181 0.062016 0.010486 0.093679 -0.031552 0.024859 -0.032220 0.107926 -0.017949 0.020678 0.067902 -0.068282 0.005838 0.024509 -0.157410 -0.054753 0.071468 -0.024673 -0.008950 -0.034911 0.054380 0.008407 0.050026 -0.016945 -0.046842 -0.065303 0.055503 -0.032184 -0.044708 0.064884 -0.009005 -0.051371 -0.006884 0.057669 0.040144 0.014875 0.033048 -0.077499 0.040520 0.073529 0.123490 0.024185 0.031270 -0.095050 0.065483 -0.046970 0.070196 -0.022756 0.046581 0.062780 0.104955 -0.108695 -0.122976 0.125976 -0.069730 0.027077 0.080826 0.051434 -0.110563 -0.091320 -0.159058 -0.076567 -0.005759 -0.018053 0.079290 0.070801 0.094609 -0.051050 -0.094466 0.056600 -0.066139 0.098686 -0.010036 -0.130846 0.029583 0.016156 -0.011011 0.044559 0.169410 -0.029950 -0.074630 -0.013457 -0.052917 -0.223873 0.096023 0.079619 -0.000517 0.048014 -0.007625 -0.096890 0.016817 -0.106774 -0.047918 0.105062 -0.065099 -0.050605 0.026565 -0.009551 -0.163663 0.006086 0.085551 -0.077010 0.076216 0.035677 0.001554 0.014368 0.000009 -0.044661 0.051627 -0.001538 0.015345 -0.136230 -0.094680 -0.078238 -0.031916 0.041751 0.084838 -0.075373 0.009844 -0.203492 -0.074607 0.009603 -0.000329 0.043251 -0.158200 0.022324 -0.102501 0.000120 -0.146309 0.005434 0.029848 -0.054272 0.068013 0.110532 -0.074348 -0.031023 0.014461 -0.071866 0.020035 0.132567 0.024049 -0.069419 0.041021 -0.119204 -0.017726 0.070824 -0.009338 0.060154 -0.069336 0.033310 -0.071323 0.093973 -0.066277 -0.076764 -0.061663 -0.005938 -0.087111 0.081182 0.067100 0.056570 0.040696 -0.124976 0.040099 -0.045002 0.078471 -0.053047 -0.070173 0.077834 -0.000932 0.053647 -0.032767 -0.126971 -0.012925 0.035921 0.016751 0.125987 -0.062675
T_1753 -0.045777 -0.027037 0.031112 -0.065167 -0.046057 0.037592 -0.060280 0.019937 -0.099430 -0.025087 0.065116 0.088496 0.029569 -0.017191 0.099996 -0.025853 0.119226 -0.032559 0.060580 -0.031494 -0.000656 -0.007035 -0.048799 -0.032219 0.079551 0.138741 0.041298 0.050022 0.126598 -0.190123 0.045739 0.134936 -0.020854 -0.021573 -0.044541 0.023171 -0.057311 -0.031970 0.042714 -0.084970 -0.038916 -0.006085 0.024059 -0.091791 0.023339 -0.105604 -0.093925 -0.077599 0.142258 0.075436 -0.026230 0.020473 0.080716 -0.080478 0.073812 0.094740 -0.058647 -0.046108 -0.149868 0.043995 -0.011540 -0.102029 -0.111581 -0.001377 0.067947 -0.026737 -0.032095 -0.079868 -0.019833 -0.134508 0.050730 0.066689 0.066787 -0.138947 -0.079604 0.069063 -0.091826 -0.068197 0.041903 0.051333 -0.010313 0.138325 0.029499 -0.055856 0.034749 -0.051916 0.010084 -0.022391 -0.130062 0.073704 -0.064337 -0.073941 0.011553 0.032399 -0.032845 0.082709 0.104483 0.038147 -0.158044 0.151516 -0.136626 0.054354 0.017499 0.080558 -0.031558 0.001779 -0.018501 -0.027540 -0.064365 0.046510 -0.030972 -0.030576 0.061346 -0.072883 0.007093 0.080388 -0.036748 0.102798 0.104530 -0.051183 0.018381 0.093379 -0.063472 0.032834 0.006897 -0.010947 0.108329 -0.116069 -0.007877 0.039905 0.027841 -0.014030 -0.114829 -0.026623 -0.090820 -0.078985 0.100882 -0.040429 -0.021369 -0.083330 -0.014393 -0.003608 0.027120 -0.114432 0.100594 -0.027683 0.025081 0.029827 -0.055390 0.085024 0.045557 -0.080286 0.016467 -0.097425 0.064091 0.078043 -0.139366 0.035836 -0.078737 0.015836 0.066849 0.056279 -0.010435 -0.135141 -0.020850 0.000051 0.059322 -0.087938 -0.040258 0.022053 0.026187 0.034072 0.068692 -0.136292 0.061697 -0.056237 -0.024128 -0.036419 0.015650 0.172855 -0.107591 -0.071492 0.025533 -0.046139 -0.088948 -0.085169 0.032290 0.032361 -0.060107 -0.128083 0.080066 -0.119656
T_1759 -0.136949 -0.071732 0.132012 0.052961 0.051927 -0.059324 -0.003130 0.045271 -0.073409 -0.047301 -0.136118 0.048166 0.121355 -0.040646 0.146871 -0.074643 0.031671 0.123931 0.017983 -0.007301 -0.050895 -0.103969 -0.013721 0.102872 -0.068883 0.042042 -0.025286 0.111347 0.047960 -0.163511 -0.013689 0.038684 -0.059105 0.040016 0.083099 -0.012162 -0.012129 0.073136 0.005026 -0.055538 -0.027481 0.025821 0.005998 -0.080938 0.035480 0.041461 0.047114 -0.036927 0.034828 0.015383 -0.061900 0.095792 -0.003253 -0.005079 0.043344 0.114991 -0.050489 0.014527 -0.159080 -0.043963 0.006733 -0.050818 -0.041477 0.075245 0.061245 0.055595 -0.024452 -0.147008 0.007421 -0.124902 -0.030224 0.072665 0.017592 -0.115701 -0.057849 -0.069564 -0.074164 -0.093732 -0.042416 0.079499 -0.064282 0.037446 0.043175 0.049107 0.024787 0.005865 0.020216 -0.017091 -0.046367 0.141518 0.052813 -0.095933 0.060819 0.117920 -0.004687 -0.100433 0.103342 -0.031457 -0.265645 0.088594 0.097059 -0.052788 0.022555 0.115011 0.021158 -0.070492 -0.060417 0.003821 0.008900 -0.056365 0.004234 -0.019617 -0.003403 -0.063594 -0.020759 0.078748 -0.037852 -0.003818 0.044439 -0.030551 0.107938 0.082203 -0.030745 -0.058470 0.025762 -0.107162 -0.081069 -0.123980 -0.025194 0.102697 -0.046895 0.034720 -0.013057 -0.051290 -0.157362 -0.153558 0.110732 -0.032887 0.093188 -0.086698 0.032260 -0.023063 0.084966 -0.055728 0.085763 0.062129 -0.038270 0.040199 -0.001699 0.011505 -0.057855 -0.068547 -0.044119 -0.007713 0.078017 0.080245 -0.079245 -0.028689 -0.158247 -0.006760 0.098304 -0.027988 0.015572 -0.009234 -0.044397 -0.007486 0.067553 -0.027022 -0.082238 -0.006140 0.028584 -0.039569 -0.002016 0.047474 0.065791 0.005972 -0.057530 0.003570 -0.022835 0.163851 -0.089925 -0.092323 0.133364 -0.014762 0.015335 0.024342 -0.111910 -0.065877 -0.033252 0.057485 0.056631 -0.098480
T_1766 -0.116745 0.012595 0.004703 0.066177 0.064922 -0.101434 0.067920 -0.021347 -0.112578 -0.026937 -0.110654 0.124824 0.117171 -0.008988 0.133855 -0.122181 0.057855 0.020590 0.014772 -0.005877 0.009872 -0.108259 0.116372 -0.040286 -0.039600 0.040110 -0.014550 -0.009218 -0.052722 -0.013012 0.035431 0.053243 0.013319 0.042510 0.008091 0.051229 0.031697 0.076840 0.022377 0.063859 -0.047141 0.058005 0.044437 -0.018823 0.141228 -0.086903 -0.036845 0.036535 0.102923 0.025745 -0.042203 0.021440 -0.128710 0.000822 0.095194 0.023023 0.061598 0.010005 -0.060050 0.047055 -0.085625 0.069713 -0.012959 0.124540 0.064811 0.162766 -0.109480 -0.115282 0.094599 -0.163143 0.063032 0.099352 0.074030 -0.145948 -0.057554 -0.044209 -0.080121 -0.022030 -0.109235 0.088415 0.055594 0.087849 -0.107169 -0.006072 0.039162 -0.067207 -0.007799 -0.015608 -0.099896 0.083628 0.034846 -0.059174 -0.004197 0.195313 -0.020592 -0.005519 0.052474 -0.132404 -0.211506 0.119802 0.081241 -0.040517 0.110111 0.012507 -0.089875 -0.010089 -0.067355 -0.071929 0.103093 -0.055537 -0.130925 -0.035401 0.037555 -0.113220 -0.005321 0.023578 -0.023702 0.096764 0.004261 0.004497 0.083270 0.079226 -0.020608 0.027045 0.065255 0.047532 -0.097326 -0.034748 0.013436 0.004006 0.034075 -0.000419 -0.003439 0.001402 -0.111819 -0.031585 0.058012 0.000923 -0.051059 -0.137058 -0.075823 -0.029345 -0.067423 -0.051630 0.065881 0.042402 -0.060139 0.071396 0.097738 -0.006212 -0.082830 0.009758 0.057841 -0.025768 0.015056 0.068959 -0.069701 0.022536 -0.095902 -0.015728 0.106051 -0.092862 0.088244 -0.002147 0.006271 -0.001612 0.072705 0.010526 -0.049032 0.014533 0.055773 -0.032529 0.088206 0.052426 0.079966 -0.003045 -0.076983 0.063531 -0.002509 0.051455 0.029236 -0.132318 0.024609 0.070562 0.016911 -0.032747 -0.127441 -0.131232 0.011471 -0.007748 0.065473 -0.026277
T_1771 -0.012280 0.050649 0.033818 0.056213 0.084549 -0.106906 0.030470 -0.002275 -0.062321 0.028819 -0.061503 0.091430 0.094599 -0.051329 0.130042 0.028245 0.140462 -0.059172 0.022465 -0.058805 -0.011541 -0.091950 0.067865 -0.151802 0.055956 -0.083087 0.017715 0.037641 0.034408 -0.042834 0.074636 0.014613 -0.028115 0.024319 0.003124 0.120174 0.027761 0.126030 0.004427 0.011070 -0.062575 0.019710 -0.020767 -0.080682 0.058447 -0.042466 0.002329 0.072916 0.121031 0.128478 -0.012979 0.074104 -0.034814 -0.034522 0.153874 0.005341 -0.001934 0.009057 -0.057564 -0.064130 -0.003926 0.081699 -0.074466 0.064076 0.074101 0.166803 -0.028221 -0.158968 0.055725 -0.055162 0.074430 0.134744 0.069662 -0.123014 -0.072162 -0.094304 -0.010612 0.038702 -0.066584 0.054070 0.085555 0.070654 -0.105909 0.097316 0.090973 -0.154171 -0.000214 0.011010 -0.071944 0.091317 -0.010367 -0.085300 0.029692 0.069248 0.044501 0.045735 0.022281 -0.054447 -0.241834 0.132778 0.112325 -0.042085 0.071843 0.031849 -0.045345 -0.007159 -0.035514 -0.047813 0.067998 0.043695 -0.107343 -0.092274 0.044256 -0.069119 0.024477 -0.001951 -0.075258 0.056271 0.050370 -0.011240 0.032553 0.005877 0.028220 -0.008625 -0.025012 0.087669 -0.091308 -0.087160 -0.085671 0.092407 0.008384 0.066828 0.054570 -0.088131 -0.090752 -0.031297 0.059871 0.002224 0.028261 -0.126900 -0.000434 -0.027980 -0.033855 -0.173024 -0.005375 0.025071 -0.054417 -0.046317 0.008847 -0.013597 -0.039830 0.044625 0.130045 -0.063453 0.109913 0.039768 -0.048081 0.118368 -0.135191 0.025521 -0.022328 -0.072732 0.049736 0.015268 -0.042314 -0.000972 0.045206 -0.020672 -0.029499 0.000159 0.047695 -0.109717 0.001464 0.047106 0.078642 0.071446 -0.050966 0.028102 -0.014694 0.022050 -0.053376 -0.110290 0.009205 0.063414 0.010810 -0.072268 -0.091528 -0.107973 0.021091 0.072527 0.123600 -0.115864
T_1779 0.044177 0.162010 0.020251 0.031648 0.077174 -0.068527 0.076791 -0.004574 -0.037801 0.011007 -0.053525 0.055576 0.070558 -0.031524 0.079963 -0.017449 0.033232 0.000992 0.058517 -0.036461 0.050788 0.022967 0.128399 -0.112488 -0.031294 -0.003051 -0.021437 -0.029890 -0.010304 -0.124269 0.034750 0.035237 -0.049372 -0.033600 0.003329 0.032384 0.011272 0.043874 -0.068934 -0.027703 0.020194 0.084383 -0.025956 -0.062126 0.066024 0.017203 -0.053433 0.038463 0.163140 0.053998 0.043735 0.011395 -0.144303 0.029054 0.140454 -0.043096 -0.021589 -0.070231 -0.118956 0.056740 -0.009810 0.100689 -0.075306 0.090606 0.065263 0.142053 -0.017175 -0.147881 0.026912 -0.070357 0.077779 0.094471 0.126062 -0.131730 -0.123527 -0.064786 -0.097495 0.029064 -0.008013 0.143378 0.009075 0.131626 -0.067988 0.062276 0.006810 -0.079509 0.045086 0.061028 -0.131185 -0.027165 -0.058334 -0.078544 0.058206 0.094043 -0.027114 -0.029140 -0.007358 -0.085712 -0.247653 0.104510 0.097903 -0.012480 0.075422 -0.017205 -0.091211 0.035612 -0.105060 -0.061695 0.043647 -0.044955 -0.091090 -0.072784 0.027652 -0.066965 -0.017385 0.045217 -0.094680 0.041901 0.095026 -0.108613 0.041680 0.014451 0.030026 0.024000 0.100272 0.026216 -0.200430 -0.058868 -0.088206 0.071747 -0.010765 0.000724 0.014611 -0.005889 -0.101444 -0.064855 0.034554 -0.062551 -0.036318 -0.108146 -0.053181 -0.126864 -0.055429 -0.112383 0.088014 0.001023 -0.010779 0.040652 0.067561 -0.042628 0.003541 0.067405 0.105237 -0.035765 0.088774 0.004319 -0.092959 0.026983 -0.084194 -0.066198 0.061416 -0.008700 0.075331 -0.001784 0.043959 -0.026133 0.100970 0.044557 -0.055297 -0.023973 0.044421 -0.093251 0.028089 0.037471 0.053964 0.079014 -0.105824 0.045682 -0.029681 0.062397 -0.015746 -0.084208 0.022982 0.030448 0.055554 -0.021515 -0.080237 -0.065346 0.084554 0.043693 0.094552 -0.067143
T_1783 -0.134974 0.052400 0.012105 -0.035772 -0.023295 -0.022913 0.096952 -0.001742 -0.013966 -0.047637 -0.109452 0.067165 0.132163 -0.069502 0.046802 -0.080826 0.023228 0.069408 -0.047665 0.010955 0.045902 -0.051712 0.058317 0.029012 -0.078013 0.110229 0.006946 0.165053 0.048521 -0.131329 -0.028404 0.125624 0.009199 0.023385 0.074361 -0.050019 -0.007310 -0.002365 0.022507 -0.080336 -0.033814 0.041343 0.021245 -0.066777 -0.059891 0.007974 -0.011878 0.007661 0.091145 0.080555 0.028436 -0.019167 0.029764 -0.084824 0.002607 0.007518 -0.095180 0.009474 -0.149359 -0.004126 0.059159 -0.028521 -0.028546 0.039750 0.076086 0.052328 0.034915 -0.114103 0.052196 -0.076292 0.010241 0.018250 0.057281 -0.083810 -0.050585 0.008448 -0.026878 -0.080881 -0.022469 0.103994 -0.048813 0.079849 0.103673 -0.027733 0.118031 -0.036901 0.028520 0.035167 -0.118080 0.097185 0.060442 -0.073717 0.043663 0.261622 -0.048054 -0.035828 0.090298 0.020594 -0.197749 0.059161 0.074106 -0.036424 -0.009643 0.064140 -0.046021 -0.042050 -0.014646 0.018810 -0.036892 -0.039649 0.041920 0.013200 0.019844 -0.063997 -0.019840 0.017554 -0.097600 0.056072 0.060275 -0.008588 0.072405 0.015627 0.010369 0.029097 0.063496 -0.043648 -0.104739 -0.072067 -0.050168 0.039288 0.007322 -0.053929 0.015716 -0.066816 -0.210876 -0.157544 0.147570 -0.019033 0.112208 -0.101864 0.001756 -0.078257 0.104857 -0.074981 0.076221 0.049095 -0.039158 0.074879 0.104801 -0.002610 -0.059216 -0.110281 -0.054253 0.056402 0.084931 0.066581 -0.174896 0.046203 -0.129842 0.004435 -0.007950 -0.033337 -0.079554 -0.066062 0.009399 0.077328 0.046063 -0.046607 -0.032247 0.061298 0.075020 -0.054110 -0.009545 -0.040813 0.060806 0.026888 -0.026583 -0.060798 -0.024609 0.159645 -0.153916 -0.137951 0.093028 -0.042064 -0.060822 -0.043509 -0.071788 0.006286 0.051043 -0.018124 0.050970 -0.012487
T_1799 0.047522 -0.030929 -0.012621 -0.081118 0.002356 -0.049372 -0.024649 0.050486 -0.133058 -0.009229 0.072982 0.092733 0.067791 0.000106 0.093671 -0.036946 0.128612 -0.080140 0.049972 -0.058308 0.050968 -0.077175 0.092878 -0.030726 0.063886 0.049623 0.096240 -0.024631 0.128432 -0.086132 0.040583 0.151275 -0.000117 0.001456 -0.010437 -0.061048 -0.058864 -0.051129 0.062638 -0.117462 0.048744 0.043503 0.007719 -0.101435 -0.064400 -0.055606 -0.025954 -0.105022 0.083072 0.059195 0.028983 0.088897 0.026333 -0.015876 0.055100 0.116828 -0.072881 0.031934 -0.146981 -0.041190 -0.020197 -0.109864 -0.063324 -0.004002 0.087566 -0.016429 0.004793 -0.110942 -0.084688 -0.093383 0.033367 -0.019179 -0.013072 -0.186425 -0.030050 -0.044916 -0.054482 -0.073720 -0.013736 0.033799 -0.054427 0.074198 0.041657 -0.100864 0.111855 -0.020044 0.121893 0.034263 -0.162780 0.025486 -0.098365 -0.095225 0.040202 0.136706 -0.021833 0.035481 0.147037 0.048428 -0.104647 0.131036 -0.061105 0.053593 0.055976 0.084780 -0.082241 -0.034918 -0.026575 0.001668 0.016077 0.029832 -0.026426 -0.020655 0.064056 -0.073886 -0.007028 0.070058 0.023586 0.053155 0.130783 -0.040579 -0.029596 0.024167 -0.015185 0.021440 0.090289 -0.052046 0.218778 -0.044297 0.041448 0.033183 0.010604 -0.021436 -0.042685 -0.137914 -0.025387 -0.022928 0.107404 -0.119880 -0.002829 -0.051624 -0.067674 -0.016393 0.017210 -0.087762 0.128628 0.010043 -0.007488 -0.036887 0.034797 0.063934 -0.025595 -0.047889 -0.044250 -0.011921 0.084642 -0.004035 -0.126526 0.064408 -0.027691 -0.060023 0.050282 0.078756 0.036421 -0.051987 -0.000630 -0.015923 0.005886 -0.154856 -0.080627 -0.011441 0.087619 0.105777 0.009993 -0.006593 -0.035569 -0.012912 -0.031147 -0.044238 0.033120 0.079631 -0.121712 -0.033678 0.010059 -0.038226 -0.055296 0.017483 -0.089450 -0.146834 -0.075679 -0.162194 0.064962 -0.109525
T_1800 -0.053156 0.029312 0.119711 0.112020 0.092312 -0.084836 -0.034402 -0.066851 -0.002092 -0.008833 -0.042925 0.086173 0.065252 -0.087166 0.120431 0.004351 0.089830 0.018582 0.006092 -0.026406 0.020687 -0.066620 0.151223 -0.029551 -0.099724 -0.051204 -0.021657 0.115437 0.067207 -0.215561 -0.016073 0.017493 0.019696 0.035288 0.047711 -0.042347 0.052798 0.079764 0.004598 -0.122433 -0.067823 0.098492 0.005916 -0.078055 0.033413 0.026902 -0.025938 -0.017491 0.131611 0.020545 0.044998 -0.034711 0.023343 0.062197 0.085048 0.113799 -0.115231 -0.075284 -0.170924 -0.001991 0.009495 0.013938 -0.035905 0.092349 0.074895 0.129351 0.000304 -0.162885 0.007450 -0.119272 -0.006199 0.055808 0.019314 -0.049290 -0.030754 -0.162662 -0.023137 -0.111543 -0.036875 0.111167 -0.058766 0.129506 -0.031418 0.059279 0.038176 0.019403 -0.003207 0.034832 -0.082459 0.090546 -0.026765 -0.103884 -0.029381 0.089040 -0.018706 -0.049031 0.024050 -0.068245 -0.200603 0.010016 0.065047 -0.024277 -0.007715 0.027051 0.002467 -0.024428 -0.103925 0.009328 0.010560 0.047993 -0.025424 0.018138 0.014234 -0.091511 -0.010168 0.120852 -0.114219 0.005185 0.054725 -0.080908 0.016551 0.066989 -0.080710 -0.048666 0.019181 -0.041690 -0.043390 -0.110396 -0.051084 0.088294 -0.057147 -0.015532 -0.042641 -0.021522 -0.070586 -0.110079 0.036260 -0.079784 0.105067 -0.119976 0.071788 -0.099199 0.060427 -0.064952 0.058091 0.002488 0.022776 0.032307 0.015453 -0.052189 -0.035697 0.036106 0.006260 -0.063353 0.056519 0.004850 -0.027924 0.041717 -0.151029 -0.110847 0.004803 0.040529 0.022426 0.015964 -0.094090 -0.049966 0.090163 -0.080462 -0.057539 0.070210 -0.092012 -0.116307 0.030733 0.042769 0.056806 0.024794 -0.128599 -0.025125 -0.058494 0.152655 -0.057146 -0.104543 0.109555 0.029454 0.057933 -0.003290 -0.079676 -0.079199 0.002818 0.033437 0.042660 -0.095541
T_1812 -0.036734 0.011502 -0.003589 0.052671 0.035814 -0.064158 -0.023687 0.011654 -0.015399 -0.001086 -0.127705 0.061179 0.068471 -0.088932 0.077921 0.013044 0.125854 0.004558 -0.054945 0.043334 0.028430 -0.111664 0.026593 0.027228 -0.085827 -0.019850 -0.042941 0.076502 0.014584 -0.100591 0.004869 0.053410 -0.019455 0.040222 -0.054028 -0.037693 0.089177 0.070167 -0.048422 -0.128603 -0.063973 0.042937 0.046295 -0.107424 0.038945 0.035493 -0.099080 0.009178 0.133841 0.078611 -0.039507 0.048731 -0.046391 -0.033027 0.113820 0.089770 -0.099981 -0.047477 -0.181945 -0.086673 -0.052948 -0.030637 -0.046717 0.043520 0.082599 0.151535 0.099210 -0.079169 0.015886 -0.116061 0.000506 0.090498 0.049661 -0.140016 -0.114507 -0.026577 -0.079786 -0.066089 -0.092358 0.082283 -0.052986 0.089564 -0.040138 0.058400 0.043392 -0.101431 -0.048275 -0.008873 -0.083822 0.087850 -0.008047 -0.093002 -0.018658 0.146793 -0.001013 -0.025202 0.055832 -0.087592 -0.222151 0.159762 0.021307 -0.038386 -0.027476 0.049336 -0.060315 -0.040974 -0.136788 -0.038278 0.089433 0.026093 -0.078738 -0.068245 -0.091599 -0.038008 0.051446 0.060174 -0.135564 0.014656 0.035190 -0.061217 0.086520 0.130117 -0.031853 -0.021932 -0.022792 -0.067616 0.012600 -0.122629 -0.092693 0.103677 -0.086222 -0.033323 0.003874 0.002524 -0.052729 -0.045832 0.091330 -0.045872 0.034344 -0.159049 0.071538 -0.137878 0.059246 -0.045351 0.072580 0.068007 0.016159 -0.008595 0.049883 0.002539 -0.083353 0.007129 -0.015205 0.008607 0.046324 0.017129 0.011151 0.030633 -0.047211 -0.013218 0.030954 0.033583 0.039415 -0.018559 -0.012384 0.026110 0.050969 -0.071238 -0.026606 0.020017 0.038816 -0.096790 0.005371 0.011908 0.182571 0.037356 -0.105405 0.038515 -0.084415 0.067968 -0.138198 -0.117100 -0.064304 -0.005369 0.019383 -0.048903 -0.104123 -0.045036 -0.002064 -0.013460 0.031431 -0.110992
T_1860 -0.082523 0.048914 0.080115 0.067782 0.037374 -0.058771 0.134975 -0.002551 -0.040647 -0.063051 -0.042823 0.031424 0.027213 0.039232 0.152789 -0.031833 0.095221 0.077962 0.080141 -0.027143 -0.002620 0.007623 0.111478 -0.087046 0.044216 0.072491 -0.017041 -0.043442 0.038511 -0.098484 -0.047196 0.029342 -0.030878 0.101962 -0.027943 -0.035044 -0.019062 0.034091 0.030608 0.028586 -0.048198 0.093141 0.032298 0.018642 0.069803 -0.006748 -0.047558 0.020224 0.089579 0.037776 -0.049400 0.002734 -0.091098 0.030553 0.065827 0.091941 -0.030052 0.050114 -0.088362 0.019022 -0.004638 0.080613 -0.065441 0.053391 0.039266 0.152619 -0.090492 -0.197214 0.127634 -0.050251 0.023834 0.056641 0.070456 -0.053357 -0.050415 -0.112982 -0.062819 -0.047433 -0.031722 0.059085 -0.004239 0.119986 -0.020537 0.011978 0.063903 -0.007170 0.033202 -0.036942 -0.103782 0.070884 0.001717 -0.005310 0.035835 0.148836 -0.091445 0.011925 0.112777 -0.061885 -0.185327 0.147440 0.074031 -0.013707 0.074893 0.004278 -0.067345 -0.003042 -0.072680 -0.060814 0.093857 -0.040651 -0.089603 -0.011352 0.088471 -0.171809 -0.024447 0.024163 -0.054604 0.074485 0.012018 -0.025762 0.040184 0.035587 -0.065002 0.080154 0.116479 0.073007 -0.103991 -0.062852 -0.034406 0.006469 0.008004 0.060874 -0.042403 0.018093 -0.200122 -0.049247 0.034384 -0.014309 0.006318 -0.116881 -0.000202 -0.034593 -0.003737 -0.115991 0.054093 -0.048203 0.040395 0.021085 0.113768 -0.027081 0.002099 -0.009088 0.009730 -0.012344 0.130762 0.024476 -0.094392 -0.024946 -0.201387 0.003393 0.081078 -0.016603 0.072435 -0.069007 -0.000715 -0.009251 0.078542 0.006066 -0.085702 -0.031990 0.068395 -0.098312 0.093217 0.089856 0.081004 0.025283 -0.182850 0.040861 -0.023751 0.146993 -0.002033 -0.079949 0.051266 0.024347 -0.001451 -0.023220 -0.129532 -0.032851 0.048986 0.022715 0.126017 -0.092878
T_1864 0.020827 -0.039632 0.057963 -0.020865 -0.066996 0.017067 -0.083713 0.061962 -0.107960 0.026681 0.051670 0.058079 0.068631 0.036090 -0.018616 -0.072310 0.177079 -0.041803 -0.010480 -0.038436 0.079084 -0.070162 -0.044291 0.018640 0.038498 0.078521 0.045367 0.039825 0.029081 -0.087082 -0.017134 0.194940 0.011995 -0.002702 -0.047457 -0.080540 -0.052805 -0.028786 0.117850 -0.109697 -0.032574 0.042294 -0.007101 -0.037260 -0.094871 -0.051286 -0.021869 -0.070373 0.093596 0.100932 -0.009416 -0.007933 -0.011759 -0.014877 0.067718 0.102427 -0.114700 -0.024640 -0.095014 0.010840 -0.084009 0.044088 -0.101030 0.080549 0.105305 -0.014199 0.015946 -0.112445 -0.026272 -0.058668 0.085581 0.068439 0.072448 -0.079636 0.014587 -0.033354 -0.026516 -0.078679 0.055831 0.078613 -0.060027 0.140088 0.007506 -0.075368 0.035077 -0.028945 0.066752 -0.097889 -0.139796 0.043922 -0.055445 -0.037632 0.008833 0.123107 -0.082447 0.066413 0.105975 0.028305 -0.119028 0.027279 -0.063380 -0.023922 0.030688 0.092196 -0.023376 -0.029047 -0.072798 -0.012905 0.039604 0.077521 0.013133 -0.026872 0.052902 -0.026229 -0.030365 0.040474 -0.047051 0.138035 0.145242 0.033754 -0.067661 0.006276 -0.102931 0.070208 0.089026 -0.005016 0.079288 -0.092159 -0.024282 -0.020752 -0.018842 -0.026771 0.001901 -0.170684 -0.177160 -0.130298 0.186178 -0.061346 -0.013558 -0.019282 0.009671 -0.105975 0.029051 -0.177585 0.154033 -0.008564 0.014592 0.012667 0.017036 0.081121 -0.008380 -0.033111 -0.007896 -0.081365 0.078194 -0.009610 -0.115752 0.015960 -0.053874 0.012763 0.037582 0.129246 0.001913 -0.050284 -0.030442 0.020141 0.016869 -0.040654 -0.029216 0.051468 0.031114 -0.057521 0.042211 -0.009171 0.045373 -0.064579 0.003360 -0.117219 0.039955 0.108192 -0.066169 -0.084948 0.062730 -0.114283 -0.044312 -0.064070 -0.057809 -0.092160 -0.065866 -0.191720 0.065824 -0.031040
T_1867 0.009348 -0.059121 0.011039 -0.011532 0.035486 0.010409 -0.110541 0.056114 -0.099146 0.105873 0.053587 0.116893 0.016743 0.027989 -0.038935 -0.086177 0.027419 -0.004658 0.009470 -0.093552 0.020049 -0.060360 -0.082366 -0.006518 0.022265 0.072272 0.079156 0.063803 0.119460 -0.113410 -0.030506 0.072468 0.000598 -0.090582 -0.074338 -0.049518 -0.034946 -0.054442 0.132466 -0.116275 0.022024 0.056482 0.013846 -0.068049 -0.007167 -0.185116 -0.012553 -0.088142 0.096607 0.030227 -0.077173 -0.013907 0.062502 -0.066248 0.059850 0.027489 -0.061806 -0.025150 -0.066120 0.025475 -0.033160 0.018976 -0.107463 0.008791 0.101034 -0.031996 -0.017223 -0.087964 -0.098134 -0.118995 0.003274 0.049696 0.160635 -0.115324 0.035270 -0.010643 -0.028428 -0.033876 0.017112 0.007863 0.048043 0.122864 0.051173 -0.036588 0.059723 -0.041978 0.019805 -0.075950 -0.155854 0.064486 -0.043327 -0.059994 -0.038590 0.062890 -0.060679 0.105550 0.038662 0.042157 -0.125415 0.022416 -0.104049 -0.005440 0.064605 0.071137 0.045242 -0.047007 -0.051054 0.000748 -0.008577 0.006365 -0.048130 -0.021667 0.102760 -0.078931 -0.092587 0.037462 0.044013 0.070310 0.245599 -0.059785 -0.133677 -0.025402 -0.019908 -0.017100 0.145566 -0.023350 0.022788 -0.065516 -0.050355 0.011867 -0.039864 0.021793 -0.022626 -0.098507 -0.135352 -0.137876 0.130845 0.011458 0.038630 -0.074123 0.057273 -0.095235 0.009191 -0.108596 0.124399 0.047519 0.025531 0.001842 -0.002460 0.035188 0.046670 -0.089310 0.021411 -0.007526 0.017822 -0.007736 -0.194268 -0.030671 -0.030554 -0.131423 -0.001701 -0.030716 0.092283 -0.116590 0.024508 -0.005208 -0.034920 0.015962 0.039601 0.037718 0.039458 -0.054182 0.068227 -0.021363 0.014842 -0.011244 0.043189 -0.007554 -0.027065 0.149201 -0.082916 -0.137787 0.044181 -0.073137 0.079187 -0.063055 0.014258 0.024257 -0.069395 -0.145676 0.113259 -0.076347
T_1869 -0.077547 0.039466 0.017284 0.041537 -0.015688 -0.132916 0.104806 -0.013883 -0.046513 0.030129 -0.014461 0.041099 -0.009585 -0.004407 0.086627 0.156092 0.147828 0.081787 0.003583 0.058283 -0.031422 -0.096698 0.140944 -0.009770 -0.012611 0.031807 0.034164 0.014970 -0.013438 -0.097641 0.030695 0.035402 -0.032781 0.028005 -0.055410 -0.026750 -0.001337 0.044385 -0.009155 -0.124814 -0.055256 0.016931 0.037268 0.021438 0.068768 0.011106 -0.074131 0.013657 0.047657 0.061486 -0.084289 -0.021207 -0.110718 0.041962 0.092632 0.038964 -0.077871 0.066794 -0.084280 -0.017640 0.029963 -0.114319 -0.046539 -0.016380 0.061762 0.117439 -0.021023 -0.116822 0.010528 -0.156637 0.024636 0.130790 0.011957 -0.127372 0.023102 0.014102 -0.009883 -0.123860 -0.030199 0.062378 -0.015640 0.093109 -0.019474 -0.074334 0.075599 -0.029422 -0.040154 -0.012057 -0.209071 0.097124 -0.075337 -0.040065 -0.005729 0.098816 0.008645 0.084994 0.057867 -0.042871 -0.150907 0.071371 0.038827 -0.152275 0.106768 -0.019775 -0.088187 -0.101307 0.008661 -0.067547 0.028521 0.065932 -0.140496 -0.075424 0.031975 -0.039762 -0.107557 0.052753 -0.144182 0.151864 -0.056524 -0.081426 0.131425 0.035341 -0.030555 0.018884 0.047361 0.008968 0.003516 0.025112 -0.066398 0.074455 -0.075744 0.056828 -0.171886 -0.050001 -0.067569 -0.054470 -0.002114 -0.085580 0.001244 -0.062779 -0.004206 -0.133623 -0.088073 -0.038891 0.049628 -0.035710 0.053356 0.087022 0.087606 -0.060948 -0.127885 -0.007522 -0.012429 -0.022647 0.056638 0.007821 0.018446 0.044281 -0.147925 -0.023269 -0.026959 -0.081563 0.021900 -0.002995 -0.012576 -0.093282 0.193017 -0.068913 -0.085654 -0.003735 0.159234 -0.022516 -0.037902 -0.067453 0.001500 -0.071752 -0.089190 -0.062303 -0.053351 0.016542 -0.024194 0.042506 0.056438 -0.007802 -0.052679 0.016726 -0.071911 -0.040909 0.004254 0.024185 0.011886 -0.080248
T_1872 -0.033964 -0.005248 0.043373 -0.066879 -0.012144 -0.076345 0.026838 0.041321 -0.154943 -0.070235 -0.115172 0.021101 0.066040 -0.004306 0.056070 0.055942 0.059699 0.138607 -0.053066 -0.061148 0.014600 -0.007160 0.009198 -0.063707 -0.067557 0.136766 -0.005882 0.071958 0.032957 -0.107182 -0.027910 0.185581 0.000923 0.032835 0.014736 -0.007708 0.056387 0.035065 -0.081459 -0.039734 0.020472 0.053120 0.001258 -0.033574 -0.026138 -0.059780 0.001665 0.003328 0.018511 0.101318 -0.054642 0.095342 0.029314 -0.028039 0.031805 0.040468 -0.186935 0.016150 -0.100448 0.032594 0.062762 -0.112752 -0.053022 0.001205 0.059886 0.074229 0.014120 -0.082749 -0.030060 -0.131356 -0.024541 0.053873 0.030790 -0.196666 -0.075717 0.046642 -0.016446 0.023507 -0.010452 0.089466 0.017654 0.126205 0.029501 -0.058880 0.023259 -0.023593 0.008995 0.024821 -0.082805 0.113396 -0.081466 -0.132041 0.029123 0.189179 0.031200 -0.001498 0.134151 0.002302 -0.193013 0.093973 -0.022720 -0.069938 -0.023361 -0.001826 -0.097933 -0.101227 -0.128937 0.061630 -0.034107 -0.041478 -0.075845 0.028358 0.086745 -0.077965 -0.067849 0.117798 -0.092090 0.041852 0.097398 -0.038563 0.036615 0.082647 -0.001994 -0.072562 0.102995 -0.044760 -0.012907 -0.066552 -0.089016 -0.011137 0.030314 -0.029773 -0.082072 -0.102465 -0.126598 -0.057597 0.037985 -0.092966 0.071393 -0.086880 0.014449 -0.111269 0.034666 -0.095603 0.092846 0.002364 0.011180 0.034196 -0.029924 0.059538 -0.129265 -0.068816 -0.056729 0.052620 0.104374 0.087190 -0.153464 -0.018059 -0.167440 -0.012811 -0.057971 -0.021922 -0.030535 -0.070467 -0.002348 0.008534 0.049769 -0.107990 0.028144 0.015235 0.126706 0.011890 0.002525 -0.003431 0.027900 -0.081896 -0.052917 0.042209 -0.016484 0.056296 -0.099568 -0.091840 -0.029874 -0.021765 -0.003449 -0.036711 -0.085806 0.009256 0.052765 -0.081760 0.019832 -0.063627
T_1902 -0.031663 0.022283 -0.020764 0.073877 0.046994 0.047493 -0.081115 0.000849 -0.145658 0.068802 0.039164 0.135091 -0.036303 -0.004133 0.116715 0.008680 0.111402 0.027629 0.015706 0.099336 -0.076622 -0.053157 -0.021520 -0.019522 0.003649 -0.106523 0.064883 0.146768 0.152805 -0.039623 -0.020226 0.007931 -0.112689 -0.041376 -0.068729 -0.006035 -0.025073 -0.069511 0.005495 -0.043213 -0.125838 0.035481 -0.028624 -0.153434 0.044451 -0.049065 -0.038697 -0.039123 0.027941 0.030649 -0.019431 0.058491 0.089699 -0.075995 0.076323 0.013344 -0.037435 -0.015434 -0.071408 -0.010318 -0.054315 -0.116327 -0.075952 -0.008427 0.093613 0.013957 0.078614 -0.060384 -0.012275 -0.096630 0.015839 0.083999 0.073203 -0.096485 -0.015922 0.054922 -0.127791 -0.088124 -0.074310 0.019440 -0.084296 0.058586 -0.002024 -0.043649 0.064595 0.010514 0.069632 0.080277 -0.050514 0.024028 -0.025858 -0.160645 -0.033334 0.114076 -0.057495 0.051571 0.019513 -0.003109 -0.110759 0.156846 -0.015263 0.128942 -0.038060 0.104962 0.016074 0.148417 -0.093273 -0.020761 -0.141721 0.010703 -0.061845 -0.092504 0.055210 0.022615 0.034901 0.028006 -0.000874 -0.030685 0.148311 -0.015316 -0.046687 0.055950 0.029157 -0.011609 0.004758 -0.126374 0.077402 0.020673 0.010210 0.145089 -0.074108 0.000199 -0.099614 -0.052319 -0.016291 -0.005925 -0.035865 -0.068877 -0.023140 -0.060650 0.017423 -0.029891 0.028907 -0.147838 -0.026673 0.069792 0.030220 0.079545 -0.090753 0.097330 0.039939 -0.126855 -0.045234 -0.028007 0.062686 0.020270 -0.063137 0.029363 -0.048692 -0.047645 0.029609 0.072615 -0.060292 -0.067185 -0.023748 -0.006795 -0.008197 -0.123901 0.000702 0.025359 0.123538 -0.004142 -0.039059 -0.031424 -0.053558 -0.044051 -0.020946 -0.059432 -0.016738 0.153842 -0.189767 -0.172066 -0.030141 -0.060882 -0.015344 -0.011467 -0.013908 -0.016944 -0.054772 -0.165671 0.145936 -0.058078
T_1904 0.151902 0.050037 0.167356 0.043474 -0.078035 -0.085801 -0.028742 -0.008192 -0.051657 0.028050 0.006513 0.117344 0.037952 -0.061369 0.027198 -0.029300 0.124740 -0.034811 -0.011320 -0.061787 -0.021289 -0.041578 0.036607 -0.026544 -0.042503 0.096564 0.083858 0.135963 0.137984 -0.088715 0.005288 0.138001 0.018459 0.062397 0.025312 -0.135047 0.056019 0.052919 0.047850 0.031117 -0.004363 0.027722 -0.051101 -0.101850 0.031137 -0.090639 -0.100057 -0.007000 -0.020843 -0.003492 -0.083898 0.015187 -0.046953 -0.039226 0.015205 -0.049592 -0.128907 0.008653 0.015113 0.130530 -0.040103 -0.035105 -0.023613 -0.048394 0.127592 0.030521 -0.042456 -0.069403 -0.143872 -0.090100 -0.032239 0.030755 -0.012694 -0.140961 -0.017933 -0.095065 -0.025678 -0.056513 0.067783 0.042964 0.082145 0.078450 0.042712 -0.104657 0.017859 0.010150 0.065703 0.081139 -0.118645 -0.007319 -0.051280 -0.222272 0.002978 0.139182 -0.013875 0.061797 0.058005 -0.017393 -0.107315 0.025477 -0.003245 0.109847 0.039480 0.109118 -0.014653 0.002015 -0.057632 -0.022387 -0.055702 0.014215 -0.044587 -0.037897 0.003728 0.068462 -0.004021 0.149682 -0.015978 0.133501 0.106787 -0.054794 -0.039021 -0.019673 0.047874 -0.051619 0.120041 0.024154 0.033244 -0.014147 -0.061013 0.015992 -0.042504 0.043783 -0.160800 -0.010861 -0.056437 -0.099168 0.121742 -0.038606 0.018218 -0.005709 -0.019485 -0.027217 0.058869 -0.029802 0.079249 0.148385 0.036657 -0.028606 -0.023355 0.133566 -0.058794 -0.089146 0.091825 0.042993 0.052400 0.014527 -0.019060 -0.055384 -0.095504 -0.009261 -0.064195 -0.068011 0.059647 -0.086754 -0.033154 0.024670 0.020606 -0.035609 0.052916 0.007099 0.107037 -0.050131 -0.057584 -0.066376 -0.076533 -0.144633 -0.058250 -0.063722 -0.036258 0.085120 -0.156855 -0.116197 0.052316 0.049601 -0.059837 -0.036953 -0.009453 -0.101098 -0.072143 -0.087344 0.031195 -0.075283
T_1905 0.082329 0.044870 0.046819 0.019893 0.025545 -0.012057 -0.009191 0.041883 -0.077353 -0.002395 0.000758 0.159452 0.018816 0.099102 0.066340 -0.070776 0.145324 0.020622 0.086096 0.030744 0.094458 0.013936 0.060057 0.005623 0.035043 0.025668 0.047510 0.036233 0.121000 -0.102176 0.077211 0.150766 -0.061257 0.018021 -0.029609 -0.065711 -0.036419 -0.064137 0.152672 -0.014657 -0.024663 -0.021649 0.005756 -0.078913 -0.024942 -0.018521 0.004156 -0.066450 0.089231 0.126899 0.016499 0.075611 0.047103 0.038448 0.053997 0.055716 -0.135528 -0.003570 -0.067131 0.021278 -0.048353 0.012409 0.017302 -0.039994 0.076037 -0.003756 -0.007983 -0.101655 -0.008151 -0.132020 0.073297 0.017836 0.081681 -0.127115 -0.040061 0.013075 -0.116411 -0.079010 0.054311 0.035790 -0.043800 0.106845 0.045107 -0.003779 0.068233 -0.053086 0.059343 -0.021313 -0.114001 0.008697 -0.063438 -0.077614 -0.020055 0.031679 -0.064454 0.070356 0.073989 0.096448 -0.178350 0.003425 -0.078618 0.081312 -0.035639 0.136563 -0.068289 0.016288 -0.084983 0.001979 -0.028785 -0.014364 0.011336 -0.017490 0.101448 -0.075231 -0.038386 0.070222 0.049315 0.190379 0.187727 -0.006747 -0.040477 0.057638 0.024277 0.061378 0.083989 0.012620 0.082059 -0.115665 -0.000673 0.007568 -0.042384 -0.004661 -0.046078 -0.174118 -0.073457 -0.021697 0.111263 -0.025997 0.029245 -0.035919 -0.064831 -0.047157 0.017782 -0.198482 0.062837 0.016352 0.067843 0.039062 0.012227 0.024691 0.046224 -0.128601 -0.007858 -0.024850 -0.012361 0.011821 -0.112857 -0.006565 -0.016605 -0.086976 0.038043 0.054569 0.020208 -0.105467 0.026915 0.003635 -0.055117 -0.068368 -0.000555 0.042739 0.032350 0.042683 0.047995 -0.039321 -0.042185 -0.007533 0.035530 -0.086311 -0.021616 0.060261 -0.132170 -0.082870 0.002756 -0.113242 0.000064 -0.083166 -0.026453 -0.225802 -0.016777 -0.196283 0.063558 -0.033876
T_1915 -0.018278 -0.162987 0.015621 0.015192 0.051339 0.004754 -0.111676 0.022957 -0.117609 0.070958 0.043499 0.069252 0.088491 -0.003256 0.034136 0.057841 0.119723 -0.005601 0.077162 0.062618 0.085027 -0.061792 0.040436 -0.029736 0.020872 0.098340 0.052158 -0.057874 0.023383 -0.079553 -0.073175 0.105261 -0.029330 -0.074391 -0.058080 -0.122369 0.025790 -0.095446 0.063660 -0.073900 0.029371 -0.021094 0.043997 -0.020255 -0.013420 -0.064114 0.057687 -0.085982 0.059992 0.012569 0.013799 0.061720 0.173355 -0.027326 -0.016703 0.108780 -0.061410 -0.056141 -0.125713 -0.009365 -0.089309 0.001050 -0.116095 0.024212 0.166173 -0.001136 -0.018686 -0.168366 0.059083 -0.118424 0.133891 0.056809 0.095205 -0.121506 0.047110 -0.077262 -0.037955 -0.051674 0.104284 0.097073 -0.061287 0.148659 0.039695 -0.034698 0.022365 0.004946 -0.020578 -0.055318 -0.022714 -0.037385 -0.051337 -0.049338 -0.074807 0.070523 -0.046288 0.042360 0.063350 0.032147 -0.200547 0.023749 -0.028101 -0.062600 0.011870 0.009345 -0.030752 -0.001376 -0.055793 0.030496 0.010914 0.017945 0.005196 0.001198 0.065594 -0.067227 0.054258 0.027892 -0.003366 0.083377 0.144254 0.047993 -0.071356 -0.008355 -0.058945 0.035106 0.066007 -0.043485 0.084259 -0.140428 0.042850 -0.041639 -0.019523 0.074119 -0.012018 -0.073275 -0.094451 -0.083230 0.102951 -0.065456 -0.006997 0.060389 -0.017848 -0.025548 -0.002935 -0.134298 0.149528 0.014438 0.080040 0.101412 0.083044 0.078163 0.036156 -0.057647 0.011992 -0.079687 0.039919 -0.010818 -0.182145 -0.008306 -0.016166 0.008070 0.133336 0.106683 0.080492 -0.034753 0.068356 0.030163 0.016867 -0.140920 -0.058547 0.102597 -0.034015 0.035814 0.095580 -0.087752 0.082413 -0.011387 0.026519 -0.072523 -0.004649 0.132137 0.032429 -0.065462 0.049896 -0.032150 -0.043970 -0.030428 -0.012409 -0.084522 0.004097 -0.124679 0.070152 -0.059060
T_1916 -0.076087 -0.040759 0.068007 0.028365 0.006926 0.007771 0.082794 0.028173 -0.048457 -0.076810 -0.040489 0.024001 0.081874 0.047876 0.103011 0.012009 0.134192 0.030168 0.022413 -0.073757 -0.035744 -0.110826 0.049237 0.029843 0.019032 0.119827 -0.031684 0.061854 0.071029 -0.090438 -0.071260 0.054997 -0.084359 0.014655 0.035545 0.010551 0.002887 0.004395 0.125978 -0.086620 -0.115974 0.012385 0.028707 -0.011705 -0.049189 -0.016643 0.051299 0.030143 0.050187 0.132858 -0.023687 0.004970 -0.039442 0.052161 0.075759 0.040692 -0.051645 0.038247 -0.071399 0.041305 -0.047780 0.065308 -0.038115 0.048002 0.059857 0.025938 -0.029941 -0.101612 0.095935 -0.137760 0.073221 0.034932 0.095449 -0.112285 0.055500 -0.178685 0.024973 -0.078059 -0.083201 0.109636 0.002106 0.041173 0.109539 -0.040752 0.071039 -0.015993 -0.049282 -0.061955 -0.173848 0.027949 -0.003247 0.027466 0.007905 0.205504 -0.112968 -0.038285 0.082161 -0.000040 -0.175073 0.061948 0.115515 -0.045547 0.010166 0.014901 0.015530 -0.021419 -0.081877 -0.048051 0.039277 0.018422 0.004040 -0.020717 0.062007 -0.149481 -0.046170 0.042844 -0.001103 0.041066 -0.023482 -0.029206 0.091734 -0.030912 -0.081983 0.007531 0.018532 -0.024152 -0.020985 -0.113523 0.004146 0.050104 0.001435 0.088275 -0.070403 -0.011540 -0.247516 -0.086821 -0.004393 -0.108706 0.113899 -0.111632 -0.008902 -0.031385 0.028235 -0.091863 0.037620 -0.077513 0.005404 0.074758 0.114683 -0.013955 -0.009089 -0.080979 -0.128398 -0.070942 0.050471 0.074435 -0.165672 -0.067342 -0.162608 0.000200 -0.006117 0.019369 0.002293 -0.081366 -0.071658 -0.058832 0.122005 0.006025 -0.007961 0.031635 0.123255 -0.068411 0.016120 -0.034632 0.045565 -0.038814 -0.115266 0.044000 -0.062810 0.052941 -0.100059 -0.015405 0.056740 0.036058 -0.017022 0.061840 -0.090205 -0.010231 -0.001283 -0.009748 0.142646 -0.022906
T_1919 -0.085471 0.040916 0.056386 0.016443 0.022274 -0.087807 0.058050 -0.026351 -0.008759 -0.066859 -0.043939 0.041079 0.021916 0.047030 0.109077 -0.031291 0.027172 0.081658 0.043713 -0.031007 -0.008443 0.018212 0.051511 -0.085000 -0.034634 -0.008538 0.005438 -0.058309 -0.023409 -0.180978 0.003502 0.040544 0.011472 0.060532 -0.010084 -0.033308 0.038185 0.075938 -0.018356 -0.028812 -0.067414 0.067464 0.002627 -0.013075 0.029540 0.082937 -0.024916 -0.032320 0.060052 0.038718 -0.025051 -0.068079 -0.153726 0.058406 0.099700 0.082413 -0.033305 -0.100754 -0.125137 -0.002584 -0.028712 -0.023394 -0.108398 0.058460 0.058005 0.143220 -0.011867 -0.112042 0.052619 -0.070950 0.079805 0.096995 -0.002831 0.002999 -0.095338 -0.065103 -0.152358 -0.057905 0.009052 0.087973 0.005824 0.188586 -0.100605 0.057229 0.074611 0.031450 -0.057623 0.008538 -0.050881 0.067403 0.012190 -0.040838 0.013415 0.177168 -0.004528 -0.014811 0.083774 -0.018854 -0.277873 0.150962 0.045163 -0.060392 0.061698 0.020850 -0.070254 -0.077731 -0.065209 -0.028993 0.136447 -0.048122 -0.090390 0.047593 0.031297 -0.110972 0.012217 -0.007894 -0.130697 0.097388 0.090197 -0.055871 0.104733 0.086040 -0.009520 0.054343 0.064940 0.027571 -0.102663 -0.036486 -0.066580 0.045184 -0.008622 -0.020082 -0.136006 -0.038724 -0.118843 -0.105681 0.093704 -0.047240 0.056142 -0.073764 0.034821 -0.048573 0.009444 -0.078137 0.079876 0.006108 0.026747 0.015431 0.065515 -0.045038 -0.041371 0.047496 -0.016867 -0.042918 0.105222 0.088705 -0.039336 -0.053570 -0.119556 -0.013665 0.041136 -0.002525 0.028941 -0.052386 -0.030587 0.012731 0.157578 -0.072480 -0.095430 -0.011773 0.047211 -0.101114 0.048065 0.106334 0.073039 0.047973 -0.096360 0.007548 -0.044456 0.133643 -0.054816 -0.103680 0.058731 0.121013 0.018233 -0.009001 -0.025676 -0.013728 0.003714 0.008093 0.040249 -0.130736
T_1925 0.014325 -0.126839 0.008002 0.064290 -0.027685 -0.011120 -0.156668 0.030924 -0.108115 0.033302 0.036801 0.060658 0.043802 0.090578 -0.014318 0.068308 0.113886 -0.014825 0.082883 0.126203 -0.050597 -0.058270 0.062113 0.005916 -0.057683 0.058563 0.132591 0.091591 0.031933 0.014712 -0.062413 0.041322 -0.098902 -0.068798 -0.034458 -0.121967 0.096718 -0.041059 -0.016038 -0.033705 -0.093726 -0.026133 0.000917 -0.081983 -0.018820 -0.033870 -0.009272 -0.028937 0.082763 0.111705 0.012289 -0.013599 0.056124 -0.078220 0.012300 0.090957 -0.037599 -0.034185 -0.086101 0.035739 -0.035106 0.042231 -0.117089 0.021072 0.094856 0.002870 0.012948 -0.045209 0.106710 -0.036143 0.082137 0.127610 0.074986 -0.066303 0.065378 -0.076314 -0.019964 -0.097372 0.010510 0.088024 0.010523 0.091969 0.017402 -0.058241 -0.016850 -0.005575 0.086368 0.024103 -0.067897 -0.019612 -0.079846 -0.031355 -0.034595 0.086186 -0.155747 0.043915 0.049168 -0.028783 -0.188833 0.069153 0.003872 -0.016887 -0.013935 0.068053 -0.031782 0.155106 -0.068875 0.051922 -0.059654 0.057034 0.007813 -0.124142 0.053993 0.016692 0.017640 0.106926 -0.030289 0.078270 0.166444 -0.035826 -0.121808 -0.038040 -0.034482 0.013865 -0.036899 -0.061137 0.018224 -0.011168 -0.032494 0.085113 -0.044895 -0.032848 -0.061053 -0.030849 -0.072245 -0.124175 0.031298 0.040443 -0.070001 -0.011746 -0.045604 -0.025754 -0.044901 -0.145367 0.059374 0.112788 0.094267 0.044399 -0.019748 0.124312 0.035961 -0.028206 -0.001228 0.020015 -0.014689 0.022366 -0.085458 0.082953 -0.070414 0.051332 0.066791 0.041568 -0.017202 -0.092818 0.014732 0.010194 0.085319 -0.069565 -0.107901 0.108413 -0.056181 -0.052318 0.095015 -0.130024 0.138757 -0.154348 -0.026363 -0.108241 -0.041837 0.126823 -0.003863 -0.070458 0.000901 -0.044907 -0.042764 -0.040402 0.127186 -0.108428 -0.019376 -0.198232 0.055911 -0.040382
T_1936 -0.021414 -0.058385 -0.004935 -0.001379 0.059856 -0.031108 -0.023609 0.088797 -0.135101 0.006858 -0.011146 0.145812 0.053742 0.059048 0.019291 -0.092972 0.058212 -0.013870 0.043022 -0.030303 0.098446 -0.039304 -0.017951 -0.014302 -0.007627 0.114047 0.001200 0.050737 0.109914 -0.186492 -0.014898 0.148969 0.043320 -0.018509 -0.071454 -0.084473 0.015490 -0.050762 0.022303 0.000492 0.029830 -0.014411 0.010413 -0.001172 -0.020044 -0.148494 0.038475 -0.077705 0.131853 0.050491 0.014217 0.026935 -0.009922 -0.028645 0.104388 0.035403 -0.118264 -0.054061 -0.017391 -0.050982 0.018244 -0.046483 -0.057193 0.008519 0.080528 0.030788 0.000387 -0.101985 0.044972 -0.061136 0.095521 0.089342 0.075629 -0.193359 -0.067570 -0.007918 -0.142346 -0.040667 0.058436 0.019282 0.024460 0.170876 0.038359 -0.085112 0.061235 -0.101842 0.044213 -0.037517 -0.080798 0.078574 -0.006089 -0.062528 -0.009234 0.045622 -0.067776 0.089007 0.063884 0.056258 -0.092903 0.047685 -0.068308 0.046523 0.015660 0.116778 -0.007099 -0.016277 0.001607 -0.039927 -0.084834 -0.058448 -0.059687 0.065624 0.007024 -0.077962 -0.054122 0.086301 0.032059 0.061930 0.116616 0.012748 -0.068048 0.050247 0.026063 0.011737 0.126813 -0.010622 0.035120 -0.105707 -0.075107 -0.036392 -0.024402 0.061249 -0.014626 -0.049368 -0.096845 -0.047612 0.062704 -0.024266 0.023805 -0.074339 0.002660 0.010520 0.085149 -0.162776 0.054579 -0.030183 0.016809 -0.058409 -0.046324 0.059224 0.044819 -0.084345 0.009648 0.046255 0.078092 0.039734 -0.222087 -0.104451 -0.092444 -0.091496 0.072500 -0.065150 -0.023572 -0.134495 0.066460 -0.066423 -0.011954 -0.125711 0.068216 0.066511 0.112906 -0.002915 0.052764 -0.007970 0.004102 0.116029 0.015808 -0.040888 0.058363 0.035198 -0.090948 -0.182384 0.045655 -0.116151 -0.013643 -0.100051 -0.012874 -0.122847 -0.044887 -0.109184 0.089648 -0.048567
T_1938 -0.014806 -0.069554 0.026121 -0.036355 -0.074255 -0.033978 0.005516 0.064467 -0.099173 0.068835 0.087229 0.029656 -0.023032 0.016321 0.096150 -0.025819 0.180290 0.031495 0.041758 0.053817 -0.057233 -0.082041 0.069926 -0.053529 0.046792 0.115130 0.061552 0.023713 0.027854 -0.079065 0.064665 0.120568 -0.040235 -0.097952 -0.085776 -0.089815 -0.103919 0.023667 0.039906 -0.102670 -0.104249 -0.052007 0.035466 -0.019505 0.033962 -0.060530 -0.055523 -0.049369 0.068039 0.120362 -0.075284 0.015540 0.095901 -0.067340 0.034335 0.115526 -0.139077 -0.065236 -0.138580 0.065314 -0.015726 0.079868 -0.078521 0.092754 0.145628 0.009112 -0.035152 -0.071234 0.050136 -0.088389 -0.051971 0.067523 0.114206 -0.138486 0.009573 0.047874 -0.014025 -0.117721 0.080790 0.115417 -0.021520 0.090492 -0.007822 0.017025 0.025152 -0.026906 0.078863 -0.043029 -0.026272 0.039967 -0.058058 -0.076444 0.014085 0.087386 -0.056697 0.120039 0.063864 0.019527 -0.171534 0.031966 -0.015368 0.023322 -0.017934 0.092425 -0.025486 -0.034044 -0.021728 -0.016415 -0.042556 0.127267 -0.051442 -0.035909 0.162342 -0.031904 -0.039939 0.064602 -0.030300 0.151621 0.137382 -0.006926 0.033974 -0.011296 -0.038655 0.085885 0.049870 -0.040156 0.047620 -0.072754 -0.016166 0.032666 -0.080449 -0.006983 -0.087171 -0.026500 -0.112538 -0.142402 0.133792 0.069785 0.006861 -0.007386 -0.023479 -0.047785 0.027947 -0.159249 0.177173 0.083709 0.026556 0.027404 -0.043707 0.118609 0.033670 -0.062527 0.003294 -0.045797 0.064045 -0.019596 -0.065503 0.073584 -0.038098 -0.022332 0.043282 -0.008088 0.077627 -0.077285 -0.014580 -0.002611 0.047231 -0.028735 -0.009188 0.075345 -0.007947 -0.062017 0.098712 -0.125370 0.092119 -0.094677 0.024744 -0.056593 -0.016302 0.159242 -0.025513 -0.043074 -0.006870 0.002939 -0.052961 -0.056189 0.068751 -0.014883 -0.050634 -0.126382 -0.017530 -0.043839
T_1939 -0.018934 -0.073831 0.017395 0.033691 -0.024063 -0.004930 -0.140047 0.029823 -0.113399 0.066060 0.053505 0.151884 0.047647 -0.013035 0.027163 -0.020545 -0.007978 0.013792 0.096929 0.007100 0.043125 -0.080939 -0.084408 -0.019976 0.064510 -0.004005 0.023277 0.151972 0.147027 -0.154482 0.004645 0.023046 -0.026511 -0.035633 -0.057488 0.023064 -0.018783 -0.029634 0.102682 -0.097234 -0.055070 0.006421 0.015626 -0.083146 0.033391 -0.130589 -0.050271 -0.094827 0.115846 -0.000180 0.015679 -0.069082 0.091041 -0.062493 0.048225 0.028529 -0.055675 -0.034017 -0.020278 0.057120 0.021282 -0.033050 -0.110870 0.021603 0.042043 0.001016 0.022667 -0.011969 0.036102 -0.110098 0.057160 0.066205 0.133436 -0.129899 -0.013083 0.033037 -0.083097 -0.003266 0.061536 -0.080564 -0.022826 0.169591 0.083630 -0.053762 -0.008396 -0.054729 -0.001435 0.063349 -0.159736 0.053565 -0.039500 -0.026941 -0.010589 -0.077073 -0.129918 0.071046 0.037926 0.085148 -0.132467 0.082271 -0.140847 0.051114 0.060932 0.075412 0.051347 0.048606 -0.123171 -0.013947 -0.081107 -0.037198 0.001761 0.072079 0.076999 -0.093926 -0.086797 0.137582 0.026995 0.063887 0.170579 -0.066810 -0.035717 0.002240 -0.048294 0.003661 0.058201 -0.088847 0.020204 -0.105915 0.000930 0.005994 0.006162 -0.021152 -0.051456 -0.023382 -0.129635 -0.078219 0.115647 -0.048106 0.044765 -0.037928 -0.031785 -0.055968 0.022235 -0.067443 0.032751 -0.004753 -0.007412 -0.009158 -0.051329 0.089846 0.038284 -0.094784 0.068795 0.047782 0.096234 0.132237 -0.132794 -0.039099 -0.071347 -0.051633 0.023827 0.013486 0.004196 -0.185126 0.008695 -0.037101 0.061188 -0.038954 -0.006195 0.029433 0.053810 -0.002186 0.048116 -0.098510 0.075403 -0.012492 0.050794 -0.104646 0.050412 0.114175 -0.099893 -0.141765 0.050504 -0.002023 -0.010254 -0.125978 -0.015423 -0.003845 -0.057560 -0.130998 0.124770 -0.030948
T_1947 -0.080690 0.050682 0.034036 0.107586 0.054825 -0.039103 0.006651 0.015078 -0.006698 0.003908 -0.152934 0.048628 -0.009929 -0.039088 0.129623 0.046381 0.146949 0.051888 0.009103 0.014834 -0.032101 -0.096123 0.169615 0.070193 -0.078681 0.023238 -0.010689 0.097811 0.051308 -0.133896 -0.063242 0.037289 -0.037953 0.043823 0.041004 -0.012099 -0.027528 0.123616 0.003891 -0.041462 -0.036498 -0.009660 0.044448 -0.119907 0.081200 -0.038064 -0.049507 -0.009618 0.122325 0.020635 0.017549 0.053831 -0.004755 0.005155 0.081034 0.098034 -0.057046 -0.016763 -0.183568 -0.037041 -0.088077 0.033837 -0.052045 0.094499 0.102259 0.053783 0.020071 -0.054356 0.041570 -0.072818 -0.002079 0.037819 0.047130 -0.132820 -0.102068 -0.046341 -0.120782 -0.074537 -0.002801 0.059854 -0.106162 0.073529 -0.088735 -0.015524 0.076362 -0.035539 0.055899 -0.034561 -0.150725 0.064560 -0.052988 -0.048683 -0.021676 0.137107 -0.008624 -0.095241 0.007690 -0.064508 -0.243427 0.027132 0.043455 0.021932 0.018077 0.074385 -0.017675 -0.025309 -0.173472 -0.068095 0.059477 -0.010576 0.007252 -0.043207 -0.010366 -0.034011 0.005554 0.042880 -0.093419 0.015648 0.051537 -0.058588 0.087093 0.056210 0.025340 -0.050411 0.009997 -0.103807 -0.124028 -0.003651 -0.095402 0.052773 -0.043980 0.004219 0.048854 -0.020612 -0.115596 -0.094384 0.124483 -0.035871 0.050838 -0.158504 0.112868 -0.086317 0.049214 -0.048281 0.070427 0.089269 -0.068133 0.061280 0.077164 -0.092314 -0.074737 -0.040924 -0.073613 -0.008786 0.021086 0.017111 -0.055979 0.083946 -0.085889 -0.068830 0.028404 -0.089409 0.062606 -0.050576 -0.016295 -0.056250 0.097599 -0.008039 -0.072125 -0.019044 -0.002565 -0.051118 0.031206 -0.029677 0.143349 0.001497 -0.076829 0.013559 -0.040668 0.115049 -0.055246 -0.133985 0.096011 -0.012244 0.003879 -0.014335 -0.090597 -0.043191 0.043504 0.050210 0.080127 -0.096751
T_1961 -0.112526 0.007853 0.046957 0.019794 0.087708 -0.071368 0.054799 0.005055 -0.077934 -0.048996 -0.049276 0.074581 0.047172 -0.018634 0.153349 -0.045126 0.055388 0.084036 0.059673 -0.032853 -0.009170 -0.062608 0.028207 0.059022 -0.030571 0.072665 -0.040872 0.037537 0.026092 -0.199075 -0.040141 0.003583 -0.034963 0.066063 0.022638 -0.014463 0.025117 0.005101 -0.007240 -0.021689 -0.040969 0.057188 -0.006859 0.039192 0.005808 -0.014807 -0.023979 -0.013824 0.114447 0.005550 0.001209 -0.014085 -0.073383 0.026199 0.051699 0.064334 -0.070963 -0.020486 -0.112219 0.044670 0.005155 0.059910 -0.052386 0.055944 0.082605 0.089215 -0.036614 -0.152589 0.073628 -0.062147 0.003566 0.071474 0.094717 -0.103533 -0.039534 -0.076158 -0.058839 -0.095058 0.006510 0.032759 -0.033109 0.159838 0.025964 -0.008768 0.056100 0.042202 0.079758 -0.002927 -0.013567 0.089215 -0.012728 -0.073377 0.068304 0.177052 -0.091469 -0.001667 0.083450 0.001091 -0.238305 0.113060 0.051658 -0.077462 0.058886 0.055596 -0.029735 -0.014737 -0.041855 -0.006786 0.073672 -0.022386 -0.052382 0.026965 0.070587 -0.147418 -0.034815 0.073519 -0.062386 0.089344 0.069579 -0.032213 0.045472 0.090831 0.008309 0.030453 0.076720 -0.015276 -0.056162 -0.037448 -0.037156 -0.008642 0.010886 0.010455 -0.038205 -0.030447 -0.221661 -0.088936 0.079331 -0.061638 0.064417 -0.135234 0.050995 -0.051446 -0.047855 -0.100385 0.053269 -0.033958 0.045476 0.067135 0.106040 0.031765 0.035977 -0.006884 -0.063033 0.011650 0.115708 0.074040 -0.097234 -0.035996 -0.173620 -0.001530 0.128979 -0.015537 0.027276 -0.121198 -0.008839 0.024625 0.087933 0.023710 -0.092392 -0.021090 0.050509 -0.098672 0.037466 0.055495 0.069534 -0.001193 -0.157650 -0.016396 -0.041892 0.160267 -0.035627 -0.137284 0.118529 -0.008091 -0.033103 -0.003410 -0.128757 -0.024074 -0.016731 0.051218 0.116214 -0.134854
T_1971 0.096582 -0.012132 0.096127 0.008126 -0.026068 0.057200 -0.062658 -0.029235 -0.077320 -0.026051 -0.005407 0.144799 0.069145 -0.009639 0.052381 0.055202 0.170673 -0.074047 0.067378 0.126941 -0.120393 -0.089969 -0.083082 0.022482 0.052978 0.058139 0.045467 0.069328 0.105400 -0.143849 0.114794 0.097734 -0.038393 0.007089 -0.032794 0.054334 -0.021344 -0.027211 0.108958 -0.042896 -0.064060 -0.039538 -0.005330 -0.042241 0.072319 -0.111296 -0.042494 -0.047917 0.051918 0.098075 -0.038382 0.058533 0.091040 -0.067623 0.059456 0.053240 -0.021951 0.029520 -0.031209 0.071164 -0.027069 0.004903 -0.102352 -0.012273 0.080705 -0.003638 0.034438 -0.074228 -0.010929 -0.093854 -0.025590 0.029012 0.214775 -0.116173 -0.006669 0.074182 -0.037819 -0.112834 0.065932 0.116909 0.019289 0.030771 0.002907 -0.016158 0.016186 0.004607 0.036453 0.043506 -0.039937 -0.050351 -0.110024 -0.111315 -0.024504 -0.050774 -0.088770 0.101598 0.040699 -0.069972 -0.162524 0.078361 -0.019704 0.143926 0.035247 0.050623 0.068473 0.182930 -0.002463 -0.045012 -0.073119 0.040893 0.010719 -0.101575 0.062050 -0.078720 0.001240 0.078883 -0.007053 0.060645 0.116881 -0.046715 -0.020044 0.102745 0.003831 0.072244 -0.037456 -0.019389 0.119922 -0.044097 0.001522 0.051739 -0.049416 0.043626 -0.045649 -0.049477 -0.050850 -0.079675 0.103853 -0.029705 0.097404 -0.048811 0.001897 -0.000442 -0.010597 -0.136402 0.052711 0.009725 0.061697 0.021430 -0.109258 0.081553 -0.012339 -0.001055 0.013526 -0.016642 0.097364 0.073753 -0.141153 0.009630 -0.013676 -0.008535 0.120589 0.065680 0.009641 -0.107989 0.028991 0.045620 0.032809 -0.059166 0.001936 0.062588 0.086977 -0.020740 0.051399 -0.149881 0.057316 0.000568 0.024703 -0.096262 -0.018165 0.084741 -0.103766 -0.104862 -0.033483 -0.044697 -0.090872 -0.066777 0.030661 -0.071402 -0.006754 -0.206778 0.038516 -0.023184
T_1976 0.001554 0.063017 0.062243 -0.022536 0.051926 0.014363 0.085765 -0.035846 -0.003144 -0.061946 -0.000047 0.056778 0.092049 -0.007021 0.149744 0.005040 0.159965 -0.066811 0.079650 0.054610 -0.035993 -0.060903 0.033184 0.030162 0.058965 0.039543 -0.029260 0.015641 0.061009 -0.127408 -0.018032 -0.021260 0.016830 0.057240 0.028988 -0.038580 0.004673 0.050370 -0.057469 -0.042481 -0.036782 0.047390 0.020444 0.125581 -0.043935 0.005780 -0.064560 -0.051957 0.121115 0.062211 -0.013527 -0.142123 -0.095667 0.105189 0.041010 0.057377 -0.052148 -0.017374 -0.055995 0.016937 -0.071912 -0.042300 -0.112526 0.034782 0.066536 0.140226 0.107114 -0.106437 -0.021323 -0.121618 0.005649 0.109885 0.021887 -0.080398 0.043573 -0.087226 -0.010388 -0.114572 -0.036721 0.069320 0.031229 0.199661 0.047249 -0.000399 0.087056 0.077601 -0.054688 0.020306 -0.110363 0.089711 0.011303 -0.008349 -0.013475 0.159193 -0.016663 -0.014226 0.036826 0.084522 -0.183618 0.075108 0.105544 -0.115520 0.003376 -0.034651 -0.012682 -0.029590 -0.070169 -0.099293 0.081785 -0.009820 -0.095611 0.042459 0.035822 -0.089072 -0.085236 0.024560 -0.162864 0.070697 0.066357 -0.075156 0.065004 -0.044727 0.026342 0.014017 -0.047445 -0.001034 -0.058580 0.008418 -0.008447 0.035250 -0.031646 -0.014715 -0.146552 -0.094038 -0.075970 -0.097770 -0.023612 -0.070021 0.124074 -0.118446 -0.035145 -0.117064 -0.049870 -0.086395 0.042508 -0.044209 0.038152 0.061681 0.142967 0.007474 -0.015491 0.043409 -0.060401 0.005407 0.089999 -0.021773 -0.041853 -0.114219 -0.118178 0.011931 -0.035101 0.079039 -0.024372 -0.056202 -0.012941 0.011257 0.147316 -0.090523 -0.094754 0.051776 0.081032 -0.062675 -0.057027 0.010837 0.036882 0.124457 -0.121246 -0.003540 -0.102841 0.067810 -0.143526 -0.080960 0.052737 0.073137 -0.008167 0.040126 -0.028548 -0.026162 -0.065432 -0.037702 -0.011123 -0.035816
T_2051 0.077001 0.056716 0.013662 0.050809 0.015136 0.023490 -0.067740 0.031804 0.057048 0.015663 0.045193 0.117782 -0.090199 0.034668 0.043966 -0.032465 0.168258 -0.102886 0.104595 0.146130 -0.088692 -0.052154 -0.045322 0.033773 0.045976 0.155712 0.047913 0.127180 0.131532 -0.080811 0.026231 0.213430 -0.068106 0.015976 -0.076382 -0.046725 -0.082016 -0.098905 -0.071902 -0.034832 -0.079203 -0.013214 -0.014261 -0.088496 0.061979 -0.078864 -0.005592 -0.036677 0.012411 0.137725 -0.014506 0.092336 -0.003659 -0.071129 0.025154 0.057237 -0.127226 0.013521 -0.097613 0.081610 -0.086649 -0.007615 -0.008873 -0.037046 0.082482 -0.049555 -0.013492 -0.114536 0.030031 -0.069990 -0.029786 -0.001614 0.120372 -0.015536 -0.021011 0.026242 -0.028487 -0.127735 0.078108 0.129435 -0.067697 -0.023217 -0.026103 0.041364 0.137369 -0.018950 0.078973 -0.027619 0.010420 0.130359 0.000976 -0.084344 0.074116 -0.071962 -0.000854 0.113935 0.086909 -0.043513 -0.138947 0.051929 0.015105 0.115887 -0.066122 0.076478 -0.036567 0.078328 0.052302 -0.051195 -0.014180 0.081131 -0.005716 -0.057713 0.092355 -0.052163 0.020987 0.048522 -0.017029 0.057293 0.056917 0.016038 -0.032190 0.089168 -0.044800 0.155448 -0.023643 -0.060158 0.046741 -0.002789 -0.066522 0.091019 -0.062165 -0.003345 -0.047594 -0.008988 -0.070123 -0.080413 0.044507 -0.046699 -0.031467 -0.020312 0.026435 0.016412 -0.001584 -0.181158 0.035313 0.106433 0.077747 0.024533 -0.112906 0.063135 -0.028271 -0.082926 -0.025565 -0.021573 0.038569 0.002952 -0.141026 0.017723 0.027361 -0.101776 0.004810 -0.044309 0.083221 -0.102456 0.022648 -0.040234 0.081307 -0.051786 -0.078515 0.036257 0.120220 -0.049596 0.039093 -0.107850 0.042361 -0.115772 0.026873 -0.095822 -0.035242 0.100474 -0.045404 -0.095930 0.058405 -0.076063 -0.029570 -0.042687 0.091378 0.097435 -0.013777 -0.089442 -0.016859 -0.027885
T_2070 0.127406 0.073126 0.099895 -0.002709 -0.008865 0.046057 -0.069430 -0.002446 -0.135304 -0.009744 0.043848 0.221903 0.096581 -0.024035 0.103553 -0.007632 0.176346 -0.038986 0.061051 0.001305 -0.064879 0.030987 -0.005942 0.024412 0.058278 0.010348 0.075364 0.117724 0.198910 -0.125691 0.089019 0.232858 -0.003689 0.020062 0.050510 0.008744 -0.077998 -0.069741 0.024959 0.033264 -0.038938 0.045814 0.073037 -0.071676 0.108106 -0.070948 -0.132100 0.022431 0.049036 0.044337 -0.062471 0.068707 -0.044618 -0.050235 0.073491 -0.003675 -0.031549 -0.027804 -0.055605 -0.011364 -0.076256 -0.049107 -0.073845 -0.090639 0.072498 0.050131 -0.045853 -0.115688 -0.061683 -0.092321 -0.035855 0.061847 0.076088 -0.148873 -0.050379 -0.007943 -0.109533 -0.119002 0.102226 0.083931 0.034680 0.082431 -0.011338 -0.012354 0.054288 -0.027640 -0.019123 0.070870 -0.020900 0.030263 -0.049734 -0.165976 -0.032365 0.056509 -0.063977 0.035138 0.006949 -0.058059 -0.024403 0.163822 -0.126406 0.040598 0.008743 0.088601 0.042885 0.083610 -0.034540 -0.068717 -0.078061 0.058814 0.022412 -0.116950 0.070541 -0.025770 0.029608 0.102516 -0.071465 0.098364 0.055179 0.013725 0.036091 0.004008 0.063005 -0.003770 0.011762 -0.020182 0.128917 -0.051292 -0.049835 0.046872 -0.063741 -0.007933 -0.090774 -0.037451 -0.060229 -0.012874 0.049392 -0.008143 0.071451 -0.044321 -0.047404 -0.041506 -0.025190 -0.086065 0.026412 -0.020110 0.023615 0.038165 -0.081515 0.091657 0.011637 -0.104974 0.037038 0.037336 0.092540 0.020745 -0.064090 -0.066762 -0.014400 0.050779 0.073617 -0.053812 0.030047 -0.129439 -0.022637 0.020106 0.030775 -0.086184 0.026943 0.004876 0.092925 -0.051689 0.033267 -0.118160 -0.056236 0.012397 0.003289 -0.002209 -0.007394 0.067983 -0.174295 -0.074032 0.013755 -0.017518 -0.079090 -0.028476 -0.061512 -0.088135 -0.049931 -0.134972 0.039617 -0.044885
T_2077 -0.036112 -0.015318 0.059172 0.070149 0.035526 -0.007568 0.058474 0.035799 -0.080692 -0.058064 -0.045606 0.121168 0.161316 -0.007421 0.062074 0.005000 0.066950 0.077353 -0.023530 0.017343 -0.105700 -0.141921 -0.049071 0.095005 -0.035879 -0.029322 0.080783 0.140436 0.081986 -0.055487 -0.005528 0.084837 -0.046107 -0.046554 0.039816 -0.043417 -0.065903 -0.087014 0.073223 -0.086989 -0.068263 -0.014012 0.000926 -0.114556 -0.015487 0.004555 0.068167 -0.030679 0.055706 0.133969 -0.001397 0.026051 -0.019678 -0.029246 0.124798 0.037022 -0.080253 -0.007538 -0.054667 -0.100806 0.061226 -0.026374 -0.061193 0.071607 0.104094 0.015866 0.078553 -0.096415 0.001485 -0.097796 0.011141 0.104849 0.053178 -0.117119 -0.006185 -0.016794 -0.016014 -0.108981 -0.117749 0.206853 -0.064102 -0.052083 0.037862 0.020663 0.147718 -0.021063 0.076644 -0.040701 -0.090528 0.099241 -0.003368 -0.109495 0.042013 0.123795 -0.051836 -0.026953 0.071908 -0.067087 -0.172475 0.072454 0.026063 -0.046785 0.044326 0.075697 0.014254 0.028741 -0.036260 -0.015276 -0.018800 0.024770 -0.044668 -0.101514 -0.036666 -0.003985 0.033148 0.041898 -0.037058 -0.009166 0.075887 -0.027358 0.036788 -0.017793 0.034170 -0.048394 -0.008477 -0.043680 0.045022 -0.079122 -0.042576 0.107494 -0.117324 0.010012 -0.030027 -0.108392 -0.134906 -0.155051 -0.024922 -0.099640 0.051525 -0.040614 0.015787 -0.053551 0.102759 -0.023164 -0.039536 0.012589 -0.107154 0.028810 0.016987 -0.006113 -0.040128 -0.134356 -0.042213 -0.075739 0.056178 -0.039917 -0.038548 0.007347 -0.081315 -0.060166 -0.015193 -0.051447 0.045559 -0.067508 -0.034018 0.035071 -0.038740 -0.031678 0.010444 0.126149 0.167543 -0.036694 -0.132140 -0.027819 0.030594 0.004071 0.022222 -0.007024 -0.084234 0.036461 -0.261347 -0.148064 -0.018595 -0.042644 0.055530 -0.004279 -0.045598 -0.027481 -0.013868 -0.087097 0.111344 -0.047355
T_2087 -0.027339 0.028362 0.010928 -0.103047 -0.026838 -0.047334 -0.047703 0.053865 -0.228497 -0.053612 -0.032929 0.055144 0.044923 0.001520 0.106451 0.023973 0.037291 -0.050834 -0.055855 -0.114910 -0.070266 0.046330 0.036818 0.032442 0.019977 0.093180 0.026345 0.106498 0.149372 -0.107018 0.061145 0.089478 0.011840 0.031429 0.044376 -0.053665 -0.026426 0.015056 -0.016897 -0.072617 -0.028073 0.046721 -0.014660 -0.084550 0.065917 -0.044714 -0.073602 -0.100417 0.052643 -0.019778 -0.022322 -0.045565 0.084838 -0.040645 0.023474 -0.074748 -0.019399 -0.033255 -0.154186 0.102852 -0.078049 -0.045404 -0.122610 0.039826 0.059462 -0.051026 0.003329 -0.069680 -0.066315 -0.121875 -0.060189 0.048350 0.039194 -0.088010 -0.017816 -0.065516 -0.067297 -0.057909 0.027098 -0.014353 0.043776 0.123031 0.019781 -0.061494 0.023002 -0.023021 0.085552 0.053518 -0.059943 0.083709 -0.038972 -0.165117 0.002011 0.171142 -0.053899 0.065859 0.066922 0.029842 -0.110948 0.104011 -0.064635 -0.010699 0.026658 0.015338 -0.097050 -0.067543 -0.061011 -0.032117 -0.030028 0.146805 0.061323 0.058238 -0.026941 -0.040102 -0.007374 0.164096 -0.079953 0.094908 0.066712 -0.170860 0.049439 -0.009808 -0.049555 -0.115388 0.069294 -0.015046 0.141076 -0.021769 0.041222 0.019395 0.001536 -0.037889 -0.118576 -0.050595 -0.148667 0.005438 0.101192 -0.027999 0.003552 -0.037074 0.005106 -0.008708 0.082987 -0.159025 0.080849 0.042371 -0.004920 -0.013918 -0.018482 0.122879 -0.024021 -0.039385 0.039599 0.092324 0.137406 0.111655 -0.078245 -0.035091 -0.172872 -0.000907 -0.008271 0.023403 0.014003 -0.063580 -0.029803 -0.038159 0.078989 -0.109379 -0.020911 0.015391 0.064406 -0.061053 -0.036366 -0.037460 -0.036089 -0.072417 0.037305 -0.040889 0.000894 0.119577 -0.157813 -0.085004 -0.020396 0.064612 -0.010657 -0.050357 0.010176 -0.007460 -0.040140 -0.099796 0.072185 -0.062678
T_2098 -0.019958 -0.109384 0.034816 -0.036378 -0.017394 -0.021414 0.029698 0.050276 -0.071081 0.100042 0.040328 0.052935 0.033089 0.019081 0.076726 -0.053217 0.056253 -0.002668 0.061819 -0.031314 0.055203 -0.025651 -0.030586 -0.011643 0.014435 0.050282 0.090812 0.095630 0.143980 -0.169978 -0.024553 0.042792 0.059536 0.066764 -0.093960 -0.022888 0.099700 0.034439 0.040539 -0.057328 -0.061258 0.027729 0.005824 -0.096885 -0.096883 -0.159297 -0.065821 -0.074468 0.098821 0.032879 0.003828 -0.078486 0.051336 -0.042228 0.065252 0.076360 -0.097374 -0.012463 -0.138241 0.028808 -0.005185 -0.072529 -0.063878 -0.041926 0.105666 0.006648 -0.005659 -0.064161 -0.028225 -0.140213 0.098963 -0.006296 0.120102 -0.053665 -0.043599 -0.007743 -0.074767 0.055778 -0.033632 -0.079914 0.033057 0.181332 0.062974 -0.045004 0.051566 -0.025336 -0.040456 0.004521 -0.111962 0.023360 -0.064767 -0.023638 0.003518 0.096272 -0.077121 0.108247 0.131988 0.132352 -0.159324 0.100976 -0.148146 0.029648 0.008395 0.084185 0.040896 0.037146 -0.120806 0.041051 -0.026369 0.025802 -0.063996 0.022866 0.084626 -0.128280 -0.044514 0.074007 0.021701 0.015495 0.149443 -0.091752 0.014097 0.047692 -0.034389 -0.046135 0.100508 -0.075178 0.074215 -0.095407 0.041502 0.003872 0.001009 0.045876 0.006753 -0.014956 -0.103431 -0.113216 0.058568 -0.023806 0.032354 -0.073603 0.069773 -0.013759 0.111944 -0.107156 0.074256 -0.016985 -0.063148 -0.041451 0.119198 0.004027 0.041110 -0.107361 0.011596 -0.021011 0.037819 0.108972 -0.095326 -0.012680 -0.087642 -0.083448 0.037857 0.035253 -0.085473 -0.121429 -0.029739 0.043004 -0.042049 -0.036342 -0.028002 0.094497 0.062679 0.086734 0.033747 -0.061767 0.021696 -0.033220 -0.012060 -0.062279 -0.035562 0.093920 -0.151106 -0.109316 0.110789 -0.036349 0.036862 -0.035273 0.051661 -0.047113 0.034680 -0.157681 0.071261 -0.059325
T_2101 -0.012017 0.081546 0.017031 0.043812 0.036786 -0.053837 -0.014158 0.039851 -0.082900 -0.012501 -0.100097 0.071181 0.102979 -0.070035 0.064934 -0.035189 0.030873 0.055057 0.026074 -0.000965 0.055252 -0.039483 0.037168 -0.048453 -0.088101 -0.042741 -0.021683 0.044598 -0.035976 -0.179057 0.040280 0.062039 -0.044223 0.046055 -0.032010 0.032413 0.042083 0.090372 -0.092588 -0.023164 -0.012754 0.003238 0.016312 -0.083368 0.027813 0.086142 -0.050909 0.006297 0.134564 0.053336 -0.024538 0.056510 -0.092025 -0.014928 0.106388 0.041962 -0.068733 -0.054439 -0.143911 0.011465 -0.043984 0.004040 -0.063652 0.002606 0.115791 0.097782 0.080827 -0.110155 -0.016695 -0.067353 0.062716 0.057430 0.077691 -0.185989 -0.127668 -0.024878 -0.117518 -0.016533 -0.055037 0.046073 0.002211 0.100137 -0.045322 0.088827 0.006989 -0.042378 -0.041388 0.035318 -0.098872 0.032245 -0.051733 -0.152417 0.031347 0.159257 0.019741 -0.096075 0.032608 -0.065639 -0.281381 0.100343 0.028285 -0.086763 0.039731 0.029277 -0.014306 -0.012763 -0.104899 -0.006786 0.111591 -0.009427 -0.088448 -0.048996 -0.060284 -0.043556 -0.011744 0.042703 -0.063512 0.046644 0.127199 -0.079317 0.022544 0.088212 0.075533 -0.010698 0.021841 -0.013271 -0.117543 -0.126863 -0.135106 0.063846 -0.056740 -0.040958 -0.023914 -0.021558 -0.084287 -0.068568 0.075534 -0.058761 0.046098 -0.103577 0.037041 -0.145264 0.004717 -0.010249 0.091140 0.068606 -0.027698 0.040232 0.075771 0.034170 -0.015078 0.080415 -0.036402 0.021733 0.049851 0.042082 -0.021331 0.025834 -0.022975 -0.069802 0.046540 -0.026592 0.039312 0.010540 -0.063601 0.004835 0.125488 -0.013456 -0.066349 -0.046529 0.027767 -0.171885 0.022038 0.067924 0.128378 0.050876 -0.126713 0.051890 -0.038215 0.087913 -0.046685 -0.146513 0.039577 0.056091 0.010565 -0.042502 -0.096946 -0.079542 -0.018354 0.035113 0.020307 -0.132001
T_2131 -0.137133 -0.006404 -0.009942 0.031181 0.046000 -0.090423 0.063923 0.020918 -0.067534 -0.004469 -0.121007 0.109469 0.135994 -0.026753 0.080956 0.013227 0.083979 0.100317 0.047624 0.044011 0.039298 -0.074164 0.083147 0.080769 -0.109370 0.065196 0.014074 0.041004 0.068605 -0.106875 -0.082361 0.002590 -0.004594 0.007077 0.010705 -0.063974 -0.015610 0.040018 -0.014385 -0.081145 -0.026582 -0.012755 0.029611 -0.141266 0.053598 0.045762 -0.000804 0.002889 0.117707 0.037253 0.004660 0.097788 0.084247 0.009379 0.025815 0.107890 -0.054221 0.041722 -0.136081 -0.064619 -0.041708 0.001481 -0.009544 0.057807 0.096998 0.125736 -0.005049 -0.127411 0.062553 -0.091743 0.020405 0.021842 -0.024837 -0.117563 -0.105028 -0.001963 -0.030896 -0.071102 -0.026345 0.110147 -0.064896 0.057515 0.052314 0.007996 0.088671 -0.020605 -0.009469 -0.038341 -0.106851 0.103367 0.069425 -0.039293 -0.058756 0.161492 -0.009114 -0.035745 0.077156 -0.070836 -0.182121 0.083222 0.049186 0.016987 0.003125 0.102067 -0.043718 -0.074789 -0.083431 -0.034241 -0.041222 -0.041577 0.034164 -0.032364 -0.024379 -0.093873 -0.036005 0.085480 -0.051127 0.028521 0.064001 -0.053827 0.125406 0.074073 -0.044851 -0.066957 0.008078 -0.095093 -0.111761 -0.102112 -0.091856 0.054980 -0.032014 0.032982 0.009171 -0.022358 -0.170592 -0.086198 0.086390 -0.024639 0.126619 -0.143390 0.044633 -0.035461 0.124762 -0.058791 0.039832 0.060135 -0.070730 0.087850 0.027057 0.002665 -0.100806 -0.051533 -0.041519 -0.014668 0.056497 0.046050 -0.102428 0.083536 -0.166214 -0.035973 0.001562 -0.021976 0.009452 -0.024111 0.006369 0.040679 0.099807 -0.127779 0.012314 0.092765 0.031413 -0.046414 0.026830 0.007208 0.133896 0.042836 -0.126555 0.007710 -0.001105 0.094791 -0.122760 -0.111654 0.105113 -0.036839 0.074583 0.008665 -0.113072 -0.019934 0.043107 0.030419 0.040938 -0.063744
T_2149 0.005964 -0.056212 0.029480 -0.049603 -0.031469 0.037775 -0.083582 0.047779 -0.114871 -0.016589 0.013023 0.074405 0.041395 -0.013008 0.097156 0.084303 0.102183 -0.056032 0.025973 0.054105 -0.010938 -0.011704 0.000860 -0.046204 0.040294 0.089563 0.061405 -0.015094 0.034912 -0.154921 0.052372 0.046022 -0.012929 -0.137990 -0.086834 -0.033862 -0.017176 -0.024400 -0.039819 -0.086501 -0.064802 -0.012236 0.034474 -0.192650 -0.015218 -0.103563 0.013186 -0.074025 0.056392 0.116604 -0.011076 0.085342 0.105289 -0.126153 -0.001569 0.085118 -0.063250 -0.116169 -0.151056 0.072377 -0.008360 -0.026623 -0.115055 -0.002727 0.058336 -0.032699 0.032426 -0.096140 0.026790 -0.116142 0.089327 0.077153 0.090602 -0.080030 -0.001067 0.027480 -0.136527 -0.092114 -0.004437 0.048431 -0.046887 0.221993 0.034022 -0.020951 0.011277 -0.015498 0.025932 0.010295 -0.104947 -0.026510 -0.063398 -0.128305 -0.044276 0.119592 -0.083036 0.030651 0.147432 0.039057 -0.176982 0.121592 -0.099204 -0.001053 0.031103 0.053293 -0.047130 0.015271 -0.066428 -0.039126 -0.116177 0.038119 0.017325 -0.081567 -0.008456 -0.022814 0.010694 0.059844 -0.022112 -0.003502 0.063060 -0.024622 -0.017022 0.060460 -0.000790 0.002237 -0.005317 -0.049768 0.106723 -0.105861 0.016669 0.031149 -0.031833 -0.006891 -0.011417 -0.029271 -0.017780 -0.033840 0.059277 -0.079766 -0.025596 -0.061074 -0.000821 0.019602 0.057047 -0.163200 0.092007 0.104302 0.113124 0.114158 -0.027772 0.124939 0.033559 -0.001757 -0.045366 -0.066528 0.046542 0.033418 -0.119666 0.032763 -0.082038 0.055759 0.101674 0.113249 -0.048464 -0.105888 -0.022894 -0.009113 0.073613 -0.084252 -0.070142 0.054204 0.013756 -0.014258 0.130323 -0.097041 0.019341 -0.076562 -0.053979 -0.021369 0.001331 0.156765 -0.046187 -0.059785 0.084129 -0.005254 -0.057604 0.007255 -0.024482 -0.006994 0.008017 -0.142538 0.099826 -0.053860
T_2150 -0.001119 -0.080105 0.010130 0.019960 0.031819 -0.006960 -0.184102 0.017734 -0.050664 0.080204 0.146018 0.096554 0.080144 0.073437 -0.061402 -0.018620 0.081786 -0.023432 0.006066 0.040538 0.047909 -0.099660 -0.092256 -0.002217 0.028128 0.087444 0.127429 0.085304 0.116108 0.006835 -0.036866 0.145021 -0.084400 0.007627 -0.017929 -0.060651 0.002952 -0.086674 0.022385 -0.089793 -0.009745 0.024834 -0.022769 -0.046049 -0.010415 -0.045515 -0.050752 -0.036242 0.121744 0.076097 -0.012073 -0.012951 0.033238 -0.036635 0.034288 0.102406 -0.034974 0.047725 -0.060871 0.002736 -0.038813 0.026103 -0.054106 0.019522 0.069312 -0.019775 0.015302 -0.098342 0.038797 -0.146469 0.081588 0.114859 0.077965 -0.015565 0.035221 -0.070949 -0.030109 -0.006895 0.089392 0.065831 -0.025897 0.087930 0.040625 -0.056571 0.054299 0.024151 0.054860 0.067019 -0.086725 0.018253 -0.041542 -0.090160 -0.013008 0.023048 -0.141408 0.041221 0.060681 -0.025237 -0.128655 0.103995 -0.100840 -0.014018 0.000029 0.036319 0.038101 0.115481 -0.051724 -0.092838 -0.036350 0.035427 0.032351 -0.048624 -0.020289 -0.088947 -0.048687 0.026544 0.011476 0.130241 0.175634 0.007315 -0.055877 0.032448 -0.056576 0.088389 -0.032842 -0.074827 0.072955 -0.127768 -0.004464 0.040446 0.008493 0.032105 -0.100782 -0.131320 -0.075436 -0.061663 0.162145 -0.125540 -0.035889 -0.049862 -0.021704 -0.056669 -0.040500 -0.080250 0.112601 0.063545 0.075774 -0.007526 -0.044520 0.146214 -0.011093 -0.043146 0.023969 -0.064474 0.060498 0.030905 -0.093388 0.071263 -0.008454 -0.037464 0.073306 0.025429 0.008548 -0.147444 -0.020383 -0.030323 0.077498 0.026294 -0.090324 0.046047 -0.006653 -0.039579 0.060727 -0.045689 0.082181 -0.072505 0.013916 -0.134391 -0.124243 0.066442 -0.032354 -0.173884 0.073176 -0.091705 -0.049459 -0.069708 0.098553 -0.081593 -0.088904 -0.193185 0.078977 -0.014088
T_2169 -0.031856 -0.054508 -0.053517 0.005953 0.072343 0.075847 -0.038362 0.034107 -0.095375 -0.028948 0.063467 0.132301 0.162933 0.031064 0.082011 0.048424 0.109705 0.020952 0.076354 -0.041520 0.023245 -0.072893 -0.025898 0.061460 0.000772 0.149722 0.068869 0.009090 0.093861 -0.063599 0.030476 0.073203 -0.012255 0.053563 -0.106047 -0.094195 0.032232 -0.067464 0.058765 -0.024502 0.011631 0.041029 0.039490 -0.105197 0.008517 -0.038774 -0.080978 -0.036755 0.123499 0.010327 -0.038640 0.066227 0.067862 0.026994 0.095329 0.032543 -0.022037 -0.061844 -0.176817 -0.031387 -0.026741 0.004469 -0.064861 -0.084296 0.039784 -0.055903 -0.092323 -0.126428 -0.011492 -0.033983 0.118883 0.036047 0.110968 -0.050353 -0.134251 -0.044923 -0.065480 -0.058839 -0.002758 0.003299 -0.054595 0.147126 0.020388 -0.115520 0.058385 0.035468 0.010352 -0.009458 -0.177114 -0.002475 -0.073105 -0.038711 0.028104 0.059388 -0.052964 -0.028576 0.135896 0.085195 -0.170232 0.064510 -0.069875 0.000350 0.062328 0.019404 0.008443 -0.016545 0.007816 0.038863 -0.010128 0.052555 -0.031504 0.020068 0.063724 -0.050703 -0.014790 0.035202 -0.053460 0.052248 0.197898 0.012800 -0.087454 -0.021245 -0.082966 -0.035567 0.066966 0.028012 0.100202 -0.058981 0.051868 0.068404 0.023886 -0.012415 -0.115059 -0.135189 -0.044171 0.000515 0.058405 0.028435 -0.012454 -0.056161 -0.013041 -0.078884 -0.016688 -0.096598 0.136470 -0.147311 0.040461 0.007565 -0.001023 0.038728 0.040463 -0.070294 0.011362 0.004960 -0.052834 0.060609 -0.078929 0.015823 -0.145123 0.032592 0.093709 0.131497 0.060481 -0.108062 -0.020335 0.053631 -0.019522 -0.139281 -0.059753 0.076943 0.021476 0.086711 -0.013265 -0.051888 0.051917 -0.106061 0.015971 -0.023307 0.032426 0.100539 -0.037939 -0.048716 -0.049866 0.010738 -0.031512 0.059110 -0.012138 -0.212099 -0.002586 -0.163139 0.085136 -0.037803
T_2176 0.005421 0.132741 0.046765 0.055452 0.085716 -0.094921 0.077524 -0.064856 -0.051407 -0.028952 -0.092299 0.100652 0.076005 -0.042704 0.102760 0.010155 0.038311 -0.034655 0.032446 -0.050594 0.012825 -0.070992 0.104745 -0.120084 -0.027016 -0.066750 -0.019681 0.017247 -0.043795 -0.071543 0.088255 0.035814 -0.002824 0.046785 0.053826 0.098549 0.070654 0.067401 0.015011 -0.013082 -0.031777 0.004391 -0.034301 -0.058179 0.041983 -0.071318 0.034508 0.064394 0.074132 -0.007893 -0.044795 0.061706 -0.064553 -0.043185 0.162859 -0.021659 0.024798 -0.001358 -0.124331 0.007835 0.002082 0.113654 -0.094829 0.084575 0.003407 0.146049 -0.035668 -0.088685 0.061038 -0.118088 0.168829 0.201319 0.056330 -0.070014 -0.016326 -0.078746 -0.030683 -0.009658 -0.112413 0.004099 0.055248 0.053279 -0.042242 0.114787 0.050531 -0.109359 -0.002464 -0.051704 -0.106026 0.038824 -0.044163 -0.093980 0.044714 0.067102 -0.003428 0.035686 0.000358 -0.062969 -0.276405 0.124822 0.063047 -0.086192 0.154624 0.017560 -0.005343 -0.038551 -0.032051 -0.074154 0.128891 0.019073 -0.147030 -0.076368 0.105709 -0.078266 0.052105 -0.043540 -0.010885 0.064402 -0.003654 -0.025984 0.117482 0.015225 -0.023740 0.032822 -0.018553 0.049677 -0.060751 -0.016395 -0.093641 0.055758 -0.016946 -0.021763 -0.100287 -0.036811 -0.060828 -0.090738 0.018750 -0.063133 0.013115 -0.046105 -0.069507 -0.040615 -0.086844 -0.083227 0.103468 0.064757 0.022070 0.021501 0.000221 -0.032569 -0.091260 0.044832 0.082702 -0.079670 0.045822 -0.049378 -0.003428 0.004604 -0.091013 0.028818 0.066963 -0.084972 0.105942 0.086885 -0.070559 -0.057468 0.116775 0.055067 -0.021055 -0.066485 0.080980 -0.114442 -0.023756 -0.011057 0.017614 0.000276 -0.011674 0.037137 -0.028556 0.021902 -0.033686 -0.104486 0.057151 0.010995 -0.004660 -0.027504 -0.109445 -0.144705 0.025890 0.066701 0.070818 -0.101594
T_2182 0.016493 -0.026339 -0.002470 0.055657 0.042431 0.049525 -0.103307 0.093103 -0.011562 0.093095 0.016956 0.038462 -0.089396 0.046937 0.028637 -0.075748 0.043687 -0.014232 -0.012499 0.042292 0.065016 0.002907 -0.034794 -0.054092 -0.011505 0.050708 0.025402 0.108632 0.139778 -0.147184 -0.030003 0.112159 -0.013103 -0.027100 -0.062932 -0.067512 0.095997 -0.038911 -0.039540 -0.047642 -0.051373 0.075692 -0.005693 -0.017373 -0.017692 -0.037145 -0.049987 0.036575 0.070616 0.020345 0.007305 0.025763 0.110519 -0.043108 0.062631 0.054687 -0.041560 0.024062 -0.090788 -0.007369 -0.037776 -0.060878 -0.103134 -0.000406 0.150712 0.033753 -0.002932 -0.068019 -0.000966 -0.120320 0.112064 -0.001557 0.113506 -0.067815 -0.043892 -0.024736 -0.144415 -0.072221 0.084942 0.022381 -0.002529 0.166331 0.058740 -0.040364 0.074464 -0.065453 0.031406 0.013339 -0.110947 0.102229 -0.009328 -0.004661 -0.000512 0.108144 -0.127275 0.152972 0.030163 0.091026 -0.189639 0.096011 -0.095784 0.075955 -0.059397 0.054237 -0.042430 0.012502 -0.058600 -0.048853 -0.069098 -0.010266 -0.002983 0.015953 0.048820 -0.134824 0.029579 0.113913 -0.011806 0.073571 0.125116 -0.027395 -0.029012 0.113550 0.031197 0.003504 0.046941 -0.091016 0.038210 -0.100834 -0.005164 0.101199 -0.003173 0.043476 -0.052734 -0.099650 -0.069662 0.029227 0.093068 -0.060109 0.043659 -0.121224 0.070577 -0.031436 0.098184 -0.186881 0.053817 0.065505 0.065434 0.035586 -0.051151 0.073266 -0.010977 -0.131136 -0.035594 -0.106150 0.056078 0.039639 -0.138289 0.044254 -0.068005 -0.118540 0.038674 0.039745 -0.027187 -0.064853 0.053781 -0.056427 0.026469 -0.084192 -0.059910 0.080524 0.015767 0.011485 0.047162 -0.056842 -0.000522 0.000300 -0.015380 -0.020292 -0.092287 0.119194 -0.080797 -0.115600 0.065038 -0.112266 0.024512 -0.063625 0.041203 -0.039956 -0.051317 -0.180350 0.123903 -0.022655
T_2193 -0.102864 0.028008 0.025378 0.072438 0.040249 -0.087837 0.037921 0.075564 -0.100770 -0.050924 -0.129767 0.076571 0.076816 -0.041843 0.146772 -0.030739 0.081686 0.077010 0.032203 -0.002164 -0.032715 -0.133257 0.092388 -0.013872 -0.092371 -0.060731 0.004202 0.015271 -0.018795 -0.097187 0.060429 0.020808 0.007260 0.076882 0.054856 -0.017966 0.069096 0.035053 -0.043982 0.028516 0.020099 0.012929 0.035043 -0.024511 0.079673 0.015867 -0.054506 0.032511 0.093466 0.010976 -0.055179 0.047248 -0.040030 -0.062299 0.143981 0.033758 -0.007848 0.012937 -0.177552 -0.069108 -0.028454 -0.033323 -0.026148 0.136672 0.128253 0.159937 -0.008175 -0.046256 0.069020 -0.063970 0.038788 0.114626 0.025212 -0.148608 -0.105945 -0.020778 -0.101731 -0.058864 -0.067349 0.009105 -0.005728 0.065079 -0.063470 0.080792 0.149350 -0.003822 -0.089121 -0.049434 -0.053296 0.082362 0.028934 -0.110427 0.018472 0.071868 0.013425 0.003142 0.089872 -0.059278 -0.279679 0.139398 0.008869 -0.103324 0.076355 0.045873 -0.002062 -0.033064 -0.086355 -0.053229 0.104192 0.009046 -0.068951 -0.040356 -0.018372 -0.073541 0.059788 0.008070 -0.071473 0.053482 0.011049 -0.027493 0.082536 0.100327 0.023092 0.004229 0.043810 0.022921 -0.028445 -0.012891 -0.118334 0.062392 0.022904 -0.016379 -0.019529 -0.051945 -0.069476 -0.070988 0.124387 -0.013734 0.086482 -0.092025 0.069555 -0.030288 -0.019530 -0.058259 0.090415 0.070705 -0.073485 0.044064 0.079770 -0.035361 -0.001599 0.057149 0.037514 -0.033494 0.005811 0.024221 -0.023049 0.009369 -0.119452 0.008612 0.076344 -0.094394 0.061124 -0.007063 -0.091375 0.076857 0.065506 -0.056816 -0.035622 -0.045143 0.037658 -0.095946 -0.000077 0.019208 0.103704 0.001849 -0.114363 0.006446 0.001532 0.135427 -0.043357 -0.145668 0.075920 0.044265 0.052341 -0.054376 -0.089470 -0.132712 0.002616 0.045012 0.002721 -0.165275
T_2195 0.043627 -0.052979 0.040474 0.027763 0.034188 0.038946 -0.140450 -0.033327 -0.069465 -0.013716 -0.002371 0.092420 0.006754 0.000776 0.109494 0.107927 0.101252 0.023499 0.089717 0.142060 -0.014074 -0.029347 0.059873 -0.036728 -0.020469 0.064555 0.129034 0.049892 0.095563 -0.092801 -0.006790 0.040204 -0.065721 -0.105650 -0.112809 0.012970 0.035580 0.004431 0.042671 -0.073890 -0.085049 -0.018059 0.024003 -0.190934 0.049684 -0.130576 0.027255 -0.072993 0.016670 0.103536 -0.011701 0.047744 0.179877 -0.107245 0.039561 0.119337 -0.045876 -0.051036 -0.075797 0.045199 -0.015873 0.032883 -0.131985 0.026990 0.079477 -0.009406 0.051708 -0.042263 0.051777 -0.074078 0.079933 0.059547 0.115952 -0.073055 0.014169 0.009764 -0.148265 -0.085548 0.011275 0.030048 -0.030903 0.141677 0.062845 -0.012482 -0.013023 0.015408 0.035880 0.062302 -0.098704 -0.035055 -0.067482 -0.167878 -0.059220 0.065823 -0.082952 0.028909 0.083475 0.003463 -0.202263 0.090744 -0.017832 0.057433 0.050250 0.060515 0.036192 0.111215 0.023043 -0.011592 -0.087320 0.027067 0.020538 -0.031685 0.031481 -0.021444 0.066524 0.095681 -0.010870 0.036493 0.139061 -0.037603 -0.070114 0.055265 0.003553 0.037838 -0.011871 -0.062195 0.070517 -0.044615 0.021816 0.038715 -0.055461 0.017342 -0.021973 -0.040633 0.003101 -0.062220 0.068985 0.013034 -0.029878 -0.053684 0.003336 -0.014432 0.059877 -0.111901 0.072812 0.059236 0.091613 0.068421 0.003371 0.110739 0.054802 -0.031132 -0.063978 -0.023214 0.059962 0.043506 -0.127982 0.008949 -0.104589 0.044352 0.099294 0.057578 -0.035060 -0.117587 0.043631 0.023180 0.029355 -0.105081 -0.074130 0.128573 0.012305 0.064346 0.133066 -0.062976 0.033170 -0.077071 0.005016 -0.080531 0.006171 0.162421 -0.056373 -0.104375 -0.005022 -0.063660 -0.068212 -0.011764 0.067859 -0.083629 0.069206 -0.168344 0.057270 -0.015876
T_2201 -0.044234 -0.008392 0.135237 0.055544 0.077901 -0.045227 0.025042 -0.098681 0.040618 0.023206 -0.032141 0.056706 0.132130 0.001531 0.065667 0.031638 0.051134 -0.005118 0.050041 -0.033680 -0.012025 -0.089393 0.103806 0.000063 0.029275 -0.009895 0.007323 0.051536 0.018831 -0.086266 -0.042958 0.033148 -0.021932 0.007368 0.040073 0.006635 -0.013424 0.042392 0.099830 -0.140370 -0.164598 -0.007867 0.011557 -0.112230 -0.035300 0.005108 0.009960 -0.034563 0.141471 0.065839 -0.001367 0.086004 -0.081577 -0.038107 0.145855 0.061106 -0.040392 0.018461 -0.029051 0.101294 0.076731 -0.003082 -0.063115 0.019345 0.024331 0.041450 -0.027626 -0.132082 0.097041 -0.055659 0.039123 0.143745 0.116211 -0.120643 0.059722 -0.156096 -0.068892 -0.099439 -0.067833 0.065548 0.031244 -0.002291 0.066001 0.010996 0.105629 -0.014675 0.014508 0.018114 -0.068699 0.139991 -0.024738 -0.163394 0.037875 0.161423 -0.078156 -0.008444 0.056028 -0.002824 -0.193953 0.065763 0.083820 -0.177868 0.028205 0.049240 -0.002200 -0.066196 -0.041954 -0.076286 0.057262 0.095360 -0.082039 -0.086908 0.050677 -0.082734 0.047713 0.005223 -0.158077 0.126732 -0.041005 -0.031649 0.088411 -0.017089 -0.017046 0.057207 0.021456 -0.025683 -0.033823 -0.065369 -0.013366 0.159266 -0.113208 0.056828 -0.094877 -0.072456 -0.087478 -0.111876 0.063699 -0.078183 0.073041 -0.068389 -0.008627 -0.063522 -0.034199 -0.012078 0.024886 0.021752 -0.009070 -0.002436 0.062774 -0.106646 -0.031263 -0.036247 -0.002593 -0.092941 0.034346 0.020670 0.014653 0.035087 -0.106147 -0.079576 0.007915 -0.046744 0.065695 -0.049517 -0.110351 -0.079442 0.067333 0.018208 -0.066317 0.054096 0.069535 -0.093296 -0.018473 -0.075399 0.016573 -0.017295 -0.012130 -0.039710 -0.107376 0.080075 -0.043666 -0.076653 0.036705 0.019225 -0.093322 -0.002418 -0.027550 -0.015845 -0.100392 0.044314 0.133884 -0.098870
T_2211 0.003139 0.117834 0.028442 0.019032 0.005767 -0.078504 0.074610 -0.004849 -0.038653 0.046108 -0.011507 0.074118 0.107145 0.021688 0.077679 -0.027445 0.082375 -0.006436 0.009841 0.015233 0.006215 -0.078391 0.126243 -0.065949 0.011486 0.015735 -0.015770 -0.043290 0.029746 -0.084164 0.005835 0.062728 -0.023630 -0.065276 -0.078772 -0.009387 -0.002267 0.007538 -0.010778 0.025849 0.003389 0.065288 0.036111 -0.015150 0.083006 0.008197 -0.071984 0.017844 0.158919 0.100378 -0.001648 0.019425 -0.116320 0.054086 0.169809 -0.000024 -0.034622 0.012957 -0.182688 0.021054 -0.066386 0.068766 -0.077867 0.086388 0.100690 0.156022 -0.039784 -0.154261 0.080189 -0.097546 0.051080 0.102121 0.116017 -0.149141 -0.065398 -0.041157 -0.105502 0.018583 -0.033228 0.109491 0.001562 0.042747 -0.012430 -0.022551 0.053037 -0.108106 0.064462 0.050706 -0.147084 -0.000329 -0.091273 -0.123555 0.023458 0.150766 -0.021885 -0.004599 0.048186 -0.143650 -0.211638 0.062262 0.074281 0.001465 0.046695 -0.089235 -0.097173 0.050984 -0.100511 -0.088884 0.015567 -0.032158 -0.093851 -0.038934 0.032365 -0.050296 0.002563 0.010168 -0.052436 0.051861 -0.010192 -0.086438 0.050632 0.005515 -0.008754 0.050761 0.108975 0.112281 -0.106356 -0.059038 -0.007859 0.027433 -0.034190 0.019169 0.063354 -0.008738 -0.105808 -0.063948 0.046609 -0.007725 -0.064879 -0.135014 -0.085558 -0.121471 -0.027270 -0.129963 0.074092 0.055313 -0.022693 0.023463 0.092195 -0.018561 -0.032745 -0.000374 0.087007 0.094068 0.057947 -0.049487 -0.080391 -0.034586 -0.061162 0.027126 0.064866 0.041163 0.092731 -0.007704 0.030141 0.042878 0.090086 0.085143 -0.107862 0.016126 0.072650 -0.090619 0.083986 -0.040097 0.097200 0.056685 -0.099938 0.000206 -0.027410 0.056149 -0.034858 -0.064516 -0.016639 0.019252 0.029607 -0.073127 -0.116244 -0.067617 0.082742 -0.051951 0.083883 -0.099324
T_2216 -0.136597 -0.036854 0.120145 0.018434 0.097048 -0.100601 -0.041193 0.064789 -0.089387 -0.029824 -0.085582 0.150763 0.101266 -0.109765 0.136210 0.003476 0.026056 0.054690 0.076280 0.045565 0.022217 -0.096582 -0.010890 -0.021545 -0.096655 0.054224 -0.000937 0.022985 -0.010093 -0.190679 0.048513 0.036637 -0.002524 -0.040760 0.129819 0.019820 0.019072 0.022589 -0.060377 0.030775 -0.062388 0.016054 -0.054589 -0.018686 0.073275 0.017423 -0.012841 -0.031498 0.145532 0.034597 -0.021061 0.035525 0.030699 -0.031857 0.062099 0.078747 -0.062021 0.004377 -0.074409 -0.042872 0.101317 -0.024034 -0.060537 0.027833 0.108145 0.100583 -0.122213 -0.132588 0.074158 -0.030336 -0.024035 0.115530 0.074753 -0.113960 -0.027847 -0.158976 -0.026073 -0.077898 0.003399 0.049346 0.044525 0.073004 0.034397 0.061121 0.061109 0.039884 0.017118 -0.026259 -0.058673 0.153778 0.093193 -0.110393 0.089892 0.087587 0.012819 -0.017387 0.031602 -0.051746 -0.195692 0.057050 0.096782 -0.083798 0.032079 0.055462 -0.017106 0.016313 0.023139 0.004800 0.003490 0.004450 -0.041204 0.016206 0.067557 -0.085071 -0.016294 0.064319 -0.003446 0.056288 -0.013050 -0.096585 0.000408 0.027236 0.091890 0.068920 0.089983 0.060378 -0.057078 -0.102185 -0.053537 0.044779 -0.042440 -0.022120 -0.029656 -0.048310 -0.090064 -0.111700 0.092999 -0.028776 0.070814 0.033200 0.029655 -0.074123 0.032446 -0.069120 0.036705 -0.038084 -0.046893 -0.031732 0.051473 0.018312 0.064887 -0.008821 0.060794 -0.018900 0.098897 0.083060 -0.123204 0.044373 -0.217786 -0.036374 0.020341 -0.027705 0.016784 -0.076753 -0.071995 -0.044592 -0.054442 -0.088155 -0.084037 -0.040732 0.018164 -0.100009 -0.011194 -0.043014 0.029499 0.051928 -0.154929 -0.009352 -0.001558 0.144382 -0.030745 -0.071462 0.134068 -0.065552 -0.092178 -0.034979 -0.117996 -0.058149 0.005864 0.078781 0.097619 -0.104125
T_2260 0.052243 0.122734 0.139134 0.119445 -0.044711 -0.051208 -0.001775 0.029917 -0.009378 0.092749 -0.104992 0.100304 0.173106 -0.025320 0.129226 -0.025991 0.024997 0.080155 -0.052410 0.028062 -0.034570 -0.135285 0.045774 0.035486 -0.041572 -0.039352 -0.044971 0.059419 0.007300 -0.144935 0.015157 0.025641 -0.033579 -0.012283 0.002665 -0.003400 0.000205 0.029221 -0.033723 -0.014887 -0.047033 0.056944 0.007690 -0.078583 0.064495 0.042702 -0.039752 0.003769 0.178664 0.081154 -0.027468 0.060666 -0.102457 0.004291 0.112211 -0.001915 -0.046679 0.000650 -0.093814 0.016011 0.016260 0.084682 -0.045769 0.050234 0.036882 0.174840 0.025197 -0.090088 -0.007976 -0.182546 0.012818 0.162514 0.081865 -0.186188 -0.010304 -0.057744 -0.099766 -0.051365 -0.094031 0.034177 0.019564 0.041123 0.007696 0.007709 0.040266 -0.106683 -0.021915 0.040725 -0.123986 0.049085 -0.037556 -0.144740 0.073058 0.072353 0.007044 -0.023445 0.026750 -0.059992 -0.205468 0.034133 0.059914 -0.095438 0.056769 -0.001197 0.012380 -0.012671 -0.060118 -0.069018 0.040051 0.088025 -0.087467 -0.150160 0.038218 0.021471 -0.026943 0.055776 -0.119310 0.062983 0.009814 -0.092972 0.133535 0.094246 -0.046119 0.002175 0.048757 -0.023415 0.009892 -0.118949 -0.069621 0.033456 -0.077014 -0.030389 -0.060993 -0.015267 0.024736 -0.071935 -0.018902 -0.134127 -0.034393 -0.074144 -0.051269 -0.107252 -0.020536 -0.024310 0.115000 0.063498 0.030079 -0.058365 0.036082 0.022262 -0.046096 -0.008087 0.018330 0.035743 0.026635 -0.080071 0.042877 0.025628 -0.120910 -0.030801 0.099168 -0.009057 0.101861 -0.001252 -0.106793 0.002527 0.094198 0.091750 0.002890 -0.042053 0.111867 -0.094080 -0.027823 -0.086571 0.090429 -0.061358 -0.049481 -0.066007 -0.068918 0.042378 0.058994 -0.016843 -0.039014 -0.054719 -0.030700 -0.053120 -0.103229 -0.080291 -0.008111 0.026072 0.055321 -0.089192
T_2263 -0.110670 -0.022315 0.092731 0.064745 0.021328 -0.022856 0.023881 -0.005417 0.010559 0.079724 -0.037037 0.119568 0.108096 -0.066097 0.104924 -0.041213 0.078231 0.037252 0.043142 0.034075 0.040554 -0.147450 0.060972 0.036794 -0.056029 0.033418 -0.091969 0.139143 0.089543 -0.215306 -0.077709 0.055225 -0.031286 0.053445 -0.010535 -0.028581 0.040292 0.069039 -0.016897 -0.077963 -0.052132 0.039868 -0.029921 -0.066538 -0.010520 0.036882 -0.054681 0.013326 0.112061 0.122916 -0.049760 -0.027161 -0.031082 0.037294 0.039529 0.104858 -0.015546 -0.043235 -0.149695 0.005804 -0.047844 -0.026519 -0.023190 0.011765 0.117777 0.073109 0.001608 -0.096741 -0.011580 -0.085964 -0.034616 0.032299 0.050957 -0.171164 -0.016350 -0.095138 -0.049473 -0.052313 0.023327 0.055011 0.013606 0.097782 0.067879 0.004262 -0.000921 0.011953 -0.046376 0.041349 -0.079255 0.035133 0.041097 -0.100525 -0.008113 0.211060 0.026077 -0.049758 -0.016207 -0.064818 -0.236335 -0.006900 0.155852 -0.058288 0.010476 0.068150 -0.015909 -0.078005 -0.102687 0.042494 0.005970 0.020211 0.064575 -0.005121 -0.042145 0.004111 -0.012357 0.015369 -0.101698 0.049273 -0.010442 -0.042047 0.090415 0.101305 0.005518 -0.055417 0.025862 -0.103737 -0.083795 -0.110161 -0.037856 0.055149 -0.068314 -0.008946 -0.046322 0.029631 -0.101459 -0.090347 0.090612 -0.042090 0.099376 -0.132234 0.057897 0.026075 0.053240 0.006067 0.030972 0.105990 -0.087079 0.105187 0.095187 0.018580 0.020554 -0.064240 -0.106167 0.041198 0.041342 0.092234 -0.045665 0.038002 -0.114556 -0.085349 0.092322 0.015280 -0.038885 -0.075720 -0.106788 0.020232 0.138325 -0.053595 -0.087299 -0.007218 -0.044461 -0.068693 0.005083 0.027338 0.108578 0.031639 -0.006483 -0.091493 -0.134365 0.137503 -0.075983 -0.051126 0.079660 -0.008432 -0.019225 -0.009389 -0.062536 -0.012828 -0.045510 0.056637 0.013268 -0.089564
T_2278 -0.019505 0.022430 -0.022795 0.040898 -0.026430 0.059295 -0.034755 -0.019554 -0.101187 0.062815 0.158921 0.151052 -0.029218 0.074253 -0.024483 -0.076941 0.113773 0.075946 -0.049530 0.046035 0.031829 -0.101572 0.079633 0.004537 -0.018692 0.010902 0.024273 0.015693 0.104985 -0.103739 0.018355 0.044996 -0.042036 -0.172733 -0.087088 -0.086040 -0.027115 -0.069245 0.056536 -0.014677 -0.012298 -0.002823 0.013728 -0.115883 0.007643 -0.120573 0.031288 -0.113247 0.113131 0.047290 -0.080647 0.042047 -0.040990 -0.000405 0.152908 -0.005227 -0.141334 0.004719 -0.099686 -0.050783 0.054667 0.001837 -0.146267 0.028383 0.102506 -0.013566 0.021995 -0.170216 -0.021587 -0.060959 0.045463 0.114950 0.115059 -0.097570 0.060025 -0.096082 -0.069490 -0.036206 -0.067765 0.014000 -0.043074 0.081060 0.074366 -0.111203 0.085036 0.064310 0.022170 0.005885 -0.086661 -0.027021 -0.108012 -0.076115 0.030319 0.160472 -0.022683 0.077732 0.096311 -0.038980 0.002893 -0.010578 -0.151535 -0.020815 0.080872 0.025317 0.074659 -0.000857 -0.103130 -0.066003 0.013690 0.004122 0.031373 0.038050 0.007719 0.050311 -0.040106 -0.055369 0.017608 0.085561 0.186697 0.067929 -0.160357 0.015169 -0.000556 -0.024395 0.029384 -0.030175 0.045292 -0.007446 -0.024060 -0.004069 -0.117373 -0.023360 -0.058336 -0.089379 -0.019301 -0.092558 0.133220 -0.036828 0.009424 -0.006108 -0.036560 -0.078630 -0.059094 -0.105705 0.107351 -0.002695 0.085196 -0.020279 -0.041426 0.008220 0.067873 -0.036397 -0.001253 0.005704 0.072172 -0.044482 -0.099824 0.068871 -0.024238 0.028430 -0.024772 0.110918 0.060032 -0.072989 -0.029928 -0.001599 0.000367 0.060015 0.007699 0.067532 0.057825 -0.067003 -0.114882 -0.125342 -0.015631 -0.069726 0.050456 -0.116676 0.033786 0.073626 0.019434 -0.073790 -0.035890 -0.090129 -0.038087 -0.040438 -0.018427 -0.044083 -0.051103 -0.186681 0.085839 -0.071465
T_2284 -0.033676 0.137786 0.125580 0.127001 0.035908 -0.083899 0.150484 -0.124166 0.129787 0.116510 -0.013315 0.131527 0.090236 0.035427 0.033434 0.006462 0.116440 -0.072222 -0.006380 -0.066010 -0.018718 -0.060834 0.222433 -0.057362 0.089645 -0.041872 -0.061411 0.065994 0.158171 -0.112011 -0.023154 -0.006686 0.023368 0.057150 0.067669 -0.015745 0.022859 -0.022312 0.066240 -0.023476 -0.024776 0.081071 -0.015400 0.009432 0.027683 -0.021222 0.035182 0.098714 0.180555 0.108607 0.030079 -0.073633 -0.146976 0.074818 0.143200 0.034476 -0.036657 -0.092212 -0.083916 0.082774 -0.030061 0.007185 -0.043004 0.019807 0.012908 0.116338 0.027406 -0.094470 0.060949 -0.083077 0.064829 0.132908 0.042534 -0.072298 -0.008520 -0.080915 -0.093974 0.023366 0.090700 0.074922 -0.007963 0.147400 0.039027 0.030749 0.086610 -0.015121 0.037076 0.088949 -0.113350 0.080039 -0.012973 -0.066087 0.042608 0.111287 -0.007342 -0.028266 -0.035244 0.003684 -0.120400 0.035942 0.062430 -0.029615 0.038645 -0.040178 -0.103910 -0.045062 -0.048088 -0.040740 0.020883 0.036865 -0.044149 -0.035199 0.065751 -0.080725 0.012384 -0.026123 -0.126326 0.057322 -0.039421 -0.033921 0.032209 -0.059402 -0.069157 0.029594 -0.009844 0.024042 -0.076298 -0.009017 -0.014754 0.046486 -0.113733 0.026639 0.037679 0.033093 -0.137308 -0.095343 0.056384 -0.102164 0.045748 -0.119996 -0.037949 -0.001102 -0.044396 -0.169460 0.037812 0.079743 0.009776 0.022931 -0.033513 -0.053802 0.008070 0.047346 -0.022315 -0.015961 0.033407 -0.003184 -0.000730 0.054624 -0.144907 0.013801 0.035217 0.028619 0.051249 -0.052276 -0.061488 -0.039042 0.132307 -0.010842 -0.077655 0.081567 0.051913 -0.032828 -0.003407 -0.022229 0.067772 0.042207 -0.105046 -0.112659 -0.106981 0.086296 -0.020868 -0.043364 -0.009120 0.058025 0.049599 0.011696 -0.023923 -0.062340 0.042955 0.007467 0.077308 -0.098629
T_2314 -0.015960 -0.064654 0.011438 -0.045933 -0.027848 0.055103 -0.053043 0.041965 -0.063711 0.027131 0.070349 0.154332 0.004214 0.011827 0.045001 -0.034042 0.061164 0.000510 0.057136 -0.051866 -0.006691 -0.133670 -0.057756 0.008319 0.069056 -0.002691 0.070499 0.046315 0.033782 -0.145215 -0.002897 0.093770 -0.002003 -0.126867 -0.032667 -0.098069 -0.122345 -0.121120 0.067034 -0.088376 0.001500 0.029154 -0.025706 -0.132118 -0.061244 -0.071940 -0.053406 -0.086647 0.154785 0.072461 -0.052860 0.006792 -0.022962 -0.009725 0.114531 -0.009398 -0.072716 -0.022827 -0.137165 -0.008604 0.030466 -0.014633 -0.071254 0.028008 0.088030 -0.006443 0.014656 -0.150858 -0.046075 -0.104734 0.086759 0.117875 -0.020326 -0.167742 0.044496 0.021609 -0.093731 -0.055176 -0.008779 0.017190 -0.037659 0.082388 0.028986 -0.112787 0.082214 0.043235 0.057824 0.034815 -0.133289 -0.023834 -0.040033 -0.062476 0.028942 0.094052 -0.007609 0.061257 0.091133 0.067507 -0.100134 0.078037 -0.075168 0.020213 0.051065 0.066787 -0.006031 0.028899 -0.067226 -0.037370 -0.020357 0.048013 -0.027787 -0.057025 0.111650 0.013766 0.022535 -0.022719 -0.000753 0.098759 0.189736 0.059193 -0.073297 0.027632 -0.055393 0.052237 0.084535 -0.005430 0.131165 -0.081285 0.004824 0.109358 -0.036716 -0.043102 -0.097847 -0.054780 -0.130081 -0.097067 0.161765 -0.056346 -0.018388 -0.051218 -0.084469 -0.028742 -0.010135 -0.008152 0.130082 0.012803 0.008349 -0.011887 0.021497 0.011680 0.053759 -0.060472 -0.021353 -0.095524 0.101661 -0.022789 -0.094749 0.032015 -0.054682 -0.032008 0.015872 0.100743 -0.041180 -0.120582 -0.027197 0.023664 -0.023420 -0.070978 -0.068840 0.054251 0.059083 -0.055869 -0.012488 -0.047972 -0.015663 -0.059836 0.032147 -0.063172 -0.051553 0.081321 -0.074833 -0.109637 -0.009128 -0.143588 -0.028889 -0.018539 -0.043531 -0.067570 -0.142375 -0.174313 0.141361 -0.094114
T_2320 -0.053317 0.074961 0.091913 0.091730 0.018800 -0.060365 -0.025068 0.084767 -0.031479 -0.058609 -0.070445 0.102852 0.165708 -0.019259 0.136430 0.011692 0.118624 0.013709 -0.092744 0.015985 -0.128759 -0.187785 0.029705 0.049926 -0.062831 -0.086093 0.047787 0.125608 0.066224 -0.092305 0.044150 -0.009159 0.006895 0.022048 0.057827 -0.056235 0.096185 0.059819 0.025491 0.011094 -0.036887 0.029515 0.036478 -0.096657 0.011233 0.002229 0.000104 0.031077 0.146226 0.067081 -0.069318 0.013517 -0.044662 -0.086788 0.139187 0.008989 -0.081995 0.044514 -0.160398 -0.137431 -0.004358 0.006992 -0.004664 0.074624 0.087655 0.090487 0.046553 -0.041824 -0.015756 -0.070817 -0.033861 0.079272 0.025579 -0.166708 -0.026977 -0.036852 -0.027377 -0.091769 -0.062321 0.031480 -0.060564 0.089474 0.057866 0.053698 0.118750 -0.055022 0.005047 0.073378 -0.014200 0.161227 -0.001898 -0.084831 -0.044894 0.055367 0.028012 -0.020005 0.053102 -0.006651 -0.247071 0.044697 0.005297 -0.134647 0.033461 0.093518 0.049397 -0.001785 -0.036953 -0.052601 0.012636 0.089421 -0.062354 -0.092911 -0.070518 0.000407 0.035086 0.030752 -0.086051 0.022374 0.020974 -0.022780 0.030068 0.085592 0.078950 0.036413 -0.052534 -0.041598 0.005847 -0.024865 -0.123310 0.060645 -0.074473 -0.029816 0.090798 -0.049567 -0.011393 -0.098001 0.104220 -0.059529 0.089678 -0.113538 0.061374 -0.095359 0.038061 -0.040827 0.068859 0.063729 -0.054263 -0.014661 0.105591 -0.013556 -0.014031 0.017577 0.006012 -0.017165 0.026033 -0.006459 0.011218 0.102893 -0.099381 -0.037755 0.019258 -0.077034 0.056048 -0.049819 -0.116052 0.001413 0.090060 -0.013110 -0.044696 0.005013 0.029154 -0.114015 -0.085858 -0.097779 0.107955 0.046270 -0.067543 -0.006609 0.024725 0.073912 -0.091708 -0.150787 0.002697 -0.006786 -0.017271 -0.050454 -0.066078 -0.141700 0.013761 0.055321 -0.019385 -0.088601
T_2324 -0.056301 0.034135 0.071588 0.026361 0.098856 -0.088584 0.061566 0.097082 -0.076502 -0.035057 -0.043856 0.079244 0.087205 0.069256 0.161351 0.013926 0.075589 0.089399 0.115213 -0.009470 0.003178 -0.113127 0.089368 -0.001585 -0.095801 0.030165 -0.016845 -0.033994 0.061588 -0.148015 0.024412 0.045222 -0.025930 0.002452 0.045689 0.023941 -0.045355 0.080505 -0.004294 0.043031 -0.076798 0.026432 -0.035424 -0.060357 0.059327 0.000030 -0.015521 0.011832 0.153966 -0.010086 -0.062900 0.100561 -0.096066 0.013076 0.065402 0.047875 -0.019863 0.065150 -0.114657 0.055946 0.010129 -0.009659 -0.069448 0.045929 0.052194 0.077627 -0.078919 -0.130901 0.042548 -0.075457 0.086018 0.076744 0.062200 -0.120158 -0.070169 -0.072377 -0.030785 -0.034966 -0.033164 0.054584 -0.047624 0.078267 0.044534 -0.012533 0.021326 -0.009786 0.018077 -0.013476 -0.064330 0.118390 0.005491 -0.065499 0.032024 0.170459 -0.023524 -0.029267 0.032960 -0.047397 -0.230779 0.018592 0.086409 -0.063900 0.159514 -0.005145 0.007713 -0.017500 -0.041054 -0.046915 0.040239 0.023468 -0.039567 -0.017466 0.124196 -0.131486 -0.081670 0.082413 -0.006664 0.109492 -0.004905 -0.085114 0.099607 0.038073 -0.053185 0.011368 0.122288 0.022595 -0.079725 0.005568 -0.087707 -0.005159 0.015807 0.038873 -0.048775 -0.015917 -0.146468 -0.127388 0.059483 -0.072521 0.079925 -0.064952 0.038125 -0.025492 -0.022653 -0.080497 0.032219 0.050640 -0.044044 0.028976 0.027232 -0.071672 -0.014049 0.048698 -0.000682 -0.038916 0.099373 0.063791 -0.071883 -0.007009 -0.220782 -0.051921 0.059627 -0.084096 0.035728 -0.013760 -0.127181 -0.040157 0.130069 -0.002948 -0.062802 -0.034429 0.132574 -0.024985 0.053425 0.036961 0.031486 0.003620 -0.125218 0.010596 -0.013420 0.084991 0.059039 -0.089187 0.197576 0.003915 -0.031821 0.018442 -0.095118 -0.097291 -0.019527 0.043547 0.062089 -0.094610
T_2326 -0.149077 -0.008393 0.016112 0.082589 0.013853 -0.064120 0.103565 0.027095 -0.016539 -0.019411 -0.095297 0.022740 0.065978 -0.000617 0.118503 -0.056012 0.030235 0.019144 0.032221 0.013376 0.008445 -0.071455 0.107617 0.055125 0.003923 0.086231 -0.011773 0.125107 0.038534 -0.138166 -0.057460 0.059149 -0.082082 0.006828 0.031943 0.039190 -0.029820 0.081224 0.094284 -0.046867 -0.073639 0.021421 -0.007465 -0.049127 -0.015132 0.009296 0.008053 -0.026579 0.086404 0.028903 -0.043008 0.023215 -0.020140 -0.057289 0.049567 0.072189 -0.021003 0.007558 -0.085163 0.034637 -0.029270 0.028089 -0.051509 0.047801 -0.006438 -0.001110 -0.020494 -0.046744 0.128812 -0.114848 0.052536 0.008620 0.011531 -0.120594 -0.002808 -0.088416 -0.067232 -0.036799 0.042651 0.052688 -0.075465 0.012808 0.042504 -0.067750 0.035445 0.042757 0.064777 -0.038733 -0.122839 0.085025 -0.023032 -0.029808 -0.013683 0.260510 -0.081810 -0.093677 0.061320 -0.029292 -0.187591 0.102647 0.082780 -0.012585 0.003608 0.017376 -0.062565 -0.007835 -0.004762 -0.072719 0.076373 -0.044986 -0.088635 -0.001673 0.013602 -0.116339 -0.013508 -0.010498 0.018002 0.046088 -0.012307 0.028655 0.142622 -0.016926 -0.042146 0.014971 0.012414 -0.093801 -0.157515 -0.091750 -0.023344 -0.060406 0.065649 0.074889 0.041085 -0.026158 -0.254865 -0.111118 0.131279 -0.082521 0.149791 -0.080123 0.011289 0.005204 0.033209 -0.122196 0.017864 0.064333 -0.032333 0.051435 0.123566 -0.011352 -0.065602 -0.118840 -0.162460 0.008219 0.040756 0.078489 -0.083335 0.000676 -0.160224 0.053173 0.038503 -0.107394 0.056273 -0.070033 -0.033784 -0.035556 0.139837 0.060532 -0.046104 -0.074850 0.054474 -0.019594 -0.014094 0.046274 0.085224 0.030220 -0.072280 0.006322 -0.012799 0.102440 -0.037409 -0.111107 0.045463 0.064577 -0.014823 -0.021669 -0.101362 0.047578 0.056552 0.012032 0.129991 -0.039189
T_2348 0.036217 -0.022245 -0.006367 0.012212 -0.056491 0.001030 -0.099651 0.099805 -0.059490 0.057624 0.057072 0.076556 -0.024692 -0.000839 0.014916 0.015241 0.123664 -0.020982 -0.038301 0.042559 0.030035 -0.035608 0.058105 -0.143661 0.036465 0.000213 0.099689 0.050126 0.104851 -0.095149 -0.033313 0.036700 -0.052802 -0.069968 0.004079 -0.092704 0.006171 -0.044464 -0.021434 -0.063164 0.007296 0.035821 -0.043406 -0.191333 -0.053447 0.044623 0.007560 -0.074085 0.152628 0.100167 0.054972 0.078298 0.035379 -0.121406 0.062734 0.051172 -0.111771 -0.079123 -0.102312 0.077081 0.049897 -0.039749 -0.141629 0.000078 0.070382 0.008766 0.078899 -0.096784 -0.006025 -0.158034 0.040942 0.052604 0.065576 -0.165931 -0.012013 0.030045 -0.043147 -0.017998 0.001883 0.100379 -0.043140 0.150228 0.065259 -0.093518 0.045243 -0.001805 0.115205 0.057939 -0.099061 -0.008998 -0.086428 -0.099255 0.022284 0.142181 -0.049649 0.091330 0.156953 0.017908 -0.165646 0.110749 -0.096551 0.008109 -0.043674 0.064116 -0.069695 0.081638 -0.060200 0.026958 -0.000109 0.080155 -0.071869 -0.062476 0.023719 -0.039223 0.032358 0.050188 0.016180 0.001223 0.137814 -0.002810 -0.046423 0.016613 0.023184 -0.032384 0.084433 -0.045691 0.093098 -0.067481 -0.044424 0.069353 -0.060628 -0.019117 -0.062332 -0.098438 0.049759 -0.080922 0.133069 -0.170019 -0.016498 -0.008203 -0.095659 -0.024182 0.057261 -0.134839 0.104620 0.042707 0.022085 0.028571 -0.046979 0.067198 -0.005202 -0.078739 -0.060676 -0.041758 0.022609 -0.039257 -0.026516 0.117123 -0.044115 -0.072371 0.041047 0.118757 0.058798 -0.058668 -0.030186 0.041584 0.041037 -0.105661 -0.019512 0.025075 0.020581 -0.018417 0.072500 -0.040609 0.003402 0.017924 -0.021199 -0.076818 -0.016451 0.098884 -0.030697 -0.013953 -0.040716 -0.063859 -0.044097 -0.044311 -0.019167 -0.049640 -0.092528 -0.182886 0.114032 -0.079531
T_2351 0.037869 -0.088829 0.009762 0.008740 -0.052632 -0.011560 -0.202331 0.033282 -0.118186 0.009255 -0.001103 0.045755 -0.039730 0.020381 0.073344 0.004236 0.096127 -0.052500 0.046501 0.077747 -0.056252 -0.077853 0.038765 -0.030649 0.010824 0.065896 0.083072 0.112903 0.123393 -0.042003 -0.011378 0.097146 -0.064774 -0.105965 -0.080264 -0.135155 0.058764 -0.046181 -0.041551 -0.067592 -0.152633 -0.019308 -0.036771 -0.081700 0.040749 -0.072252 -0.027282 -0.029834 0.011404 0.105868 0.003410 0.014868 0.057037 -0.116756 0.026380 0.051128 -0.058700 -0.113666 -0.048668 0.036216 -0.036244 0.041982 -0.100055 0.089138 0.052503 0.010549 0.017257 -0.034766 0.076494 -0.090155 0.035402 0.100815 0.057149 -0.076689 -0.014925 0.013997 -0.097313 -0.188943 0.033829 0.073831 -0.037422 0.139473 0.010029 -0.076009 -0.028616 -0.002971 0.107462 0.016743 -0.071813 0.052524 -0.042993 -0.014811 0.052749 0.063818 -0.167623 0.061269 0.094182 0.011489 -0.168500 0.030683 -0.001375 0.063412 -0.021689 0.050791 -0.032793 0.136843 -0.041140 -0.027905 -0.078779 0.018550 0.010226 -0.010178 0.065433 -0.037098 -0.053249 0.080449 -0.005788 0.071788 0.108294 0.007741 -0.071157 -0.022712 -0.051898 -0.001041 0.000410 -0.136651 0.019317 0.004183 -0.036545 0.082559 -0.071213 -0.008266 -0.055962 -0.014110 -0.085015 -0.047882 0.050341 -0.037415 -0.076715 -0.035581 -0.038384 -0.020846 0.030427 -0.192411 0.005225 0.151510 0.108696 0.068335 -0.089337 0.148550 0.022634 -0.066128 -0.031742 0.001235 0.052569 0.043776 -0.123003 0.021873 -0.092816 0.001351 0.071268 0.004216 0.051860 -0.061948 0.002730 -0.039983 0.083503 -0.136981 -0.103506 0.019008 0.021410 -0.033842 0.091139 -0.088338 0.121003 -0.134323 -0.026090 -0.069086 -0.009518 0.123633 -0.062156 -0.092668 0.061574 -0.079449 -0.003298 -0.041378 0.054614 -0.006773 -0.045019 -0.160564 0.058099 0.018889
T_2365 0.131702 0.067322 0.047740 -0.063496 0.031233 -0.028565 0.036668 0.002220 -0.071932 -0.008978 -0.014755 0.053332 0.066264 -0.065106 0.137092 -0.096160 0.130067 -0.053430 -0.048749 -0.019518 -0.020801 -0.042142 0.005131 0.027124 0.027880 0.063533 0.138567 0.092941 0.164366 -0.158075 -0.004370 0.141028 0.020070 0.062463 -0.013829 -0.091604 0.025312 0.066582 0.050521 -0.037569 -0.028863 0.014810 -0.062052 -0.106382 0.060945 -0.079367 -0.113420 -0.023593 0.050500 -0.063319 0.003921 0.019723 -0.029004 -0.055826 0.067268 0.018812 -0.084089 -0.005747 -0.085932 0.013613 -0.023041 -0.070230 -0.113860 0.003137 0.092947 -0.012012 -0.043432 -0.080114 -0.038666 -0.166123 0.029240 0.018553 0.069826 -0.153719 -0.039430 -0.113641 -0.047288 0.009908 0.016988 0.056188 -0.035705 0.065209 -0.069321 -0.078029 0.088236 0.031562 -0.045140 0.076314 -0.032817 -0.038886 -0.059697 -0.102990 0.087913 0.213103 -0.068978 0.064727 0.135192 0.083576 -0.125289 0.099011 -0.064750 0.108002 0.025418 0.075958 0.024193 -0.007622 -0.040915 -0.007411 -0.041278 0.065772 -0.068116 -0.016157 -0.008978 -0.079489 0.046864 0.139073 -0.003014 0.098289 0.095885 0.009037 0.017703 0.032213 0.085437 -0.090648 0.142150 -0.034708 0.056458 -0.070268 0.030207 -0.032087 0.021980 0.050757 -0.135688 -0.016265 -0.025540 -0.023189 0.067329 0.036841 0.016375 -0.012654 -0.044451 0.001924 0.070824 -0.052494 0.109631 -0.059019 0.018533 -0.005260 -0.037731 0.069723 0.050820 -0.050963 -0.001842 0.023679 0.057510 0.000095 -0.021876 -0.019163 -0.114511 -0.044499 -0.010186 -0.025757 -0.022615 -0.131738 -0.129850 -0.036162 0.028847 -0.149385 -0.001281 0.074046 0.109657 0.085500 -0.036851 -0.073348 -0.100698 -0.054225 0.018337 -0.052067 -0.041343 0.025251 -0.162507 -0.088990 0.028687 0.039504 -0.037866 0.065640 0.038186 -0.176565 -0.025646 -0.099472 0.061629 -0.089180
T_2368 0.045803 -0.046662 0.029002 -0.055219 -0.005217 0.054227 -0.061304 -0.041150 -0.126987 -0.033862 -0.004748 0.095481 0.011461 -0.007787 0.023985 -0.001292 0.079984 -0.040167 0.047471 -0.003761 -0.034951 -0.057517 0.080239 0.012738 0.010261 0.122772 0.093822 0.054772 0.165280 -0.151149 0.003028 0.087682 -0.111398 -0.013526 -0.030960 -0.041177 0.076773 0.075853 0.002336 -0.066596 -0.046109 0.035356 0.020055 -0.090668 0.101912 -0.148651 0.031982 -0.107076 0.103738 0.073717 0.030435 0.073244 0.045576 -0.058476 -0.019175 0.057603 -0.035358 0.027763 -0.094539 0.089674 -0.091963 0.095923 -0.085366 0.012523 0.096838 -0.028090 0.000503 -0.055867 -0.009988 -0.031176 0.026721 0.012974 0.049034 -0.129086 -0.057356 0.022933 -0.112641 -0.052478 0.090225 0.043685 -0.002993 0.184786 0.063156 -0.034705 0.027726 -0.002836 0.038292 0.072910 -0.161275 0.025670 -0.011350 -0.144303 -0.004508 0.053243 -0.121646 0.032155 0.154929 0.025174 -0.224489 0.027507 -0.013742 0.021055 0.077603 0.055506 -0.054715 0.061773 0.037795 -0.007476 -0.105120 0.023943 0.069745 0.077055 -0.016272 -0.083483 -0.049336 0.114230 -0.006112 0.070741 0.115472 -0.145170 0.018645 0.061811 -0.000820 -0.004620 -0.054831 -0.036638 0.013123 -0.030915 -0.036822 -0.013680 -0.079141 -0.034612 -0.038842 -0.113149 -0.073629 -0.079905 0.070288 -0.060538 -0.066037 -0.029643 0.000382 -0.031226 0.047566 -0.157438 0.091174 0.071390 0.023187 0.001386 -0.023797 0.068811 0.060479 -0.024001 0.047155 0.068555 0.033828 0.107182 -0.082584 -0.023263 -0.082223 -0.019613 0.057766 0.058820 -0.010633 -0.134721 0.061393 0.023402 0.074603 -0.087236 -0.020871 0.052466 0.045865 0.063995 0.111658 -0.117408 0.060938 -0.052153 -0.018523 -0.043458 0.037818 0.088441 -0.114730 -0.061624 -0.031917 0.000246 -0.100524 -0.052795 0.099956 -0.085095 -0.025107 -0.197858 -0.041072 0.028042
T_2386 0.005003 -0.004169 0.017059 -0.071308 -0.043368 -0.066160 -0.014330 0.028439 -0.149916 -0.010681 0.063451 0.117568 0.093074 -0.031082 0.044560 0.035168 0.113185 -0.066474 0.029397 -0.049222 -0.023198 -0.064704 -0.013207 -0.031246 -0.104802 0.121613 0.094386 -0.007529 0.143357 -0.050681 0.079855 0.107109 0.001485 0.013003 -0.026561 -0.083031 -0.069805 -0.019237 0.065974 -0.052906 0.002122 0.026595 0.012676 -0.099542 0.023884 0.016372 -0.067251 -0.040343 0.043151 0.153902 -0.065457 0.030195 0.026871 -0.061611 0.085251 0.046758 -0.019923 0.044621 -0.191812 0.051624 -0.026215 0.010969 -0.113608 -0.021308 0.094540 -0.025993 -0.027304 -0.132412 -0.105321 -0.073720 0.019157 0.046701 0.107793 -0.032017 0.018222 -0.069814 -0.068543 -0.012791 0.015787 0.009471 0.072594 0.038952 0.049776 -0.043378 0.069042 -0.004498 0.014549 0.061317 -0.142337 -0.012335 -0.041555 -0.132031 0.034578 0.132271 -0.136689 0.072578 0.100706 0.004423 -0.091434 0.130057 -0.066201 -0.000074 0.096715 0.070852 -0.059860 0.073696 0.017777 -0.049012 -0.049319 0.036425 0.075123 -0.112449 0.063180 0.009794 -0.042141 0.031656 -0.032566 0.021845 0.107260 -0.121794 -0.011594 -0.033675 -0.049199 -0.011192 0.080785 0.025336 0.149851 0.004715 0.019164 0.085615 -0.041323 0.015437 -0.187001 -0.109381 -0.065720 -0.038725 0.152093 -0.107877 0.075756 -0.021209 -0.009863 0.047036 -0.076098 -0.038989 0.213417 -0.028555 -0.007394 -0.032702 -0.031655 0.054441 -0.014921 -0.000615 -0.016082 -0.002340 0.053475 0.027126 -0.041715 0.099079 -0.036283 0.055548 0.038757 0.038457 0.060580 -0.096628 -0.035702 -0.012987 0.081237 -0.098490 -0.064426 -0.038811 0.021076 -0.031734 -0.025081 -0.015399 0.026850 -0.126275 -0.047061 -0.095477 -0.024563 0.034304 -0.144024 -0.031044 -0.046435 0.041531 -0.097461 -0.024777 0.075966 -0.151281 -0.044056 -0.156045 0.093430 -0.098073
T_2397 -0.008390 -0.017361 0.062807 -0.042905 -0.012722 -0.074449 0.113093 0.013406 -0.075570 -0.076446 -0.034470 0.071479 0.139933 0.079116 0.077545 0.038414 -0.006127 0.101121 0.002527 0.002828 -0.008099 -0.023833 0.016081 0.029487 -0.025960 0.098702 0.011810 0.008904 0.076949 -0.170709 -0.099661 0.095310 -0.010471 -0.007842 -0.004703 -0.022134 -0.019708 -0.107636 -0.031361 -0.032854 0.013741 0.067801 -0.001473 -0.069232 -0.013348 -0.032906 0.005303 0.020597 0.084761 0.016179 -0.008494 0.077869 0.003034 -0.019139 0.056900 0.049125 -0.169191 -0.040276 -0.069175 0.090988 0.112657 -0.014516 -0.036149 -0.065061 0.055924 0.063601 -0.028901 -0.105268 0.060275 -0.091975 -0.032374 0.038749 0.070277 -0.143909 -0.076535 0.037977 -0.012764 -0.002022 -0.057072 0.182330 -0.070240 0.119320 0.142165 -0.053321 0.095512 0.009262 0.062987 0.034740 -0.015365 0.097622 0.024117 -0.122666 0.059513 0.224111 -0.032032 0.012981 0.098165 -0.022642 -0.180915 0.138007 -0.029597 -0.077061 0.011466 -0.056007 -0.128693 -0.042612 -0.097235 -0.002528 -0.091670 0.003429 -0.058125 -0.057039 -0.023383 -0.085622 -0.071621 0.120223 -0.038595 0.068655 0.017836 -0.031690 0.086439 0.090436 -0.067097 0.002909 0.129138 -0.070552 -0.063814 -0.137382 -0.035825 0.024911 0.011464 0.044215 0.027963 -0.128002 -0.166443 -0.074962 0.027528 -0.079878 0.028439 -0.084880 0.001224 -0.029773 0.084710 -0.053244 0.047473 0.023303 0.006448 0.085672 0.035184 -0.006718 -0.060817 -0.067326 -0.068124 0.031728 0.095733 -0.017833 -0.090556 0.037222 -0.132154 -0.013815 0.065885 -0.045727 -0.003593 -0.091358 -0.050206 0.064702 0.004069 -0.080839 -0.077002 0.068799 0.118207 -0.003934 0.056248 -0.007871 0.071589 -0.011484 -0.120944 -0.030108 0.029084 0.018095 -0.063053 -0.123899 -0.061426 -0.060832 0.000220 0.028881 -0.146840 -0.009832 0.069316 -0.033584 0.095773 0.004543
T_2406 0.035188 0.051027 0.081450 0.000369 -0.068161 0.020677 -0.064978 0.043234 -0.093418 0.027891 0.082289 0.221316 0.133518 -0.000060 0.017713 -0.052325 0.134052 0.008442 0.019277 -0.041358 -0.028691 -0.003875 -0.049132 -0.005659 0.006682 0.069983 0.042481 0.039520 0.030943 -0.038869 0.034239 0.181949 -0.013614 -0.032924 0.050192 -0.050580 -0.039114 -0.157249 0.077178 -0.016530 0.009292 0.016629 0.004790 -0.107801 -0.038473 -0.010663 -0.040692 -0.043020 0.118745 0.150872 -0.100691 0.100108 -0.159817 -0.080537 0.047920 0.008822 -0.148469 -0.041887 -0.052838 0.002560 0.006581 -0.041732 -0.081701 -0.023397 0.018119 0.082501 0.006817 -0.136111 -0.035482 -0.124282 0.057569 0.097125 0.022550 -0.202845 0.034498 -0.081313 -0.051498 -0.039399 -0.049357 0.066734 -0.010697 0.057054 -0.034224 -0.055234 0.072517 -0.096761 0.088252 0.040954 -0.111772 -0.006931 -0.052590 -0.136373 0.016342 0.099763 -0.009217 -0.001280 0.047563 -0.021159 -0.026611 0.055762 -0.038234 -0.031290 0.017205 0.037221 -0.040838 -0.063881 -0.093061 -0.017330 -0.108738 0.118804 -0.033508 -0.166812 0.120207 0.023824 0.036783 0.091862 -0.071826 0.109194 0.087914 0.059054 -0.094574 0.032301 -0.016503 0.030867 0.076749 0.020092 0.132578 0.013674 -0.017552 0.103353 -0.102277 -0.026646 -0.095691 -0.109326 -0.124997 -0.027204 0.043830 -0.107234 0.021684 -0.065988 -0.102983 -0.069280 -0.054946 -0.098146 0.054450 0.025065 -0.013710 -0.053021 -0.022158 0.053271 -0.013292 -0.078401 -0.015456 -0.009622 0.071883 -0.016480 -0.009182 -0.003677 0.010527 -0.009539 -0.041359 0.053580 -0.021478 -0.045625 -0.041394 0.005698 -0.001007 -0.088311 0.016527 0.025317 0.025551 -0.056958 0.041450 -0.044550 -0.088843 -0.051900 0.046523 -0.043797 0.006207 0.047273 -0.173830 -0.091520 -0.015704 -0.080246 -0.032904 -0.068843 -0.089175 -0.101108 -0.058862 -0.141929 0.095321 -0.090670
T_2413 0.021662 0.055467 0.086446 -0.003956 0.024371 -0.100588 -0.000440 0.014493 -0.094253 0.014431 -0.029209 0.126641 0.121962 -0.055203 0.097808 0.004452 0.021516 0.014837 0.004948 -0.023646 0.050260 -0.113701 0.059809 -0.090025 -0.048461 -0.025966 0.022063 0.032042 -0.062590 -0.093992 0.031428 0.035226 -0.039034 0.029993 0.009988 0.047488 -0.002386 0.041611 -0.028534 -0.008464 0.012018 0.079158 -0.008300 -0.008494 -0.004501 0.009815 -0.019677 0.019375 0.128783 0.020111 -0.017143 -0.010932 -0.093184 -0.029831 0.180414 -0.054875 -0.017353 -0.111963 -0.102975 0.085897 -0.002737 0.077272 -0.073285 0.047547 0.039152 0.105214 -0.052678 -0.021214 0.000733 -0.134690 0.071831 0.134799 0.137299 -0.149904 -0.014825 -0.037671 -0.050731 0.016894 -0.053191 0.110418 0.013386 0.143209 0.034707 0.059652 0.023716 -0.046063 0.031744 0.073977 -0.069512 0.021198 -0.013562 -0.151072 0.006928 0.094509 -0.057847 -0.026979 -0.012064 -0.054424 -0.300080 0.149494 0.090761 -0.106279 0.064387 0.026739 -0.043828 0.015322 -0.069755 -0.048816 -0.018601 0.013467 -0.186663 -0.046635 0.097100 -0.081950 0.066113 0.072699 -0.046774 0.073029 0.018939 0.008412 0.063423 -0.062059 0.020400 0.020748 0.064519 0.012864 -0.128375 -0.045630 -0.141444 0.130334 -0.053846 -0.046268 0.011565 -0.021628 -0.098952 -0.079909 0.088074 -0.072519 -0.028407 -0.065669 -0.018433 -0.090942 -0.089492 -0.044246 0.096380 0.096335 -0.006900 0.018949 0.053705 0.021984 0.024293 0.042409 0.034113 -0.036656 0.010061 -0.077094 -0.075069 -0.050192 -0.073529 -0.037985 0.075342 -0.013023 0.116150 0.031024 -0.049474 0.036612 0.159289 0.039318 -0.009670 -0.002680 0.101850 -0.101492 -0.003803 0.039112 0.041831 0.039568 -0.083395 0.014326 0.007943 0.073445 -0.044592 -0.144215 -0.019800 0.025416 0.016352 -0.069297 -0.118529 -0.133611 0.031393 0.076558 0.016001 -0.086946
T_2416 -0.048023 0.059046 0.054958 -0.003756 0.064661 -0.057744 0.049185 0.002612 -0.068139 -0.017339 -0.025820 0.083029 0.070286 -0.031017 0.130601 0.013054 0.108620 0.007292 0.066652 0.020500 -0.062447 -0.020767 0.085135 0.013719 -0.097831 0.083634 -0.010884 0.031096 -0.007178 -0.175583 0.054256 0.010719 0.004867 0.027851 -0.007540 -0.038946 0.038767 0.011332 -0.052098 -0.063353 0.012148 0.089142 0.045497 0.119432 -0.019125 0.055674 -0.100614 0.020933 0.076886 0.034079 -0.033362 -0.100046 -0.111957 0.102591 0.079715 0.055481 -0.076293 -0.062916 -0.100746 0.029685 -0.040957 0.042767 -0.093721 0.036837 0.074026 0.135942 0.031273 -0.103054 -0.010526 -0.134783 0.029276 0.064655 0.032740 -0.082316 -0.054514 -0.043193 -0.082311 -0.113374 -0.046626 0.095208 -0.004550 0.216005 -0.031746 0.041889 0.098166 0.060634 -0.061853 0.042545 -0.125647 0.034987 0.018714 -0.069528 0.020118 0.086832 -0.077560 -0.007235 0.050102 -0.009377 -0.229627 0.118433 0.098860 -0.056993 -0.006074 0.021316 -0.074007 -0.016684 -0.054515 -0.017358 0.036729 -0.001133 -0.047054 0.054783 0.072376 -0.103300 -0.048896 0.017363 -0.131482 0.107663 0.074671 -0.082378 0.058431 0.074767 0.008945 0.048819 0.050763 -0.003964 -0.050078 -0.020562 -0.030988 0.045707 -0.056812 -0.018467 -0.131408 -0.066843 -0.070121 -0.069703 0.013669 -0.041763 0.034813 -0.148435 0.017200 -0.113877 -0.063221 -0.019327 0.076639 -0.003201 -0.012945 0.066613 0.150697 -0.019170 0.011453 0.026889 0.034131 -0.018366 0.088052 -0.026337 -0.066547 -0.095593 -0.122161 -0.067014 0.026276 0.087269 0.042099 -0.080096 0.022241 0.005814 0.155854 -0.031002 -0.074330 0.027926 0.061139 -0.094392 -0.035308 0.054773 0.073282 0.056036 -0.166293 -0.005938 -0.083771 0.111461 -0.089492 -0.123268 0.070949 0.060533 0.071790 -0.016589 -0.081723 -0.118292 -0.068554 0.003244 -0.040474 -0.071590
T_2429 0.062354 -0.081034 -0.001421 -0.023231 -0.021811 -0.020243 -0.173997 -0.006543 -0.098306 -0.036737 -0.054567 0.158568 -0.017628 -0.010810 0.053947 0.086754 0.079957 -0.077988 0.067372 0.086896 -0.028285 -0.031848 0.087314 0.008919 -0.030175 0.021167 0.107204 0.137716 0.048184 -0.048605 -0.001165 0.072420 -0.120628 -0.101184 -0.050675 -0.095454 0.069061 0.022109 -0.047789 -0.052732 -0.093295 0.026005 -0.022235 -0.110681 0.053220 -0.126449 -0.012300 -0.076052 0.035043 0.090601 -0.024742 0.094381 0.053214 -0.149850 0.003882 0.136380 -0.016975 -0.070064 -0.044122 0.085827 -0.023931 0.075053 -0.106619 0.054449 0.045147 0.043900 0.037920 -0.068493 0.072095 -0.036816 -0.030278 0.138197 0.097735 -0.050930 0.036348 -0.017512 -0.115997 -0.112308 0.021230 0.008706 -0.018466 0.148870 0.005063 -0.046328 -0.058828 0.021722 0.035274 0.082535 -0.106779 -0.006142 -0.045941 -0.113997 -0.013912 0.058907 -0.085465 0.030904 0.070143 0.003273 -0.129826 0.028576 0.070063 0.055105 0.072093 0.057657 -0.055232 0.152213 -0.023618 -0.043976 -0.073394 -0.007423 0.033998 -0.023096 -0.020059 0.051356 -0.002874 0.149656 -0.005546 -0.052641 0.070521 -0.026594 -0.056289 0.039245 -0.014570 -0.021404 -0.002087 -0.097672 0.018543 0.024329 -0.028472 0.008988 -0.087974 -0.024573 -0.071715 -0.053588 -0.014449 -0.036359 0.063570 -0.013967 -0.040174 -0.012664 -0.048163 -0.002088 0.016946 -0.140272 0.034277 0.161546 0.066679 0.034400 -0.095043 0.106328 0.102415 -0.011667 -0.071789 0.077473 0.060308 0.013379 -0.114277 -0.006919 -0.076935 0.100536 0.046220 -0.016285 -0.002928 -0.078579 0.048139 -0.064869 0.069456 -0.116848 -0.088715 0.119853 0.015870 0.007042 0.084802 -0.088611 0.133705 -0.084560 0.016158 -0.033833 -0.019239 0.131725 -0.098794 -0.130249 -0.018814 0.006371 -0.048916 -0.057064 0.081398 -0.013596 -0.038240 -0.225800 0.020880 -0.026396
T_2449 0.052228 0.037943 0.032923 -0.039719 0.022607 -0.033812 -0.048772 -0.026586 -0.128977 0.009394 0.064005 0.057167 0.106497 -0.033734 0.095189 -0.063605 0.081885 -0.029244 -0.028418 -0.045564 0.094455 -0.057222 -0.033865 0.001443 0.060721 0.137813 0.117667 0.084534 0.192877 -0.207804 -0.001500 0.088547 0.029553 0.072470 0.001840 -0.027585 0.098756 0.053501 0.010134 -0.068093 0.002779 0.059013 -0.046051 -0.096641 0.028674 -0.107063 -0.072305 -0.001178 0.092334 -0.016444 0.008875 0.017445 0.040009 -0.038663 0.096200 0.060061 -0.069382 -0.054346 -0.078344 -0.001731 -0.020129 -0.048858 -0.125446 -0.040850 0.089660 0.021954 -0.001967 -0.091614 -0.048769 -0.143318 0.022072 -0.025280 0.142764 -0.109272 -0.118075 -0.096117 -0.077670 0.023390 0.004510 -0.014081 0.005982 0.169472 0.018115 -0.086755 0.035905 0.005043 -0.026208 0.064698 -0.039082 -0.044173 -0.096525 -0.169850 0.006738 0.120285 -0.025822 0.056838 0.134352 0.039564 -0.099697 0.160292 -0.107095 0.057894 -0.027839 0.109666 0.017984 -0.003692 -0.052984 -0.038409 -0.076524 0.014101 -0.036425 0.033726 0.014095 -0.125310 0.002301 0.122851 -0.004165 0.086954 0.124695 -0.047118 -0.023278 0.009137 0.012765 0.010594 0.084924 -0.057455 0.058738 -0.013184 0.056476 -0.010371 -0.022151 0.033677 -0.068910 -0.091273 -0.049444 -0.009363 0.068788 -0.014197 0.020570 -0.059598 -0.046959 -0.068126 0.121052 -0.104983 0.145549 -0.025587 -0.018522 -0.022239 0.024698 0.075375 0.014184 -0.011217 -0.014084 0.061393 0.103148 0.039334 -0.071815 -0.040234 -0.086259 -0.052079 -0.019726 -0.066260 -0.030379 -0.149289 -0.091062 -0.050414 0.011505 -0.131699 0.025311 0.055045 0.108245 0.048772 0.001441 -0.024854 -0.076854 0.011025 -0.013445 -0.109579 -0.001462 0.002887 -0.147240 -0.070365 0.056636 -0.055128 -0.050890 0.026430 -0.011045 -0.081843 -0.026763 -0.095392 0.108103 -0.108928
T_2455 -0.102523 0.026969 0.141420 0.035542 -0.035234 -0.079250 0.087257 0.006465 -0.021595 -0.082094 -0.087899 0.064371 0.084207 0.070642 0.168938 -0.002923 0.097396 0.088630 0.003366 -0.010421 -0.062539 -0.131752 0.047381 0.055655 0.006582 0.040527 0.015027 -0.007838 0.075829 -0.105492 0.005571 0.077500 -0.041861 -0.006715 0.036397 -0.061485 0.010117 0.074509 0.029527 -0.062977 -0.051975 0.113156 0.026026 -0.097829 0.076182 0.065654 -0.021029 -0.016112 0.096314 -0.010621 -0.006394 0.047152 -0.102576 -0.050884 0.084829 0.101971 -0.052726 0.033358 -0.095956 -0.085810 0.065212 -0.079575 -0.067968 0.060587 0.038281 0.120732 -0.071885 -0.141197 0.099788 -0.115109 -0.010358 0.069315 0.001427 -0.051248 -0.071761 -0.025768 -0.007199 -0.065804 -0.101915 0.097583 -0.060682 0.069164 0.056647 0.015324 0.109656 -0.052886 0.000005 0.013347 -0.075392 0.139715 0.087553 -0.070870 -0.025426 0.154551 -0.033907 -0.057542 0.095080 -0.012313 -0.222506 0.122022 0.071341 -0.099826 0.100655 0.014883 -0.022900 -0.077679 -0.058959 -0.040136 0.010578 -0.001668 -0.102644 -0.011811 -0.015716 -0.117325 -0.019151 0.022283 -0.114477 0.089267 -0.044987 -0.014250 0.164436 0.074249 -0.085414 -0.007024 0.052010 -0.042489 -0.033389 -0.107847 -0.029177 0.030975 0.000073 0.073189 -0.076984 -0.084909 -0.144446 -0.136079 0.076977 -0.081103 0.077914 -0.091390 0.013874 -0.032922 0.014418 -0.073103 0.038435 0.027801 -0.003926 0.028597 0.042512 -0.054547 -0.052789 -0.038183 -0.022826 -0.041877 0.090456 0.058707 -0.041243 0.045979 -0.166410 -0.012639 0.049467 -0.107862 0.006525 -0.007271 -0.119731 -0.020142 0.071016 -0.092866 -0.076778 0.050264 0.125426 -0.019032 0.008256 0.003995 0.060072 0.021352 -0.024888 -0.038408 -0.024012 0.094286 -0.046342 -0.048906 0.092303 0.029305 -0.044527 0.005018 -0.073333 -0.090344 -0.017306 0.030983 0.059440 -0.085131
T_2468 -0.088145 -0.192765 -0.004297 0.079008 -0.072521 0.081813 -0.056716 -0.006809 -0.079714 0.047203 0.064047 0.071200 -0.078047 0.033819 0.018652 -0.000909 0.080635 0.032666 0.079570 0.085521 -0.012474 -0.070400 -0.036412 0.000833 0.057409 0.050555 0.054877 0.023141 0.031521 -0.052168 -0.008965 0.157471 -0.135763 0.004125 -0.019143 -0.156781 -0.073204 -0.060942 0.107713 -0.146300 -0.058064 -0.028248 0.034513 -0.030741 -0.026262 -0.082131 0.007211 -0.050837 0.169700 0.061972 0.025450 -0.004168 0.053623 -0.018188 0.051254 0.014756 -0.147176 -0.023402 -0.147523 0.011984 -0.092161 0.080246 -0.038006 0.058346 0.135593 -0.015125 -0.068721 -0.041587 0.106853 -0.119025 0.030002 0.084054 0.098127 -0.112016 -0.026120 -0.024916 -0.089478 -0.052006 0.071894 0.083040 -0.052385 0.068552 -0.053630 -0.065530 0.040295 0.002426 0.035898 -0.073274 -0.018297 -0.019345 -0.050826 -0.044724 -0.012274 -0.002799 -0.059991 0.038715 0.083472 0.031374 -0.204565 -0.002273 0.012567 -0.021239 -0.004188 -0.014234 -0.076249 0.104382 -0.039947 0.033065 0.003336 0.068791 -0.040221 0.013717 0.089028 -0.050237 -0.025160 -0.051090 0.010016 0.169167 0.205023 0.082093 0.028235 -0.028793 -0.023000 0.058568 0.008820 -0.095436 0.064127 -0.111221 -0.011396 0.002819 0.020459 -0.027424 -0.048134 -0.074244 -0.104678 -0.081373 0.136480 -0.015094 -0.010691 -0.005416 -0.060314 -0.042683 0.004445 -0.123336 0.105715 0.049341 0.028973 0.053000 0.033211 0.098948 0.119657 -0.081553 0.023735 -0.018355 0.029692 0.014307 -0.122936 0.002798 -0.004139 -0.027864 0.071774 -0.021328 0.013875 -0.039201 -0.056701 0.058155 0.024731 -0.094277 -0.040447 0.060447 -0.020328 -0.068774 0.045507 -0.066081 0.070418 -0.164832 -0.022813 -0.178672 -0.046678 0.077182 0.049432 -0.073511 -0.028348 -0.005834 -0.072717 -0.085069 0.017205 -0.038736 -0.011261 -0.162688 -0.047980 0.042785
T_2472 -0.047374 0.061498 0.016403 -0.040514 0.083616 -0.150743 0.118879 -0.071208 -0.021421 -0.014643 0.015409 0.086429 0.091865 0.041300 0.019353 -0.023946 -0.018090 0.001426 0.030023 -0.054277 0.060592 -0.006614 0.124152 -0.121940 -0.028251 0.040670 0.006024 -0.054992 -0.049829 -0.079828 0.054773 0.036208 -0.031092 -0.001436 -0.033470 0.052263 0.049768 0.022317 -0.052026 -0.033514 0.033805 0.098301 -0.000726 -0.028514 0.053030 0.034661 -0.016707 0.040807 0.132068 0.043217 0.056015 0.027606 -0.117873 -0.040401 0.191901 -0.064014 -0.024395 -0.129909 -0.079271 0.005474 -0.049556 0.043573 -0.134637 0.065808 0.049166 0.159270 -0.014549 -0.132294 -0.008095 -0.085308 0.148825 0.130681 0.047610 -0.021840 -0.053846 -0.007803 -0.076754 0.043700 -0.014516 0.123682 0.052021 0.129290 0.001403 0.030602 0.007209 -0.063790 -0.028221 0.029824 -0.049852 0.026937 0.025221 -0.076503 0.005736 0.092591 -0.034977 -0.014035 0.033773 -0.049473 -0.252882 0.184985 0.067148 -0.051868 0.076286 0.049086 -0.112453 -0.030661 -0.030689 -0.070034 0.036323 -0.058044 -0.167144 -0.038215 0.045867 -0.076846 0.019066 0.031651 -0.114896 0.054952 0.078879 -0.049822 0.060436 -0.002508 0.008379 0.032315 0.118894 0.082344 -0.116602 -0.031037 -0.044295 0.062593 -0.021871 -0.040817 -0.025886 0.010133 -0.114602 -0.089624 0.086076 0.006463 -0.094188 -0.059239 -0.071628 -0.079189 -0.092442 -0.149968 0.078173 0.097419 -0.027832 0.017993 0.025902 0.081495 -0.026929 0.044555 0.086781 0.027626 0.096668 0.012941 -0.038488 -0.043277 -0.070761 0.013155 0.014978 0.001484 0.042006 0.043008 0.054207 0.023219 0.161762 0.020294 0.007887 0.040474 0.105425 -0.054018 0.034531 0.038722 0.036818 0.065931 -0.089475 0.048266 0.007369 0.058789 -0.067566 -0.140126 -0.027448 0.036601 0.077867 -0.053188 -0.109935 -0.125231 0.062770 0.052607 0.032011 -0.085335
T_2498 -0.042734 -0.016976 0.009192 0.071587 0.023058 0.012325 -0.132113 0.061204 -0.054135 0.057500 -0.003052 0.046877 -0.058547 -0.002064 0.088371 -0.053960 0.091867 0.009217 0.043342 0.058505 -0.038442 -0.029355 -0.033034 -0.034177 0.038432 0.129141 -0.039384 0.081507 0.087369 -0.131505 0.074911 0.116772 -0.049110 -0.078257 -0.029826 -0.025516 -0.058178 -0.079295 -0.004983 -0.115980 -0.076461 -0.045878 -0.025136 -0.072608 0.069679 -0.076079 0.016540 -0.021528 0.023097 0.045370 -0.048952 -0.006568 0.076329 -0.053993 0.074718 -0.018350 -0.103689 -0.038801 -0.078973 0.034039 -0.025756 -0.038909 -0.086059 0.058207 0.107226 0.044405 0.023079 -0.054037 0.028950 -0.136101 -0.022160 -0.005419 0.060235 -0.121655 -0.069374 0.046194 -0.078436 -0.162000 0.085308 0.096430 -0.014128 0.119689 0.039040 -0.077064 0.060347 -0.064785 0.104979 -0.058299 -0.045658 0.057894 -0.023066 -0.044581 0.039723 -0.023222 -0.047456 0.135769 0.033106 -0.032370 -0.185026 0.048268 -0.067733 0.022008 -0.049557 0.073741 -0.031577 0.066795 -0.021132 -0.040773 -0.007759 0.033545 -0.010398 0.007126 0.110363 -0.091709 -0.040258 0.030523 0.012443 0.158215 0.119459 0.009611 0.018140 0.008196 -0.017608 0.136332 0.041555 -0.087289 0.076615 -0.080830 -0.078559 0.120713 -0.041539 0.002396 -0.100444 -0.036774 -0.084405 -0.015886 0.073514 -0.029300 -0.029969 -0.070827 -0.026045 -0.062731 0.020930 -0.218688 0.036388 0.056760 0.051443 0.094087 -0.124039 0.115188 -0.054972 -0.139612 -0.061152 -0.055442 0.056881 0.011296 -0.178233 0.064352 -0.023558 -0.092497 0.053635 -0.077459 0.053447 -0.043995 0.041719 -0.035756 0.007562 -0.121639 -0.039264 0.035704 0.051350 0.029947 0.087842 -0.094637 0.028351 -0.062581 0.004710 -0.031337 0.012175 0.169234 -0.149856 -0.061138 0.018590 -0.133592 0.026097 -0.079436 -0.000034 0.051990 -0.068169 -0.073204 0.122493 -0.032805
T_2507 0.015826 -0.060379 -0.053067 -0.022790 0.003098 -0.022688 -0.026536 0.087578 -0.097785 -0.044195 0.118185 0.103380 0.070666 0.081244 0.056222 -0.038587 0.103395 -0.078472 0.053031 0.061875 0.006046 -0.063634 0.028308 0.035860 -0.051888 0.178693 0.112124 0.025705 0.072366 -0.095483 -0.018761 0.139019 0.028015 0.010655 -0.036285 -0.093253 0.039157 -0.055267 -0.016644 -0.077121 -0.064386 0.008462 -0.060959 -0.148423 0.054204 -0.022664 -0.026669 -0.006326 0.053382 0.083742 -0.072539 0.140055 0.010468 -0.079895 0.002562 -0.016186 -0.060393 0.074467 -0.070750 0.016056 -0.069804 0.011700 -0.112608 -0.109140 0.061896 -0.019825 -0.030387 -0.168482 0.010999 -0.149933 0.097185 0.018114 0.080509 0.009168 -0.080372 -0.096159 -0.053499 -0.009961 0.019435 -0.006604 -0.043644 0.057540 0.029685 -0.001883 0.079614 -0.045038 0.052573 0.067840 -0.131344 -0.046523 -0.101767 -0.081061 0.020264 0.156565 -0.069867 0.046298 0.049737 0.056925 -0.160409 0.143149 -0.059947 0.069036 -0.111845 0.057288 0.041721 0.054716 -0.019999 -0.047134 -0.149788 0.043190 -0.013510 0.001170 -0.073588 -0.010415 0.030512 0.040752 -0.047553 0.111617 0.142485 -0.017840 -0.053389 0.104801 -0.035473 -0.019721 0.003282 0.052657 0.038087 -0.041009 -0.010753 0.065393 -0.001856 -0.058010 -0.089845 -0.022997 -0.028311 -0.020299 0.055403 -0.056626 -0.020867 -0.006043 -0.028432 -0.012383 -0.013023 -0.143320 0.050583 0.112182 0.147957 -0.051142 -0.050237 0.081617 0.050821 -0.049672 -0.025199 -0.039731 0.047577 -0.008957 -0.030350 0.000191 -0.043395 0.025472 0.005300 0.014950 0.004070 -0.182686 -0.050069 -0.023098 0.033982 -0.095725 -0.033257 0.007731 0.066618 -0.030061 -0.046741 -0.077281 -0.009444 -0.095993 -0.100317 -0.040450 -0.105142 0.058719 -0.073904 -0.071912 0.109055 -0.033302 -0.082477 0.018692 0.063137 -0.059060 -0.049207 -0.277806 0.019527 -0.026200
T_2527 -0.001898 0.040369 0.028500 -0.013914 -0.001984 -0.008837 -0.033743 0.098679 -0.064183 0.061149 0.039356 0.095941 0.117158 0.024774 0.074726 -0.095187 0.045603 -0.004530 -0.012016 -0.097523 -0.016766 -0.042087 -0.051494 0.031350 -0.060701 0.148358 0.059921 0.046278 0.109900 -0.150963 0.014719 0.089907 0.044322 -0.047283 -0.010584 -0.053674 0.029986 -0.069373 0.025958 -0.090071 -0.031613 0.035007 -0.049039 -0.118514 0.024755 -0.130191 -0.046062 -0.048387 0.092089 0.075983 -0.061317 0.044425 0.020629 -0.054525 0.083033 -0.035813 -0.087811 -0.002963 -0.109410 0.023494 -0.056692 -0.057985 -0.096331 -0.016894 0.111770 -0.033495 0.026946 -0.145591 -0.045591 -0.163031 0.043730 -0.006712 0.043544 -0.110508 -0.053525 -0.024529 -0.050935 -0.022888 -0.008444 0.018161 0.044808 0.095724 0.072546 -0.100594 0.084394 -0.049158 0.044195 0.000780 -0.112366 0.022268 -0.076066 -0.077834 0.024811 0.163616 -0.025880 0.146176 0.130559 0.068962 -0.138213 0.095122 -0.123723 0.012229 -0.042648 0.054865 -0.013308 -0.019841 -0.119414 -0.013770 -0.088695 0.042087 -0.019489 -0.038474 0.044903 -0.102926 -0.031891 0.054916 -0.052039 0.140756 0.159912 -0.027329 -0.008802 0.060101 -0.022050 0.030218 0.083617 -0.020995 0.146444 -0.068987 -0.014806 0.115828 -0.011195 -0.000665 -0.126306 -0.108339 -0.112644 -0.037652 0.037133 -0.041022 0.020909 -0.092638 0.007647 -0.037300 0.017593 -0.143256 0.075740 0.029134 -0.006505 -0.021582 -0.046988 0.117573 -0.024651 -0.097947 -0.036636 -0.101464 0.018349 0.030611 -0.116259 0.011814 -0.069262 -0.074706 0.015533 -0.002167 -0.025814 -0.117711 -0.002717 0.030807 -0.047683 -0.084754 0.009596 0.069639 0.019456 0.039071 -0.040753 -0.016172 -0.020242 -0.064334 -0.041395 -0.007196 -0.107757 0.143307 -0.114335 -0.104549 0.050348 -0.059027 0.026779 -0.016411 -0.021085 0.015411 -0.090694 -0.138419 0.117726 -0.101224
T_2537 -0.050149 -0.062455 -0.052321 -0.081930 0.066938 -0.102622 0.040602 0.005279 -0.086995 -0.046444 -0.104811 0.042018 0.103856 0.013381 0.156771 0.092070 0.116005 -0.021896 0.023215 -0.015382 -0.027004 -0.091634 0.028734 0.073221 0.018335 0.138947 -0.015303 0.019087 0.006772 -0.073941 -0.010164 0.039153 -0.023854 0.048635 0.082395 0.054872 -0.012288 0.080382 0.046359 -0.051036 -0.072864 0.043917 -0.019671 -0.004342 0.032421 -0.047594 -0.030666 -0.040541 0.048296 0.062111 -0.107357 0.091182 -0.087045 0.003229 0.024308 0.104077 -0.091269 0.085698 -0.007194 -0.012413 -0.050043 -0.047153 -0.028834 0.026985 0.050359 0.031750 -0.007398 -0.161875 0.061905 -0.155314 0.018708 0.087328 0.042699 -0.118819 0.008324 -0.105209 -0.024417 0.029620 -0.042013 0.032470 -0.008405 0.052083 -0.003791 -0.038648 0.109806 -0.004643 0.016904 -0.011391 -0.142529 0.119120 -0.027090 0.010285 0.022246 0.245472 0.002293 0.008459 0.076644 -0.031492 -0.199331 0.092120 0.018149 -0.076452 0.025599 0.038882 -0.069900 -0.010770 -0.066017 -0.156183 0.045618 -0.035633 -0.107543 -0.012882 0.052263 -0.150526 -0.013663 0.060351 -0.057774 0.047939 0.026999 -0.028532 0.127767 -0.036634 -0.032856 0.036315 0.011232 0.015993 -0.023332 -0.072855 -0.054417 0.005332 0.035420 0.074136 -0.103454 -0.024032 -0.129404 -0.043850 -0.036297 -0.047829 0.074908 -0.105588 0.060248 -0.039707 0.014788 -0.025514 0.044363 -0.084006 -0.020795 0.074366 0.144391 -0.065686 -0.063052 -0.013113 -0.088875 -0.027315 0.053654 0.094851 -0.170299 -0.032979 -0.203574 -0.000297 -0.001343 -0.050922 0.033869 -0.027449 -0.030081 0.005824 0.131696 -0.036290 0.048857 -0.112023 0.113303 0.011163 -0.009319 -0.022758 0.062403 0.003871 -0.150239 0.106837 0.071775 0.102164 -0.011887 -0.078450 0.106150 0.031635 0.020875 0.054477 -0.098390 0.050198 -0.028303 -0.001602 0.072256 0.070048
T_2540 0.040219 0.030346 0.035672 -0.064642 0.087410 0.014514 -0.063002 0.048079 -0.138645 0.007834 -0.002374 0.098403 0.158656 0.040785 0.095817 0.012698 0.023037 0.006237 0.010303 -0.035376 -0.003949 -0.012099 -0.039283 0.086573 0.001321 0.150706 0.060701 0.056247 0.180015 -0.121131 0.024538 0.149899 -0.074780 0.042539 -0.063990 -0.037788 0.003507 0.001195 0.071695 -0.056422 0.015878 0.073019 -0.004098 -0.076691 0.075655 -0.039154 -0.075726 -0.049691 0.075938 0.044065 0.012016 0.044806 0.060748 -0.047998 0.007866 -0.016284 -0.069255 -0.027756 -0.050302 -0.020479 -0.057281 0.079828 -0.078032 0.024014 0.081568 0.006521 -0.055664 -0.125842 -0.048090 -0.116199 -0.007053 0.056593 0.110155 -0.109248 -0.057973 -0.040433 -0.117907 -0.058464 0.041369 0.035341 0.024558 0.100297 -0.003697 -0.041889 0.030664 0.030152 0.027326 0.042889 -0.095585 -0.024119 -0.024469 -0.151131 -0.018019 0.011373 -0.153370 -0.020501 0.135120 -0.009281 -0.148555 0.062093 -0.099667 0.074009 0.069451 0.060699 0.024534 -0.052070 -0.047751 -0.108937 -0.106638 -0.005371 0.039162 0.070878 0.015720 -0.087747 -0.058837 0.152794 -0.035122 0.115334 0.120919 -0.081960 -0.024582 0.014437 -0.079406 0.001297 -0.043139 -0.015795 0.103243 -0.045526 0.028855 0.033427 -0.076936 0.043084 -0.040468 -0.133148 -0.126982 0.035941 0.135430 -0.052716 -0.036747 -0.075490 0.057160 -0.039233 -0.038002 -0.125863 0.125363 -0.010774 0.027767 -0.000098 -0.013886 0.128981 0.030777 -0.115537 0.079132 0.040939 0.059514 0.120836 -0.067810 -0.080944 -0.086005 -0.010716 0.087036 0.013701 0.029477 -0.110496 -0.045749 0.055780 0.051885 -0.135874 0.023307 0.003108 0.072428 0.019424 -0.032177 -0.102608 -0.029451 -0.052925 -0.011689 -0.016357 -0.049264 0.076645 -0.071292 -0.073321 0.020449 -0.046956 -0.107036 -0.089629 0.025891 -0.084149 -0.018311 -0.198407 0.011239 -0.036122
T_2563 -0.023272 0.068990 0.089894 0.059730 0.013648 -0.022291 0.040696 -0.032824 0.000849 0.026308 -0.014523 0.063721 0.114704 -0.044089 0.122581 0.002095 0.042356 0.038599 0.083275 0.002942 0.010883 -0.029669 0.080395 -0.051231 -0.006343 0.011381 -0.062227 0.108020 0.059625 -0.141461 -0.062667 0.048199 -0.026308 0.077336 0.008274 -0.019030 0.005508 0.003192 -0.045789 -0.065073 -0.071887 0.041754 -0.010309 0.029271 -0.087235 0.059110 -0.062454 0.027683 0.180312 0.099297 -0.010644 -0.024507 -0.094301 0.054144 0.047758 0.070207 -0.080472 -0.073504 -0.103814 0.107988 0.024310 -0.007708 -0.122976 -0.035834 0.032652 0.152876 0.053128 -0.108191 -0.018638 -0.070887 0.040186 0.123729 0.064285 -0.142943 0.055631 -0.091361 -0.117625 -0.066011 0.006568 0.004751 0.015412 0.180039 0.042987 -0.007921 0.042869 0.050072 0.002304 0.016701 -0.046957 0.104965 -0.045841 -0.121027 0.065245 0.195544 -0.026137 -0.005970 0.054080 0.015785 -0.240966 0.111912 0.132619 -0.129638 0.030670 0.017735 -0.050197 -0.048652 -0.069462 -0.049170 0.078918 0.004848 -0.082918 -0.027579 0.082700 -0.080275 0.019835 0.039841 -0.082949 0.123742 0.020489 -0.055231 0.106441 0.020975 -0.000795 0.006322 0.016183 -0.011325 -0.094649 -0.041529 -0.042124 0.063990 -0.083276 -0.005406 -0.121886 -0.020644 -0.094850 -0.085273 0.059267 -0.075075 0.131260 -0.084365 0.003122 -0.041986 -0.009653 -0.047341 0.081536 -0.006836 0.005851 0.058260 0.093070 0.039987 -0.004228 -0.028765 -0.064585 -0.014825 0.086320 -0.001829 -0.017811 -0.042115 -0.131521 -0.057156 0.046448 0.091804 0.050005 -0.084368 -0.016801 0.034676 0.150033 0.014285 -0.081975 -0.010769 0.016754 -0.097106 -0.000287 0.023203 0.094603 0.000004 -0.157446 -0.056249 -0.101427 0.161041 -0.020378 -0.037804 0.061406 0.018217 0.011657 -0.045551 -0.069478 0.025763 -0.058265 0.033791 0.025934 -0.098756
T_2578 -0.052008 0.042999 0.037149 0.112270 0.058527 -0.033468 0.001490 0.082647 -0.102171 -0.070855 -0.062110 0.090499 0.085135 -0.023809 0.155837 -0.000650 0.085740 0.079026 0.027460 -0.009113 -0.032731 -0.096360 0.082825 -0.073574 -0.127630 -0.023794 -0.037115 0.045487 -0.032148 -0.166855 0.085473 0.014422 -0.023047 0.012500 0.023283 0.020217 0.023770 0.029351 0.006463 0.005021 0.025188 0.023645 -0.013751 -0.001087 0.039476 0.066585 -0.084880 0.089186 0.088483 0.061557 -0.052872 -0.001886 -0.082770 -0.021518 0.125022 0.047589 0.012735 0.014525 -0.175429 -0.071851 -0.035562 0.020960 -0.055247 0.063448 0.124540 0.099665 0.030823 -0.048730 0.015568 -0.042896 -0.008892 0.065183 -0.008178 -0.127463 -0.091779 -0.081725 -0.090061 -0.044498 -0.055528 -0.042054 0.056850 0.069255 -0.036170 0.158977 0.087698 -0.042035 -0.120510 0.016563 -0.132346 0.073781 0.033499 -0.117524 0.061313 0.025773 0.020065 -0.028017 0.042917 -0.059200 -0.282844 0.025002 0.052279 -0.072410 0.077653 0.058531 0.011694 -0.008582 -0.058755 -0.031658 0.065678 0.025890 -0.064230 0.021492 0.002812 -0.006718 0.032408 -0.045364 -0.084119 0.063399 -0.001634 -0.071485 0.074674 0.076933 0.092806 0.010887 0.094307 0.033640 -0.057616 -0.078064 -0.069054 0.031381 -0.042726 0.003481 -0.024128 -0.030284 -0.042942 -0.043462 0.111752 -0.053798 0.041194 -0.088981 0.069649 -0.014180 -0.038820 -0.033187 0.073583 0.092011 -0.095589 0.000640 0.101522 0.049355 0.045607 0.051736 -0.006439 -0.038974 0.020684 0.016861 0.005197 -0.079066 -0.118510 -0.040546 0.051292 -0.086625 0.059422 -0.023561 -0.119676 -0.002622 0.082555 0.009906 -0.090536 -0.071760 0.018912 -0.131504 -0.031920 0.018505 0.143577 0.052473 -0.055076 -0.022597 -0.025156 0.115316 -0.029545 -0.139123 0.106742 0.062316 0.010521 -0.056897 -0.040651 -0.215398 -0.006702 0.101983 -0.045951 -0.165513
T_2588 0.070502 0.010267 0.091204 -0.065391 -0.037802 0.007453 -0.044805 0.060727 -0.031328 0.002704 0.081965 0.061487 0.058082 -0.034503 0.172650 -0.056353 0.089403 0.016849 0.047338 -0.009461 -0.005716 0.031355 -0.009320 -0.024034 0.004726 0.126465 0.031540 0.126548 0.125793 -0.251305 0.100981 0.122872 0.052947 0.058971 -0.024844 0.011751 -0.038407 -0.017688 0.048125 -0.046531 -0.082988 -0.015953 -0.022179 -0.109655 -0.005400 -0.105681 -0.114573 -0.014405 0.082069 0.039258 -0.046688 -0.022968 0.041032 -0.049094 0.081300 0.005169 -0.120619 0.014980 -0.082756 0.031898 -0.036468 -0.074269 -0.112262 -0.074595 0.058751 -0.016078 -0.062647 -0.089004 -0.022716 -0.160494 0.053474 0.013577 0.050944 -0.083516 -0.121217 -0.059010 -0.147391 -0.084884 0.048947 -0.006275 0.002283 0.093582 0.078525 -0.067652 0.105227 -0.019400 -0.037864 0.027477 -0.115675 0.061669 -0.058526 -0.094215 0.039365 0.028479 -0.058622 0.069614 0.120460 0.093204 -0.097452 0.074979 -0.111606 0.009985 0.082772 0.049880 0.009153 0.030662 -0.067559 -0.019947 -0.104616 0.045456 0.018907 0.045356 0.068573 -0.036028 -0.011905 0.066703 -0.067743 0.107988 0.079546 -0.001756 0.003016 0.061205 -0.017397 -0.004657 0.060033 0.013918 0.085291 -0.079670 -0.032754 -0.009792 -0.022370 0.004290 -0.083920 -0.032637 -0.118474 -0.054199 0.021000 -0.031024 -0.025525 -0.083331 0.033178 -0.009207 0.010961 -0.063848 0.078817 0.000372 -0.008370 -0.058164 -0.024148 0.089050 0.009072 -0.111060 0.101358 -0.049081 0.096587 0.091825 -0.046078 -0.016431 -0.065146 0.008529 0.055772 0.031631 -0.032490 -0.135781 -0.027997 0.023611 0.023050 -0.075828 0.039143 0.126020 0.129858 0.054429 -0.013135 -0.093750 -0.013452 -0.037993 -0.003745 -0.095568 -0.075035 0.203755 -0.117076 -0.107856 0.088322 0.021015 -0.043626 -0.056673 0.032018 -0.074921 -0.005230 -0.122826 0.091963 -0.151551
T_2626 -0.025945 0.029800 -0.009433 -0.014314 0.021315 -0.087217 0.030429 -0.005643 -0.065190 -0.011643 -0.054914 0.068505 0.138538 -0.086143 0.174226 0.059669 0.089656 0.017442 -0.057291 0.009508 -0.026461 -0.082814 0.010095 0.078952 -0.045718 0.129826 0.000747 0.073746 0.081342 -0.099597 0.030903 0.059358 0.013355 0.080299 0.071553 -0.006755 0.042007 0.071332 -0.051537 -0.041238 -0.001971 0.033433 -0.030196 0.052083 -0.094500 -0.007905 -0.070512 -0.010956 0.075323 0.115249 -0.031073 -0.002901 0.007649 0.056768 0.017335 0.013093 -0.080100 0.049363 -0.065811 -0.003058 -0.049462 -0.056197 -0.058909 0.014693 0.119474 0.093702 0.132376 -0.067697 -0.027719 -0.120820 -0.014529 0.058302 0.085941 -0.167593 0.000318 -0.024013 0.034210 -0.021318 -0.054334 0.115826 0.051419 0.147177 0.037330 -0.065104 0.046014 -0.015199 -0.026164 0.015675 -0.117104 0.068875 -0.027423 -0.087789 0.015257 0.293594 -0.009458 0.007582 0.100157 -0.027250 -0.248686 0.091449 0.085025 -0.112722 0.001370 0.025654 -0.052692 -0.011266 -0.051504 -0.005542 0.001146 -0.019395 0.001811 0.004013 0.032828 -0.066750 -0.047924 0.037271 -0.143479 0.074906 0.089595 -0.018594 0.033692 0.079687 0.013226 0.031355 -0.011165 0.037143 0.007231 -0.021383 -0.082967 -0.000857 -0.019977 -0.076481 -0.097960 -0.081301 -0.085779 -0.071671 0.022034 -0.039583 0.071592 -0.072570 0.016940 -0.039063 -0.007332 0.004837 0.054945 -0.062408 -0.029823 0.092360 0.136306 0.056365 -0.058033 -0.030913 -0.070510 0.134242 0.121510 0.023791 -0.143176 -0.072143 -0.110681 0.002683 -0.046493 0.069565 -0.046709 -0.082959 0.036074 0.135529 0.130335 -0.039059 -0.040340 0.049779 0.116380 -0.081652 -0.082914 -0.012740 0.052225 0.017721 -0.127955 -0.014827 -0.041949 0.098912 -0.075198 -0.069433 0.055839 0.026789 0.056620 -0.003844 -0.122130 -0.020953 -0.004552 -0.059272 -0.048144 -0.014882
T_2630 -0.003514 -0.071867 0.008440 -0.052605 -0.009741 0.011976 0.030572 -0.008074 -0.066579 -0.056217 0.031366 0.074557 0.075828 0.028996 0.048063 -0.006815 0.223429 -0.040462 0.071329 0.014947 0.107313 -0.058673 0.050378 -0.058251 -0.031741 0.152558 0.087818 0.028694 0.081120 -0.121236 -0.009393 0.136046 -0.052558 0.036325 -0.040105 -0.024111 0.040371 -0.018986 0.087724 -0.062333 -0.025349 0.033302 -0.007809 -0.057056 -0.015317 0.025073 -0.062554 -0.043751 0.146939 0.077194 -0.036152 0.074594 0.087016 -0.070189 0.015948 0.115904 -0.107804 0.007445 -0.144405 0.026168 -0.030250 -0.059756 -0.125683 -0.050163 0.114560 0.011788 0.012846 -0.120283 0.008256 -0.097194 0.053863 0.079169 0.095790 -0.126759 -0.039326 0.023044 -0.060371 -0.046120 0.009173 0.107367 0.014413 0.082766 0.030345 -0.009756 0.076451 -0.063700 0.013652 0.071269 -0.107678 0.044287 -0.022627 -0.114649 -0.008906 0.117704 -0.075168 0.057475 0.116903 0.053795 -0.215743 0.091481 -0.030272 0.065771 -0.017874 0.050047 -0.076803 0.032875 -0.009347 -0.003379 -0.015823 0.016906 -0.014449 0.001870 0.055680 -0.069134 0.005136 0.075367 -0.049454 0.099995 0.102306 -0.101934 0.035223 0.034723 -0.064794 -0.003987 0.013516 0.043306 0.118236 -0.084596 0.023537 0.066709 -0.052194 -0.014071 -0.133386 -0.151292 -0.052270 -0.106870 0.076536 -0.095671 0.008312 -0.007250 -0.020977 -0.035820 0.054467 -0.134397 0.114935 -0.003764 -0.026195 -0.040102 -0.015580 0.057296 0.014624 -0.068903 0.009693 -0.024745 0.026588 0.013289 -0.083855 0.032780 -0.099378 0.012966 0.110483 0.094419 0.020332 -0.121174 -0.027524 0.031145 0.050308 -0.153977 -0.001229 0.030255 0.008744 0.022749 0.047487 -0.080034 0.060407 -0.027783 -0.056280 -0.049754 0.002278 0.132293 -0.059057 -0.056040 -0.015321 -0.021849 -0.112337 -0.078198 0.011855 -0.106972 -0.039601 -0.196092 0.062926 -0.110893
T_2640 -0.066422 0.018798 0.089945 0.062043 -0.014056 -0.080134 0.029995 -0.007146 0.009326 0.024113 -0.109763 0.049287 0.093432 -0.007653 0.208053 -0.012663 0.056015 0.067819 -0.032171 0.008211 -0.111054 -0.101282 0.011461 0.086364 -0.043756 0.094618 0.024401 0.102314 0.140735 -0.078113 -0.023976 0.060919 -0.062015 0.068944 0.101143 -0.032462 -0.027995 0.090758 0.021341 -0.043885 -0.058332 0.080538 0.016302 -0.082023 0.059461 0.018132 0.004458 0.007999 0.058661 -0.011664 -0.060930 0.070799 -0.056984 0.010435 0.087392 0.148528 -0.048397 -0.041054 -0.123406 -0.007587 0.030864 -0.057287 -0.036902 0.002609 -0.016523 0.026723 0.005911 -0.083803 0.037150 -0.056910 -0.036530 0.080363 0.018331 -0.138757 -0.094285 -0.033160 -0.069126 -0.053923 -0.037079 0.058072 -0.105403 0.077145 -0.006840 0.021393 0.097726 0.015317 0.062248 0.003133 -0.112812 0.178261 0.038335 -0.067986 0.011132 0.152953 -0.031687 -0.117950 0.098973 -0.021330 -0.272736 0.095395 0.062439 -0.044472 0.059914 0.057462 -0.048573 -0.067033 -0.091321 -0.009291 -0.020196 0.007154 -0.038876 -0.029519 0.057198 -0.069948 -0.036702 -0.023194 -0.079089 0.018675 0.025792 0.002095 0.096508 0.036852 -0.100356 0.020658 0.012573 -0.092526 -0.106369 -0.110090 -0.057952 0.065892 -0.050706 0.061542 0.015775 -0.019932 -0.139735 -0.153373 0.107099 -0.057051 0.090511 -0.072703 0.059784 0.006237 0.033585 -0.056392 0.062667 0.136866 -0.039000 0.068863 -0.000613 -0.023707 -0.090232 -0.072701 -0.036887 -0.025902 0.060130 0.033998 -0.053534 0.021324 -0.139548 -0.037425 0.047926 -0.073022 0.041266 -0.038605 -0.098753 0.014828 0.139044 -0.034375 -0.060270 -0.010498 0.080758 -0.058766 0.011219 0.077163 0.115508 0.021945 -0.054766 -0.030009 -0.006714 0.121679 -0.057660 -0.095580 0.067403 -0.052881 0.018387 0.057144 -0.121906 -0.044274 -0.013169 -0.009673 0.075591 -0.095562
T_2710 -0.159879 -0.022837 0.063024 -0.000618 0.082164 -0.040319 0.026677 -0.040166 -0.086100 -0.043904 -0.072411 0.083093 0.081136 -0.057419 0.118649 -0.038207 0.098496 0.014675 -0.007672 -0.023138 0.055486 -0.156299 0.040208 0.088966 -0.065780 0.033171 -0.014951 0.119831 0.023124 -0.169022 -0.017869 0.061810 0.002150 0.024284 0.059044 -0.059322 0.073243 0.020381 0.016832 -0.057310 -0.046312 -0.001838 0.034882 0.008246 -0.031272 -0.011640 -0.014068 0.005490 0.086669 0.051778 -0.041093 -0.076705 -0.034781 0.034597 0.087187 0.056935 -0.043567 -0.038050 -0.174787 -0.046655 -0.015945 -0.004323 -0.032311 0.098452 0.102383 0.046337 0.000477 -0.079883 0.094012 -0.061569 -0.003239 0.107789 0.034391 -0.103492 -0.094680 -0.074565 -0.082755 -0.170768 -0.046900 0.106921 0.042362 0.094540 0.045342 0.036041 0.112593 0.034820 0.017455 -0.034147 -0.083493 0.054496 0.044665 -0.054365 0.050202 0.183116 -0.021962 -0.017661 0.043060 0.002040 -0.269104 0.087836 0.048969 -0.091385 0.053902 0.099990 -0.016597 -0.066846 -0.066334 0.032372 -0.020074 -0.015073 0.007274 0.029702 0.014648 -0.065793 0.014189 0.005054 -0.097170 0.088808 0.036346 -0.053652 0.086746 0.065035 0.058547 0.006355 0.017459 -0.118586 -0.050165 -0.002804 -0.043317 0.026872 -0.015463 0.025291 -0.075769 -0.012723 -0.166868 -0.142620 0.099210 -0.048171 0.127214 -0.112385 0.051050 -0.049922 0.063170 -0.016383 0.075521 0.056983 -0.032204 0.100943 0.093226 -0.031868 -0.012298 -0.010083 -0.045317 -0.018202 0.065375 0.099743 -0.105791 0.014232 -0.086245 -0.013958 0.075026 0.011111 -0.028507 -0.122390 -0.049738 0.011326 0.048155 -0.070545 -0.110678 0.006323 0.003320 -0.062486 -0.052832 -0.047306 0.077149 0.025736 -0.064097 -0.069078 -0.082775 0.106732 -0.130581 -0.120343 0.107424 0.049778 -0.076024 -0.016076 -0.083056 -0.027932 -0.010627 0.035075 0.039051 -0.114744
T_2742 -0.126078 0.022530 0.091930 0.089033 -0.007912 -0.041167 0.086547 -0.002829 -0.029985 0.027960 -0.059686 0.035605 0.049359 -0.014987 0.183812 -0.059855 0.045636 0.071477 0.049736 0.001149 0.009849 -0.056925 0.086677 -0.034946 -0.033637 0.087728 -0.021459 0.090955 0.043422 -0.183385 -0.054985 0.086855 -0.036770 0.094007 -0.010557 -0.020818 0.025004 0.055779 -0.000203 -0.048367 -0.093937 0.111839 0.005307 -0.024407 -0.071437 0.045260 -0.080654 -0.014840 0.109812 0.016706 -0.039274 -0.046709 -0.108624 -0.016637 0.047724 0.110389 -0.046841 -0.029423 -0.119407 0.096477 0.000067 0.009241 -0.031725 0.044655 0.041314 0.055399 -0.052641 -0.167730 0.048258 -0.094783 0.016980 0.041434 0.035342 -0.098023 0.008835 -0.120997 -0.100033 -0.033105 0.037342 0.040930 -0.075216 0.153755 0.056070 -0.011543 0.022124 0.018500 0.008188 0.005368 -0.088931 0.091844 0.031314 -0.045870 0.025063 0.218881 -0.059235 -0.052671 0.048468 -0.039206 -0.212204 0.101460 0.109246 -0.034232 0.007120 -0.005050 -0.037761 -0.002422 -0.067195 -0.014086 0.065983 0.032336 -0.055149 0.006084 0.052723 -0.156047 -0.000829 0.067277 -0.079783 0.064201 -0.028615 -0.037316 0.136128 0.035674 -0.056617 0.043426 0.042229 -0.024716 -0.099675 -0.084558 0.007725 0.040869 0.009368 0.021381 0.002952 0.020196 -0.189286 -0.120437 0.076707 -0.070887 0.127927 -0.116308 0.028645 -0.040228 0.060892 -0.056504 0.033705 -0.053398 0.006737 0.031465 0.075414 0.021555 -0.016468 -0.014494 -0.085445 -0.021789 0.101279 0.073785 -0.103364 0.033165 -0.133402 -0.006545 0.063032 -0.027023 -0.018864 -0.053046 -0.057152 -0.006928 0.172053 -0.011120 -0.059774 -0.029831 0.029074 -0.122906 -0.004122 0.078886 0.083287 -0.029677 -0.124286 -0.028664 -0.034371 0.199470 0.002261 -0.063124 0.080841 0.041006 -0.015243 -0.007221 -0.075455 -0.015368 -0.028350 0.029145 0.067322 -0.060727
T_2780 0.019903 0.106285 0.078950 0.064316 0.019479 -0.094885 0.036246 -0.041470 0.122902 0.057193 -0.068914 0.079547 0.049793 -0.015141 0.065705 0.054223 0.026643 -0.014342 -0.015504 -0.073438 -0.006844 -0.021380 0.161721 -0.044598 0.000340 -0.060335 -0.000051 0.063635 0.098833 -0.085974 0.003446 0.039384 -0.010642 0.017316 -0.004285 0.015972 0.016970 0.054563 -0.057631 -0.127799 -0.012616 0.048656 -0.064891 -0.082430 0.072005 0.020788 -0.032624 0.038662 0.128714 0.129506 0.076337 0.042476 -0.082433 0.052540 0.241217 0.061005 -0.081238 -0.134191 -0.137319 0.016089 0.033651 -0.008120 -0.126592 0.039286 0.051430 0.174549 0.022372 -0.065689 0.015096 -0.085732 0.023361 0.147335 0.080888 -0.080192 -0.047410 -0.043101 -0.102509 0.032840 0.119806 0.041760 0.036175 0.111367 -0.100264 0.055456 0.038788 -0.037866 0.058956 0.105357 -0.089327 0.000091 -0.038467 -0.117281 0.051507 0.054984 0.019142 -0.041581 0.024583 -0.058916 -0.241074 0.051923 0.063474 -0.058977 0.066620 -0.010133 -0.100829 -0.030476 -0.096092 -0.027904 0.054820 -0.037127 -0.087125 -0.085706 0.054042 -0.015702 0.064357 -0.005356 -0.170428 0.061367 0.063412 -0.033135 0.040446 0.055072 -0.013232 0.010880 0.077118 0.025882 -0.098642 -0.001507 -0.069592 0.099342 -0.077977 -0.033541 0.006252 0.005725 -0.154306 -0.072510 0.035996 -0.094619 -0.055335 -0.086353 0.031523 -0.058561 -0.083845 -0.195975 0.085392 0.055378 -0.013918 -0.008891 -0.068752 -0.014165 -0.016385 0.006713 0.066702 -0.003627 0.066146 -0.035496 0.016622 0.023738 -0.104458 -0.013024 0.070193 -0.012565 0.088637 -0.017230 -0.008081 0.023573 0.054504 -0.004802 -0.051743 -0.048842 0.044972 -0.065821 -0.009001 -0.004647 0.103604 -0.012338 -0.035337 -0.029004 -0.094200 0.054110 -0.042808 -0.072663 -0.069038 -0.010295 0.021442 -0.064740 -0.059740 -0.034861 0.039623 0.062241 0.083124 -0.161104
T_2782 0.034481 -0.035888 -0.022155 -0.125596 0.073256 -0.043249 -0.129076 0.071150 -0.103216 -0.116184 0.059044 0.106374 0.007003 -0.002036 0.139682 -0.083170 -0.023673 0.019107 -0.004687 -0.030761 -0.034152 -0.048399 -0.030128 -0.044330 0.095612 0.096692 0.038323 0.096159 0.127806 -0.021016 0.024668 0.153091 -0.095329 0.022417 -0.075277 -0.071854 -0.033769 -0.010453 -0.041446 -0.103502 -0.019548 0.004172 -0.089849 -0.093491 0.104332 -0.092829 -0.022976 -0.069292 0.038488 -0.013034 -0.031523 -0.010810 0.091480 -0.049616 0.032860 0.007890 -0.008731 0.018314 -0.103323 -0.043149 -0.111323 -0.000083 -0.143700 0.073315 0.064967 -0.039296 -0.050330 -0.112903 0.011301 -0.096885 0.042297 0.105395 0.027979 -0.094413 -0.036674 0.025202 -0.091577 -0.071512 0.018680 -0.068892 0.001701 0.120373 0.051537 -0.075370 0.052889 0.002335 0.054572 0.052529 -0.104833 0.078169 -0.075021 -0.096278 0.029901 0.066143 -0.029171 0.024523 0.125415 0.007751 -0.094109 0.147518 0.012384 0.134975 -0.039357 0.043821 0.032153 0.049113 0.032044 -0.106798 -0.095499 0.002453 0.024162 0.098174 -0.003985 -0.047077 -0.022129 0.071612 -0.038984 0.086116 0.089857 -0.050121 -0.056594 0.114767 0.000208 0.053523 0.069991 0.015709 0.005143 -0.057249 0.036272 0.037324 -0.025233 0.004760 -0.104035 -0.030568 -0.095040 0.043868 0.115356 -0.093909 -0.055363 -0.094611 -0.018116 -0.024460 -0.004029 -0.137499 0.031571 0.046079 0.074812 -0.052145 -0.084241 0.122937 0.000806 -0.108927 0.052203 0.052991 0.166631 0.051500 -0.121623 -0.026605 -0.054535 -0.018104 -0.021417 0.028946 0.047806 -0.114437 -0.092905 -0.031387 0.099004 -0.129481 -0.039353 0.013213 0.072133 -0.015383 -0.019876 -0.107473 0.070641 0.009916 -0.039540 -0.036746 -0.030944 0.095095 -0.149247 -0.092111 0.044714 -0.074976 -0.049020 -0.106027 0.023045 -0.017536 -0.070770 -0.184259 0.027873 -0.032426
T_2791 -0.021536 0.094703 0.070686 0.091250 0.090729 0.000300 0.086031 -0.050476 -0.022344 0.001730 -0.003916 0.082410 0.068300 0.020558 0.153679 -0.074244 0.113598 0.003061 0.048166 -0.049596 -0.021829 -0.043659 0.096160 -0.071093 0.021172 0.052468 -0.034431 0.096130 0.085596 -0.186855 -0.028510 0.021527 0.016703 0.062261 0.030745 0.020582 0.013437 0.053136 -0.007598 -0.012844 -0.020267 0.140980 -0.047638 0.020373 -0.045234 -0.001822 0.019027 0.043577 0.122745 0.069688 0.050079 -0.110642 -0.130659 0.080355 0.038780 0.064047 -0.027539 -0.042169 -0.105890 0.055525 -0.029575 0.078108 -0.018947 0.033969 0.089591 0.082567 -0.029164 -0.158507 -0.044096 -0.110806 0.050139 0.080015 0.008097 -0.017683 -0.033778 -0.122405 -0.063867 -0.005298 0.040841 0.132687 -0.043037 0.199966 0.026451 0.023170 0.024794 0.016167 0.021764 0.078367 -0.127606 0.050206 -0.047619 0.003501 0.015733 0.133286 -0.023709 -0.027009 -0.050282 0.040652 -0.185961 0.055365 0.102272 0.013491 -0.012633 -0.040958 -0.033297 0.054746 -0.036316 0.001076 0.110973 0.032909 -0.024858 0.068031 0.062746 -0.145207 -0.011273 0.077704 -0.101372 0.018513 0.055902 -0.025379 -0.023171 -0.052372 -0.025412 -0.000134 -0.027771 0.010368 -0.071481 -0.021097 -0.050194 -0.006759 -0.029154 0.033739 -0.022151 -0.002936 -0.176117 -0.102626 -0.005790 -0.068581 0.080329 -0.176612 -0.013919 -0.052732 0.035370 -0.133260 0.038353 -0.023768 -0.007209 0.071471 0.068993 -0.057844 0.013374 0.075839 -0.051432 -0.070015 0.122511 0.067712 -0.071853 -0.021127 -0.152682 -0.041781 -0.028676 0.037904 0.007532 0.000660 -0.014188 -0.077619 0.173881 -0.039682 -0.066973 0.020987 -0.017655 -0.091740 0.053108 0.148233 0.027677 0.083890 -0.118164 -0.019516 -0.109797 0.102016 -0.064971 -0.064179 0.121015 0.129929 0.075412 0.000001 -0.058856 -0.057439 0.043573 0.002637 0.057636 -0.028102
T_2801 -0.032036 0.063520 0.042152 0.081442 0.105672 -0.061333 -0.049608 -0.113464 0.053344 0.064190 -0.065575 0.103924 0.087307 -0.060057 0.062539 0.067201 0.095634 -0.016709 -0.056986 0.002772 0.047842 -0.098784 0.109443 -0.067228 -0.046393 -0.051501 -0.047110 0.070537 0.020296 -0.055476 0.000598 0.015255 -0.006342 -0.009509 0.010997 -0.005075 0.005292 0.028427 -0.021084 -0.093634 -0.007226 0.108580 -0.021817 -0.066930 -0.008742 0.058407 -0.072043 0.004668 0.207664 0.080695 0.068540 0.003913 -0.078367 0.046753 0.173103 0.075643 -0.108966 -0.094318 -0.152955 0.012572 -0.052001 0.014653 -0.091788 0.052349 0.077125 0.114257 0.023534 -0.097903 0.050309 -0.158799 0.065673 0.154895 0.068946 -0.098779 -0.067357 -0.108865 -0.098278 -0.029481 0.025697 0.145136 -0.038943 0.066878 -0.079175 -0.002845 0.052182 -0.083772 0.091807 0.080483 -0.095119 0.043327 -0.064056 -0.057128 0.013441 0.103550 -0.034750 -0.060323 0.004050 -0.039542 -0.222490 0.064729 0.117223 0.002662 -0.005826 -0.079570 -0.071466 0.032162 -0.126310 -0.099040 0.061990 0.004713 -0.042846 -0.030203 0.023622 -0.046414 0.063772 0.072995 -0.174017 0.027771 0.039179 -0.005082 0.038790 0.014235 -0.016110 0.000093 -0.010903 -0.003323 -0.017595 -0.063058 -0.065405 0.036380 -0.052635 0.016421 0.024125 -0.038579 -0.105502 -0.033663 0.066852 -0.129124 0.005765 -0.147504 0.038640 -0.140982 -0.002250 -0.105242 0.030153 0.101016 0.017282 -0.023066 0.048505 -0.068020 -0.074822 0.034484 0.022899 0.003447 -0.003939 -0.029541 -0.019658 0.072958 -0.089979 -0.036911 0.007292 0.002402 0.031401 -0.021727 -0.040017 -0.058326 0.085827 0.007205 -0.091234 0.056172 0.024924 -0.051292 0.001961 0.001565 0.121332 0.043519 -0.093670 -0.057232 -0.083232 0.018841 -0.083722 -0.163225 -0.052215 0.106297 0.024261 -0.083969 -0.051759 -0.070749 -0.012789 0.026829 0.082554 -0.068643
T_2827 -0.089633 -0.035853 0.047446 0.016899 0.065298 -0.032747 0.017728 0.067327 -0.058037 0.005415 -0.060199 0.075356 0.134661 0.012420 0.117773 0.013058 0.039858 0.073938 0.026545 -0.069092 -0.021203 -0.110617 0.028546 -0.000868 -0.026196 0.100279 0.011189 0.042785 0.012052 -0.112014 -0.005103 0.023286 -0.016333 0.093544 0.054494 0.002244 -0.027161 0.087229 -0.050020 -0.022345 -0.127911 0.054235 -0.020263 -0.001978 0.038323 -0.054774 0.049509 -0.015607 0.088879 0.071824 -0.037307 0.034009 -0.048649 -0.016187 0.040078 0.046849 -0.109280 0.020430 -0.055334 0.074300 0.046304 -0.023384 -0.045117 0.065770 0.069763 0.025881 -0.025988 -0.180283 0.065317 -0.084219 -0.004819 0.078684 0.102844 -0.110149 -0.030630 -0.006393 -0.062451 -0.052506 0.025900 0.059668 -0.007520 0.134535 0.084326 -0.008933 0.068245 0.054524 0.017072 0.052647 -0.017419 0.137668 0.012284 -0.066366 0.003093 0.232654 -0.016330 0.002738 0.091918 0.005743 -0.213485 0.061140 0.042766 -0.150605 0.063756 0.047467 -0.008045 -0.084972 -0.083105 -0.026111 0.035116 -0.016809 -0.034379 -0.004275 0.060667 -0.131206 -0.069816 0.056431 -0.025508 0.026819 0.047242 -0.080914 0.037535 0.062895 -0.010576 0.062373 0.077309 0.011670 -0.063403 -0.106697 -0.061403 0.107301 -0.050251 0.002625 -0.010227 -0.088305 -0.151650 -0.101476 0.100929 -0.025794 0.118199 -0.115094 0.032112 -0.050050 -0.077943 -0.030784 0.029383 -0.022787 -0.034241 0.023954 0.021147 0.002357 -0.051951 0.013134 -0.049714 -0.018980 0.162022 0.114851 -0.122653 0.010134 -0.177977 -0.073925 0.096433 -0.067216 0.017003 -0.075328 -0.050442 -0.043945 0.114451 -0.012631 -0.051599 0.040407 0.110488 -0.068906 0.058513 -0.001303 0.034446 0.008801 -0.142696 0.017993 -0.044692 0.141899 -0.020149 -0.130433 0.126109 0.001459 -0.061675 0.050450 -0.104101 -0.010844 -0.049139 0.036679 0.150714 -0.072984
T_2840 -0.069480 0.118103 0.011849 0.070172 0.066480 -0.040627 0.063318 0.036000 -0.112437 -0.015369 -0.149879 0.077458 0.132091 -0.121952 0.111908 -0.086429 0.074051 0.033753 0.001281 -0.021166 -0.040289 -0.064493 0.037212 0.072538 -0.130802 -0.001358 -0.006673 0.103951 -0.029273 -0.152030 -0.010187 0.047967 -0.044544 -0.010907 0.007465 -0.029032 0.083283 0.040323 0.028346 -0.066680 0.046054 -0.024846 0.011764 -0.105199 0.022216 0.003397 -0.000008 -0.071719 0.121997 0.000804 0.002366 0.019866 -0.029491 -0.085293 0.116325 0.042313 -0.072425 0.063968 -0.136336 -0.109080 0.033783 0.098339 0.021652 0.142520 0.032145 0.101324 -0.018074 -0.112914 0.071419 -0.061809 -0.020612 0.117574 0.110627 -0.117363 -0.115956 -0.043078 -0.082133 -0.118469 -0.102172 0.015286 -0.073058 0.038870 0.011670 0.066719 0.090803 -0.038033 0.002600 0.003809 -0.086562 0.087580 -0.039365 -0.081299 -0.026558 0.129693 -0.025206 -0.076754 0.025638 -0.064939 -0.215426 0.018328 0.082352 -0.053990 -0.024182 0.122696 0.006217 0.014177 -0.082764 -0.064461 0.053753 0.035912 -0.073026 -0.077098 -0.111793 -0.027852 -0.016937 0.031689 -0.044861 0.061694 0.033881 -0.039675 0.096724 0.075178 0.024245 -0.029492 -0.042045 -0.099211 -0.002072 -0.075643 -0.009466 0.054860 -0.026845 0.013115 0.038148 -0.025097 -0.073678 -0.133017 0.052178 -0.052393 0.119995 -0.165107 0.023912 -0.105558 0.033256 -0.054969 0.094007 0.019359 0.039909 0.047965 0.101383 -0.068442 -0.115158 -0.038938 0.015527 -0.037314 0.042593 0.079821 -0.069374 0.073664 -0.043108 -0.031104 0.005948 -0.080431 0.014814 -0.029486 -0.050879 -0.015502 0.057396 -0.004469 -0.032390 -0.011669 0.043357 -0.171206 -0.052635 -0.036133 0.065572 0.027193 -0.092203 0.047998 -0.090454 0.055159 -0.126908 -0.089545 0.101367 -0.033331 0.006051 -0.038274 -0.148424 -0.036175 -0.019607 0.016971 0.008026 -0.071262
T_2845 -0.054370 0.007076 0.065434 0.068007 0.096951 -0.133905 0.090096 0.036915 -0.074405 0.045844 -0.096113 0.006023 0.021580 0.002900 0.182122 -0.022384 0.029392 0.061176 0.036085 -0.070960 0.031861 -0.130400 0.000097 -0.080113 0.033516 0.011681 -0.000064 0.009810 0.015996 -0.105372 0.000564 0.028836 -0.066003 -0.002839 0.023240 0.073378 0.001015 0.109548 -0.010367 0.007179 0.004120 -0.004956 0.004989 -0.073249 0.061936 0.025616 0.030412 0.023625 0.084261 0.008920 -0.002631 0.134245 -0.039146 -0.068898 0.158937 0.049278 -0.017792 0.045892 -0.074963 -0.023614 -0.025230 -0.025827 -0.091696 0.054116 0.016663 0.116979 -0.063483 -0.151846 0.075622 -0.055692 0.097313 0.160139 0.029779 -0.123829 -0.148199 -0.043435 -0.090678 0.057602 0.027800 0.097194 0.070368 0.039405 -0.017627 -0.006455 0.073064 -0.076081 0.047334 -0.033405 -0.036123 0.118270 0.037723 -0.083205 0.014881 0.138512 0.053769 -0.087467 0.061909 -0.054669 -0.225885 0.198058 0.029086 -0.056458 0.069251 -0.029362 -0.054943 -0.025566 -0.054678 -0.092156 0.056277 -0.015377 -0.135137 -0.050653 0.022565 -0.122744 0.002553 0.032971 -0.127314 0.098240 0.021493 -0.024552 0.119708 0.014061 -0.061074 -0.009770 0.000847 0.036787 -0.077573 -0.103562 -0.068014 -0.008537 0.040914 0.090337 0.003750 -0.039217 -0.122832 -0.104588 0.097675 0.006457 0.017007 -0.073210 0.020537 0.039646 -0.029955 -0.148578 0.023326 0.089689 -0.060850 -0.053961 -0.052673 -0.047433 -0.103790 0.002438 -0.010595 -0.003218 0.091900 0.080598 -0.014866 0.003496 -0.194361 0.064484 0.031532 -0.103140 0.012795 0.030581 -0.078462 -0.007848 0.093160 0.044675 -0.063878 -0.058260 0.074417 -0.006644 0.013801 0.115750 0.047143 0.035530 -0.064448 0.011134 -0.003869 0.034462 -0.008740 -0.099642 0.043144 0.057503 -0.001440 -0.044951 -0.107648 -0.062268 0.027500 0.030909 0.078589 -0.112949
T_2864 -0.066929 -0.004871 0.004634 0.029361 0.000986 0.017043 -0.025758 0.051908 -0.162365 0.034141 0.045504 0.096531 -0.008413 -0.022600 0.216202 -0.032149 0.167101 0.060123 0.113614 -0.015070 -0.052823 -0.050286 0.013751 -0.017455 0.074733 0.044351 0.103813 0.069258 0.163377 -0.148780 0.095497 0.142302 0.027645 -0.070557 -0.015262 0.054859 -0.122237 -0.059979 0.078332 -0.083984 -0.077427 -0.049636 0.089770 -0.056751 0.038518 -0.025512 -0.046251 -0.077461 0.042356 0.108862 -0.058273 0.026649 0.135249 -0.037902 0.144303 0.052176 -0.086443 -0.002173 -0.122759 -0.103246 -0.026673 -0.056539 -0.115462 0.051029 0.116215 -0.027552 0.007053 -0.123831 -0.026530 -0.104758 0.012432 0.023212 0.062881 -0.143706 -0.021445 0.057868 -0.057542 -0.119424 0.026040 0.045610 -0.019575 0.038150 0.033626 0.012534 0.092406 -0.066367 0.046920 -0.012924 -0.062061 0.096106 0.031083 -0.042023 -0.003980 0.007539 -0.013438 0.117715 0.103463 0.049867 -0.111814 0.073477 -0.105405 0.094570 0.019594 0.129273 0.071573 -0.093738 -0.030297 0.012437 -0.094974 0.024165 -0.061741 -0.051918 0.091036 -0.063236 0.038153 0.013882 -0.065582 0.012543 0.153821 -0.019906 0.006898 0.037439 -0.002042 0.026976 0.065725 0.005590 0.102719 0.004442 -0.024418 0.018584 0.016111 -0.023347 -0.100468 0.061620 -0.083462 -0.004939 0.031259 0.078923 -0.014013 -0.079900 0.033296 -0.017967 0.089697 -0.054688 0.071742 -0.025436 0.050619 0.079848 0.050493 0.090463 0.072284 -0.118093 -0.026357 -0.107412 0.043744 0.046207 -0.144487 0.008856 -0.076307 -0.027096 0.027836 -0.017294 0.016068 -0.100960 -0.023276 -0.019430 0.054609 -0.096287 -0.017308 0.071262 0.017169 0.018377 0.068932 -0.058956 0.040146 -0.037397 -0.012151 0.001576 0.043191 0.214190 -0.078565 -0.066549 0.026965 -0.027067 -0.020609 -0.099017 0.050051 -0.039196 -0.050150 -0.076918 0.039425 -0.074774
T_2865 0.025924 -0.051867 -0.010440 0.022933 -0.037227 -0.007869 -0.092137 0.025463 -0.142807 0.052651 0.063330 0.129100 0.020681 0.017877 0.054593 0.019380 0.093274 -0.025095 0.001849 -0.046964 0.064788 -0.021627 -0.052164 -0.028005 -0.029130 0.084492 0.065408 0.154973 0.105685 -0.106428 0.027535 0.073722 0.040960 -0.018644 -0.056259 -0.045096 0.071576 0.025831 -0.036823 -0.068106 -0.065781 0.090759 0.007823 -0.077925 0.015880 -0.047000 -0.047773 -0.055564 0.050125 0.009257 0.021850 0.024333 0.030652 -0.060854 0.065051 0.092140 0.007187 -0.056652 -0.101443 0.052031 -0.034038 0.042963 -0.150223 -0.035693 0.060422 -0.008372 0.016211 -0.109445 -0.018217 -0.038819 0.091090 0.063782 0.160602 -0.017961 -0.022377 -0.002520 -0.123722 -0.038904 0.091883 0.013004 -0.021280 0.229614 0.069818 -0.063227 -0.080470 -0.049672 0.024877 0.010593 -0.149304 0.022526 -0.038244 -0.106721 -0.031028 0.122029 -0.155912 0.121425 0.092790 0.043482 -0.179146 0.086823 -0.120887 -0.005093 0.043071 0.087754 -0.020634 0.045261 -0.083169 -0.035227 -0.092274 0.061990 0.024796 0.034192 0.000461 -0.089690 -0.053325 0.149968 0.023189 0.096086 0.085343 -0.017069 -0.066538 0.054179 0.001626 -0.045309 0.068081 -0.050141 0.064544 -0.078441 0.046788 0.067670 -0.005751 0.019715 -0.081645 -0.101200 -0.105687 -0.009421 0.125010 -0.064198 0.057123 -0.061796 -0.079748 -0.051982 0.066367 -0.149173 0.100948 0.047591 -0.002482 0.063805 -0.026468 0.125541 0.013219 -0.034385 -0.041253 -0.011405 0.009450 0.120734 -0.109559 -0.029902 -0.069261 -0.013489 -0.007061 0.100864 -0.015747 -0.068632 -0.024434 -0.053103 0.001027 -0.067046 -0.084067 0.037625 -0.045925 0.019466 0.058642 -0.076509 0.061480 -0.066609 -0.027632 -0.096447 -0.016177 0.058875 -0.110069 -0.086361 0.044442 -0.038773 -0.020836 -0.044728 -0.033771 -0.036577 -0.134053 -0.177211 0.105022 -0.039206
T_2879 -0.081467 -0.007797 -0.035455 0.010473 0.012674 -0.046714 0.032093 -0.003566 -0.123058 -0.076613 -0.128947 0.087421 0.108907 -0.034672 0.097946 -0.110605 0.152241 -0.002820 -0.007370 0.000945 0.021192 -0.121260 0.060697 0.035447 -0.016546 0.004449 0.005084 0.083934 0.040070 -0.045899 -0.030360 0.062966 0.001468 0.058951 0.016953 -0.002782 0.112501 0.041881 -0.018189 0.017207 0.007428 0.065874 0.101715 -0.039440 0.050053 -0.130409 -0.089434 0.029266 0.146589 0.057732 -0.077033 0.074176 -0.063906 -0.088628 0.104428 0.018284 -0.063034 0.025332 -0.115068 -0.036865 -0.027887 0.027786 -0.002029 0.112929 0.101277 0.133515 0.005619 -0.075979 0.023100 -0.074624 0.064840 0.059576 0.045827 -0.142789 -0.071996 0.010433 -0.044781 -0.066567 -0.126517 0.042692 0.013704 0.115181 -0.026890 -0.009192 0.132153 -0.082612 -0.063640 -0.008533 -0.046825 0.139033 -0.028302 -0.101666 -0.026469 0.138585 0.007278 -0.020858 0.059656 -0.021105 -0.241501 0.205312 0.030712 -0.116886 -0.000737 0.008441 -0.032354 -0.006979 -0.118497 -0.064285 0.074654 0.026267 -0.094197 -0.060104 -0.055949 -0.133401 0.070903 -0.012210 -0.046509 0.074545 0.001239 0.041409 0.068557 0.105480 0.014812 0.002949 -0.020734 -0.019487 0.062143 -0.035318 -0.099600 0.004751 -0.039383 -0.002421 0.020262 -0.089019 -0.056124 -0.077028 0.136261 0.042695 0.078316 -0.152668 -0.042929 -0.077622 0.001294 -0.067791 0.073706 0.046340 -0.019090 0.063267 0.137617 -0.064106 -0.040672 -0.025795 0.010740 -0.048710 -0.021502 0.006219 -0.034632 0.031400 -0.090785 -0.006394 0.026871 -0.046955 0.078888 -0.046072 -0.095487 0.061064 0.028641 -0.043968 0.028112 -0.038138 0.062473 -0.042492 0.027865 0.008259 0.119650 0.005011 -0.032603 0.038647 -0.009575 0.077709 -0.100734 -0.142110 0.019230 0.011122 -0.031614 -0.093405 -0.112649 -0.094056 -0.009969 -0.031481 0.044330 -0.128869
T_2890 -0.060145 0.009219 0.025749 -0.034909 0.002334 -0.049374 0.054549 0.090250 -0.123651 -0.023798 -0.062638 0.099864 0.106894 -0.044970 0.107208 -0.048984 0.097117 0.053900 0.002109 -0.080050 -0.014287 -0.105644 0.005789 0.006392 -0.024537 0.091112 0.056302 0.097816 0.029974 -0.157250 -0.002225 0.108523 -0.002248 0.023704 0.044048 -0.003539 0.082100 0.019746 -0.041927 -0.056988 -0.064151 0.052817 0.004377 -0.034880 0.020641 -0.074037 -0.040876 -0.002718 0.125523 0.037546 -0.050041 0.033766 -0.036076 -0.062134 0.128509 0.039116 -0.089507 -0.020710 -0.138080 0.015265 0.061396 -0.064366 -0.111824 0.071203 0.028470 0.109020 -0.045957 -0.127112 0.044047 -0.149479 0.034751 0.124298 0.054878 -0.164690 -0.059053 -0.002482 -0.043870 -0.028613 -0.047240 0.043971 -0.027638 0.111397 0.026708 -0.069249 0.122877 -0.028273 0.019666 0.023219 -0.098136 0.149773 -0.014467 -0.062565 -0.002311 0.205029 -0.008983 0.032783 0.115390 0.025643 -0.227483 0.136794 -0.009363 -0.086415 0.005827 0.027157 -0.082957 -0.041178 -0.079868 -0.014213 -0.017856 0.028820 -0.114594 -0.014229 0.030464 -0.114618 -0.017347 0.049076 -0.040060 0.084826 0.036753 -0.042827 0.113437 0.093074 -0.046964 -0.031108 0.063325 -0.015592 0.041190 -0.088954 -0.060028 0.067371 0.005166 -0.014300 -0.051580 -0.092921 -0.125735 -0.124677 0.113535 -0.039169 0.040948 -0.124458 -0.013743 -0.058880 -0.035603 -0.099449 0.073006 0.011156 -0.022766 0.010130 0.031463 0.019621 -0.085402 -0.007619 -0.022534 -0.039424 0.095150 0.042990 -0.116682 0.025064 -0.142240 -0.028667 0.070594 -0.045848 0.025864 -0.011770 -0.050239 -0.011418 0.034729 -0.063801 0.003298 0.005072 0.125022 -0.051110 0.008891 -0.066768 0.036834 -0.036207 -0.058592 -0.022387 -0.013577 0.098578 -0.138757 -0.158033 0.034951 -0.002568 -0.036679 -0.019708 -0.081743 -0.028296 0.012099 -0.074409 0.054552 -0.104251
T_2896 -0.065178 0.098955 0.068326 0.091981 0.036228 -0.104523 0.062118 -0.099577 0.077300 0.091213 -0.099501 0.112691 0.120180 0.029210 0.079789 -0.010486 0.084730 -0.026749 -0.036757 -0.052073 -0.034996 -0.068413 0.121361 -0.009096 0.038087 0.038287 -0.044360 0.086029 0.071019 -0.056218 0.017237 0.021339 -0.034989 0.003716 0.118397 0.004824 -0.040428 0.043135 0.125377 -0.018379 -0.089204 0.020649 -0.034341 -0.050288 0.022845 -0.021147 0.022491 0.017552 0.150411 0.128178 -0.031748 0.032941 -0.159130 -0.030318 0.114242 0.023159 -0.020573 0.026760 -0.055257 0.082273 -0.017770 0.056531 -0.004398 0.054807 -0.026562 0.054631 0.012577 -0.118250 0.097599 -0.146859 0.091064 0.120632 0.067770 -0.099928 -0.012186 -0.070528 -0.020488 -0.064437 -0.006114 0.105815 -0.017583 0.020790 0.046862 -0.020802 0.076521 -0.026877 0.026878 0.054446 -0.160956 0.102646 -0.011971 -0.075132 0.050730 0.195389 -0.029199 -0.051974 -0.025911 -0.033754 -0.130968 0.055257 0.029971 -0.087933 0.066853 -0.017918 0.036271 -0.063953 0.001067 -0.025849 0.041639 0.072620 -0.024278 -0.026731 0.135137 -0.160823 -0.012456 -0.036436 -0.077003 0.057261 0.013247 0.023815 0.081666 0.001844 -0.053630 0.069484 0.000194 -0.028219 -0.094109 -0.018421 -0.021100 0.024418 -0.060848 0.005479 -0.014891 0.064764 -0.155400 -0.065182 0.056781 -0.156011 0.108902 -0.098762 -0.019550 -0.037281 -0.059808 -0.086849 0.046487 0.033834 0.003970 0.079028 0.018462 -0.047209 -0.051205 -0.017930 -0.089181 -0.057654 0.032375 0.069348 -0.058410 0.070957 -0.182748 -0.040469 0.125722 -0.077724 0.049989 -0.092209 -0.090189 -0.059183 0.193607 0.042518 -0.050086 0.020256 0.077472 -0.113631 -0.030790 -0.054228 -0.011605 -0.006863 -0.080258 -0.037053 -0.060047 0.052412 0.040021 -0.063616 0.110918 0.051916 0.004346 0.022658 -0.023618 -0.016785 -0.086615 0.009871 0.130988 -0.062317
T_2905 -0.018632 0.075349 0.070545 0.003550 -0.032428 -0.067870 0.088768 0.029443 -0.089457 -0.066571 -0.067428 0.078604 0.123541 -0.075550 0.095813 -0.014246 0.043099 0.051672 -0.011105 0.003898 0.050714 -0.063185 0.026859 0.061401 -0.097347 0.033005 -0.004194 0.081680 0.024154 -0.160959 -0.002918 0.132523 -0.029544 -0.033312 -0.020353 -0.010152 0.065055 -0.063579 0.033580 -0.122536 0.002411 -0.059508 -0.009763 -0.128641 -0.036451 0.046098 -0.003259 0.027289 0.127255 0.116210 0.016282 0.044941 -0.041762 -0.040493 0.031382 0.083263 -0.104552 -0.005580 -0.090561 0.008155 0.096060 -0.076454 -0.092713 0.032838 -0.010663 0.089398 0.058600 -0.101644 0.044810 -0.051385 -0.040052 0.154418 0.036294 -0.151566 0.000020 -0.079395 -0.084510 -0.029735 -0.073852 0.029577 -0.006781 0.038951 0.075066 -0.006993 0.051711 -0.015126 0.097664 -0.034853 -0.093912 0.117693 -0.005682 -0.147330 0.091531 0.173588 -0.028683 -0.045598 0.054943 -0.035929 -0.208627 0.122791 0.085187 -0.042340 0.032837 0.046630 -0.104471 -0.048843 -0.027026 0.033537 0.001867 -0.003978 -0.075970 -0.041370 0.045954 -0.029755 -0.000286 0.061456 -0.100309 0.118459 0.091767 -0.043888 0.059810 0.021774 0.015230 -0.036241 0.032859 0.015764 -0.061788 -0.059295 -0.048371 0.034470 -0.035886 -0.008187 -0.065176 -0.017757 -0.144095 -0.198568 0.116815 -0.083055 0.094172 -0.089617 -0.001528 -0.106119 0.039459 -0.075384 0.126693 0.084145 -0.028636 0.081090 0.072452 0.027563 -0.045094 -0.073206 -0.072261 0.025397 0.112695 0.030123 -0.074003 0.027323 -0.130587 -0.040775 0.010315 0.067460 -0.035390 -0.079736 0.026888 0.070751 0.031214 -0.023916 -0.067582 -0.006162 0.052393 -0.049572 -0.032660 -0.040249 0.100154 0.023684 -0.116497 -0.038475 -0.056793 0.116902 -0.140039 -0.047108 -0.013064 -0.048695 0.000847 -0.015605 -0.145621 -0.007964 0.030502 -0.028614 0.058698 -0.094258
T_2955 -0.024212 -0.024398 0.083393 -0.074112 0.055036 0.043902 -0.090670 0.054832 -0.111734 -0.020771 0.024127 0.181143 0.162079 -0.041953 0.063769 -0.036916 0.038590 0.002371 0.036662 -0.050031 -0.031884 -0.008977 -0.110119 0.037770 0.102601 0.062802 0.039998 0.055403 0.098532 -0.155234 0.066330 0.035305 -0.069468 0.054689 0.016465 -0.002451 -0.091872 -0.088690 0.075310 -0.103832 -0.002360 -0.010269 -0.026778 -0.096060 0.044593 -0.042430 -0.100630 0.008819 0.092552 0.042916 -0.005684 -0.024076 0.029325 -0.079900 0.078152 -0.001828 -0.073377 -0.028789 -0.080382 0.010958 -0.031734 -0.014852 -0.132649 -0.028504 0.037262 -0.013604 -0.057174 -0.104224 -0.043415 -0.127925 0.001994 0.066252 0.090327 -0.073851 -0.045816 0.069956 -0.073927 -0.073661 -0.051851 0.011361 0.034314 0.014495 -0.001094 -0.047190 0.036648 -0.021363 -0.002417 -0.004326 -0.134919 -0.016774 -0.096795 -0.078953 -0.075758 0.047744 -0.063128 0.031233 0.081230 0.011630 -0.083494 0.137584 -0.173401 0.133334 0.063244 0.091541 0.072177 -0.036954 -0.139607 -0.052429 -0.076253 0.057401 -0.011134 -0.063562 0.117153 0.036463 -0.072612 0.049806 -0.011832 0.076387 0.153904 -0.121961 -0.000618 0.035788 -0.136509 0.035490 -0.010138 0.014796 0.091320 -0.018515 0.066509 0.055091 -0.004336 -0.044875 -0.022905 -0.026565 -0.186623 -0.049607 0.105535 0.019590 -0.036294 -0.104807 -0.006112 -0.039087 0.008183 -0.024983 0.140208 -0.038359 -0.019050 0.025695 -0.007078 0.087277 0.024674 -0.031813 0.082590 -0.007353 0.139616 0.076115 -0.101804 0.057693 -0.021817 -0.028227 0.046623 0.049664 -0.059989 -0.128349 -0.091094 0.013231 0.049422 -0.066866 -0.084492 0.076208 0.102009 0.042798 -0.007135 -0.169095 -0.057906 -0.028511 -0.015191 -0.031581 -0.014688 0.137414 -0.017835 -0.053342 0.053466 -0.056435 -0.027667 -0.023047 0.039920 -0.096491 -0.038637 -0.154541 0.086729 -0.084291
T_2984 0.005551 0.121439 0.149978 0.093052 0.000818 -0.064725 0.109546 -0.008355 0.134689 0.019758 0.044273 0.068290 0.063118 0.060188 0.085723 0.040882 0.093144 -0.004609 0.073526 -0.056911 0.002656 -0.122871 0.209888 -0.059497 0.059408 -0.073340 -0.020233 0.014698 0.130393 -0.135028 -0.070838 -0.013112 -0.013072 -0.020281 -0.001503 -0.027733 0.018631 -0.009170 -0.007818 -0.059725 -0.074624 0.062157 -0.020876 -0.061770 0.057490 0.021164 -0.028456 0.060558 0.137393 0.104209 -0.000334 -0.025451 -0.134356 0.045984 0.128772 0.014946 -0.027914 -0.057755 -0.105882 0.061050 0.030917 0.021381 -0.122066 0.057114 0.084965 0.195572 -0.040934 -0.116309 0.066744 -0.011023 -0.013518 0.111563 0.092680 -0.116528 -0.021996 -0.151179 -0.102037 -0.028079 -0.003863 0.005458 0.073785 0.127716 0.036577 0.003050 0.046529 0.013272 0.007330 0.082278 -0.143481 0.012877 -0.016867 -0.060419 -0.019149 0.101957 0.027446 -0.015607 0.025029 -0.076961 -0.201596 0.063569 0.117456 -0.068996 0.068315 -0.051542 -0.061405 -0.012932 -0.050267 -0.042209 0.013482 0.106671 -0.047235 -0.074624 0.064006 -0.097253 0.017472 -0.019194 -0.113031 0.087206 -0.060970 -0.061840 0.088962 -0.020094 -0.098822 -0.016755 0.073523 0.005321 -0.096116 -0.018916 -0.062905 0.082558 -0.065811 0.049773 -0.036121 0.004422 -0.137932 -0.131421 0.066496 -0.063382 0.047088 -0.072694 -0.045117 0.001654 -0.061074 -0.174626 0.042541 0.005006 0.039284 0.055673 -0.001108 -0.044400 0.023467 0.003800 -0.011943 -0.011830 0.037692 -0.019705 0.020020 -0.000139 -0.143963 -0.012697 0.089633 -0.001090 0.076925 -0.046001 -0.056033 0.042685 0.083998 0.039431 -0.061497 -0.028161 0.083821 -0.003390 0.044670 -0.055359 0.065752 0.008248 -0.066088 -0.091884 -0.105162 0.094537 -0.002591 0.014049 -0.002007 -0.008744 0.030559 -0.008341 -0.030630 -0.033537 0.056918 0.043655 0.098031 -0.087733
T_2990 -0.026043 0.051160 0.024687 0.000358 0.082166 0.017011 0.022038 0.078912 -0.098668 0.028811 -0.030538 0.103218 0.049895 -0.005697 0.018834 -0.091318 0.121071 0.026884 0.019306 -0.034625 0.108836 -0.092087 -0.045505 0.010462 -0.080952 -0.019536 0.005699 0.048052 0.069483 -0.112213 0.039203 0.134003 0.009049 -0.062041 -0.039784 -0.082540 -0.049008 -0.082097 0.069566 -0.078208 -0.043741 -0.027828 -0.037944 -0.140147 -0.036720 -0.038173 0.069227 -0.089940 0.135079 0.132993 -0.064354 -0.017313 -0.020058 -0.012776 0.073792 0.010375 -0.144929 -0.056103 -0.011898 0.003267 0.041407 -0.009325 -0.077994 0.089108 0.092489 0.018289 0.062487 -0.124788 -0.051943 -0.092480 0.064489 0.100897 0.044251 -0.115440 0.079535 -0.025468 -0.131337 -0.025571 0.068552 0.080741 -0.040623 0.046996 0.060171 0.004177 0.107867 -0.032437 0.145064 -0.035620 -0.096660 0.026523 -0.036448 -0.089127 0.040278 0.100683 -0.045394 0.071140 0.017390 -0.006588 -0.108985 0.100495 -0.035725 0.006267 0.038863 0.161594 -0.036184 -0.004120 -0.021929 -0.002134 -0.042674 0.022446 -0.035489 -0.046430 0.065440 0.033360 0.045995 0.040914 0.042606 0.086290 0.146021 0.018079 -0.053460 -0.025582 0.014701 0.021672 0.122651 -0.009966 0.005685 -0.090175 -0.027033 0.043391 -0.125774 -0.005017 -0.020612 -0.111095 -0.083007 -0.174202 0.084706 -0.034499 0.035134 -0.048009 -0.019334 -0.082890 0.078767 -0.120150 0.089995 0.024928 0.015601 0.019741 -0.002424 0.013683 -0.024019 -0.095595 -0.072158 -0.021055 0.045366 -0.003381 -0.121402 -0.027613 -0.083825 -0.080135 0.008514 0.069302 0.025286 -0.042296 0.082076 -0.043807 -0.096877 -0.048489 0.076613 0.065322 0.090775 0.024795 0.036811 -0.021430 0.006751 -0.047020 0.048325 -0.040792 0.042343 0.079195 -0.244975 -0.075841 0.041643 -0.137935 0.031503 -0.087151 -0.027776 -0.161467 -0.048403 -0.127373 0.149692 -0.049458
T_3002 -0.017282 -0.026633 -0.052112 -0.053345 0.044420 0.046316 0.001517 0.031292 -0.065194 0.056483 -0.083896 0.050614 0.162559 -0.050781 -0.030129 -0.026830 -0.014304 0.036854 -0.041472 -0.073253 0.070514 -0.093824 -0.070380 -0.018331 -0.073197 0.006230 0.022252 0.148599 0.061285 -0.101998 -0.141371 0.084443 -0.024325 -0.049360 0.057288 -0.042041 0.045129 -0.051786 0.020868 -0.089566 -0.040152 0.023751 -0.047533 -0.108983 -0.049800 -0.035955 0.014868 -0.024111 0.087636 0.109315 0.075219 0.032706 0.089594 -0.050126 0.044138 0.001941 -0.071050 -0.045957 -0.102873 0.035522 0.042584 0.028458 -0.069890 0.066088 0.087847 0.039679 0.066810 -0.108819 0.029476 -0.104424 0.029049 0.105858 0.128206 -0.063019 0.031239 -0.045170 0.015662 -0.021235 -0.012340 0.118858 -0.025654 0.073826 0.110634 -0.059656 0.094996 0.005907 0.042358 -0.020201 -0.092420 0.056273 -0.016808 -0.066824 0.003395 0.247797 0.005022 -0.018151 0.080342 -0.033342 -0.172343 0.014386 -0.012446 -0.076965 -0.045343 0.032550 -0.052664 -0.028580 -0.077941 -0.005286 0.020711 -0.039553 0.029950 0.003546 -0.023337 -0.092828 0.105945 0.128389 -0.029948 0.001035 0.146056 -0.019721 0.037406 -0.028573 0.010181 -0.001855 0.079417 -0.032070 0.032564 -0.140507 -0.069218 0.081747 -0.036543 -0.063422 0.042824 -0.088639 -0.126790 -0.164835 0.030059 -0.133156 0.115376 -0.053922 0.045831 -0.108152 0.073701 -0.123472 -0.018488 0.005263 -0.052343 0.034637 0.101624 0.058018 -0.098654 -0.069955 -0.122331 0.004802 0.088258 -0.026498 -0.128468 0.004729 -0.124766 -0.092400 -0.010313 0.007072 -0.018207 -0.086309 -0.018330 0.057514 0.014601 -0.033242 0.067887 0.075503 0.095452 -0.084004 -0.003580 -0.000572 0.034258 0.017831 -0.028668 -0.057341 -0.045718 0.087445 -0.179824 -0.123903 0.046377 -0.089799 -0.013662 -0.025662 -0.063063 0.040200 0.058645 -0.104731 0.117221 0.018489
T_3027 -0.079444 -0.011749 0.032133 0.025392 0.024139 -0.057872 -0.048621 0.012703 -0.094669 -0.027470 -0.061827 0.069428 0.045724 -0.048642 0.118759 -0.015596 0.076148 0.048011 -0.014374 -0.035026 0.013888 -0.091746 0.027060 0.019046 -0.158447 -0.001645 -0.008068 0.121536 0.002180 -0.225220 0.064744 0.077268 -0.015716 -0.001497 -0.015865 0.003094 0.040203 0.056793 0.000559 -0.091271 -0.062396 0.020117 -0.021030 -0.051911 0.034736 0.041717 -0.065229 -0.007893 0.087121 0.078980 -0.051963 0.016801 -0.075045 0.023819 0.130537 0.043281 -0.083114 -0.071540 -0.177554 -0.016707 -0.015277 -0.006513 -0.020252 0.028032 0.083140 0.095925 0.012947 -0.080660 0.013763 -0.087236 0.038448 0.076084 0.046468 -0.144147 -0.153766 -0.012339 -0.087791 -0.098618 -0.046955 0.034844 -0.009375 0.115405 -0.049211 0.097242 0.078313 0.005846 -0.045068 0.051901 -0.082330 0.101137 0.011999 -0.089952 0.045388 0.107923 0.005850 -0.062698 0.027512 -0.044468 -0.262359 0.123753 0.004826 -0.058500 0.041084 0.085475 -0.052511 -0.047796 -0.106764 -0.014068 0.059793 -0.002548 -0.039991 -0.004223 -0.077708 -0.068910 0.010841 0.041372 -0.107392 0.066127 0.113103 -0.042507 0.046139 0.139911 0.046929 0.034238 0.022356 -0.067340 -0.068126 -0.054071 -0.081125 0.088193 -0.045461 -0.013021 -0.011188 0.013679 -0.108586 -0.077161 0.133823 -0.028637 0.019748 -0.132644 0.109488 -0.114463 0.013012 -0.039193 0.094359 0.073835 -0.023387 0.046117 0.091409 0.008034 -0.065179 0.036114 -0.053672 -0.014252 0.030478 0.065621 0.006884 -0.003478 -0.075534 -0.082001 0.093698 0.008446 0.049329 -0.037213 -0.056650 -0.001220 0.093139 -0.010983 -0.052444 -0.033022 0.004864 -0.133559 0.013927 0.069910 0.163196 0.059698 -0.090997 -0.015206 -0.062162 0.072041 -0.042093 -0.170708 0.068416 0.018966 0.014239 -0.047331 -0.065322 -0.075590 -0.023078 0.082538 0.017719 -0.144406
T_3091 0.022649 -0.044887 -0.012053 0.029741 0.030359 0.034144 -0.141063 0.037612 -0.085606 0.017901 0.059778 0.054544 -0.031379 0.032379 0.073912 0.010462 0.130154 -0.049325 0.042389 0.072312 -0.025520 -0.052018 0.032941 -0.021903 -0.045235 0.092319 0.096104 0.113049 0.132117 -0.156749 -0.045158 0.051200 -0.060543 -0.074246 -0.098453 -0.016129 0.072591 -0.006400 -0.002461 -0.086664 -0.071922 0.019483 0.013207 -0.094389 0.048740 -0.112413 -0.021011 -0.059520 0.032137 0.106392 0.011672 0.020167 0.150842 -0.119407 0.068764 0.144866 -0.058379 -0.039266 -0.083979 0.079810 0.004605 -0.032571 -0.156259 0.052618 0.130166 0.010349 0.043686 -0.063615 0.044191 -0.119987 0.077202 0.032580 0.134000 -0.043598 -0.011892 -0.023093 -0.127980 -0.094709 0.018260 0.007361 -0.039746 0.152062 0.041757 -0.032002 0.000294 -0.001951 0.060775 -0.007870 -0.086345 0.044300 -0.096545 -0.102001 -0.003420 0.056781 -0.106744 0.087975 0.082730 -0.030581 -0.179909 0.086597 -0.024430 0.030046 -0.011673 0.119827 -0.022687 0.130459 -0.037002 -0.016208 -0.058157 0.045119 -0.003098 -0.031934 0.029845 -0.018998 0.045320 0.104873 -0.000259 0.014894 0.126635 -0.043158 -0.064115 0.028506 -0.008841 0.020366 0.007301 -0.076609 0.048547 -0.008923 -0.032643 0.060518 -0.069358 0.038415 -0.058007 -0.046230 -0.053200 -0.078229 0.061957 -0.035238 -0.047075 -0.077624 -0.020874 -0.022773 0.054453 -0.165562 0.042478 0.087640 0.075937 0.047863 -0.020944 0.109895 0.033781 -0.042619 -0.063784 -0.016426 0.065815 0.041212 -0.137848 0.039627 -0.091515 -0.011796 0.042454 0.032269 0.010561 -0.095967 0.036040 -0.041554 0.019867 -0.120508 -0.050346 0.154354 0.033181 0.046285 0.094226 -0.080381 0.061390 -0.083199 -0.019557 -0.062093 -0.003183 0.158797 -0.106150 -0.099067 0.032219 -0.091167 -0.000194 -0.077274 0.079232 -0.067570 0.011587 -0.173747 0.076456 -0.027329
T_3093 -0.095233 -0.029368 0.025242 0.057618 0.026199 -0.048506 0.084762 0.046759 -0.125136 -0.097641 -0.179495 0.079996 0.077240 0.071431 0.198937 -0.059434 0.112536 0.025363 0.021164 0.007812 -0.069108 -0.137175 0.039668 0.115798 -0.047105 0.097873 -0.005549 0.018774 0.010967 -0.123690 0.001646 0.022506 0.010305 0.005442 0.048221 -0.013730 -0.035497 0.034529 0.049417 0.002865 -0.001556 0.008731 0.030424 -0.060820 0.076238 -0.011202 0.015952 0.009659 0.063885 0.004114 -0.022934 0.103189 -0.015716 -0.025070 0.094895 0.092191 -0.042775 0.108313 -0.137205 -0.053937 -0.048680 0.016118 -0.029988 0.076690 0.122924 0.092497 -0.008132 -0.025020 0.053122 -0.071197 0.028602 0.072248 -0.000355 -0.159761 -0.130616 -0.027467 -0.019751 -0.091844 -0.113480 0.079115 -0.059814 0.037886 -0.010099 0.000023 0.124798 -0.082570 0.036440 -0.062497 -0.122835 0.134142 0.041023 -0.028789 0.001364 0.161818 -0.064438 -0.078657 0.060157 -0.056403 -0.233195 0.029342 0.050249 -0.024153 0.061662 0.071646 0.034576 0.024077 -0.062989 -0.098165 0.027815 -0.043633 -0.029673 -0.030452 -0.056350 -0.166638 -0.025915 -0.010491 -0.019051 0.023137 0.001254 0.027773 0.122198 0.065515 -0.009246 0.006340 0.030413 -0.056929 -0.079604 -0.031091 -0.080837 -0.008055 0.017447 0.047380 -0.006730 -0.035864 -0.132995 -0.093496 0.106123 0.004665 0.070220 -0.118175 0.051082 -0.038517 0.086629 -0.034391 0.083013 0.073030 -0.114460 0.080453 0.066072 -0.158493 -0.063561 -0.055251 -0.033622 -0.013195 0.052748 0.052586 -0.079272 0.017996 -0.128810 0.015828 0.039287 -0.072003 0.067166 -0.059477 -0.059903 -0.006503 0.083119 -0.059920 -0.072566 -0.040069 0.061659 -0.053007 -0.002042 -0.016196 0.108030 0.046750 -0.097304 0.039793 0.044534 0.072225 -0.079576 -0.117875 0.119254 -0.029964 0.024446 -0.009426 -0.078231 -0.051513 -0.009492 0.027429 0.073592 -0.036355
T_3106 -0.031235 -0.001939 0.059616 -0.005272 0.025667 -0.077141 0.026779 0.036055 0.016344 -0.044360 -0.100686 0.085338 0.191590 0.041497 0.050296 -0.001246 0.042105 0.038998 0.008764 -0.068215 -0.040061 -0.093479 0.059710 -0.004117 0.021313 0.063687 -0.011710 0.008626 0.031766 -0.068148 -0.047670 0.035868 -0.039340 0.015817 0.085253 -0.002989 -0.033113 0.103346 -0.039421 -0.085601 -0.074962 0.005883 0.042313 -0.048470 0.053585 -0.023381 0.024531 0.005011 0.146180 0.058492 0.016605 0.081255 -0.042259 -0.054735 0.057641 0.009425 -0.139313 0.002810 -0.064053 0.103691 0.071010 -0.052776 -0.078933 0.049221 0.004100 0.076348 0.044440 -0.144465 0.083359 -0.105755 0.027249 0.069585 0.080947 -0.102615 -0.040343 -0.033652 -0.025218 -0.078412 -0.072534 0.095738 -0.024447 0.093930 0.110842 -0.055534 0.106012 0.015805 -0.003129 0.099797 -0.084281 0.105154 0.027801 -0.098703 -0.014825 0.276822 -0.005226 -0.068154 0.086948 -0.012362 -0.212914 0.091420 0.011318 -0.139166 0.022551 -0.006733 0.021456 -0.052258 -0.083014 -0.095188 0.037000 0.017946 -0.060248 -0.012602 0.053585 -0.099865 -0.044304 0.042380 -0.039875 -0.008211 0.045999 -0.035136 0.076529 0.036274 -0.037611 0.019019 0.078647 -0.048082 -0.070234 -0.142873 -0.064493 0.098144 -0.036928 -0.004110 0.008374 -0.097500 -0.134245 -0.129842 0.096417 -0.047009 0.090546 -0.112598 0.005776 -0.064954 -0.059150 -0.054923 0.040570 0.027265 -0.010531 0.042125 0.035746 -0.003364 -0.072048 -0.048298 -0.017081 -0.030292 0.103471 0.104364 -0.135303 0.008903 -0.137865 -0.039895 0.057859 -0.074202 0.024498 -0.091153 -0.105233 -0.013653 0.044010 -0.038957 0.007427 0.051977 0.139344 0.002649 0.005085 -0.066958 0.060805 0.006369 -0.092993 0.069557 -0.021234 0.096231 -0.057210 -0.163433 0.091272 0.032192 -0.054978 0.045633 -0.104869 0.020992 -0.021500 -0.005621 0.124847 -0.002938
T_3128 0.022306 -0.042904 0.021181 0.030783 -0.018522 0.047358 -0.019217 0.002935 -0.045641 0.009420 0.072321 0.114728 0.085466 0.047566 0.015700 -0.042301 0.193438 0.033055 0.066501 0.064676 -0.001652 -0.089101 -0.004733 -0.055265 -0.020034 0.034371 0.104020 0.050700 0.096696 -0.040578 0.034044 0.043805 -0.129092 -0.068638 0.000690 -0.039332 -0.011667 -0.054818 0.092332 -0.024477 -0.040811 -0.013369 -0.051493 -0.140594 0.049683 -0.027218 -0.104093 -0.019051 0.099145 0.099164 0.012960 0.053690 0.064464 -0.048936 0.046124 0.032823 -0.074420 0.037645 -0.073875 0.039779 0.030421 -0.029513 -0.127925 -0.097903 0.094588 -0.013301 0.097500 -0.082190 0.023636 -0.097059 0.041150 0.060820 0.085087 -0.109917 0.023390 -0.022797 -0.044752 -0.022769 0.006140 0.084097 0.006161 0.033295 0.024750 -0.096606 0.038479 0.041490 0.045226 0.079025 -0.066262 -0.055939 -0.099405 -0.096907 -0.023886 0.089794 -0.008821 0.107913 -0.003185 0.089681 -0.156499 0.145713 -0.065203 0.070036 -0.081631 0.050223 0.001580 0.110767 -0.057768 0.008133 -0.015124 0.001310 -0.057481 -0.142547 0.062463 -0.017195 0.015966 0.017364 -0.010976 0.142331 0.247135 -0.032534 0.019899 0.004735 -0.008427 0.084971 -0.010756 -0.006320 0.081758 -0.077800 0.016931 0.118752 -0.038724 -0.017436 -0.125898 -0.101185 -0.011049 -0.080438 0.118064 -0.034343 0.014815 -0.048173 -0.138270 -0.064231 -0.015233 -0.050441 0.099310 0.056142 0.009172 -0.000285 -0.064322 0.094796 0.065408 -0.075531 0.008110 -0.077380 0.052463 -0.018402 -0.019987 0.087745 -0.054733 -0.024989 0.087951 0.091152 -0.023551 -0.113068 -0.067986 0.027211 0.026026 -0.061293 -0.064056 0.061356 0.031173 -0.039349 0.020760 -0.124215 -0.025759 -0.048684 -0.041321 -0.133269 -0.041998 0.112274 -0.039437 -0.095045 -0.032852 -0.071770 -0.053957 -0.044951 -0.014395 -0.112211 -0.068798 -0.245267 0.104859 -0.059174
T_3156 -0.015175 0.002857 0.006575 -0.082820 -0.028104 -0.008043 -0.037829 -0.030627 -0.092816 -0.039856 0.031528 0.054964 0.035957 -0.062055 0.161537 -0.015446 0.078323 -0.005905 0.044630 -0.012010 -0.106369 -0.036334 0.077147 0.068155 0.048394 0.071169 0.106318 0.083553 0.103010 -0.108472 0.030397 0.118693 -0.159327 -0.002031 -0.055050 -0.076756 -0.010015 0.021132 0.008473 -0.143050 -0.108800 0.029766 -0.030266 -0.119047 0.051217 -0.088257 -0.049403 -0.050966 0.083283 0.100441 -0.047170 0.055541 0.095946 -0.049544 0.007339 0.036657 -0.046562 -0.027459 -0.112443 0.079058 -0.132017 -0.015569 -0.067172 -0.035029 0.097436 -0.053552 -0.006232 -0.036101 0.002547 -0.084901 0.031680 0.099900 0.032445 -0.101126 -0.077080 0.008499 -0.140339 -0.091776 0.003980 0.009297 0.030481 0.087792 0.031758 -0.031413 0.016955 0.024524 -0.032226 0.022770 -0.119967 0.015326 -0.021973 -0.124280 0.069982 0.066184 -0.037906 -0.008888 0.098336 0.025384 -0.131149 0.141384 -0.012984 0.051256 0.096249 0.025326 -0.020328 0.040709 -0.033869 0.022069 -0.114085 0.072985 0.031494 0.036323 0.033516 0.004138 -0.008995 0.107547 -0.064660 0.047217 0.091841 -0.099360 0.036611 0.053729 0.014934 -0.000454 0.004197 -0.036791 -0.006992 -0.053560 -0.020620 0.041353 -0.019870 -0.087260 -0.115896 -0.023980 -0.139933 -0.058408 -0.013074 -0.065611 -0.119928 -0.126587 0.000663 -0.049618 -0.037030 -0.150583 0.065053 0.070200 0.055467 0.007612 -0.059995 0.100384 0.109217 -0.052928 0.133411 0.007472 0.089404 0.102902 -0.069572 0.006344 -0.087884 0.008801 0.030007 0.083647 -0.064352 -0.145472 -0.070386 0.006436 0.024405 -0.073637 -0.112670 0.034060 0.075749 0.002780 -0.002102 -0.111367 0.038727 -0.159879 -0.092576 -0.070875 0.090444 0.130806 -0.082764 -0.048627 0.056150 -0.002058 -0.097955 -0.059738 0.074476 -0.025574 0.045298 -0.167177 0.037315 -0.061257
T_3157 0.035877 -0.056953 -0.052285 0.018616 -0.001193 0.043867 -0.157256 0.081348 -0.119130 0.110247 0.066566 0.042283 0.013480 -0.002570 0.010745 0.038731 0.045588 -0.044056 0.007577 0.015116 -0.032034 -0.085047 -0.043133 0.000586 -0.034513 0.143033 0.057783 0.069897 0.027391 -0.018478 -0.056557 0.040579 -0.061540 -0.110697 -0.074845 -0.184787 -0.009528 -0.146832 -0.014674 -0.084542 -0.041680 -0.008687 -0.073036 -0.177854 -0.004505 -0.047979 0.015167 -0.063936 0.120676 0.104867 -0.045376 0.078971 -0.072263 -0.126001 -0.025284 0.016979 -0.101023 -0.032195 -0.100834 0.014280 -0.050847 0.097420 -0.094553 0.006076 0.060378 0.033837 -0.002366 -0.124434 0.058471 -0.107234 -0.004756 0.149894 0.075015 -0.105454 0.079604 -0.020299 -0.014881 -0.055961 0.043866 0.145356 0.006465 0.050253 -0.011651 -0.059349 0.023669 0.018798 0.101646 0.032415 -0.047624 0.009211 -0.020523 -0.112385 -0.012252 0.109005 -0.093856 0.070405 0.062561 -0.000064 -0.151971 0.051460 -0.014778 -0.025395 -0.012442 0.006839 -0.047925 0.038244 -0.025329 -0.065269 -0.059748 0.098750 -0.038691 -0.101392 0.055191 0.021636 0.018504 0.045059 0.041035 0.082630 0.184594 0.031795 -0.067168 0.004544 -0.084804 0.005893 0.032026 -0.047914 0.066426 -0.071736 -0.040746 0.123583 -0.087183 0.045911 -0.051096 -0.020605 -0.092841 -0.029723 0.140790 -0.055446 -0.012854 -0.121597 -0.004149 -0.039006 -0.004438 -0.185702 0.108657 0.099788 0.094876 0.019087 -0.063454 0.166454 0.029455 0.013207 -0.060505 0.012267 0.055203 0.009175 -0.076038 0.062678 -0.071489 -0.049234 0.052525 -0.012105 -0.003064 -0.039801 -0.000114 0.011599 0.069754 -0.094772 -0.013668 0.002702 0.001759 -0.132824 0.045015 -0.055116 0.083184 -0.129218 0.035312 -0.027011 -0.088193 0.158563 -0.024952 -0.118584 0.038662 -0.017206 -0.031289 0.014890 -0.019803 -0.052548 -0.050820 -0.102360 0.053002 -0.045409
T_3181 -0.040599 0.011418 0.037333 0.021581 0.040997 -0.075676 0.055362 0.045124 -0.059824 0.007552 -0.053890 0.083937 0.095384 -0.030850 0.138567 -0.006062 0.086045 0.040868 0.050232 -0.026065 0.031796 -0.127666 0.062648 -0.017455 -0.115326 0.042954 -0.026987 0.055505 -0.038958 -0.192558 0.056701 0.082906 -0.029131 0.043861 -0.042110 0.023376 0.059760 0.078946 -0.055436 -0.068653 -0.045391 0.070839 -0.020419 -0.037922 0.033495 0.044271 -0.106402 -0.007588 0.089536 0.027100 -0.030784 -0.016901 -0.069358 -0.025713 0.160275 0.019785 -0.027523 -0.056180 -0.145534 -0.001688 -0.005910 0.027088 -0.043516 0.082854 0.098841 0.118074 -0.030123 -0.083898 0.024096 -0.133241 0.050577 0.115381 0.101803 -0.135310 -0.112126 -0.022671 -0.103775 0.006507 -0.035133 0.072288 -0.028762 0.145042 -0.052364 0.066724 0.060261 -0.049988 -0.039509 0.024550 -0.073823 0.042445 0.006835 -0.098172 -0.025417 0.118739 -0.023057 -0.031638 0.015228 -0.069317 -0.246204 0.115614 0.054324 -0.029091 0.041590 0.029735 -0.135196 0.001154 -0.130744 -0.092253 0.064071 0.013472 -0.100432 -0.039517 -0.037569 -0.082933 0.037253 0.080078 -0.129004 0.100346 0.044213 -0.089892 0.119860 0.106087 0.013086 0.003978 0.096813 -0.050044 -0.097512 -0.028980 -0.048967 0.033660 0.048910 -0.010027 0.011602 -0.000288 -0.096381 -0.102289 0.097880 -0.044433 -0.025218 -0.139699 0.046531 -0.082042 -0.046966 -0.080016 0.144698 0.073179 -0.010863 0.061682 0.007457 0.013873 -0.022476 0.079980 0.008937 -0.020307 0.019228 0.035895 -0.044049 -0.003536 -0.095507 -0.046773 0.126288 -0.016170 0.067482 -0.019752 -0.043632 -0.002074 0.118748 0.020722 -0.031275 -0.038164 0.078542 -0.057473 0.006731 0.028484 0.139201 -0.007175 -0.090103 0.047623 0.005513 0.075966 -0.022605 -0.177487 -0.006743 -0.003863 0.033391 -0.042422 -0.077178 -0.071375 0.000517 0.033004 0.052965 -0.109122
T_3189 -0.034513 0.064216 0.085766 0.118120 0.046677 -0.068449 0.040997 -0.064220 0.015203 0.062103 -0.067259 0.068452 0.106974 0.014325 0.167023 -0.037172 0.072194 0.031385 -0.022957 -0.050595 0.007263 -0.070955 0.117299 -0.008392 0.024511 0.054962 -0.018016 0.134842 0.108113 -0.126821 -0.044894 0.053855 -0.044028 0.041570 0.017870 0.034745 -0.033676 0.095851 -0.001241 -0.050374 -0.076734 0.090459 -0.077133 -0.111654 0.033948 -0.042393 0.022130 0.011985 0.116318 0.030898 -0.005554 0.026038 -0.083193 -0.002493 0.117342 0.079458 -0.053772 -0.024794 -0.110007 0.028820 -0.038511 0.020286 -0.068921 0.025097 0.033484 0.114633 0.023505 -0.124547 -0.005740 -0.082471 0.016445 0.085084 0.072210 -0.133531 -0.072766 -0.064573 -0.097898 0.000503 0.046329 0.019304 -0.019045 0.122601 -0.067663 0.029728 0.040842 -0.019755 0.103433 0.101419 -0.078313 0.147232 -0.025653 -0.048516 -0.007166 0.153208 0.036740 -0.144521 0.020738 -0.032947 -0.233357 0.063429 0.039226 -0.032659 0.057950 0.017682 -0.049872 -0.012648 -0.096809 -0.049015 0.051970 0.023352 -0.070271 -0.030487 0.045188 -0.116878 -0.011452 0.005218 -0.097617 0.027370 0.074669 0.001513 0.055748 0.021638 -0.036298 -0.010924 0.010841 0.000367 -0.120075 -0.052292 -0.057740 0.030229 -0.052983 0.043023 0.061742 0.022092 -0.180024 -0.089445 0.097343 -0.080558 0.041623 -0.156475 0.036170 -0.059783 -0.042492 -0.157316 0.078740 0.107899 -0.021698 0.026429 -0.063611 -0.006650 -0.052989 -0.006062 -0.055800 0.005312 0.046636 0.032112 -0.004478 0.061766 -0.161510 -0.043478 0.069121 -0.041031 0.071724 -0.034780 -0.035793 -0.028232 0.162345 0.001954 -0.103010 -0.004188 -0.025615 -0.095634 0.030160 0.063184 0.089807 0.062185 -0.085506 -0.008647 -0.062323 0.099621 -0.023014 -0.149526 0.026427 0.013930 0.006991 0.003200 -0.084119 -0.025107 0.008505 0.068762 0.103887 -0.108017
T_3191 -0.000481 -0.078251 0.015725 0.069591 0.003129 0.048319 -0.033661 0.064170 -0.087756 0.093555 0.110196 0.190673 -0.061701 0.004573 0.096270 0.005286 0.135656 0.054363 0.036603 0.006484 0.002747 -0.119145 -0.037836 -0.020920 -0.088396 0.043724 0.086539 0.052328 0.046559 -0.075694 0.011551 0.023384 0.060722 -0.117377 -0.009806 -0.089707 -0.065107 -0.111321 -0.003819 -0.103325 -0.029090 0.034485 -0.012028 -0.105359 0.015610 -0.030072 0.008380 -0.009380 0.118128 0.105158 -0.053329 -0.008599 -0.064136 -0.013086 0.127567 0.043469 -0.085196 0.014370 -0.066570 -0.051670 -0.023838 0.017597 -0.211349 -0.010708 0.131654 0.034507 0.000511 -0.157861 -0.057542 -0.062742 0.016231 0.138842 0.137325 -0.117666 0.090492 0.031708 -0.169918 -0.088147 0.065668 0.038366 0.028295 0.090917 0.021683 -0.001723 0.032747 -0.030235 0.015153 0.010899 -0.080495 -0.001778 0.013129 -0.090756 -0.016013 0.062490 0.011072 0.147331 0.058395 0.002057 -0.124597 0.019440 -0.093140 -0.008547 0.056344 0.105550 0.091439 -0.047927 -0.035674 -0.005862 -0.138812 0.079346 -0.009800 -0.032975 0.158741 0.034429 0.028121 -0.000228 -0.011027 0.035454 0.168122 0.020069 -0.076107 0.052269 0.040206 -0.027522 0.051560 0.017916 0.011110 -0.026997 -0.016999 0.089065 -0.122338 -0.004967 -0.080581 0.015237 -0.070358 -0.064348 0.162799 -0.055945 0.039929 -0.043644 -0.037419 -0.039595 0.018937 -0.054861 0.107583 0.013971 -0.022744 0.055945 -0.042598 0.030997 0.048413 -0.061391 -0.013373 -0.075491 0.106874 0.057058 -0.068035 0.026048 -0.008472 -0.069013 0.007592 0.055701 0.001823 -0.018350 -0.006678 -0.034128 -0.016672 -0.027884 -0.045027 0.119045 -0.024975 -0.088782 -0.009881 -0.136302 0.062484 -0.072646 0.016488 -0.074392 0.029530 0.090814 -0.048890 -0.091397 -0.072142 -0.032915 -0.005050 -0.020795 -0.044291 -0.040628 -0.163942 -0.153625 0.107666 -0.085842
T_3196 -0.043333 0.126925 0.122404 0.091094 0.026875 -0.044459 0.116932 0.008713 0.003217 -0.010556 -0.052416 0.052631 0.029148 0.041292 0.131875 -0.058557 0.093489 0.048091 0.004492 -0.039474 -0.021117 -0.026467 0.106205 -0.078492 0.077613 0.072482 -0.005783 0.006916 0.074729 -0.131735 -0.047860 0.064744 -0.025592 0.048455 -0.002348 -0.004959 -0.033269 0.060442 0.003358 -0.054032 -0.063767 0.109238 0.010220 -0.070916 0.045267 0.025661 -0.003742 0.025419 0.118373 0.096947 0.041638 -0.019780 -0.082610 0.021386 0.052944 0.089451 -0.051799 -0.017431 -0.080505 0.059406 0.023019 0.020673 -0.039143 0.021380 0.029952 0.149362 -0.017018 -0.205130 0.024605 -0.057467 -0.024679 0.066743 0.017834 -0.035330 -0.073284 -0.097868 -0.054726 -0.025097 -0.024244 0.063354 -0.035628 0.127333 0.051184 0.030857 0.039794 -0.002219 0.018618 0.052016 -0.129804 0.079490 0.054062 -0.025331 0.026962 0.172728 -0.083536 -0.072640 0.037718 -0.007555 -0.210768 0.092333 0.093949 -0.018220 0.052750 -0.010689 -0.013367 -0.035730 -0.035316 -0.018604 0.054062 0.031481 -0.074095 0.061875 0.092238 -0.132517 -0.055660 0.044518 -0.097808 0.054691 -0.001259 -0.026031 0.033836 0.001361 -0.049751 0.019846 0.005693 0.024542 -0.145907 -0.126217 -0.022614 0.063194 -0.035760 0.056966 0.000578 0.002857 -0.198126 -0.102187 0.090112 -0.047805 0.093386 -0.161143 -0.009125 -0.060349 0.000030 -0.129727 0.039477 0.002135 0.012529 0.032537 0.074729 -0.008851 0.004781 0.025274 0.001618 -0.005908 0.135142 0.062224 -0.066996 0.027958 -0.177102 -0.034762 -0.027815 -0.052078 -0.044363 -0.026375 -0.053586 -0.045458 0.127780 -0.045913 -0.082384 0.046578 0.079657 -0.091352 0.066699 0.124144 0.053559 0.090338 -0.110416 -0.015644 -0.095164 0.148818 -0.022017 -0.066418 0.109253 0.071200 -0.035226 0.036263 -0.119141 -0.080214 0.025670 0.003424 0.104166 -0.071570
T_3198 -0.031837 0.063878 0.076583 0.050314 0.136106 -0.028829 0.046013 0.012764 -0.014099 -0.036166 -0.011742 0.127597 0.066217 0.017922 0.089646 0.069995 0.100422 -0.005131 0.101563 -0.016851 -0.016259 -0.108857 0.140007 0.021984 -0.118044 -0.011756 0.001070 -0.043017 0.024014 -0.154731 0.001979 -0.044189 -0.041311 -0.009393 0.022136 -0.041855 0.032599 -0.024604 0.050901 -0.029644 -0.065982 -0.066891 -0.027918 0.033043 0.041651 0.037259 0.008412 -0.015134 0.132108 0.045814 0.012552 0.004597 -0.059320 0.126070 0.147033 0.075497 -0.006807 -0.009367 -0.107690 -0.055498 0.010617 0.092633 -0.088349 0.076933 0.080424 0.093131 -0.025131 -0.101414 0.169957 -0.034681 0.036189 0.134717 0.097936 -0.105169 -0.012828 -0.204844 -0.018689 -0.144839 -0.030424 0.096253 -0.002498 0.029436 0.055633 0.002071 0.060253 0.009134 0.133698 -0.076668 -0.130773 0.037019 -0.044817 -0.102846 0.092562 0.074002 -0.039526 0.095127 0.016719 -0.115809 -0.176237 0.054227 0.042383 -0.057229 0.109226 0.066809 -0.012563 0.009662 -0.035206 -0.043816 0.023980 0.040389 -0.041974 -0.027098 0.059350 -0.092136 -0.022591 0.091362 -0.035704 0.116829 0.043004 -0.076701 0.021940 0.025270 -0.004570 0.008610 0.067088 0.027163 -0.076870 0.004040 -0.067723 -0.011497 -0.054817 0.058141 -0.129927 -0.053389 -0.144556 -0.106914 -0.013676 -0.121834 -0.013693 -0.056483 -0.015395 -0.047898 -0.035110 -0.068215 0.041558 -0.020440 0.043000 -0.004931 0.059898 -0.003124 0.052457 -0.005985 0.013028 -0.043103 0.136628 -0.030169 -0.039269 -0.037054 -0.182677 -0.031731 0.099322 0.042314 0.091753 -0.080592 -0.052956 -0.025254 0.097510 0.046630 -0.075634 -0.016844 0.025130 -0.095386 -0.035730 -0.074318 0.078586 0.033676 -0.127621 -0.019430 -0.092050 0.014622 -0.040939 -0.069649 0.067500 -0.020712 -0.011781 0.006262 -0.090915 -0.032635 0.080875 0.024237 0.125997 -0.128777
T_3201 -0.095297 -0.028244 0.036179 0.105415 -0.031552 0.039246 -0.039433 0.048042 -0.121590 0.088364 0.072444 0.095387 -0.016680 -0.011579 0.075023 -0.082718 0.078676 0.068726 0.059021 0.067762 0.044723 -0.053339 -0.043183 -0.051475 0.054759 0.029387 -0.044455 0.090010 0.118463 -0.089006 0.094744 0.120398 -0.027578 0.000718 0.004438 -0.036551 -0.082390 -0.076695 0.110091 -0.108369 -0.086069 -0.023234 0.048475 -0.081249 0.006584 -0.059849 0.046269 -0.038146 0.056147 0.036532 -0.089558 0.017044 0.127420 -0.026334 0.036681 -0.000083 -0.110223 -0.055223 -0.120789 0.023560 -0.088661 -0.023788 -0.045231 0.017792 0.097522 -0.022323 -0.016202 -0.014109 -0.014207 -0.125132 0.047557 0.054254 0.060590 -0.129529 -0.034444 0.072268 -0.071196 -0.153721 0.010319 -0.019053 -0.010261 0.093911 0.049770 0.011494 0.108773 -0.054066 0.095562 -0.018424 -0.163049 0.038593 0.092867 -0.037100 0.005352 0.004818 -0.023276 0.072883 0.020502 0.049266 -0.129491 -0.012946 -0.039772 0.039205 0.017580 0.169804 0.020804 -0.003976 -0.128008 -0.036826 -0.104805 -0.016239 0.018904 0.033198 0.160321 -0.012727 -0.113741 -0.026644 -0.033009 0.054106 0.154092 -0.031747 0.012862 -0.076939 -0.022508 0.065203 0.104907 -0.098109 0.027527 -0.033755 -0.006679 0.083442 -0.030559 -0.082418 -0.079631 -0.040605 -0.165238 -0.058961 0.033198 0.025459 -0.032253 -0.051652 -0.011723 -0.075964 0.023021 -0.108606 0.083415 0.041030 0.023730 0.053191 0.013386 0.149103 0.003526 -0.124564 0.036433 -0.078224 0.014675 0.022181 -0.136475 0.022252 -0.014488 -0.012733 -0.056663 0.001255 0.028294 -0.024013 0.005212 -0.052229 0.046925 -0.098990 -0.025318 -0.050661 0.027850 -0.021755 0.043792 0.015999 0.038654 -0.135762 -0.008613 -0.074296 0.038888 0.233087 -0.175213 -0.053159 -0.026827 -0.050110 0.053954 -0.096862 -0.014571 -0.006833 -0.042315 -0.114792 0.138376 -0.036232
T_3217 -0.119320 -0.017117 -0.029856 -0.050549 0.022024 -0.078468 0.059355 0.024241 -0.094856 -0.071838 -0.112379 0.081732 0.139978 -0.036273 0.067006 -0.057011 -0.016828 0.080250 0.011511 -0.011380 0.061841 -0.068756 0.028685 0.087316 -0.053531 0.075479 -0.009203 0.079091 0.021238 -0.108255 -0.047396 0.047252 -0.012060 0.023128 0.077880 0.024155 0.006357 -0.006663 -0.034126 0.003588 -0.008070 -0.006202 0.027149 -0.064082 -0.024025 -0.008088 0.010532 0.010331 0.086036 0.044240 0.005202 0.065860 -0.037102 -0.077694 0.019701 0.019948 -0.100123 0.004158 -0.096593 -0.007463 0.052553 -0.020032 -0.032059 0.066730 0.069440 -0.000759 0.023778 -0.130449 0.077101 -0.041699 -0.006756 0.030961 0.046001 -0.144654 -0.063492 0.009980 -0.027157 -0.014912 -0.014618 0.072935 0.005933 0.100689 0.132981 -0.026141 0.109321 0.017777 0.049818 -0.032782 -0.037027 0.095888 0.074535 -0.102793 0.049703 0.243335 -0.009404 -0.080812 0.150978 0.021431 -0.234162 0.103359 0.043799 -0.100804 0.013358 0.063106 -0.037085 -0.049714 -0.047910 0.019876 0.003318 -0.073114 -0.018803 0.013992 0.069547 -0.127321 -0.013325 0.012456 -0.033768 0.079509 0.066658 -0.030582 0.061921 0.034647 0.027927 -0.045749 0.057943 -0.042200 -0.055924 -0.042834 -0.093276 0.003803 0.057954 -0.016758 -0.009683 -0.056820 -0.202677 -0.106922 0.151364 -0.077659 0.132813 -0.081264 0.001966 -0.070700 0.049970 -0.068163 0.044631 -0.009761 0.018744 0.088121 0.085087 -0.024074 -0.009500 -0.108390 -0.076932 0.032321 0.120925 0.110180 -0.208880 0.052659 -0.165076 0.046193 -0.010674 -0.059228 -0.060287 -0.107409 -0.030064 0.069097 0.053204 -0.022235 0.006143 0.022209 0.118881 -0.020797 0.028351 -0.007828 0.044001 0.025817 -0.104749 -0.010958 0.014003 0.163395 -0.045780 -0.133656 0.106243 0.017143 -0.040892 -0.041018 -0.104790 0.004707 0.041169 -0.043177 0.069193 -0.062824
T_3229 -0.016191 -0.104680 -0.018309 -0.018944 0.097261 0.019181 -0.116389 0.016392 -0.183200 -0.052390 0.026540 0.131001 0.046780 -0.021842 0.127698 0.018740 0.129190 -0.021001 0.114319 0.048055 -0.028126 -0.068197 -0.003552 0.045381 0.094837 0.091627 0.042844 0.000977 0.119579 -0.140685 0.014529 0.108402 -0.053889 -0.108207 -0.089510 -0.027937 -0.077330 -0.046743 0.021571 -0.095844 -0.009924 0.019447 -0.009813 -0.078816 0.071767 -0.090987 -0.055473 -0.109955 0.072529 0.060766 -0.018609 0.025201 0.177537 -0.063199 0.063382 0.077470 -0.004291 -0.089829 -0.112725 -0.052306 0.008853 -0.068110 -0.097479 0.068772 0.089407 -0.012236 0.037543 -0.129604 0.022057 -0.078629 0.065512 0.072663 0.068838 -0.115985 -0.021971 0.000787 -0.119476 -0.077238 0.085276 0.051623 -0.019644 0.095223 0.042533 -0.057001 -0.009649 0.051963 -0.040423 0.015235 -0.033591 -0.024002 -0.102988 -0.052550 0.005947 0.049293 -0.046312 0.049105 0.103698 0.017683 -0.159925 0.121006 -0.090426 0.022057 0.047031 0.056864 0.046121 0.017451 -0.036344 -0.027703 -0.039694 -0.034580 0.000423 -0.022536 0.029179 -0.021944 0.035997 0.047848 -0.018702 0.044105 0.086923 0.001892 -0.046002 0.049487 -0.024876 0.034725 -0.006979 -0.055403 0.109699 -0.117264 0.015368 -0.026293 0.035203 0.025862 -0.063285 -0.030219 -0.071896 -0.063333 0.057152 -0.024161 -0.019489 -0.064290 -0.054777 -0.002154 0.052589 -0.110871 0.093231 0.006939 0.085965 0.143096 -0.023427 0.076330 0.119429 -0.042032 -0.025124 -0.011335 0.103838 0.073925 -0.156388 -0.020033 -0.069299 0.054849 0.128732 0.049013 -0.000612 -0.137816 0.013073 -0.001267 0.012323 -0.123651 -0.083137 0.101249 0.088154 0.057011 0.090699 -0.100688 0.069866 -0.022407 -0.010373 -0.034968 0.083012 0.133412 -0.081773 -0.100320 0.021358 -0.034167 -0.097185 -0.041713 -0.029672 -0.068516 -0.049526 -0.140020 0.047838 -0.109843
T_3236 -0.035775 -0.024790 -0.021247 -0.045088 -0.016519 0.065869 -0.085393 0.029566 -0.128165 -0.007320 -0.005038 -0.053687 -0.049267 0.073185 0.088103 -0.141404 0.099335 0.060377 0.083788 0.051297 -0.044474 -0.013998 -0.036232 -0.019477 0.050446 0.179163 -0.022230 0.023958 0.068620 -0.121756 0.016593 0.112062 -0.055374 -0.038984 -0.001025 -0.010207 -0.089978 -0.040901 0.067411 -0.164194 -0.064560 -0.055862 0.032490 0.017176 0.048804 -0.107799 -0.109939 -0.044034 0.048575 0.062562 -0.063926 -0.030490 0.116926 -0.009841 0.090383 0.039753 -0.040095 0.053234 -0.112847 -0.035952 0.005984 -0.000684 -0.118615 0.058215 0.024349 0.018870 -0.049235 -0.047006 0.085337 -0.091279 0.028730 0.028094 0.146953 -0.115216 -0.074742 0.069821 -0.035171 -0.136209 -0.007817 0.033715 0.022569 0.066451 -0.005096 -0.103316 0.102811 -0.073730 0.042962 -0.052257 -0.073280 0.063764 -0.070011 -0.018448 -0.016589 0.077692 -0.059033 0.142159 0.015017 -0.017367 -0.205644 0.076949 -0.036275 0.062627 -0.033945 0.078590 -0.040669 0.005416 -0.003596 -0.041104 -0.005748 0.011378 -0.028715 0.020972 0.071610 -0.056400 0.012285 0.031163 0.010668 0.160415 0.095151 -0.030561 0.076301 0.087397 -0.060417 0.135416 -0.020156 -0.007441 0.055793 -0.071723 -0.019076 0.090541 0.029373 0.039212 -0.145630 -0.007394 -0.081596 -0.007218 0.078699 0.078494 0.089638 -0.081627 0.065989 -0.038167 0.051335 -0.182082 0.111835 -0.041509 0.018676 0.043885 -0.043925 0.114828 0.018407 -0.069098 -0.004682 0.007998 0.157128 0.053961 -0.178989 0.076165 -0.053239 0.005776 0.051080 -0.050010 0.012389 -0.117936 -0.040414 -0.010566 0.041483 -0.082326 -0.017868 0.053604 -0.008586 0.009634 0.122400 -0.066452 0.055568 -0.052443 0.017859 -0.034014 0.011157 0.158442 -0.118886 -0.044034 0.023705 -0.009674 -0.037859 -0.119183 -0.026992 -0.035562 0.013955 -0.111723 0.007319 -0.096519
T_3269 -0.016943 -0.065212 0.000401 0.098831 0.005856 0.049303 -0.072893 0.067862 -0.091840 0.066012 0.040099 0.061946 -0.032063 -0.007197 0.044328 -0.036758 0.112166 0.010583 0.005684 0.070410 0.089689 -0.042318 -0.015434 -0.008845 -0.012636 -0.030648 0.025484 0.069517 0.091172 -0.081748 -0.017942 0.093319 -0.012955 -0.095601 -0.081056 -0.069553 0.013661 -0.106995 0.114849 -0.071888 -0.071525 -0.030812 -0.033616 -0.080673 -0.019648 -0.025132 0.067485 -0.043009 0.095526 0.095298 -0.028053 0.012468 0.122954 -0.016025 0.052509 0.069313 -0.057745 -0.030870 -0.042073 -0.005113 -0.040905 0.002533 -0.069297 0.011703 0.162712 0.040326 0.036838 -0.055251 0.016418 -0.128121 0.106771 0.065824 0.077973 -0.113657 0.009449 0.044508 -0.092741 -0.106792 0.061806 0.064834 -0.046255 0.130437 0.045849 -0.037145 0.041653 -0.008564 0.112773 0.008564 -0.089653 -0.013800 -0.031647 -0.014538 -0.061516 0.034645 -0.078356 0.145737 -0.030077 0.045598 -0.173767 0.025070 -0.038842 0.046277 0.050522 0.119714 -0.021887 0.064874 -0.068072 -0.056636 -0.019409 0.027236 0.015460 -0.033123 0.085833 -0.066762 0.023072 0.084217 0.033281 0.127676 0.182722 0.015696 -0.063715 0.010090 -0.011050 0.047541 0.093575 -0.113388 0.033219 -0.086977 -0.042951 0.091608 -0.056491 0.026272 -0.017248 -0.077773 -0.081662 -0.029125 0.130607 -0.043410 0.002122 -0.055573 -0.015763 -0.060912 0.106968 -0.124429 0.028496 0.033556 0.059290 0.075328 0.028861 0.080125 -0.027563 -0.108092 -0.052436 -0.108724 0.047674 0.012065 -0.121462 0.057308 -0.050139 -0.045276 0.045421 0.021901 -0.000995 -0.035850 0.064629 -0.044765 -0.063635 -0.145331 -0.023238 0.076406 0.073109 -0.028923 0.060121 -0.032065 0.028266 -0.006486 0.034192 -0.105778 -0.058166 0.148127 -0.114062 -0.103700 0.066756 -0.164163 0.016040 -0.053151 -0.025949 -0.129531 -0.041405 -0.216621 0.170422 -0.017343
T_3280 0.045850 -0.033475 -0.034954 -0.139232 0.028309 -0.008948 -0.103796 0.019313 -0.118400 -0.066617 0.009633 -0.001726 0.022411 0.046266 0.139266 -0.060017 0.110957 -0.082997 0.035562 0.002492 -0.112505 -0.033610 0.022531 -0.019360 0.022104 0.102852 0.056061 0.033824 0.127061 -0.086858 0.017096 0.137135 -0.020755 -0.066408 -0.061720 -0.074576 0.017626 -0.008018 0.016709 -0.044210 0.008716 -0.021952 -0.033772 -0.107614 0.059020 -0.071817 -0.091284 -0.034758 0.036135 0.111141 0.000573 0.089823 0.082171 -0.055162 0.049135 0.020420 -0.035045 0.013824 -0.113856 -0.038948 -0.040508 -0.023122 -0.059250 0.036412 0.061788 -0.033855 0.026924 -0.128918 0.047575 -0.146490 0.023181 0.023308 -0.043282 -0.114430 -0.079570 -0.009782 -0.091167 -0.094878 0.007759 0.082725 0.029782 0.067731 0.035005 -0.135184 0.070584 -0.013806 0.081681 0.062893 -0.056380 0.040906 -0.097627 -0.049537 0.053166 0.139960 -0.042466 0.135228 0.086435 0.050686 -0.171956 0.164152 -0.004749 0.047995 -0.018132 0.063239 -0.020653 0.049576 0.033088 -0.074406 -0.012469 -0.022597 0.035164 -0.038818 -0.012391 -0.118227 -0.033128 0.020841 -0.001158 0.107202 0.110423 -0.040845 0.044220 0.109659 -0.003782 0.004298 0.026257 -0.053910 0.105644 -0.083612 -0.048184 0.055855 0.033207 0.058120 -0.103142 -0.063682 -0.025083 -0.004138 0.093253 -0.054664 -0.089724 -0.052828 -0.021179 0.018411 0.038792 -0.183516 0.044921 0.082759 0.076370 -0.001388 -0.100166 0.150772 -0.006057 -0.120618 -0.078165 -0.087063 0.102088 -0.008443 -0.086569 0.055848 -0.064493 -0.012364 0.077222 -0.012533 0.003437 -0.112109 -0.042214 -0.025212 0.076779 -0.160970 -0.083152 0.032643 0.092827 -0.005535 0.039525 -0.052989 0.025509 -0.006799 -0.041246 -0.017198 -0.031385 0.110305 -0.124856 -0.122865 0.032687 -0.088160 -0.017081 -0.007329 -0.023480 -0.024077 -0.023829 -0.189313 0.101101 -0.055255
T_3288 -0.026022 -0.065435 -0.012214 -0.073459 0.013226 0.008881 -0.081567 0.005619 -0.090932 0.082173 0.065946 0.017553 0.044387 0.044705 0.060743 0.017174 0.064884 0.028770 0.051689 0.026614 -0.028854 -0.070225 0.067576 0.042149 0.030808 0.147189 0.002186 0.084073 0.136304 -0.152156 -0.033469 0.063292 -0.103421 0.001981 -0.056057 0.002663 0.076062 0.059025 -0.006285 -0.081918 -0.054587 0.076996 0.008598 -0.085869 0.051262 -0.128203 0.013109 -0.095095 0.127408 0.000121 -0.016353 0.042808 0.098001 -0.070318 -0.062472 0.047578 -0.013098 0.053497 -0.077653 0.026397 -0.040751 -0.042525 -0.088932 -0.024105 0.136406 0.003004 0.041454 -0.012776 0.090749 -0.121557 0.055281 0.013363 0.060316 -0.025552 -0.064332 -0.044741 -0.104944 -0.025789 0.117552 -0.040548 0.037256 0.177201 0.051161 0.029985 0.047025 -0.001110 0.006100 0.013652 -0.061705 0.040349 0.009799 -0.073427 0.025415 0.034243 -0.106196 0.027301 0.044201 0.068813 -0.208016 0.112343 0.002811 0.042780 0.041234 0.049105 0.007624 0.041964 -0.052777 0.014309 -0.159805 -0.024383 -0.007222 0.036921 -0.000830 -0.080537 -0.008837 0.147189 -0.008453 0.114327 0.103050 -0.111031 0.055166 0.044121 -0.010456 0.038287 -0.087411 -0.098014 0.060991 -0.086228 0.026123 0.025507 -0.024437 -0.098753 -0.040267 -0.034659 -0.091504 -0.052661 0.012571 -0.054594 -0.089261 -0.047340 0.055043 -0.078597 -0.076034 -0.209327 0.014626 0.080207 -0.065438 -0.026263 -0.001054 0.061458 0.047217 -0.041848 0.125809 0.053830 0.036981 0.159695 -0.045334 -0.103559 -0.076648 -0.019669 0.012704 -0.015288 -0.018644 -0.183537 -0.003544 -0.004514 0.062955 -0.089737 -0.008954 0.034676 0.057999 -0.031856 0.057285 -0.071104 0.059692 -0.062404 -0.040797 -0.067413 0.056226 0.070654 -0.186920 -0.061363 0.078936 -0.027190 -0.124683 -0.090183 0.076628 0.041152 0.049026 -0.172319 0.038042 -0.003857
T_3298 -0.114913 -0.038118 0.083320 -0.049507 -0.013587 -0.009837 0.016185 -0.028258 -0.101573 -0.069415 -0.081548 0.021797 0.071456 -0.064325 0.051407 -0.009896 0.003339 0.095743 0.013648 -0.027092 0.052501 -0.030156 -0.039895 -0.007014 -0.039402 0.091798 -0.010335 0.064031 0.064324 -0.188068 -0.041322 0.122660 -0.036395 -0.017419 -0.029053 -0.009490 0.028344 -0.044908 -0.040333 -0.101586 -0.069970 0.033904 0.013557 -0.091431 -0.023358 0.002186 0.009700 0.017593 0.037660 0.118512 0.005514 0.056712 0.028391 -0.016058 0.000179 0.058842 -0.095502 -0.003599 -0.069149 -0.015264 0.042692 -0.068364 -0.060829 0.032807 0.070591 0.057890 0.019777 -0.161286 -0.005296 -0.058489 0.017784 0.041573 0.062996 -0.108968 -0.076519 -0.004521 -0.017983 -0.032337 -0.080902 0.115459 0.013053 0.060658 0.137984 -0.065350 0.019546 -0.008928 -0.028706 -0.006958 -0.036212 0.075872 0.021813 -0.142293 0.070269 0.247858 -0.022506 -0.066482 0.112059 -0.000780 -0.230784 0.135177 0.075856 -0.093544 -0.023051 0.010546 -0.038966 -0.108141 -0.074652 0.061504 0.010476 -0.021767 -0.017892 -0.016904 -0.029200 -0.099937 0.016505 0.080088 -0.069166 0.050332 0.044602 -0.057782 0.091403 0.073732 -0.009231 -0.038011 0.025958 -0.016522 -0.057937 -0.147147 -0.028660 0.099514 -0.007586 0.008679 -0.084082 -0.033389 -0.190552 -0.107034 0.107151 -0.030535 0.131400 -0.108092 -0.032521 -0.118016 0.063587 -0.051704 0.093816 -0.002732 -0.001152 0.086229 0.054625 -0.002786 0.002347 -0.026900 -0.099381 0.036910 0.145488 0.109839 -0.121482 -0.024062 -0.146194 -0.025843 0.002328 -0.016669 -0.035110 -0.064762 -0.013791 0.047602 0.049303 -0.058189 -0.042161 0.076517 0.107647 -0.020883 0.066540 0.037729 0.038362 -0.018549 -0.050821 -0.002645 -0.096173 0.152569 -0.153196 -0.034963 0.065928 0.000797 -0.063821 0.017340 -0.095389 -0.038876 0.034829 -0.031475 0.046402 -0.106154
T_3307 -0.015093 0.133818 0.123898 0.091882 0.036898 -0.037539 0.099751 0.048806 -0.008438 -0.005299 -0.060850 0.074881 0.118455 -0.023581 0.146196 -0.004184 0.042171 0.052348 0.063083 -0.001549 -0.054554 -0.065010 0.075862 -0.003032 -0.022470 0.061128 -0.035493 0.073282 0.042073 -0.212430 -0.037096 0.065953 -0.059158 0.035692 -0.030350 -0.050068 0.018558 0.091934 -0.017333 -0.045229 -0.052765 0.086389 -0.001638 -0.098350 0.015583 0.040673 -0.041530 -0.040156 0.134624 -0.000247 0.016426 -0.010606 -0.129548 -0.010417 0.015044 0.080937 -0.038041 -0.055205 -0.094276 0.041123 0.044279 0.039234 -0.088688 0.022408 0.018453 0.102055 0.001932 -0.147725 -0.007678 -0.072890 -0.033603 0.118470 0.069361 -0.100382 -0.009258 -0.085971 -0.094492 -0.030573 -0.010105 -0.010775 -0.069240 0.183694 0.033523 -0.008188 0.022572 0.007656 0.027582 0.047726 -0.075646 0.068428 -0.011631 -0.128851 0.029411 0.172205 -0.032056 -0.056811 0.003476 -0.005764 -0.245301 0.067053 0.087035 -0.101936 0.054307 0.036636 -0.033381 -0.063536 -0.077133 -0.064878 0.072613 0.029539 -0.106451 -0.038660 -0.006359 -0.041586 -0.028417 0.093600 -0.103217 0.116276 0.015056 -0.082272 0.129662 0.040874 0.007772 0.008412 0.033975 -0.033975 -0.094359 -0.069877 -0.041117 0.047877 -0.056494 0.000105 -0.054974 -0.017931 -0.103074 -0.153931 0.034213 -0.098081 0.083332 -0.123511 -0.002464 -0.083461 -0.027409 -0.042272 0.091815 0.028417 0.034719 0.070746 0.049041 -0.008332 -0.017316 0.045868 -0.077429 -0.018154 0.102386 0.003576 -0.042881 0.014753 -0.137908 -0.086839 0.053657 -0.049169 0.022541 0.007850 -0.066307 -0.059256 0.169183 0.052975 -0.091147 -0.019481 0.069472 -0.116684 -0.004506 0.032941 0.067683 0.003816 -0.089095 -0.008955 -0.068471 0.135083 -0.017670 -0.075043 0.094860 -0.021352 -0.023432 0.004596 -0.120350 -0.035980 -0.032263 0.053012 0.037328 -0.103150
T_3342 0.029846 -0.043332 0.052169 -0.006645 -0.017405 0.060037 -0.091403 0.064753 -0.026377 0.083649 0.092056 0.077258 0.038169 0.043711 0.063249 -0.057058 0.074471 0.047949 0.020343 -0.022437 0.021529 -0.075225 -0.033550 -0.017351 0.029902 0.092973 0.090482 0.085442 0.126333 -0.133040 0.022421 0.053090 -0.062428 0.029361 -0.042226 0.002068 0.087883 -0.014512 0.038656 -0.079144 -0.067408 0.027997 0.004139 -0.105742 0.051301 -0.150770 -0.014146 -0.080956 0.134133 0.051179 -0.002048 -0.013081 0.116010 -0.032181 0.053044 0.036197 -0.037875 -0.035439 -0.125378 0.087913 -0.055469 -0.039263 -0.050480 0.000958 0.110344 -0.055059 0.001405 -0.046328 0.010128 -0.127292 0.071722 0.006992 0.121364 -0.096553 -0.060915 0.042386 -0.104076 -0.079811 0.038319 -0.018155 0.037806 0.168157 0.093444 -0.074452 0.053491 -0.012053 0.047800 0.027282 -0.109436 0.047220 -0.057631 -0.050484 -0.016177 0.055566 -0.080070 0.133434 0.136636 0.073467 -0.163619 0.079202 -0.043416 0.061847 -0.011115 0.076844 0.036504 0.034322 -0.042920 -0.025920 -0.120359 -0.017217 0.001081 0.030222 0.045148 -0.108271 -0.053661 0.030207 0.004769 0.151156 0.186861 -0.043773 -0.034553 0.029270 -0.019751 0.077535 0.030741 -0.098078 0.015792 -0.121962 0.041152 0.064354 0.008643 -0.036971 -0.097723 -0.123337 -0.111181 -0.014563 0.071010 -0.063812 -0.023724 -0.103851 0.003608 -0.050705 0.042313 -0.167341 0.067351 0.074956 -0.013763 -0.006602 -0.048485 0.071372 -0.000036 -0.089595 0.025528 -0.039739 0.011928 0.117057 -0.115920 -0.018325 -0.110057 -0.078739 0.057925 0.046155 -0.011841 -0.143934 -0.001131 -0.035974 -0.028662 -0.082761 0.004971 0.053771 0.018488 0.027041 0.031397 -0.074508 0.043097 -0.067439 -0.065287 -0.074611 -0.051305 0.105750 -0.105818 -0.136243 0.036106 -0.077319 -0.036668 -0.050018 0.038064 -0.019378 -0.054527 -0.189548 0.091160 -0.004569
T_3373 -0.033770 0.075749 0.061825 0.060964 0.111301 -0.098067 0.054644 0.031512 -0.040987 0.052430 -0.137225 0.068515 0.080889 -0.026220 0.120928 0.017154 0.032504 0.007952 0.048049 -0.056474 -0.008921 -0.093486 0.078489 -0.070750 -0.039008 -0.017893 0.001955 0.001105 -0.007802 -0.182259 0.007128 0.015188 -0.021755 0.044818 -0.018971 0.009850 0.046867 0.141830 -0.050595 -0.039978 -0.033427 0.054409 0.004946 -0.079754 0.053753 -0.037573 0.001613 -0.021598 0.096456 0.002722 0.075251 0.095833 -0.025712 -0.031899 0.104111 -0.019743 -0.043638 -0.013363 -0.111548 0.030297 -0.052249 0.041799 -0.048258 0.075439 0.030100 0.141029 -0.002837 -0.160176 0.025456 -0.085900 0.095494 0.155359 0.102296 -0.156860 -0.104249 -0.031615 -0.056811 -0.001020 -0.023080 0.110526 -0.023391 0.164209 0.015892 -0.026098 0.041088 -0.063726 0.033520 0.067667 -0.032125 0.049852 -0.017598 -0.142875 -0.003605 0.137323 0.056578 -0.046398 0.023057 -0.082323 -0.195685 0.079381 0.042127 -0.098603 0.101193 0.024528 0.009171 -0.028136 -0.105070 -0.055168 0.063813 0.033252 -0.112960 -0.111516 -0.004995 -0.141234 -0.005259 0.064235 -0.100765 0.060289 0.069571 -0.043341 0.036674 0.096521 -0.080669 0.012184 0.002916 0.010469 -0.068004 -0.083053 -0.093794 0.089509 -0.013653 -0.006449 0.007490 0.007850 -0.099726 -0.109918 0.087142 -0.043425 0.039997 -0.136533 -0.033768 -0.049648 -0.115376 -0.135964 0.114919 0.048480 0.045395 -0.002045 -0.041783 -0.004642 -0.063150 0.074247 0.059291 0.020924 0.086653 0.022224 -0.041661 0.047506 -0.137897 -0.024420 0.058597 -0.064471 0.032597 0.033681 -0.047843 0.056341 0.126685 0.008395 -0.012695 0.014038 0.056046 -0.049711 0.037491 0.050705 0.018021 -0.003050 -0.103823 0.092473 -0.009978 0.070992 -0.055190 -0.163646 0.020221 0.019054 0.025354 -0.006115 -0.089619 -0.086025 0.021051 0.048171 0.100395 -0.105956
T_3392 -0.019188 -0.031531 0.021175 -0.070684 -0.085188 -0.043458 0.085630 0.069252 -0.110394 -0.072325 -0.055643 0.091654 0.014765 -0.011295 -0.011649 0.022764 0.128099 0.021021 -0.069216 -0.030733 0.042531 -0.060328 -0.029581 -0.022065 -0.023052 0.161262 -0.049939 0.159149 0.043087 -0.098161 -0.041255 0.197948 -0.006416 0.081705 -0.018680 -0.019211 0.070372 -0.006014 0.000921 -0.061767 -0.050769 0.023749 -0.051760 -0.002421 -0.104476 -0.071509 0.028873 0.004381 0.058534 0.129181 -0.018821 0.031045 -0.013974 -0.007779 0.007726 0.029539 -0.170115 0.017096 -0.085434 0.050749 -0.002997 -0.069259 -0.040579 0.008602 0.085927 0.038084 0.037326 -0.059944 -0.023700 -0.148463 -0.002520 0.040362 0.037508 -0.166179 -0.025525 0.028609 0.025675 0.032525 -0.065781 0.149818 0.043264 0.116687 0.081981 -0.074782 0.037767 -0.077317 -0.022821 -0.001069 -0.120917 0.074475 -0.031667 -0.080513 0.052700 0.256886 -0.020058 0.061647 0.142362 0.053653 -0.164685 0.032053 0.057588 -0.067609 0.021951 0.055143 -0.052194 -0.093246 -0.117021 0.048870 -0.040978 0.012858 -0.056496 -0.026292 0.029827 -0.055788 -0.060092 0.069097 -0.068569 0.086124 0.091846 -0.011000 0.075995 0.057677 -0.023847 -0.060077 0.118233 -0.029804 -0.021702 -0.081032 -0.012824 0.021130 0.042452 0.000853 -0.123142 -0.048459 -0.203162 -0.096206 0.054551 -0.064237 0.041178 -0.113518 0.013638 -0.029121 0.023071 -0.128255 0.080821 0.012103 -0.039115 0.008878 -0.004776 0.007928 -0.025010 -0.105442 -0.102628 -0.025936 0.041014 0.042564 -0.141289 -0.057257 -0.083544 -0.010566 0.003012 0.053785 -0.078035 -0.071598 -0.057783 0.026488 0.025691 -0.009268 -0.002982 0.028741 0.132040 -0.002784 0.005361 0.006219 0.063011 -0.092830 -0.058857 0.023845 0.005554 0.059156 -0.162093 -0.080169 -0.046867 -0.073953 -0.017154 -0.000592 -0.043390 0.017913 -0.047634 -0.127607 0.051438 -0.065842
T_3405 -0.003055 0.077013 0.034433 0.030596 -0.000488 -0.045519 0.076673 -0.017185 -0.024823 0.055272 0.049593 0.151986 -0.068763 0.057997 0.042965 -0.137153 0.160769 0.099026 0.007889 0.042385 0.036981 -0.045209 0.054925 -0.048393 0.016988 0.046423 -0.000755 0.031902 0.075891 -0.063535 0.008585 0.156713 -0.085878 0.105482 -0.051322 -0.086542 -0.020127 -0.053666 0.080568 -0.076759 -0.057903 -0.042071 -0.027748 -0.032540 -0.038889 -0.062251 0.037689 -0.079556 0.113851 0.174867 -0.059405 -0.053103 0.039136 0.040571 0.045861 -0.045677 -0.198093 0.040408 -0.105577 -0.001753 -0.097873 0.029685 -0.039448 0.005030 0.077206 0.013337 -0.035326 -0.030616 0.055606 -0.128080 0.016768 -0.003492 0.043025 -0.084162 0.024320 -0.052484 -0.042145 -0.074447 0.015104 0.072466 0.036958 -0.015762 -0.009872 0.030887 0.137123 0.018525 0.067757 -0.085453 -0.101423 0.073593 0.015265 -0.034994 0.031239 0.084336 0.014517 0.104842 0.044603 0.018959 -0.193654 0.006698 0.004164 -0.007840 -0.012378 0.035684 -0.092397 -0.027081 0.006984 0.075806 -0.003175 0.049759 -0.042043 -0.023012 0.175809 -0.077265 -0.010285 -0.014997 0.055670 0.174530 0.197537 0.029722 0.028717 0.052949 -0.024872 0.077839 0.088841 0.039567 0.085971 -0.094570 -0.034801 -0.011608 -0.030819 -0.019610 -0.085865 -0.117348 -0.132874 -0.094704 0.130267 -0.019870 -0.055367 -0.024618 -0.026248 -0.037188 -0.041129 -0.149868 0.068402 0.049187 0.044261 0.010284 0.070966 0.010928 0.014656 -0.138578 -0.023765 -0.119614 -0.001686 -0.017376 -0.052890 0.006882 -0.005497 -0.069698 -0.028862 0.028584 0.037033 -0.035546 -0.015624 0.047930 -0.064670 -0.013044 0.013475 0.046676 0.072355 -0.092786 -0.035292 0.011874 0.044968 -0.051766 -0.001929 -0.139782 -0.017783 0.123565 -0.126300 -0.100809 0.016285 -0.105548 -0.026919 -0.130789 0.038344 -0.045947 0.039131 -0.187369 0.069187 -0.033993
T_3454 -0.097711 0.015202 0.019812 -0.000211 0.006389 -0.005911 0.004475 -0.078256 -0.018028 -0.005049 0.006163 0.104767 0.095271 0.000078 0.155910 -0.024051 0.050303 -0.022144 0.011201 0.025795 0.019979 -0.057223 0.039127 -0.007906 -0.037590 0.053463 0.015432 0.116976 0.047491 -0.127187 -0.002448 0.066378 0.026674 0.074684 0.040644 -0.056166 0.037527 0.057980 -0.038830 -0.089420 -0.109027 0.107804 -0.024646 0.023376 -0.119484 0.054403 -0.097970 0.007800 0.157204 0.069782 0.002960 -0.094418 -0.046226 -0.007313 0.039912 0.075808 -0.081812 -0.050876 -0.119342 0.085963 0.044437 -0.019150 -0.038258 0.065842 0.060474 0.134881 0.000178 -0.170418 0.035326 -0.094116 0.020286 0.120080 0.030713 -0.020262 0.018294 -0.052479 -0.055890 -0.070758 -0.027212 0.097632 -0.009173 0.100036 0.044309 0.021652 0.100234 0.023537 -0.022805 0.049450 -0.093803 0.128203 0.046923 -0.008672 0.021758 0.222777 -0.089193 0.003102 0.063883 0.011966 -0.257901 0.093902 0.066055 -0.062024 0.043263 -0.011474 -0.018884 -0.010913 -0.043443 -0.009890 0.101500 -0.011014 -0.020842 0.076335 0.077114 -0.132398 0.042109 -0.000531 -0.166395 0.112257 0.040845 -0.014167 0.090623 0.089180 0.017251 0.030894 0.056314 -0.010784 -0.044284 -0.081348 0.022006 0.031420 -0.011601 -0.010159 -0.063263 -0.001258 -0.120310 -0.092679 0.093519 -0.072045 0.132819 -0.132787 0.045382 -0.063941 0.030916 -0.050043 0.059901 -0.046293 -0.051930 0.046572 0.151416 0.007436 -0.041753 0.026391 -0.010376 -0.000132 0.110522 0.014451 -0.085923 -0.004701 -0.087246 -0.033171 -0.012575 -0.003935 -0.049130 -0.085450 -0.012578 0.021880 0.130351 -0.029393 -0.036690 0.033953 0.020258 -0.115472 0.007011 0.004023 0.087680 0.025898 -0.107320 -0.072720 -0.010615 0.180213 -0.065258 -0.123974 0.098963 0.047031 -0.032681 -0.050444 -0.109214 -0.044160 -0.009820 0.024550 0.011858 -0.059412
T_3455 -0.064707 0.034742 0.054978 0.096785 0.042856 -0.048596 0.050392 0.060332 -0.034941 -0.001437 -0.000955 0.038452 0.046233 0.021566 0.183042 -0.051571 0.042285 0.061054 0.028636 -0.064384 -0.020405 -0.009068 0.070448 -0.088772 -0.001657 0.047215 0.020048 0.069114 0.062506 -0.192229 -0.061803 0.053419 -0.035555 0.034948 0.005251 0.060102 -0.001919 0.103076 0.012650 -0.057321 -0.093175 0.127074 -0.042203 -0.033323 0.014842 0.021042 0.018647 -0.010828 0.090668 0.094687 0.063955 0.006982 -0.035620 0.002678 0.065919 0.095126 -0.057316 0.005616 -0.115632 0.046510 0.028244 -0.007466 -0.048161 0.045063 0.060518 0.063206 -0.063009 -0.199224 0.019774 -0.088333 -0.016339 0.080723 0.003322 -0.000247 -0.003313 -0.164867 -0.070207 0.016935 0.019952 0.055042 -0.024249 0.112334 0.014155 0.035713 0.072556 0.010458 0.002376 0.025530 -0.086169 0.105884 -0.017161 -0.010334 -0.013031 0.144192 -0.016352 -0.041590 0.020035 0.008886 -0.244542 0.054429 0.068201 0.027545 0.036669 -0.006285 -0.041760 0.008483 -0.037196 -0.049089 0.080123 0.056476 -0.063470 0.048901 0.082034 -0.120910 0.000251 0.108997 -0.053539 0.016213 0.084251 -0.075987 -0.016053 -0.012550 -0.013237 -0.035475 -0.004202 0.051681 -0.089234 -0.165079 -0.034959 0.053892 -0.018685 0.095102 -0.001441 -0.018418 -0.154189 -0.141768 0.072010 -0.017766 0.114339 -0.136250 0.033046 -0.052592 0.038674 -0.168673 -0.030869 -0.002030 -0.030191 0.005784 0.100538 0.031256 -0.024673 0.014180 -0.051823 -0.026312 0.143683 0.056224 -0.038697 -0.019870 -0.147451 -0.020541 -0.053756 -0.024807 -0.027357 0.009133 -0.030220 -0.096409 0.134824 -0.026924 -0.045445 -0.050080 0.009657 -0.101199 0.079211 0.144712 0.048903 0.062464 -0.146904 0.017875 -0.045041 0.135956 -0.047325 -0.074103 0.151816 0.062072 0.079197 0.008010 -0.141093 -0.054842 0.002093 0.002278 0.109311 -0.056254
T_3458 -0.003484 -0.018353 0.004168 0.057804 0.053634 0.012418 -0.084056 0.096137 -0.082182 0.033564 -0.006066 0.113803 0.040277 -0.008123 0.057251 0.022128 0.113274 -0.022249 0.037619 0.020675 0.042935 -0.066617 -0.026029 0.031023 0.058580 -0.033245 -0.046828 0.026539 0.083018 -0.080447 0.067834 0.111069 0.033073 -0.068302 -0.032937 -0.077132 -0.085567 -0.122364 0.098256 -0.034629 0.025751 -0.009168 -0.039737 -0.071537 0.064594 -0.030105 0.046391 -0.053377 0.160373 0.079483 -0.061837 0.098272 0.030608 -0.037429 0.101897 0.017169 -0.089906 -0.048050 -0.049884 -0.077344 -0.007899 0.028484 -0.084372 0.035833 0.152572 0.042412 0.084097 -0.117856 -0.018583 -0.078805 0.051261 0.052104 0.085103 -0.144974 0.035416 0.056855 -0.084704 -0.110509 0.089849 0.047217 -0.060078 0.112749 0.014290 0.003246 0.205548 -0.007238 0.131206 0.020373 -0.048981 0.028874 0.017556 -0.078919 -0.056955 0.011608 -0.032671 0.036942 -0.000077 -0.006946 -0.170007 0.072216 0.026908 0.099089 0.033715 0.052423 0.018369 0.007430 0.016178 -0.074001 -0.029334 -0.015256 -0.028172 -0.020267 -0.004805 0.006429 0.046073 0.057902 0.012732 0.026684 0.169551 0.010653 -0.064128 -0.003370 0.027344 0.036093 0.067074 -0.020750 0.061057 -0.085943 -0.046596 0.043075 -0.086978 -0.004317 0.044673 -0.098952 -0.069296 0.028421 0.105980 0.003601 0.050113 -0.034943 0.022533 -0.068070 0.067113 -0.166519 0.016513 -0.004360 0.056277 0.027596 0.059276 0.043233 -0.041215 -0.044729 -0.022482 0.006745 0.145258 -0.000263 -0.162512 0.023523 -0.064837 -0.089679 0.060481 0.055945 0.016552 -0.016721 0.043420 -0.007461 -0.033305 -0.142230 0.038834 0.088419 0.126942 -0.069463 0.061989 -0.047870 0.044265 0.010929 -0.001487 -0.020918 0.012920 0.137790 -0.153483 -0.131750 0.012838 -0.212378 0.010456 -0.084421 -0.017992 -0.196629 -0.006958 -0.143748 0.119449 -0.033621
T_3491 -0.005671 -0.028816 -0.021070 0.059747 -0.016730 -0.013918 -0.123054 -0.009649 -0.073030 0.073229 0.085120 0.078397 0.092064 0.032836 0.039180 -0.033924 0.033717 0.035991 0.004036 -0.021695 0.017870 -0.091695 -0.059479 -0.044854 -0.028323 0.060986 0.114203 0.138154 0.133647 -0.117069 -0.011736 0.103319 -0.045145 -0.025843 -0.043853 -0.012371 0.026040 -0.011254 0.046079 -0.062430 -0.025549 0.010063 0.005121 -0.068733 0.009384 -0.093245 -0.102594 0.010724 0.037568 0.044616 -0.081752 -0.051942 0.062184 -0.018883 0.089642 0.061242 -0.014866 0.013834 -0.073589 0.033974 -0.025266 0.017604 -0.150077 0.019338 0.102375 -0.030533 0.032625 -0.079207 0.024833 -0.073895 0.074899 0.063763 0.114212 -0.056054 -0.061512 0.005681 -0.084666 -0.034614 -0.013359 -0.012657 0.040427 0.178818 0.095851 -0.094000 0.022018 -0.054880 0.004120 0.048650 -0.154534 -0.005564 -0.023384 -0.066788 -0.036400 0.059574 -0.086147 0.102032 0.037858 0.027505 -0.159548 0.155977 -0.096325 0.085319 0.024425 0.116914 0.065705 0.124289 -0.080396 -0.118012 -0.020026 -0.007577 0.042497 -0.027991 0.033791 -0.070067 0.012844 0.120312 -0.020527 0.075999 0.165209 -0.091732 -0.088937 0.045567 -0.011795 0.026564 0.071492 -0.057081 0.036865 -0.080515 -0.038984 0.120494 -0.053245 -0.006848 -0.097116 -0.080657 -0.123715 -0.016344 0.109613 -0.078844 0.052892 -0.092429 -0.051491 -0.062739 0.075330 -0.079852 0.082683 0.036889 0.022403 -0.000806 -0.057409 0.138644 -0.015069 -0.123915 0.052863 -0.043439 0.126902 0.069478 -0.103831 0.044193 -0.045026 -0.041256 -0.009393 -0.000264 -0.008710 -0.170821 -0.011674 -0.033024 0.029806 -0.032025 -0.038459 0.064965 0.042530 0.008299 0.011076 -0.037562 0.043642 0.005643 -0.001800 -0.091764 -0.055329 0.109478 -0.122879 -0.130872 0.038884 -0.073419 0.002722 -0.073855 0.041673 -0.040878 -0.084809 -0.153577 0.166081 -0.042866
T_3526 -0.004692 -0.064233 -0.025109 -0.073803 -0.023575 -0.037877 -0.082501 0.155459 -0.070769 0.046728 0.070374 0.023210 -0.034785 -0.005340 0.039518 0.016550 0.081036 -0.104766 -0.037368 0.008753 -0.047029 -0.021128 0.047960 -0.082896 0.023053 0.020444 0.072910 0.105027 0.106248 -0.044568 -0.036915 0.048848 -0.016681 -0.080906 -0.037809 -0.127738 0.052795 -0.001372 -0.151961 -0.071945 0.015591 0.031472 -0.031367 -0.143115 -0.033304 -0.015654 -0.027777 -0.045037 0.075510 0.091160 0.051482 0.060230 -0.005848 -0.118627 0.041642 0.077708 -0.024043 -0.063825 -0.114420 0.021843 -0.023534 0.018918 -0.159492 -0.035925 0.103459 -0.053089 0.099646 -0.079926 -0.004046 -0.048376 0.030035 0.091857 0.020661 -0.099087 0.041244 -0.015680 -0.072097 -0.071849 0.016928 0.056676 -0.005686 0.154532 0.077288 -0.132331 0.015570 0.003805 0.072941 0.049402 -0.076938 0.020115 -0.101092 -0.069891 0.035670 0.199418 -0.102339 0.073856 0.142449 0.037086 -0.201000 0.074807 0.011931 -0.004594 -0.051891 0.019318 -0.018996 0.081873 -0.037311 -0.005604 -0.040900 0.060415 0.001278 -0.040593 -0.010860 -0.064317 -0.038101 0.064941 -0.040050 0.042858 0.115855 -0.060907 -0.023701 0.011246 0.007473 -0.002850 0.032143 -0.095899 0.018934 -0.064805 0.007391 0.118298 -0.045101 -0.030440 -0.064068 -0.065566 -0.000865 -0.027186 0.159306 -0.103625 -0.068450 -0.087984 -0.089932 -0.036275 0.045857 -0.166946 0.087385 0.128032 0.028829 0.083513 -0.065237 0.110679 0.031902 -0.045722 -0.085012 -0.043071 0.077025 0.018762 -0.059972 0.094873 -0.072076 -0.051549 0.029461 0.059720 0.004879 -0.039222 -0.046407 0.028088 0.038616 -0.132174 -0.090960 0.051526 0.028399 -0.063803 0.028580 -0.064832 0.109275 -0.073121 -0.087176 -0.084121 -0.046652 0.107490 -0.097086 -0.098651 -0.000391 -0.060238 0.021480 -0.015364 0.005749 0.003135 -0.083881 -0.201046 0.066887 -0.019311
T_3543 -0.057957 -0.039464 0.085674 -0.033180 0.023238 0.032872 -0.101584 0.010947 -0.086083 -0.041404 0.100339 0.072428 0.123246 0.028739 0.051185 -0.100450 0.096591 -0.040406 0.016792 0.027737 -0.038350 -0.072380 -0.077761 0.026805 0.015983 0.267988 -0.059574 0.017720 0.120252 -0.101738 0.027624 0.132341 -0.093832 0.041444 -0.026384 -0.045677 -0.058479 -0.047087 0.016279 -0.045462 -0.016418 -0.017322 -0.019061 -0.033514 0.085847 -0.107791 -0.037048 -0.022274 0.100685 0.062187 -0.052847 0.058363 0.055495 0.022878 -0.000209 0.092082 -0.075774 -0.017528 -0.119505 -0.024867 -0.057823 -0.015264 -0.029741 0.049876 0.125896 -0.066418 -0.061331 -0.073799 0.036537 -0.108117 0.048522 0.038227 0.082315 -0.067444 -0.085975 -0.024927 -0.028222 -0.095781 0.058484 0.089439 0.084784 0.043624 -0.005784 -0.069325 0.040631 -0.082570 0.028140 -0.050241 -0.036989 -0.052070 -0.134063 -0.016433 0.005733 0.009430 -0.063458 0.128681 0.103093 -0.010500 -0.151779 0.053311 -0.073488 0.030197 -0.036579 0.022773 0.008584 -0.026929 -0.016259 -0.087991 0.022368 0.054811 0.053531 -0.019521 0.038159 -0.062702 -0.084017 0.069338 -0.017099 0.155707 0.040909 -0.018873 0.053889 0.108092 -0.059723 0.152586 -0.081118 0.014035 0.067176 -0.079144 -0.037354 0.052696 -0.002139 0.015192 -0.111779 -0.147821 -0.043067 -0.083036 0.109139 -0.006703 -0.002704 -0.044747 0.004068 -0.013640 -0.037097 -0.165534 0.075274 -0.025882 0.093044 0.010197 -0.147371 0.126465 0.009198 -0.076729 0.091750 -0.009322 0.062901 0.064757 -0.125631 -0.003320 0.024607 0.066906 0.098396 -0.014030 0.075721 -0.163604 -0.030586 -0.038905 0.032210 -0.028479 -0.085556 0.087919 0.072876 -0.045206 0.100745 -0.125215 0.055697 -0.058334 -0.038097 -0.054581 0.027790 0.070363 0.009769 -0.076541 0.000992 0.006900 -0.109214 -0.061880 -0.029963 -0.029448 -0.009346 -0.136573 0.005732 -0.113905
T_3567 -0.042880 0.024382 -0.029118 0.041687 0.089345 -0.073546 -0.007520 0.085508 -0.129275 -0.037374 -0.138387 0.087746 0.039801 -0.053454 0.139385 -0.065298 0.133180 0.046993 0.002416 0.009779 0.009170 -0.112595 0.060233 0.037607 -0.056497 -0.026178 -0.053736 0.059045 -0.063043 -0.142066 0.010637 -0.007690 0.002331 0.063200 0.013049 0.052357 0.004168 0.073182 -0.022362 0.026404 0.016248 0.006112 0.025952 -0.067412 0.098024 -0.019260 -0.061289 -0.032832 0.132824 0.023218 0.000708 0.055475 -0.101559 -0.039248 0.122849 0.017029 -0.055691 0.004575 -0.123454 0.011238 -0.079162 0.059842 -0.024872 0.052887 0.148830 0.053123 -0.007194 -0.088431 0.075211 -0.034688 0.009539 0.059342 0.087590 -0.229447 -0.080949 -0.010901 -0.071333 -0.024185 0.013863 0.058906 0.002210 0.148530 -0.045965 0.077336 0.071742 -0.048726 0.023214 0.052367 -0.033314 0.078045 -0.035457 -0.117311 0.031992 0.082337 -0.010829 -0.106969 -0.004796 -0.058503 -0.240163 0.065038 0.031380 -0.052501 0.048450 0.032114 0.001067 0.023730 -0.131433 -0.077139 0.052259 -0.040890 -0.068220 -0.040602 -0.074213 -0.101655 -0.026780 0.039909 -0.058482 0.041318 0.059700 -0.020382 0.024703 0.060191 0.100526 0.022471 0.062649 -0.025076 -0.123657 -0.017230 -0.180060 0.042598 -0.016039 0.028592 0.086753 -0.029358 -0.110784 -0.054453 0.157947 -0.023673 0.046346 -0.108165 0.067246 -0.099998 -0.008681 -0.065708 0.015932 0.039923 -0.062987 0.044575 0.149046 -0.077221 0.030391 0.046228 -0.029682 0.037285 -0.005987 0.034094 -0.042179 0.099060 -0.035693 -0.035216 0.037069 -0.055322 0.040018 -0.065921 -0.095133 0.018902 0.089023 0.011832 -0.041693 -0.060871 0.041471 -0.105834 0.001660 0.066187 0.122227 0.095176 -0.091873 0.008517 0.017713 0.009998 -0.015484 -0.211523 0.032581 0.021466 -0.040092 -0.033985 -0.084391 -0.043513 -0.002632 0.112190 0.054249 -0.109856
T_3583 -0.040575 0.050155 0.018919 0.037327 0.037446 -0.141419 0.015062 0.045845 -0.127657 0.083985 -0.100288 0.123920 0.110439 0.033836 0.142698 -0.097468 0.023801 -0.028974 -0.029343 0.021563 -0.033761 -0.136023 0.063203 -0.055780 0.023219 -0.006731 0.001742 0.044675 0.020650 -0.041064 -0.011323 0.054575 0.045989 -0.066895 0.025528 0.086020 0.087223 0.136670 -0.032755 0.040650 -0.081312 0.070944 0.040765 -0.066335 0.062912 -0.058593 -0.048860 0.064886 0.119947 0.047348 -0.028357 0.024694 -0.077664 0.021361 0.056762 0.016850 -0.040496 0.069316 -0.094216 0.082071 -0.014747 0.008874 -0.024835 0.060494 0.039060 0.158333 -0.081577 -0.116303 0.042117 -0.176216 0.070143 0.126838 0.073318 -0.130413 -0.085581 -0.027595 -0.037562 0.002565 -0.076144 0.068900 -0.012334 0.067049 -0.026737 -0.068951 0.085045 -0.072724 0.021039 -0.002591 -0.047869 0.116765 0.048773 -0.115043 0.011695 0.243718 0.043197 -0.069564 0.040971 -0.066781 -0.206985 0.112436 0.032942 -0.017854 0.105151 -0.053706 -0.078556 0.015143 -0.066714 -0.087586 0.051821 0.016016 -0.142832 -0.036663 0.030129 -0.114998 -0.013165 0.056243 -0.027860 0.065790 -0.003718 -0.012276 0.137367 0.006779 -0.040973 0.001872 0.000614 0.059667 -0.044042 -0.075247 -0.029836 -0.036413 0.047875 0.044514 0.052141 -0.021659 -0.085507 -0.079172 0.059569 -0.016542 0.062898 -0.112925 -0.054474 -0.058353 -0.069558 -0.070606 -0.024127 0.069016 -0.067553 -0.001769 0.092932 -0.007180 -0.133663 -0.022227 0.030477 -0.000945 0.081243 0.049534 -0.077116 0.065547 -0.096708 0.028638 0.022535 -0.127812 0.034843 0.061693 -0.058909 0.022109 0.097656 -0.021636 -0.059025 -0.010674 0.039371 -0.019172 0.045007 0.050220 0.013641 0.046348 -0.131290 0.063718 0.003804 0.040296 0.051510 -0.139927 0.075971 0.099122 0.005916 -0.032791 -0.146009 -0.076548 -0.002343 -0.004995 0.080900 0.036203
T_3587 -0.078258 -0.012563 -0.011058 0.110282 0.035744 -0.030588 0.038065 0.057147 -0.017314 0.045774 -0.054332 0.027235 0.095298 0.041129 0.086538 0.046175 0.080576 0.055617 -0.036666 -0.014208 -0.015188 -0.111014 0.031826 0.038218 0.015029 -0.016579 0.035157 0.119083 0.074224 -0.094626 -0.147896 0.017665 -0.058539 -0.052386 -0.007366 0.008440 -0.015598 -0.016413 0.000245 -0.089865 -0.049587 0.044261 0.017395 -0.107377 -0.009997 0.066222 0.005127 -0.020821 0.077734 0.062323 0.069218 0.038986 0.105282 -0.030425 0.100288 0.068072 -0.086567 0.011223 -0.087022 -0.027448 -0.023169 0.011875 -0.058164 0.082631 0.096438 0.048118 0.030087 -0.067543 0.084964 -0.117830 -0.016177 0.034677 0.094853 -0.091869 -0.032485 -0.061638 -0.005392 -0.067158 -0.071248 0.145291 -0.115289 0.070000 0.063260 -0.051587 0.107443 0.009496 0.069523 -0.001038 -0.061087 0.116127 0.023169 -0.069122 -0.099410 0.220827 -0.084261 -0.078313 0.054836 -0.063250 -0.181551 0.062426 0.073856 0.025913 0.024403 -0.001126 -0.017870 0.042379 -0.083702 -0.107327 -0.011460 0.028776 -0.070084 0.007257 -0.054416 -0.064868 0.069588 0.116365 -0.001520 -0.025577 0.030750 -0.043458 0.105495 -0.035156 -0.056319 -0.048318 0.004045 -0.039053 -0.018961 -0.169166 -0.091714 0.051588 -0.041072 0.044415 0.044646 -0.109806 -0.104092 -0.105801 0.085730 -0.150553 0.115342 -0.126919 0.097826 -0.122424 0.061635 -0.083653 -0.115997 0.080597 -0.062125 0.044105 0.104925 -0.037019 -0.065974 -0.089362 -0.086467 -0.024562 0.053837 -0.047857 -0.049351 0.050655 -0.130486 -0.057913 -0.016543 -0.065099 -0.023203 -0.060321 -0.074220 -0.000193 0.054865 -0.050036 -0.000723 0.076116 0.085954 -0.021761 -0.020780 0.044400 0.092618 0.037646 -0.073656 0.036432 -0.035472 0.062698 -0.118524 -0.171710 0.000194 -0.010091 0.046695 0.033737 -0.132519 0.052962 0.046748 -0.046411 0.127051 -0.015146
T_3603 0.005750 -0.124049 -0.051652 -0.056536 0.039248 -0.009615 -0.078148 -0.065513 -0.083658 -0.071564 0.037483 0.076002 0.019462 0.014592 0.154261 -0.063442 0.134369 0.047692 0.070671 -0.002631 -0.038169 -0.065440 0.071021 -0.009334 0.085168 0.097698 0.103931 0.100940 0.090428 -0.093892 -0.020794 0.144923 -0.106851 -0.029979 -0.092492 -0.090355 0.038666 0.016716 0.041673 -0.076362 -0.047688 -0.032621 -0.027319 -0.077462 0.021296 -0.126534 -0.072226 -0.035126 0.062273 0.093231 -0.070960 0.002209 0.125756 -0.064026 0.043248 0.034629 -0.064454 0.046357 -0.125658 -0.029710 -0.072964 0.029565 -0.048310 0.003024 0.043953 -0.055359 -0.037542 -0.084505 0.095312 -0.101116 0.037373 0.047497 0.003082 -0.094109 -0.067268 -0.004854 -0.127786 -0.095663 0.037864 0.004803 -0.015236 0.104258 0.031535 -0.070613 0.054810 0.008456 -0.015307 0.058592 -0.125913 0.011088 -0.038277 -0.042848 0.052067 0.049649 -0.041703 0.047392 0.079217 0.082716 -0.197144 0.143772 -0.033588 0.087393 0.066985 0.009748 -0.003016 0.075466 0.018791 0.009615 0.013711 -0.070876 -0.019762 0.008195 -0.024169 -0.055147 0.020887 0.056555 0.003358 0.140204 0.169420 -0.053677 -0.001024 0.068264 -0.012540 -0.000143 0.010320 -0.059151 0.069119 -0.121008 -0.021843 -0.022573 0.019293 -0.033893 -0.081520 -0.079446 -0.086469 -0.022952 0.019691 -0.050218 -0.059087 -0.060571 -0.061884 -0.012906 0.037998 -0.110725 0.063429 0.057052 0.059181 -0.030941 -0.049744 0.084171 0.120748 -0.159350 0.023213 -0.092208 0.119334 0.025926 -0.112964 -0.010701 -0.067786 0.034858 0.076540 -0.018535 -0.033010 -0.147565 -0.003855 0.003623 0.032157 -0.072595 -0.069726 0.041599 0.091569 0.040712 0.050444 -0.078830 0.086182 0.007714 -0.034528 -0.083439 0.015902 0.159118 -0.052090 -0.116726 0.051376 -0.066386 -0.108045 -0.022804 0.083603 -0.086568 -0.037963 -0.183099 0.057339 -0.065525
T_3624 -0.004235 -0.031581 0.016093 -0.015033 0.042412 0.018192 -0.072733 -0.018911 -0.141404 -0.019617 0.009576 0.096297 0.032314 -0.004282 0.074565 -0.150207 0.113176 0.009139 0.029423 -0.073896 0.030290 -0.032572 -0.078763 -0.081659 -0.017733 0.174360 0.043868 0.080260 0.143697 -0.094889 -0.041190 0.116063 0.064345 -0.002086 -0.062048 -0.000150 0.007651 -0.011098 0.068829 -0.088485 -0.035189 0.013737 -0.049327 -0.058066 0.030053 -0.059958 -0.134404 -0.013414 0.057527 0.028485 -0.040239 -0.049237 0.038348 -0.020269 0.107832 0.043569 -0.067604 -0.004317 -0.030381 -0.018691 -0.049554 -0.005979 -0.131936 0.025817 0.027820 -0.003909 -0.005960 -0.124363 0.014303 -0.131245 0.057484 0.061423 0.075859 -0.062449 -0.081614 0.003560 -0.114847 -0.033390 -0.018661 -0.009478 0.060807 0.073709 0.019144 -0.058454 0.078418 -0.066075 -0.004251 0.020000 -0.113569 0.068410 -0.045361 -0.104408 -0.002957 0.085426 -0.091304 0.116036 0.095863 0.071445 -0.114655 0.155868 -0.131192 0.130589 -0.021783 0.142352 0.085055 -0.013736 -0.093464 -0.060548 -0.078478 0.036681 -0.016189 -0.007055 0.080351 -0.057259 -0.003206 0.083434 0.003509 0.161683 0.130383 -0.066542 -0.021787 0.120463 -0.056313 0.027741 0.055319 -0.023434 0.104373 -0.031314 0.016722 0.069420 0.018949 0.018115 -0.122090 -0.045969 -0.164423 -0.052730 0.107896 -0.002543 0.010952 -0.082107 0.003834 -0.031980 0.040191 -0.155911 0.133876 -0.015365 -0.020551 -0.021753 -0.046466 0.066474 -0.008725 -0.068881 0.012490 -0.028246 0.106500 0.048003 -0.078033 0.002831 -0.036879 -0.078396 0.010601 -0.013963 -0.039525 -0.128790 -0.061137 -0.017723 -0.008944 -0.079839 -0.029184 0.049197 0.070655 0.019720 0.012159 -0.086773 0.023720 -0.038478 -0.000979 -0.056313 0.022735 0.102164 -0.146428 -0.092206 0.080897 -0.057810 -0.019261 -0.063170 -0.047773 -0.063994 -0.063368 -0.131726 0.127528 -0.135134
T_3650 -0.071877 0.047756 0.093270 0.040067 -0.020114 0.005669 -0.037683 -0.096694 -0.005424 0.030630 -0.040732 0.045323 0.082871 -0.025751 0.109267 0.028757 0.020353 0.024283 0.025226 -0.027474 0.030514 -0.088699 0.059726 0.028958 -0.017121 0.005491 0.026437 0.155561 0.018152 -0.098855 -0.078285 0.046396 -0.010074 0.066936 0.095556 -0.060405 0.005095 -0.044141 0.040594 -0.104602 -0.120782 0.028402 -0.012166 -0.048590 -0.106027 0.051898 -0.034242 0.004689 0.151426 0.069392 -0.051316 -0.017386 -0.090112 -0.020669 0.087443 0.048978 -0.071145 -0.047216 -0.108858 0.061696 0.074755 -0.015022 -0.044368 0.033851 0.012536 0.070993 0.006618 -0.115254 0.065595 -0.058229 0.025702 0.143192 0.066751 -0.109071 0.040611 -0.076072 -0.103710 -0.090256 -0.034975 -0.011106 -0.024541 0.053691 0.085814 0.012251 0.112480 0.009711 0.026456 -0.026096 -0.073758 0.117501 -0.010132 -0.122774 0.070223 0.221165 -0.033572 -0.004953 0.095021 0.021791 -0.237589 0.059870 0.106926 -0.151127 0.019243 0.080081 -0.021233 -0.075339 -0.026999 -0.015062 0.013475 0.007448 -0.074820 -0.017639 0.080828 -0.070500 0.074253 -0.009508 -0.083546 0.101399 -0.020459 -0.010505 0.154258 -0.005541 0.007887 0.044636 0.023945 -0.036962 -0.038086 -0.042984 0.024746 0.103768 -0.113044 0.017498 -0.086365 -0.003708 -0.119861 -0.141798 0.084529 -0.118808 0.147152 -0.110962 0.011115 -0.020477 0.021333 0.044654 0.075775 -0.008666 -0.000161 0.025585 0.004037 -0.018529 -0.069492 -0.044030 -0.056960 -0.055836 0.080950 0.038616 -0.048127 0.004136 -0.121438 -0.050613 0.070195 0.024668 0.048039 -0.056456 -0.046471 -0.012765 0.142896 0.032680 -0.082546 0.021878 0.029512 -0.117016 -0.026843 -0.088089 0.038128 -0.030350 -0.053641 -0.129742 -0.099140 0.141618 -0.021210 -0.038570 0.090448 0.011508 -0.088147 -0.007933 -0.043628 -0.001881 -0.072025 0.044024 0.076351 -0.150269
T_3683 -0.023116 0.071240 0.127097 0.073881 0.092681 -0.094297 0.007564 -0.042903 0.013750 0.026757 -0.124124 0.134235 0.112621 -0.065121 0.119115 0.019567 0.102454 0.027490 -0.004695 -0.025643 0.030652 -0.106657 0.141642 -0.027887 0.004438 -0.021770 -0.081443 0.051854 0.047652 -0.162649 -0.021292 0.038124 -0.022077 0.069404 -0.030478 -0.014625 -0.023608 0.018351 -0.020258 -0.111216 -0.040318 0.073831 -0.045068 -0.103759 0.063871 0.012518 -0.070085 -0.024660 0.175616 0.042858 0.041330 0.068141 -0.027149 0.004708 0.151529 0.120960 -0.044691 -0.068099 -0.157603 0.032315 -0.020367 0.047786 -0.063831 0.109025 0.088585 0.177081 0.002162 -0.123954 0.024821 -0.105423 -0.016602 0.136090 0.134493 -0.157030 -0.063417 -0.110948 -0.017322 -0.010756 -0.002484 0.059884 0.018518 0.095748 -0.010033 0.035192 -0.010762 -0.037419 0.018880 0.109398 -0.093343 0.059483 0.002155 -0.133124 -0.008377 0.038120 -0.015996 -0.054400 -0.017508 -0.073284 -0.220596 0.005893 0.158868 -0.029878 0.034094 0.014202 -0.040218 0.010219 -0.126021 -0.035917 0.028216 0.014636 -0.082002 -0.112250 0.011693 -0.107829 0.030019 0.048579 -0.213211 0.052502 0.012460 0.002967 0.047155 0.054469 -0.012257 0.011696 0.066425 -0.040652 -0.057332 -0.057802 -0.092522 0.114176 -0.032117 0.003687 0.027557 0.016322 -0.119711 -0.058932 0.071748 -0.094343 -0.012735 -0.142639 0.045725 -0.053623 0.005718 -0.110143 0.072034 0.047632 0.005343 0.029710 0.027576 -0.023891 -0.030610 -0.004918 0.063978 -0.022716 0.012114 -0.014507 0.010500 0.054551 -0.080830 -0.045452 0.045345 -0.009121 0.040577 -0.065168 -0.036480 -0.007794 0.039696 -0.059703 -0.009966 -0.000326 -0.006690 -0.048894 -0.017443 0.006621 0.102955 0.000512 -0.051171 -0.052867 -0.020761 0.078448 -0.049113 -0.113107 -0.045408 -0.026322 0.048847 -0.033137 -0.044230 -0.077722 0.034575 0.071258 0.106599 -0.076607
T_3688 0.006666 0.000183 0.053118 -0.046140 0.079596 0.040859 -0.025650 0.022165 -0.157432 -0.021380 0.008311 0.082999 0.122014 0.029587 0.191763 0.045773 0.083170 0.011524 0.074437 -0.087288 -0.027416 -0.011716 0.050100 0.062135 -0.027639 0.122629 0.052106 0.053436 0.080446 -0.137610 0.059417 0.036976 -0.060592 -0.013562 -0.024419 0.017708 -0.013779 -0.073257 0.057540 -0.074875 -0.050285 0.011122 0.062464 -0.008879 0.030187 -0.119226 -0.049252 0.001292 0.075400 0.065259 -0.116880 0.000324 0.064832 -0.033209 0.049699 0.032655 -0.018062 -0.078041 -0.084996 -0.019194 -0.112261 -0.010912 -0.108332 -0.022644 0.104437 0.004682 -0.044001 -0.041392 0.001056 -0.082688 0.016379 0.122627 0.022157 -0.127034 -0.135733 -0.022686 -0.067353 -0.175398 -0.058934 -0.000336 -0.000104 0.089565 0.008361 -0.041633 0.063600 -0.064017 -0.077812 0.058678 -0.069586 0.060847 -0.060162 -0.073133 -0.008517 0.071016 -0.030444 0.011366 0.097181 -0.016713 -0.067444 0.075990 -0.049008 0.059188 0.089772 0.075388 0.017209 -0.044484 -0.098921 -0.049256 -0.078372 0.072503 0.066544 0.018788 0.036488 -0.019305 0.001830 0.097600 -0.022270 0.011415 0.104889 -0.088261 -0.056189 0.027893 -0.030255 0.001821 0.045560 -0.046263 0.205337 -0.019809 0.002955 -0.003672 -0.071320 -0.056924 -0.128116 -0.022150 -0.177672 -0.009252 0.015168 -0.007899 -0.018560 -0.093163 0.053697 0.028849 0.020413 -0.148079 0.107553 0.016291 -0.022894 -0.006236 0.036900 0.044924 -0.004481 -0.055139 0.109541 -0.007861 0.079854 0.182171 -0.113221 -0.008885 -0.198307 0.031109 0.098223 0.062510 -0.009314 -0.123693 -0.034428 0.002265 -0.014331 -0.100570 -0.017881 0.055911 0.068834 -0.047858 0.017390 -0.095528 -0.038802 -0.062213 -0.022020 0.014163 -0.006706 0.156083 -0.113839 -0.072236 0.054233 0.077056 -0.101149 -0.018225 -0.012512 -0.081437 0.030018 -0.136660 0.097965 -0.099148
T_3702 -0.004365 -0.079348 0.000227 -0.091205 0.051659 -0.045236 -0.068912 0.096426 -0.101614 -0.002170 -0.010473 0.073791 0.021852 -0.004581 0.014136 -0.067626 0.081692 -0.034040 -0.038540 -0.193177 0.051916 -0.028988 0.018585 0.024025 0.000634 0.131400 0.082817 -0.004425 0.083439 -0.125817 -0.047794 0.181575 0.004729 0.037682 0.031448 -0.037696 0.039746 -0.006134 0.086490 -0.081820 0.061207 0.013668 -0.025366 -0.041507 -0.024282 -0.129017 -0.031868 -0.078048 0.108681 0.060672 -0.041757 0.103118 -0.093326 -0.072345 0.060404 0.118955 -0.105228 0.035455 -0.055011 0.022789 -0.049235 -0.078926 -0.051227 0.042546 0.098203 0.019552 -0.040379 -0.130867 -0.027532 -0.098241 -0.066278 0.032688 0.013935 -0.181571 -0.007867 -0.063364 -0.043214 0.028389 -0.039008 -0.029926 0.077227 0.075108 -0.054823 -0.091925 -0.010156 -0.016968 0.135369 -0.030652 -0.172309 0.123455 -0.063455 -0.067705 0.022509 0.168445 0.001360 0.047449 0.121150 0.037788 -0.110141 0.107505 -0.029332 0.087215 -0.033039 0.071221 -0.084895 -0.040322 -0.029577 0.011964 -0.011694 0.015144 -0.138909 -0.004769 0.050550 -0.036392 -0.055598 0.062343 0.024776 0.040144 0.175475 -0.003904 -0.012083 0.063510 -0.087034 -0.013275 0.071005 0.013051 0.087061 0.018546 -0.032056 0.021539 -0.004897 -0.000444 -0.051715 -0.179961 -0.049131 -0.066405 0.100119 -0.072252 -0.022070 -0.103253 0.086600 -0.029740 0.020328 -0.069305 0.110760 -0.044176 -0.083623 -0.054664 0.040534 0.030924 -0.043243 -0.084902 -0.034481 0.021000 0.068123 -0.041356 -0.195850 -0.004539 -0.087079 -0.026676 0.025304 0.041303 0.074465 -0.015159 -0.023193 0.010527 -0.070567 -0.147280 0.027363 -0.029058 0.045124 0.022787 -0.056449 0.050038 -0.015850 -0.039501 -0.094987 0.060024 0.043902 0.103734 -0.096726 -0.136467 -0.008511 -0.055581 0.000145 -0.000815 -0.066963 -0.055071 -0.005442 -0.131729 0.039093 -0.045984
T_3703 0.000261 0.059956 0.069066 0.080317 -0.036252 -0.072614 0.115862 0.001928 -0.003251 -0.059189 -0.112992 0.024783 0.064710 0.063006 0.123321 -0.008109 0.087445 0.017239 -0.016179 -0.043617 0.033421 -0.048156 0.117769 0.043168 0.043573 0.064039 0.000993 0.111053 0.095929 -0.094311 -0.096938 0.063327 -0.062418 -0.022273 0.056569 0.035611 -0.032258 0.025914 0.084238 -0.099799 -0.058772 0.065143 0.012495 -0.036341 -0.010630 0.073412 -0.024491 0.068295 0.090545 0.080067 0.040784 0.042386 -0.043255 -0.036003 0.133245 0.102452 -0.076831 -0.012779 -0.084933 0.013232 -0.020587 -0.016824 -0.019941 0.029985 0.019228 0.062895 0.055974 -0.108439 0.079432 -0.138620 0.016122 0.078241 0.000244 -0.149369 0.011527 -0.114404 -0.067242 -0.012892 -0.079739 0.052105 -0.136505 0.047680 0.048135 -0.001990 0.072845 -0.023975 0.027035 -0.019076 -0.195870 0.075975 0.036223 -0.024735 0.007062 0.202522 -0.117047 -0.139045 0.089997 0.027041 -0.184872 0.071666 0.070145 0.000205 -0.001525 -0.034987 -0.040807 0.014548 -0.080400 -0.064103 -0.025517 0.037340 -0.104088 0.030098 0.046795 -0.093494 -0.027865 0.007749 -0.011932 0.016829 -0.041905 0.028174 0.146765 -0.063067 -0.098589 -0.046109 0.015058 -0.013894 -0.067301 -0.169311 -0.013764 0.030726 -0.004570 0.063374 -0.012899 -0.039638 -0.215122 -0.120738 0.109883 -0.118906 0.114584 -0.111979 0.052018 -0.055742 0.065472 -0.101535 0.011496 0.080319 -0.002262 0.080258 0.082790 -0.079885 -0.015866 -0.105753 -0.089196 -0.040039 0.026263 -0.025259 -0.076964 -0.022013 -0.140687 -0.017158 -0.046608 0.001210 -0.020736 -0.050620 -0.089035 0.009111 0.098795 -0.018442 -0.038470 0.026910 0.060977 -0.033414 0.010975 0.046173 0.069558 -0.002350 -0.126709 -0.000315 -0.036909 0.065727 -0.032620 -0.087303 -0.043749 0.035684 0.057652 0.030642 -0.097062 -0.010057 0.035628 -0.083413 0.082977 -0.033574
T_3714 -0.037626 0.168466 0.109240 0.105921 -0.054320 -0.040138 0.041395 -0.014669 0.054403 0.126241 0.002200 0.038532 0.149382 -0.026820 0.097347 -0.099121 -0.036018 0.086153 -0.051720 0.019347 -0.049710 -0.081203 0.115377 0.105894 0.003040 -0.023367 -0.007687 0.134719 0.077024 -0.099336 -0.050016 -0.021219 -0.066815 -0.019007 0.043696 0.019564 0.023807 0.033661 0.046319 -0.070250 -0.021021 0.018819 -0.072481 -0.126786 -0.020969 0.013957 0.062106 -0.086169 0.040939 0.023611 0.000883 0.067269 -0.118888 -0.059131 0.130808 0.027156 -0.037030 0.015875 -0.046558 -0.055578 0.108748 0.051212 -0.084174 0.048736 0.001217 0.111148 0.027496 -0.098395 0.058890 -0.028230 -0.094744 0.112674 0.082411 -0.128378 -0.014503 -0.124317 -0.074711 -0.091888 -0.026380 -0.010537 -0.037008 -0.008664 0.046036 0.001578 0.065896 -0.001049 0.063877 0.061711 -0.090297 0.108498 -0.041743 -0.114391 0.032113 0.147990 -0.000261 -0.043184 0.080967 -0.108087 -0.170232 -0.024916 0.006612 -0.124528 0.086892 0.067490 0.070148 -0.081670 -0.038027 -0.074716 0.048685 0.073630 -0.110485 -0.063762 -0.040232 0.017648 -0.028614 0.022228 -0.099560 0.061108 -0.027573 0.001749 0.070373 0.022172 -0.112755 -0.075290 -0.080820 -0.047383 -0.058446 -0.090940 -0.001599 0.049625 -0.043763 0.012039 0.018418 -0.022748 -0.148320 -0.114305 0.041465 -0.113839 0.124664 -0.099196 -0.035470 -0.072981 -0.001856 -0.087125 0.001712 -0.077005 0.084345 -0.041765 0.011915 0.068042 -0.008741 -0.071259 -0.002657 0.012861 -0.026581 0.044193 -0.020763 0.061673 -0.115731 -0.036625 0.024812 -0.087841 0.030034 0.039600 -0.074071 -0.009643 0.090642 0.036720 -0.055613 -0.048090 0.048715 -0.217980 -0.131548 -0.083184 -0.014064 -0.031307 -0.013469 -0.044209 -0.104187 0.106285 0.031870 -0.079974 0.066795 -0.041914 -0.005490 0.007720 -0.101925 0.050863 -0.050723 -0.040304 0.010341 -0.104394
T_3725 -0.045692 0.027757 0.148948 0.087280 0.025797 -0.079865 0.072690 -0.042544 0.021192 0.015031 -0.073234 0.044134 0.061732 0.093131 0.145467 0.037070 0.049670 0.062283 0.031530 -0.055083 -0.045864 -0.066346 0.129797 0.009936 0.057479 0.093574 0.010682 0.034379 0.152792 -0.103868 -0.071749 0.083677 -0.079099 0.027595 -0.008686 -0.002142 -0.039479 0.063443 0.038441 -0.113157 -0.056687 0.077511 0.014465 -0.081405 0.039446 0.001871 -0.055555 0.038052 0.027097 0.060622 0.024711 0.086769 -0.046133 0.005590 0.153310 0.142021 -0.058603 0.019083 -0.063985 0.025085 -0.015969 0.015834 -0.019660 0.008082 0.031225 0.129926 -0.010834 -0.183737 0.058186 -0.073475 0.011151 0.069464 0.038344 -0.104617 -0.053927 -0.119350 -0.066509 -0.033943 -0.063985 0.061529 -0.071695 0.102365 0.074695 -0.008502 0.053863 -0.032063 0.066379 0.009963 -0.159067 0.059455 0.044821 -0.108641 -0.003437 0.126671 -0.046623 -0.116336 0.066640 -0.056426 -0.174805 0.145283 0.076756 -0.024381 0.018039 -0.014325 -0.005419 -0.057120 -0.100030 0.000734 -0.003575 0.048034 -0.085609 0.006506 0.045702 -0.103864 0.011685 0.013352 -0.100854 0.043102 -0.029162 -0.018028 0.132808 0.015172 -0.151081 -0.017680 0.016606 -0.044478 -0.086934 -0.150360 0.021825 0.070952 -0.048557 0.074183 -0.039475 -0.013659 -0.213633 -0.109607 0.056257 -0.041356 0.081765 -0.128134 0.007641 -0.064951 0.022485 -0.101434 0.024512 0.071700 0.022108 0.024739 -0.006278 -0.061592 -0.034400 -0.093138 -0.026200 -0.012635 0.057091 -0.016358 -0.044029 0.000288 -0.189249 -0.027754 -0.012253 -0.043201 -0.034104 0.031101 -0.029607 -0.036548 0.131750 -0.039490 -0.068473 0.019277 0.046332 -0.067107 0.055379 0.081388 0.085525 -0.026981 -0.049267 -0.008324 -0.065773 0.114716 -0.016436 -0.064937 0.045879 -0.016343 0.005644 -0.010847 -0.138024 -0.051783 0.031611 0.020064 0.093385 -0.072199
T_3734 -0.119858 0.014171 0.094676 0.048257 0.074726 -0.046342 -0.000666 0.002375 -0.047341 -0.047454 -0.085275 0.079619 0.014964 -0.036065 0.123635 0.002787 0.064588 0.080310 0.018597 -0.035688 0.022046 -0.071168 0.097036 0.009789 -0.116464 0.017529 -0.051919 0.033771 -0.025440 -0.240284 0.017805 0.060943 -0.027778 0.015997 -0.020168 -0.051429 0.011394 0.035809 -0.000094 -0.082732 -0.024785 0.047045 0.006825 -0.064882 0.030859 0.057777 -0.084927 -0.046969 0.092160 0.043836 0.005687 -0.030174 -0.095659 0.038054 0.087169 0.081445 -0.071662 -0.096857 -0.190271 -0.026970 -0.051890 0.030301 -0.060387 0.102054 0.107163 0.112659 -0.014617 -0.126919 0.056241 -0.065068 -0.004335 0.039823 0.065099 -0.111755 -0.155541 -0.069916 -0.071958 -0.098019 0.012993 0.070125 -0.023160 0.134740 -0.058096 0.059341 0.063138 0.029663 -0.030253 0.039234 -0.131548 -0.011787 -0.005235 -0.086139 0.044371 0.088959 -0.018213 -0.045038 -0.012908 -0.066979 -0.253910 0.059635 0.058445 0.009012 0.033198 0.074065 -0.025579 -0.031326 -0.136663 0.010935 0.064733 -0.003504 -0.032404 0.027053 -0.053116 -0.080844 0.012534 0.079403 -0.117793 0.065274 0.092474 -0.071863 0.071776 0.108208 0.030033 -0.012165 0.079395 -0.112294 -0.105860 -0.031714 -0.074658 0.094212 -0.022748 0.005607 -0.042320 -0.032530 -0.149369 -0.072179 0.095894 -0.072453 0.016128 -0.161449 0.068219 -0.068923 0.038095 -0.034219 0.065260 -0.009442 -0.014255 0.071589 0.112768 0.017792 0.004922 0.006231 -0.043391 -0.054465 0.048463 0.076134 -0.044487 0.019902 -0.050583 -0.060863 0.076994 -0.014820 -0.009527 -0.090089 -0.050501 -0.033425 0.084245 -0.051957 -0.086826 -0.022285 -0.015938 -0.089401 -0.015222 0.041942 0.120870 0.018958 -0.049295 -0.038951 -0.068102 0.098994 -0.092193 -0.139985 0.093669 0.089362 -0.009100 -0.012998 -0.059237 -0.045114 0.013124 0.084714 0.053226 -0.107987
T_3753 -0.078908 -0.009795 0.120152 0.052927 0.025780 -0.055383 0.015304 0.082413 -0.085408 -0.022829 -0.033921 0.159273 0.106867 0.057312 0.205692 0.028677 0.048219 0.050183 0.026517 0.018564 -0.026226 -0.179424 0.037023 -0.064512 -0.102964 0.028087 0.000507 0.017558 0.029017 -0.173392 0.045458 0.060162 0.024787 0.012743 0.019798 -0.036847 0.055859 0.100241 -0.052781 0.017992 -0.096474 0.095952 -0.036146 -0.074665 0.025915 0.046278 -0.056106 0.047675 0.131102 0.041512 -0.051512 -0.020342 -0.036615 0.018316 0.011376 0.028398 -0.010920 0.033175 -0.129052 -0.040971 0.003484 -0.021368 -0.041139 0.088735 0.065789 0.131460 -0.061536 -0.090103 -0.002444 -0.118280 0.018902 0.071429 0.078267 -0.085065 -0.079844 -0.062869 -0.002457 -0.017386 -0.120176 0.036663 -0.074358 0.091367 0.078444 0.009272 0.069919 -0.039629 -0.026749 -0.035818 -0.077765 0.083142 0.060480 -0.074428 -0.008181 0.135011 0.001759 0.013430 0.054323 -0.026193 -0.203311 0.012140 0.080045 -0.072509 0.103596 0.006976 0.012882 -0.054182 0.005595 0.004955 0.059801 0.051472 -0.051919 0.052410 0.038654 -0.132786 -0.024343 0.076752 -0.056214 0.081741 -0.038867 -0.099234 0.131156 0.073950 -0.013376 0.004028 0.101505 0.036591 0.002873 -0.088219 -0.061906 0.019667 0.012001 0.018601 -0.047594 -0.023358 -0.073118 -0.104741 0.079457 -0.077983 0.118339 -0.111443 0.041489 0.009263 -0.046841 -0.049938 0.008740 0.041079 -0.101779 0.031865 0.079313 -0.030907 -0.010816 0.070795 -0.002770 -0.073219 0.083981 0.028513 -0.052548 0.039173 -0.190456 -0.062548 0.042361 -0.145983 0.022093 0.032955 -0.130783 -0.035539 0.130900 -0.101771 -0.072833 0.008595 0.082691 -0.035076 0.033135 0.050704 0.054953 -0.010437 -0.102252 -0.041310 -0.015996 0.091690 -0.015371 -0.106218 0.140560 0.055874 0.000841 -0.022101 -0.101901 -0.130930 0.014773 0.082032 0.009309 -0.086051
T_3758 -0.061558 -0.002351 0.015877 -0.093160 0.077986 -0.020567 -0.067147 0.055208 -0.156270 0.014510 0.049148 0.140060 0.025834 0.018919 0.101332 0.021726 0.106121 -0.044943 0.025643 -0.002842 0.011093 -0.119160 0.047731 -0.047763 0.040817 0.086255 0.080912 0.084246 0.172175 -0.018814 0.075631 0.077517 0.020659 0.069403 -0.008036 -0.020160 -0.050998 0.034350 -0.036724 -0.115453 0.022954 0.082227 0.037228 -0.070340 -0.017068 -0.044816 -0.058747 -0.080324 0.045619 -0.003882 0.015496 0.026407 0.058262 -0.025077 0.036269 0.006665 0.015649 0.002405 -0.209676 0.002911 -0.047558 -0.024118 -0.130851 -0.014980 0.043280 -0.046599 0.028373 -0.129321 -0.102734 -0.073493 0.003462 0.041983 0.101880 -0.062664 -0.078393 -0.056991 -0.021660 -0.071440 -0.038313 -0.033374 -0.027146 0.144199 0.062201 -0.075201 0.066416 -0.009901 0.057161 0.102058 -0.109748 -0.034452 -0.016913 -0.075845 0.059132 0.139539 -0.041630 -0.000254 0.083944 0.049328 -0.140768 0.164352 -0.062286 0.026610 0.021809 0.078846 -0.005564 0.036974 -0.051420 0.002568 -0.023168 0.093507 0.025983 0.032713 0.020601 -0.006679 -0.056866 0.169307 -0.032356 -0.008441 0.101761 -0.130986 0.024987 -0.034042 0.057988 0.026897 0.129914 -0.077551 0.108136 0.006426 0.050016 0.084849 -0.017573 -0.016168 -0.125824 -0.102478 -0.064171 -0.019364 0.172698 -0.060076 0.007877 -0.031004 -0.108926 -0.074537 0.060557 -0.109951 0.158167 -0.072269 -0.005436 -0.023282 -0.028942 0.085445 -0.013398 0.012117 -0.071760 0.103193 0.116714 0.070929 -0.050388 0.022786 -0.095759 0.004140 -0.009375 0.034580 0.034591 -0.062437 -0.009545 -0.040005 0.032969 -0.116840 -0.079601 -0.040700 0.007354 0.106977 -0.046545 -0.034847 0.048504 -0.087519 -0.020020 -0.137915 0.082675 0.042141 -0.135402 0.016582 -0.043086 0.034625 -0.031531 -0.015057 0.014634 -0.068589 -0.107554 -0.121864 0.093036 -0.069373
T_3771 -0.042107 -0.094540 -0.000632 0.036394 -0.014072 0.039767 -0.077808 0.030435 -0.073752 0.028933 -0.030938 0.024568 -0.049906 0.036702 0.034091 -0.042362 0.125674 0.009652 0.095839 0.186215 -0.006559 -0.055880 0.097564 -0.023618 0.054853 0.095293 0.081654 -0.007451 0.032927 -0.028485 0.010192 0.154476 -0.096170 -0.115357 -0.085321 -0.094602 -0.013998 -0.055038 0.085966 -0.077252 -0.127467 -0.080378 -0.040286 -0.066559 -0.013538 -0.046897 -0.033574 0.009171 0.062925 0.106359 -0.030197 0.013338 0.127850 -0.106271 0.026362 0.124700 -0.140971 -0.076339 -0.076370 0.043559 -0.075127 0.051500 -0.000325 0.068320 0.047645 0.066890 0.014623 -0.048384 0.122341 -0.133396 0.011632 0.087341 0.077035 -0.104293 -0.021340 0.027101 -0.046440 -0.091371 0.035318 0.114497 -0.054593 0.034846 -0.015378 -0.049786 -0.042064 0.033826 0.067170 -0.013657 -0.011353 -0.007590 -0.058484 -0.118273 -0.005788 -0.002102 -0.064961 0.100736 0.037256 -0.048416 -0.156830 0.000080 0.022479 -0.000134 -0.038904 0.080256 -0.048520 0.075344 -0.059270 -0.068926 -0.026265 0.014863 -0.019504 -0.024946 0.104180 -0.057141 -0.016173 -0.017490 0.017753 0.167056 0.120953 0.037138 -0.004293 -0.061659 -0.034457 0.106405 0.001306 -0.122037 0.052325 -0.113200 -0.017705 0.053736 -0.029128 -0.021397 -0.034234 -0.088229 -0.053688 -0.093686 0.062915 0.018513 -0.041365 0.040927 -0.009691 -0.052271 0.035680 -0.178542 0.082533 0.136870 0.108303 0.047813 -0.028496 0.131306 0.030508 -0.060654 -0.030242 -0.019518 0.007241 -0.006108 -0.091079 0.065134 -0.059050 -0.026828 0.054839 -0.020409 0.049851 0.019229 0.041800 0.010943 0.084716 -0.134113 -0.121214 0.020451 0.011526 -0.026231 0.135871 -0.113964 0.033084 -0.113295 0.027120 -0.138670 -0.028816 0.177069 -0.029770 -0.013747 0.009186 -0.095562 0.006567 -0.042528 0.050909 -0.067767 0.012267 -0.190457 0.029646 -0.010185
T_3782 -0.060528 0.043701 0.025972 0.046788 0.118963 -0.025362 0.073828 0.037591 -0.084071 -0.109580 -0.073253 0.079385 0.050830 -0.011810 0.155504 -0.035077 0.107021 0.013299 0.083676 0.012461 -0.044936 -0.016287 0.067449 0.026901 -0.040917 0.069361 -0.019239 0.025215 -0.027341 -0.137726 -0.012526 0.010877 -0.028062 0.081925 -0.032354 -0.007807 0.001336 0.026133 0.028748 -0.010859 -0.050566 0.059114 0.022876 0.025530 0.029457 0.038196 -0.035001 -0.009808 0.104832 -0.006504 -0.053870 -0.050402 -0.151266 0.055286 0.017309 0.127879 -0.023138 0.003292 -0.055099 0.026576 -0.034665 0.078964 -0.116294 0.047026 0.036312 0.090279 -0.018022 -0.156821 0.067770 -0.062934 -0.028876 0.106360 0.065434 -0.113548 -0.040275 -0.124620 -0.054620 -0.072546 -0.013051 0.052191 0.038258 0.084330 -0.062806 0.029061 0.054990 0.055880 0.030404 -0.062902 -0.155254 0.056991 -0.066404 0.036499 0.020827 0.135109 -0.086050 -0.012045 0.093787 -0.037794 -0.238895 0.100069 0.104135 -0.005173 0.061622 -0.002540 -0.063659 -0.000501 0.030215 -0.078268 0.079298 -0.073949 -0.028507 0.043992 0.064298 -0.145278 -0.066645 0.012546 -0.048479 0.108923 0.035347 -0.000114 -0.011117 0.019158 0.050179 0.059928 0.065283 0.050575 -0.095852 -0.020743 -0.083916 -0.036073 0.002120 0.058780 -0.128314 -0.049128 -0.133749 -0.072383 0.006842 -0.034074 0.067729 -0.110944 0.066434 -0.110708 -0.049020 -0.013912 0.023905 -0.055841 -0.052401 0.091690 0.208870 -0.060178 0.060036 0.036031 -0.039322 0.020116 0.115292 0.040209 -0.078930 -0.098830 -0.154821 -0.039618 0.008423 0.028982 0.051043 -0.112906 0.011196 -0.084786 0.097658 0.024543 -0.115522 -0.062348 0.010210 -0.091165 -0.034516 0.067561 0.089193 0.090632 -0.119157 0.006869 -0.007613 0.090839 -0.101710 -0.091702 0.120406 0.037758 -0.058539 0.026643 -0.116455 -0.031217 -0.020862 0.001763 0.046444 -0.054817
T_3801 -0.059886 -0.014942 0.029603 -0.031600 0.020000 -0.044892 -0.007674 -0.004629 -0.040862 0.010946 -0.039311 0.028859 0.152351 0.002591 0.077721 0.065946 0.041168 0.033262 0.006538 -0.037844 -0.042189 -0.082641 0.004744 0.017664 -0.064087 0.078257 0.011380 0.083824 0.018528 -0.136987 -0.011445 0.043976 -0.034299 -0.035481 0.047712 -0.018981 -0.019961 0.056728 0.071983 -0.165963 -0.108140 0.043135 0.020060 -0.017198 -0.024646 -0.013819 -0.016825 0.007183 0.103823 0.115581 -0.018171 0.076240 -0.026322 -0.002369 0.058425 0.023804 -0.102911 0.056875 -0.092272 0.059653 0.033277 -0.041456 -0.058284 0.064322 0.033633 0.050553 0.027493 -0.186761 -0.009584 -0.120210 0.010033 0.085129 0.087415 -0.110296 0.012039 -0.076805 -0.017487 -0.105054 -0.095166 0.091396 0.009720 0.020281 0.056398 -0.125359 0.097792 -0.019738 -0.043383 0.032845 -0.089602 0.135262 -0.026387 -0.129211 0.053498 0.245379 -0.007637 0.005451 0.116912 0.016171 -0.227566 0.114308 0.046104 -0.142652 0.019824 0.041960 -0.067868 -0.092735 -0.082732 -0.096072 0.039770 0.041018 -0.065586 -0.069211 0.010514 -0.101386 -0.003872 0.119126 -0.121752 0.067498 0.045953 -0.072886 0.095392 0.079657 -0.031861 -0.000252 0.094172 0.017143 0.051391 -0.092932 -0.010848 0.075793 -0.091795 -0.036153 -0.035241 -0.062015 -0.090387 -0.080104 0.038973 -0.085286 0.052378 -0.094937 0.008299 -0.104019 -0.060064 -0.052772 0.071811 -0.009202 0.001276 -0.002103 0.106933 0.030040 -0.062157 -0.015693 -0.105453 0.003129 0.070384 0.059608 -0.065226 -0.034781 -0.143986 -0.028576 0.050321 -0.079590 0.061229 -0.115830 -0.029827 0.003141 0.081395 0.000998 0.009309 0.033668 0.117249 -0.050488 -0.014935 -0.059517 0.035017 -0.034713 -0.140941 0.066063 -0.064104 0.114031 -0.076148 -0.028622 0.100001 -0.003836 -0.044720 0.031051 -0.078305 -0.016568 -0.064855 -0.011135 0.101131 -0.072634
T_3816 -0.018310 -0.041897 0.088753 0.054210 -0.004006 -0.075907 0.083412 0.023055 -0.086932 -0.078039 -0.089300 0.084222 0.172283 0.033508 0.121372 -0.017213 0.075873 0.023557 0.005245 0.005786 -0.146505 -0.139338 0.010742 0.072938 -0.018746 0.005724 0.008890 -0.024343 0.042436 -0.091002 0.064033 0.058812 -0.027136 -0.067129 0.053057 0.043025 0.042061 0.033012 0.026793 -0.079687 -0.048881 -0.007805 0.059444 -0.064379 0.042201 -0.007664 0.005868 0.036181 0.084370 0.089600 -0.050752 0.086735 -0.074113 -0.060528 0.095841 0.021368 -0.068434 0.117641 -0.086333 -0.046225 0.014863 -0.024268 -0.092953 0.041503 0.070068 0.141779 0.012062 -0.070042 0.034613 -0.085667 0.020679 0.091667 -0.014158 -0.165824 -0.079826 -0.097733 -0.027305 -0.116247 -0.155097 0.060737 -0.001231 -0.025956 -0.025434 -0.040448 0.135100 -0.115815 -0.036762 -0.081294 -0.103616 0.172093 0.003889 -0.108098 0.055148 0.170707 -0.077226 -0.028371 0.047801 -0.033273 -0.267692 0.111765 -0.003437 -0.077092 0.068631 0.018280 0.013692 0.021531 -0.070255 -0.093479 0.072030 0.078014 -0.117056 -0.049819 -0.001223 -0.051118 0.001265 0.020125 -0.067924 0.101603 -0.033612 -0.059659 0.142468 0.045879 -0.036578 -0.065223 0.000068 -0.005296 -0.014699 -0.078419 0.002559 0.030126 -0.051378 0.048739 -0.066954 -0.101563 -0.085160 -0.089222 0.038891 -0.022603 0.021715 -0.090626 -0.041947 -0.017988 0.008582 -0.019940 0.042511 0.096366 -0.037348 -0.015810 0.055985 -0.039225 -0.089054 -0.008961 0.010914 -0.067476 0.075531 0.042126 -0.000527 -0.034751 -0.129931 0.056250 0.000988 -0.121171 0.068825 -0.032548 -0.119735 -0.011668 0.029870 -0.028646 -0.043467 0.023417 0.154602 -0.004820 0.016992 -0.073446 0.097275 -0.008463 -0.075572 0.016197 -0.030211 0.076485 -0.018958 -0.047286 0.064378 0.049302 -0.018367 -0.019927 -0.069938 -0.112566 -0.065867 -0.037369 0.065168 -0.104675
T_3819 -0.047447 -0.087905 -0.006509 0.066658 -0.033931 0.007717 -0.099259 0.004094 -0.160921 0.116703 0.109407 0.108657 -0.054478 -0.021824 0.001798 -0.100286 0.036028 0.061968 0.061694 -0.025665 0.065531 -0.082280 0.006983 -0.029497 0.027497 -0.020126 0.061862 0.115953 0.101873 -0.067346 -0.017034 0.096531 -0.046698 -0.104600 -0.094388 -0.054812 -0.031822 -0.055132 0.084127 -0.094303 -0.054332 -0.005579 0.059730 -0.060753 0.055813 -0.093004 -0.020383 -0.074000 0.058865 0.031064 -0.113838 -0.009164 0.135539 -0.021599 0.076349 0.142463 -0.057159 0.000556 -0.033665 0.022212 -0.060382 -0.016570 -0.112780 0.015956 0.112438 0.018741 0.010495 -0.079077 0.030926 -0.100716 0.087454 0.104456 0.116104 -0.076558 0.064077 0.021762 -0.119455 -0.061996 0.079160 -0.041163 0.042873 0.113065 0.039299 -0.004717 0.017651 -0.017885 -0.026537 -0.025099 -0.116499 0.040309 0.000727 -0.055565 -0.025943 0.019774 -0.089293 0.128575 0.048913 0.010156 -0.143980 -0.028086 -0.070071 0.050502 0.077902 0.196448 0.074056 0.012543 -0.092748 -0.055871 -0.009353 -0.047595 0.020058 0.034170 0.140492 -0.004392 -0.040984 0.003543 0.054040 0.036349 0.184046 -0.037405 -0.055167 -0.086999 -0.041807 -0.016712 0.110307 -0.092971 0.012646 -0.090287 -0.011537 0.042332 -0.044125 -0.022913 -0.134947 -0.016916 -0.131094 -0.103120 0.077030 -0.033095 0.011753 0.029944 -0.014832 -0.063982 0.010663 -0.071489 0.094758 0.070996 0.004096 0.040733 0.048451 0.097827 0.099861 -0.136386 0.069619 -0.025944 0.028108 0.037854 -0.131582 0.015444 0.000076 0.015728 -0.053404 -0.030487 0.082457 -0.106782 0.021996 -0.040004 0.003582 -0.029664 -0.069478 0.030152 0.004529 -0.019930 0.026777 -0.033858 0.108194 -0.083137 0.053759 -0.085778 0.009756 0.174711 -0.102917 -0.118396 0.054476 -0.011641 0.042278 -0.062096 -0.009801 0.031512 -0.029464 -0.145114 0.121470 -0.033769
T_3828 -0.085636 -0.097133 0.025077 0.074097 -0.012564 0.053682 -0.099240 0.061740 -0.110422 0.080241 -0.005023 0.043565 -0.051673 -0.001773 0.026681 -0.048537 0.104465 0.041878 0.021008 0.030987 0.083116 -0.049929 -0.059417 -0.031388 -0.009483 -0.002388 -0.022308 0.077681 0.047480 -0.086860 0.000958 0.149287 -0.005053 -0.149085 -0.065559 -0.080809 -0.081081 -0.084639 0.093002 -0.076543 -0.024042 0.010130 -0.040366 -0.072350 -0.056022 -0.044439 0.023563 -0.032371 0.061773 0.066556 -0.072451 -0.039482 0.061391 -0.004490 0.046319 0.041751 -0.070835 -0.053503 -0.057589 0.045167 -0.010849 0.044242 -0.113175 0.061406 0.120291 0.017242 0.017353 -0.092888 -0.014657 -0.064277 0.092363 0.105305 0.040193 -0.117373 0.076932 0.011363 -0.132833 -0.054210 0.093054 0.009101 -0.031194 0.119987 0.063086 -0.066720 -0.002879 0.012047 0.066426 -0.050042 -0.098943 0.021037 -0.019163 -0.058706 -0.006158 0.059233 -0.055816 0.103006 0.010980 0.042128 -0.164178 0.009677 -0.009847 -0.003101 0.040038 0.113484 -0.041568 0.091088 -0.080137 -0.081010 0.036174 -0.016666 0.009972 0.005599 0.084224 -0.006114 0.042924 0.030052 0.011251 0.140983 0.137790 0.053612 -0.036122 -0.051168 -0.018929 0.023530 0.136173 -0.108131 0.033215 -0.132560 -0.019324 0.110701 -0.100078 -0.003858 -0.066971 -0.089487 -0.115259 -0.083906 0.194061 0.012405 0.045169 -0.041927 -0.042514 -0.111523 0.058278 -0.072967 0.084332 0.046370 0.016009 0.071411 0.003117 0.137711 0.014272 -0.091348 -0.024431 -0.042130 0.057312 -0.028064 -0.159064 -0.015841 -0.051048 -0.034627 0.005834 0.031089 0.049555 0.002737 0.019839 -0.071897 -0.044247 -0.088582 -0.073051 0.022825 0.002297 -0.028129 0.062674 -0.005189 0.048564 -0.076102 0.046926 -0.106386 -0.039926 0.161595 -0.128916 -0.047618 0.016511 -0.140140 0.012865 -0.097410 -0.062235 -0.081088 -0.084918 -0.185867 0.150565 -0.052034
T_3839 -0.009065 0.047796 0.064248 0.058358 0.081558 0.021867 -0.093561 -0.007352 -0.088789 0.016444 -0.004628 0.098586 -0.039908 -0.037246 0.073248 -0.063431 0.103864 -0.017464 0.021230 0.049401 -0.083005 -0.013411 -0.081685 -0.031907 0.020867 0.047181 -0.101507 0.094381 0.226630 -0.147118 0.007528 0.146836 -0.012245 -0.043454 0.016780 0.048842 -0.049933 -0.021308 -0.084056 0.017409 -0.026391 0.050527 -0.025397 -0.085053 0.042899 -0.043866 -0.039473 -0.020996 0.041968 0.006967 -0.032245 0.107928 -0.023333 -0.089175 0.081864 0.028806 -0.053598 -0.088687 -0.106443 0.042102 -0.028420 -0.090959 -0.002601 -0.025805 0.125162 0.043540 0.062352 -0.101598 -0.052967 -0.117095 -0.019872 0.003945 0.076192 -0.111450 -0.115006 0.063423 -0.085866 -0.121868 0.080003 0.122217 -0.042269 0.117790 0.007875 -0.069803 0.103193 -0.015285 0.108584 -0.013634 -0.044248 0.056755 0.019389 -0.086563 0.023950 0.101060 -0.046762 0.110061 0.035544 -0.070853 -0.145838 0.152534 -0.095466 0.008159 -0.033772 0.090083 -0.033146 0.041586 -0.019012 -0.014000 -0.078360 0.037051 0.016879 -0.046360 0.028840 -0.102891 -0.021233 0.037570 -0.026645 0.047861 0.053095 0.006022 -0.018644 0.073161 0.048524 0.063773 -0.018914 -0.089993 0.054577 -0.073974 -0.114991 0.043680 -0.019931 0.039160 -0.111733 -0.084389 -0.034852 0.000992 -0.012984 -0.090194 0.075824 -0.058260 -0.005117 -0.058755 0.111502 -0.233218 0.030461 0.035611 0.034530 0.054561 -0.176321 0.088738 -0.086561 -0.101871 -0.025859 0.017916 0.042849 -0.022058 -0.073359 -0.031332 0.011751 -0.048555 0.053802 -0.055573 0.048751 -0.075053 0.098046 -0.019165 0.003992 -0.142317 0.038360 0.041482 0.068365 0.022102 0.055045 -0.046180 -0.026767 -0.022807 0.033710 0.013200 0.080313 0.108027 -0.174659 -0.150969 -0.040281 -0.049470 0.041384 -0.019706 -0.000090 0.044104 -0.009488 -0.096490 0.106326 -0.031611
T_3850 -0.016086 -0.067272 0.054973 -0.016095 0.013374 0.049480 -0.114090 0.037305 -0.039910 0.003842 0.088435 0.103378 0.079191 0.078767 0.013189 0.027468 0.068750 -0.005165 0.049374 -0.001644 -0.004844 0.005640 -0.031985 0.031084 0.036462 0.157978 0.079387 0.024797 0.089040 -0.105792 0.015086 0.102424 0.002345 0.140123 -0.064759 -0.039114 0.008829 -0.045901 0.103990 -0.063717 0.042652 0.067345 0.059558 -0.029466 -0.050281 -0.134329 -0.082027 -0.055542 0.104245 0.051300 -0.007826 0.000516 0.097765 0.049485 0.101505 0.041439 -0.101228 -0.024330 -0.131785 0.006808 -0.072355 0.006542 -0.010953 -0.022768 0.021964 -0.039215 -0.135147 -0.106083 0.055885 -0.095396 0.066475 0.011572 0.142098 -0.089617 -0.139673 -0.029115 -0.149759 -0.074302 0.053361 -0.010862 0.014595 0.149865 0.023256 -0.065758 0.001702 -0.047229 0.001987 -0.076462 -0.154739 0.067200 -0.133294 -0.088062 -0.041476 0.033370 -0.086908 0.042435 0.111873 0.052005 -0.153297 0.073214 -0.078718 0.045556 -0.006052 0.031937 0.059368 -0.047816 0.011176 -0.016676 -0.015886 0.037606 -0.038372 0.016825 0.046554 -0.097847 -0.013955 0.030650 0.005937 0.147483 0.148114 -0.003824 0.076322 0.024659 -0.077990 0.056044 0.027033 0.010303 0.033292 -0.163840 -0.004695 0.009607 0.041621 0.014747 -0.073081 -0.135459 -0.090547 -0.003346 0.126899 -0.033105 -0.005485 -0.056034 0.027359 -0.038996 -0.033120 -0.095673 0.125965 -0.079498 -0.031441 0.013068 -0.017166 0.115395 0.001742 -0.143109 0.082693 -0.055850 0.024903 0.082744 -0.149318 -0.041212 -0.068613 -0.022512 0.100534 0.073639 0.004258 -0.068258 -0.039050 0.059189 0.058051 -0.085001 -0.066352 0.047974 -0.011098 0.038721 0.010468 -0.076452 0.020086 -0.116924 -0.046586 -0.020675 -0.033709 0.137580 -0.074293 -0.068604 0.030876 -0.042753 -0.008613 -0.097375 -0.023652 -0.103053 -0.030018 -0.159219 0.034892 -0.032803
T_3853 -0.073791 0.024360 -0.004297 0.074050 0.071617 -0.082573 0.026573 0.049137 -0.082378 -0.045704 -0.098263 0.122249 0.122524 -0.038711 0.204718 0.039230 0.136750 0.034285 -0.035463 0.015894 -0.087809 -0.103508 0.068322 0.111623 -0.068338 -0.001052 -0.014662 0.109207 0.011209 -0.094732 0.020409 0.015548 -0.026679 0.084781 0.002025 -0.051584 0.048671 0.037291 0.027624 -0.042701 -0.015267 0.017258 0.061146 -0.089075 0.044936 -0.039575 -0.038932 -0.009667 0.111432 0.036069 -0.062079 0.109101 0.017056 -0.064708 0.106795 0.034870 -0.077180 0.035877 -0.176903 -0.137847 -0.058840 0.088477 -0.014828 0.103659 0.031512 0.107482 0.069142 -0.046151 0.063377 -0.040044 0.048950 0.104266 0.040044 -0.156347 -0.065632 -0.035653 -0.003770 -0.027640 -0.094524 0.026328 -0.085280 0.066182 0.029799 0.045792 0.151979 -0.095576 -0.013929 -0.043712 -0.022131 0.157303 0.016216 -0.088252 -0.048090 0.048701 0.001172 0.006849 0.061579 -0.052012 -0.200824 0.096721 0.020763 -0.057613 0.052348 0.090021 0.028122 0.006028 -0.099914 -0.101779 0.069042 0.004634 -0.086222 -0.102539 -0.049575 -0.104350 0.036830 0.024958 -0.084524 0.024096 0.048597 0.004986 0.080044 0.094759 -0.006538 0.015837 -0.043558 -0.020865 0.016011 -0.033514 -0.129607 0.056992 -0.015043 0.048413 0.028839 -0.010729 -0.025359 -0.012775 0.107359 -0.035084 0.083596 -0.142623 0.036721 -0.048759 0.062271 -0.083263 0.088993 0.055944 -0.015776 0.014136 0.051337 0.002972 -0.094153 -0.023033 -0.019080 0.000598 0.025196 0.006144 -0.078056 0.082634 -0.141719 -0.032813 0.027710 -0.073810 0.117365 0.017524 -0.066559 0.040884 0.164070 -0.046190 0.060191 0.034967 0.033455 -0.086423 -0.016608 0.004069 0.154508 0.032763 -0.087179 0.037564 0.049829 0.038032 -0.129311 -0.103539 0.019510 -0.014928 0.060744 -0.064035 -0.093150 -0.097072 0.026298 0.059544 0.035278 -0.068981
T_3857 0.154057 0.031223 0.104954 0.045596 -0.110097 0.007474 0.026297 0.107480 -0.054457 0.156036 -0.018588 0.115118 0.026381 0.048389 -0.051683 0.023564 0.052370 0.008252 -0.028533 -0.002480 -0.018010 0.047648 -0.001163 0.018891 -0.021083 -0.043659 0.050301 0.068889 0.129194 -0.139767 -0.014662 0.135916 -0.045406 0.073872 -0.004182 -0.042442 0.071940 0.051265 0.080930 -0.041711 -0.016495 0.017918 0.032339 -0.125458 -0.065119 -0.099540 -0.064232 -0.031899 0.127019 0.072293 0.025939 -0.026830 -0.037834 -0.041880 0.068502 -0.056522 -0.128338 -0.015413 -0.085320 0.080160 0.067495 -0.057987 -0.011482 -0.039679 0.055654 0.032226 -0.019357 -0.004905 -0.011384 -0.138545 -0.006989 0.037566 0.092281 -0.126521 -0.002002 -0.061564 -0.052545 0.055380 -0.046800 -0.005490 0.083884 0.118191 0.071059 -0.072026 0.083304 0.035253 0.056724 0.047459 -0.203667 0.014199 -0.096713 -0.171602 0.067593 0.092701 -0.049621 0.083486 0.076679 0.090386 -0.056741 0.044853 -0.109782 0.022222 -0.019371 0.096657 -0.004515 0.043011 -0.101673 0.051511 -0.036609 0.026979 -0.052874 -0.125355 0.062830 0.001473 -0.009224 0.166342 0.021890 0.105214 0.129631 -0.031933 0.103175 0.037786 0.061219 -0.038706 0.042937 -0.038124 0.025179 -0.046056 -0.075666 -0.000788 -0.040260 -0.002303 -0.082931 -0.058151 -0.036936 -0.100682 0.114127 -0.048302 0.008334 -0.062523 0.010037 -0.059586 0.023329 -0.116846 0.110433 0.027438 -0.010206 -0.085564 -0.065026 0.090340 0.016467 -0.054614 0.030313 0.015849 -0.016522 -0.015098 0.001197 0.066087 -0.101375 -0.063049 0.015591 0.020139 -0.055710 -0.139618 -0.096448 0.068839 0.072971 0.028336 0.007617 0.071481 0.084491 -0.062910 -0.052003 -0.067917 -0.076105 -0.106589 -0.108061 -0.022570 -0.040625 0.013628 -0.131877 -0.080222 0.019823 -0.032620 0.020154 -0.018558 -0.004294 -0.112738 -0.000439 -0.199789 0.031914 -0.109320
T_3863 -0.074736 0.066321 -0.014193 0.011028 0.064422 -0.065703 0.094080 -0.007767 -0.097897 0.080956 -0.020355 0.103584 0.055040 -0.102326 0.026464 -0.022592 0.202265 0.033564 -0.027764 0.030211 0.071519 -0.057365 -0.010640 0.023686 -0.038895 -0.051914 -0.045711 0.121809 0.086653 0.030520 0.042227 0.146576 -0.023685 0.044632 0.057427 -0.069364 -0.064108 -0.100310 0.068953 -0.065446 0.008249 0.015631 -0.036153 -0.095069 0.107393 -0.033282 0.011877 -0.033923 0.135651 0.212040 -0.089380 0.061244 -0.020537 -0.052989 0.061168 -0.072717 -0.113042 -0.003621 -0.126167 -0.089916 0.017713 0.029609 0.015275 0.091961 0.111268 0.047217 0.030837 -0.128133 -0.042794 -0.035713 0.062901 0.080943 0.047747 -0.010326 0.000439 0.012314 -0.061710 -0.156532 0.071666 0.124758 -0.087614 -0.016820 -0.075840 0.060099 0.214099 -0.005123 0.059748 0.033115 -0.032188 0.065589 0.016129 -0.095914 0.035223 0.099555 0.017091 0.037536 -0.032670 -0.045514 -0.137126 0.146713 -0.046573 0.050464 -0.002127 0.008975 -0.058132 -0.030182 0.031239 -0.007740 -0.025378 0.028688 -0.011689 -0.099199 0.007531 -0.007489 0.042253 0.002942 -0.044555 0.049020 0.126811 0.013790 -0.008008 -0.076944 0.026180 0.042118 -0.024932 0.039543 0.009247 0.011530 -0.047565 0.026499 -0.090289 -0.020768 0.083469 -0.035243 -0.092774 -0.117348 0.054082 -0.006186 0.096078 -0.095077 -0.029400 -0.096562 0.138228 -0.112526 0.072946 0.109493 -0.001894 0.049274 0.069539 -0.007423 -0.122863 -0.057520 -0.007888 -0.022824 0.029308 0.003888 0.007497 0.030072 -0.071985 -0.005199 -0.026624 0.067501 0.039375 0.043281 -0.003242 0.076561 -0.034518 -0.087226 0.065699 0.070201 0.087915 -0.074286 0.043623 -0.029177 0.092834 -0.064745 0.058847 -0.079731 -0.046823 0.141780 -0.214556 -0.083114 0.048557 -0.064229 0.010583 -0.115343 -0.023769 -0.035567 0.034070 -0.099670 0.023436 -0.072428
T_3883 0.074367 0.012900 0.045957 0.003505 -0.040950 0.011906 -0.018931 -0.000264 -0.033747 0.026754 0.008777 0.046276 0.033828 -0.041728 0.133811 -0.088965 0.153886 -0.025988 -0.016057 0.002118 0.037136 -0.054566 0.043285 -0.054373 -0.028367 0.081890 0.059309 0.110734 0.211299 -0.188500 0.012135 0.110654 -0.009622 0.037033 0.026729 -0.078011 0.077059 0.054270 0.003732 -0.019011 -0.103890 0.026814 -0.028409 -0.154141 -0.014683 -0.098932 -0.021968 0.009809 0.029373 0.005695 -0.004212 0.026541 0.052435 -0.016613 0.027182 -0.008097 -0.089229 -0.030207 -0.052018 0.111481 -0.041801 -0.113179 -0.133001 -0.013057 0.161967 -0.012380 0.025415 -0.070990 -0.055491 -0.125560 0.039539 -0.035645 0.161386 -0.122787 -0.029502 -0.066228 -0.132997 -0.036290 0.057821 -0.012849 -0.041687 0.154741 0.078111 -0.073201 0.076020 -0.038462 -0.053658 0.024855 -0.145699 -0.003002 -0.052501 -0.087721 0.080698 0.129009 -0.027608 0.098675 0.099876 0.120309 -0.179783 0.070871 -0.066436 0.037221 -0.033249 0.109305 -0.044135 0.059330 -0.044000 0.041669 -0.063230 0.046151 -0.048062 0.038011 0.051408 -0.050741 0.025646 0.143492 0.028326 0.042365 0.060848 -0.001433 -0.021502 0.034970 0.070736 -0.035151 0.081721 -0.026626 -0.012762 -0.113063 -0.043134 -0.011777 -0.068450 -0.000004 -0.062331 -0.050230 -0.080670 -0.110556 0.114686 -0.057728 0.095756 -0.042272 -0.063582 -0.024420 0.078538 -0.097919 0.077358 0.006983 0.031793 0.008016 -0.064810 0.022495 0.061565 -0.063672 0.011345 -0.040828 0.007935 0.017938 -0.022634 -0.029404 -0.038719 -0.111541 -0.080127 0.074552 -0.026784 -0.137403 -0.013882 0.019774 -0.009749 -0.077023 0.043302 0.103734 0.089442 0.068781 -0.004551 -0.028654 -0.004053 -0.012612 0.018012 -0.063209 0.013662 0.081480 -0.163871 -0.118076 0.059464 0.022947 -0.042961 -0.048696 0.048084 -0.112611 -0.039483 -0.128446 0.043757 -0.091389
T_3903 0.045432 0.018381 -0.010768 0.001609 -0.084729 0.003977 0.059211 0.050182 -0.091277 0.044830 -0.004944 0.029926 0.167627 -0.043616 0.010063 0.066399 0.103453 -0.046794 -0.018603 0.006518 0.059245 -0.090348 0.011876 0.026048 -0.058835 -0.004995 -0.015046 0.065854 0.071757 -0.131530 -0.059568 0.110348 -0.042123 -0.075491 -0.058780 -0.039940 0.070004 -0.037590 -0.014512 -0.101636 0.023293 -0.009909 -0.010815 -0.157587 -0.023296 -0.009238 -0.049180 -0.055619 0.198524 0.115936 0.032021 0.091993 -0.006410 -0.042449 0.042858 0.013174 -0.094003 -0.022092 -0.067345 0.086640 0.030330 -0.021700 -0.126640 0.038166 0.083730 0.111746 0.025766 -0.111604 0.056238 -0.059329 -0.020239 0.104012 0.089374 -0.144484 -0.036149 -0.012776 -0.104291 -0.040861 -0.029638 0.092971 -0.054686 0.091557 0.053934 -0.035779 0.105724 -0.020513 0.001647 0.028689 -0.055420 0.004164 -0.079475 -0.102665 0.006265 0.226444 0.057116 0.005520 0.048875 -0.009817 -0.166942 0.095458 0.003864 -0.047732 -0.023100 -0.011385 -0.112674 0.036349 -0.082019 -0.038492 0.037400 0.067991 -0.042184 -0.061361 -0.029143 0.015798 0.003759 0.041278 -0.100792 0.113068 0.178536 -0.092095 0.063234 0.043840 0.043214 0.036757 0.046590 -0.020893 -0.012360 -0.015183 -0.043878 0.037365 -0.091636 -0.051648 0.011709 -0.080235 -0.006147 -0.190381 0.083699 -0.060359 0.113302 -0.108690 -0.014603 -0.098838 0.060191 -0.100436 0.126026 0.133007 -0.083348 0.060759 0.095314 0.006324 -0.120967 -0.018063 -0.080009 0.011317 0.109700 -0.077524 -0.039808 0.053753 -0.050758 -0.056898 0.009726 0.093066 -0.014217 -0.036897 -0.021380 0.055653 0.031903 0.025455 -0.038708 -0.019434 0.091305 -0.071410 -0.013667 -0.049808 0.115592 0.027522 -0.085446 -0.026023 -0.054954 0.048385 -0.105252 -0.090188 -0.006101 -0.071981 -0.018090 -0.055725 -0.124607 -0.001123 -0.025632 -0.114253 0.007067 -0.038507
T_3910 0.030578 0.040300 0.047892 0.046759 -0.031187 0.040272 -0.026995 -0.045385 -0.138076 0.076821 0.095118 0.202378 0.115458 0.044742 0.005337 -0.025192 0.094438 0.022095 0.046016 -0.035576 -0.108489 -0.004159 -0.076580 0.011427 -0.025671 0.020302 -0.048429 0.149569 0.127945 -0.152237 0.073340 0.139582 -0.048264 -0.065391 0.014779 -0.007708 0.017541 -0.068094 0.128097 -0.009134 -0.038856 -0.104516 0.009125 -0.055687 0.005397 -0.111825 -0.030950 -0.019765 0.063824 0.057546 -0.003326 -0.021590 -0.081033 -0.067349 0.114222 -0.090116 -0.138125 0.064449 -0.112027 -0.023573 -0.026339 -0.045455 -0.060182 -0.053046 0.007611 0.036402 -0.054280 -0.054306 -0.058219 -0.087622 -0.010513 0.022087 0.081920 -0.177992 0.013970 0.014498 -0.016577 -0.056054 -0.058955 0.010564 -0.019701 0.106653 -0.014306 -0.073924 0.057727 -0.020922 0.086373 0.059041 -0.070645 0.043869 -0.061120 -0.120790 0.027449 0.108131 -0.041872 0.049573 -0.007860 -0.054688 -0.042088 0.029791 -0.131074 0.028522 0.099277 0.017877 0.026802 0.003099 -0.107992 -0.017267 -0.060830 0.004017 -0.005195 -0.129006 0.103325 -0.030779 0.015481 0.170600 -0.047401 0.125187 0.123365 0.020484 -0.104873 0.010547 0.042716 -0.036053 0.118904 -0.067538 0.170221 0.044776 -0.042647 -0.006030 -0.076481 -0.032330 -0.071547 -0.054793 -0.073046 -0.054652 0.029440 0.034019 0.084713 -0.074702 -0.054922 -0.017515 -0.003777 -0.048999 0.003102 -0.017489 0.011555 -0.029732 -0.074146 0.030579 0.039501 -0.113657 0.059762 0.032849 -0.056566 0.051700 -0.081434 -0.035445 -0.077592 -0.008214 0.038347 -0.078743 -0.049585 -0.134485 -0.021040 -0.021941 -0.029500 -0.014736 0.075431 0.028605 0.033200 -0.072188 -0.072000 -0.057750 -0.077269 0.003380 0.067433 -0.018108 -0.078494 0.048342 -0.126578 -0.166314 -0.083974 -0.033313 0.005240 -0.117689 -0.003578 -0.135101 -0.072348 -0.157272 0.040680 -0.095837
T_3912 -0.061653 0.052274 0.066697 0.039536 0.065335 -0.010854 0.071252 -0.012935 -0.056177 -0.051619 -0.059826 0.072751 0.087324 -0.041344 0.140659 0.001487 0.065627 0.018965 0.041915 -0.012088 0.032798 -0.047632 0.110673 0.035031 -0.056240 0.045464 0.002214 0.120206 0.035543 -0.223243 -0.058585 0.060449 -0.009619 0.030769 0.007370 -0.035893 0.093928 0.033156 0.000745 -0.057923 -0.029190 0.030751 0.067456 -0.063107 -0.042806 0.058161 -0.064419 -0.039145 0.138918 0.022329 0.059108 -0.048042 -0.031233 0.010386 0.039947 0.106012 -0.106934 -0.022534 -0.127203 0.008861 0.025622 0.026423 -0.082628 0.046766 0.069549 0.092009 -0.014175 -0.157346 0.063882 -0.069912 -0.035191 0.095603 0.041606 -0.085175 -0.013746 -0.119392 -0.071751 -0.065830 -0.022867 0.059599 -0.037462 0.198611 0.040169 0.003392 0.087485 0.062012 0.042051 -0.021785 -0.077361 0.065126 0.009408 -0.081643 -0.009425 0.186236 -0.048115 -0.035937 0.022375 0.008605 -0.226690 0.067487 0.057656 -0.027667 0.027203 0.021884 -0.021497 -0.042383 -0.104963 -0.022796 0.045106 -0.007427 -0.065226 0.034729 0.005862 -0.091884 -0.008756 0.082756 -0.080613 0.105975 0.042298 -0.102437 0.076205 0.020428 0.027660 -0.036460 0.042984 -0.025824 -0.070224 -0.025184 -0.078453 0.026652 -0.022319 0.030647 -0.060418 -0.071004 -0.128634 -0.116627 0.077823 -0.059382 0.116519 -0.130340 0.043460 -0.110728 0.021996 -0.041267 0.061517 0.021715 -0.004533 0.126589 0.193245 -0.010719 0.029450 -0.000979 -0.079138 0.009025 0.127051 0.024099 -0.111704 0.017101 -0.119948 -0.070335 -0.028269 0.029729 -0.057594 -0.065936 -0.030166 -0.019643 0.097291 -0.038757 -0.101444 0.023852 -0.029363 -0.071144 -0.006102 -0.009801 0.068328 0.055585 -0.143468 -0.043461 -0.079980 0.111445 -0.094056 -0.121889 0.110632 0.001859 -0.014057 -0.020583 -0.135965 -0.012162 0.013363 0.002067 0.001510 -0.078934
T_3936 0.003675 0.086337 0.019417 0.026225 0.022759 -0.062625 0.016538 0.016455 -0.109678 0.012751 0.009393 0.048929 0.138998 -0.049022 0.091157 0.049919 0.048913 0.099903 0.030422 -0.038964 0.023850 -0.050461 0.085884 0.035713 -0.081962 0.033091 0.024806 0.030474 -0.013323 -0.191179 -0.000975 0.038591 -0.099542 -0.028042 -0.007679 -0.018048 0.044182 -0.014522 -0.051156 -0.042589 0.049494 0.049372 -0.017904 -0.100996 0.046081 0.078641 -0.083617 -0.036466 0.167276 0.001752 -0.000531 0.007941 -0.121698 -0.027662 0.120813 -0.006812 -0.096381 -0.093410 -0.082776 0.041949 0.050017 0.086716 -0.080656 0.051871 0.042312 0.143603 -0.034029 -0.116047 0.100950 -0.075887 0.036249 0.034734 0.086471 -0.139828 -0.062874 -0.077096 -0.144145 0.017035 -0.097261 0.089242 -0.064234 0.123425 -0.018833 0.046797 0.074065 -0.009962 0.029222 0.072618 -0.080139 -0.012414 -0.072354 -0.078043 -0.001564 0.107175 0.038972 -0.081280 0.049709 -0.085283 -0.228474 0.118877 0.051137 -0.027000 -0.031658 0.031413 -0.095173 0.053027 -0.089984 -0.075256 0.054153 -0.012106 -0.109541 -0.042002 -0.047694 -0.005490 0.014957 0.107847 -0.054494 0.100301 0.130445 -0.065998 0.057988 0.085308 0.093432 0.032498 0.071039 0.018175 -0.090331 -0.075430 -0.112211 0.053445 0.005453 -0.021643 -0.014458 -0.032353 -0.045073 -0.102212 0.037258 -0.033049 0.018469 -0.138671 0.016424 -0.188098 0.003792 0.006814 0.093163 -0.019592 0.038951 0.038131 0.125234 0.016607 -0.078360 0.055506 -0.015895 -0.063678 0.030775 0.032374 -0.095878 0.044668 -0.050452 -0.106331 0.082918 0.043335 0.085650 0.012664 0.035780 -0.057980 0.113518 0.034269 -0.061018 -0.029377 0.031017 -0.120513 0.051886 0.002830 0.116838 0.082876 -0.079681 -0.003711 0.034561 0.046508 -0.054129 -0.096968 0.002274 -0.006381 0.062598 -0.068266 -0.145932 -0.028039 -0.004954 0.037363 0.060036 -0.071594
T_3988 -0.041276 -0.084153 -0.005785 0.072357 0.084098 0.048318 -0.080153 -0.046187 -0.167861 -0.029314 -0.021477 0.092567 -0.045909 -0.000861 0.119568 -0.035380 0.164031 -0.000070 0.034521 0.024025 -0.037687 -0.071798 -0.004348 0.013142 -0.029054 0.034201 -0.006838 0.075788 0.106430 -0.108616 -0.012052 0.121023 -0.046543 -0.034584 -0.031113 0.003039 0.074611 0.002832 0.099918 -0.054440 -0.150119 -0.040351 -0.003486 -0.006687 0.108663 -0.132467 -0.032067 -0.060438 -0.019210 0.056908 -0.041168 -0.025496 0.162149 -0.034025 0.081321 0.027903 0.030303 0.010971 -0.098044 0.004009 -0.048665 -0.060249 -0.138801 0.074708 0.052748 -0.013639 -0.062708 -0.085014 0.006058 -0.113309 0.057077 0.028423 0.093528 -0.032774 -0.045738 -0.021489 -0.131492 -0.112001 0.035044 -0.016665 -0.066155 0.115899 0.029025 -0.054396 -0.020404 -0.041286 -0.013367 -0.047336 -0.103008 0.053710 -0.071630 -0.076805 0.046062 0.054550 -0.095493 0.127897 -0.025172 -0.014542 -0.141165 0.087813 0.002050 0.129998 0.054288 0.111278 -0.028460 0.107148 -0.053394 -0.007303 -0.000640 -0.035692 -0.007026 0.012032 0.042856 -0.037270 0.017736 0.106388 0.049191 0.050035 0.107884 0.023839 -0.037782 0.100484 0.037039 -0.068497 0.086619 -0.092072 0.057631 -0.028497 0.014013 -0.013433 0.010805 0.077964 -0.140148 -0.074353 -0.036082 -0.074741 0.059821 0.029213 0.072495 -0.062244 0.016222 0.050036 0.051398 -0.160614 0.042590 0.023072 -0.005661 0.077768 -0.045082 0.063014 0.009881 -0.139060 -0.068615 -0.084978 0.037661 0.128770 -0.114625 -0.067554 -0.055472 0.026284 0.007769 0.019672 0.043094 -0.037444 0.021231 -0.017455 -0.006043 -0.114085 -0.036704 0.061814 -0.001750 0.046454 0.056422 -0.055893 0.100905 -0.009446 0.063387 -0.053028 0.014096 0.141577 -0.191620 -0.151528 0.024176 -0.046457 0.021919 -0.102230 0.031508 -0.091050 -0.065852 -0.141567 0.127709 -0.063901
T_3996 -0.035121 0.131496 0.069940 0.107988 0.076549 -0.089361 0.072075 -0.016539 -0.016177 0.058263 -0.051695 0.149633 0.122991 -0.036275 0.103212 -0.000073 0.023880 0.004935 0.038944 -0.055622 -0.064451 -0.078995 0.130026 -0.009633 -0.049596 -0.003751 -0.083268 0.015946 0.082351 -0.188116 0.010009 0.030843 -0.027485 0.024970 -0.019663 0.004693 -0.002562 -0.032827 0.055861 -0.112091 -0.019704 0.073443 -0.077214 -0.100432 0.109801 -0.016498 -0.004840 -0.056497 0.064150 0.075711 0.041258 -0.025373 -0.106995 0.053665 0.105517 0.030147 -0.032201 0.002658 -0.101687 -0.063765 -0.001691 0.149481 0.003895 0.150655 0.034423 0.166452 -0.089278 -0.156029 0.038978 -0.121054 -0.003312 0.114330 0.122234 -0.077813 -0.101679 -0.140476 0.034016 -0.026570 -0.038525 0.072799 -0.009317 0.021073 0.008339 0.065700 -0.006608 -0.047965 0.043925 0.099885 -0.128046 -0.001397 0.016123 -0.095287 0.061870 0.041993 0.014834 -0.015872 -0.045162 -0.119322 -0.167016 -0.041775 0.188639 -0.028874 0.122049 0.009886 -0.031458 0.028230 -0.093538 -0.027056 0.031550 0.063238 -0.078250 -0.085935 -0.024222 -0.103152 0.007444 0.065381 -0.101678 0.042222 0.019569 -0.027922 0.060316 0.027428 -0.079977 0.059015 -0.007858 -0.016561 -0.063062 -0.101828 -0.004495 0.051665 -0.019027 0.048601 -0.004296 0.035426 -0.119789 -0.064282 -0.035930 -0.130521 0.007997 -0.126032 -0.060519 -0.087726 -0.016848 -0.109484 0.046568 -0.039509 0.078120 -0.010212 -0.006277 -0.054824 -0.018197 -0.002805 0.083883 -0.079461 0.062759 -0.004678 -0.045900 0.018509 -0.135842 -0.060215 0.085069 -0.057786 -0.009631 -0.017063 -0.006315 -0.005730 0.043402 0.019176 -0.020361 0.005277 0.053761 -0.144739 -0.029212 0.019102 0.016341 0.033766 -0.040437 -0.015025 -0.119839 0.056395 -0.028696 -0.062790 0.065488 0.002805 0.033459 -0.028428 -0.116200 -0.095755 0.065795 0.068792 0.140541 -0.054507
T_4011 -0.045463 -0.107894 -0.008511 -0.135254 0.031942 0.029713 -0.009660 0.036273 -0.148312 -0.016533 0.017494 0.055632 -0.032629 -0.019470 0.032781 -0.064714 0.080484 -0.066474 -0.072909 -0.116427 -0.024873 0.007042 -0.026620 -0.000220 0.101987 0.119374 0.044639 -0.084632 0.128729 -0.061594 -0.062017 0.140958 -0.073535 0.022699 -0.042237 -0.040628 0.038661 0.034066 0.066396 -0.074023 0.048265 -0.006916 -0.022690 -0.043200 0.057483 -0.153926 -0.061181 -0.130412 0.113828 0.088394 -0.010277 0.077890 0.087335 -0.016810 0.032955 0.063733 -0.058372 -0.002055 -0.099767 -0.004301 -0.126828 0.007538 -0.023797 0.004471 0.114650 -0.089980 -0.085462 -0.148401 0.037911 -0.085671 0.042012 -0.016549 -0.017128 -0.153592 -0.067272 -0.026153 -0.100822 -0.012933 0.019453 -0.037571 0.069850 0.056617 -0.057090 -0.026228 0.014996 -0.021841 0.037056 -0.029899 -0.076707 0.085486 -0.153249 -0.035518 0.051170 0.113826 -0.051342 0.062352 0.174377 0.038193 -0.110356 0.135015 -0.088219 0.104518 -0.054011 0.023075 0.001676 -0.085501 -0.012351 -0.010202 -0.031113 0.014791 -0.049770 -0.005757 -0.018771 -0.121686 -0.043241 -0.056510 -0.016804 0.162591 0.180704 -0.011027 0.037420 0.049391 -0.050785 0.073722 0.031150 -0.032394 0.089622 -0.025116 0.011366 -0.056707 0.016940 0.022968 -0.152174 -0.149815 -0.019961 -0.033999 0.076689 -0.061169 -0.028115 -0.072865 0.054402 0.026566 0.073992 -0.135163 0.103416 -0.033946 -0.032184 0.008786 0.034788 0.006785 -0.019895 -0.191113 0.056315 -0.030952 0.067630 0.013295 -0.150819 -0.001875 -0.091545 -0.033608 0.023235 0.074687 0.046367 -0.069185 -0.102153 0.061989 -0.003699 -0.099583 -0.002716 -0.004655 0.089180 -0.032483 -0.041293 -0.044216 0.020646 -0.005184 -0.036797 0.018866 -0.022751 0.095163 -0.035760 -0.059455 0.040790 -0.034234 -0.027550 -0.008525 -0.005486 -0.048154 0.001143 -0.208985 0.012520 0.004207
T_4018 -0.077655 0.105712 0.056818 0.052065 0.045548 -0.078079 0.083856 0.001695 -0.004287 -0.013388 -0.044729 0.074511 0.062941 0.066295 0.150495 -0.047925 0.065877 0.014820 0.051295 -0.008017 -0.056019 -0.066609 0.107765 -0.000168 -0.006629 0.082342 -0.020475 0.027970 0.064096 -0.156329 -0.019823 0.041355 0.008206 0.009051 -0.060342 -0.017814 -0.021462 0.030662 0.040475 -0.044068 -0.075316 0.070678 -0.017884 -0.070826 0.068131 -0.027584 -0.009864 0.019338 0.134524 0.096003 -0.023548 -0.007141 -0.129156 0.040310 0.076560 0.091162 -0.022832 -0.000295 -0.118459 0.057303 -0.029257 0.024196 -0.027739 0.072278 0.045662 0.125176 -0.055027 -0.140133 0.072141 -0.054581 0.028315 0.053517 0.044939 -0.096974 -0.087044 -0.046757 -0.047177 -0.020835 0.007809 0.098319 0.010202 0.117025 0.008939 -0.044786 0.057820 -0.027328 0.044336 0.059866 -0.113318 0.099176 0.024127 -0.042939 0.019896 0.201581 -0.062173 -0.061245 0.006213 -0.098488 -0.228321 0.093296 0.064553 -0.037075 0.097662 -0.004528 -0.077476 -0.031523 -0.074962 -0.049427 0.029205 0.018886 -0.050377 0.014878 0.010367 -0.166470 -0.036505 0.024368 -0.093201 0.112841 0.004601 -0.007132 0.061524 0.060507 -0.054024 0.098615 0.031769 0.012526 -0.147791 -0.074153 -0.018479 0.007215 -0.012714 0.052509 0.009659 0.040971 -0.209794 -0.110526 0.070664 -0.042240 0.042806 -0.130399 0.011211 -0.029307 -0.027545 -0.168758 0.039371 0.030815 -0.016463 0.052379 0.085894 -0.019072 -0.018478 0.015477 -0.062047 0.022613 0.098827 0.045284 -0.029502 0.016020 -0.178161 -0.029373 0.096254 -0.067987 0.054262 -0.093276 -0.025510 0.031351 0.117505 0.009413 -0.071147 -0.043219 0.100650 -0.053021 0.064702 0.067774 0.086703 0.072817 -0.108280 -0.010659 -0.086047 0.094206 -0.031212 -0.100491 0.070689 0.027403 0.020228 -0.007812 -0.107955 -0.032859 0.029813 0.009424 0.128713 -0.100375
T_4022 -0.080296 0.030352 0.057779 0.018002 0.010072 -0.034238 0.021480 0.055807 -0.128440 -0.050276 -0.086379 0.063214 0.045980 -0.016038 0.154158 -0.034491 0.078439 0.103109 0.072240 -0.028488 0.031744 -0.082934 0.046039 0.064492 -0.097319 0.042296 -0.029718 0.066586 -0.036325 -0.236068 -0.036678 0.050201 -0.028670 0.028082 -0.027956 -0.029262 0.035962 0.020139 -0.052364 -0.069110 0.007681 0.063465 0.018755 0.016176 0.015018 0.063530 -0.091877 -0.006805 0.065135 -0.015165 0.008796 -0.045657 -0.133364 0.079520 0.090192 0.106969 -0.070478 -0.072687 -0.148101 0.077879 -0.001826 0.028159 -0.073471 0.067932 0.072878 0.099074 -0.052492 -0.085850 0.039805 -0.100859 -0.002828 0.069171 0.048436 -0.116707 -0.118171 -0.045146 -0.129822 -0.099747 0.019124 0.063395 -0.064777 0.167187 -0.049977 0.055617 0.082476 0.052990 -0.013950 0.002526 -0.071145 -0.037428 0.036004 -0.072380 0.047606 0.145786 -0.026837 -0.030437 0.027078 -0.039625 -0.273785 0.093432 0.077304 0.010504 0.038380 0.038459 -0.076297 -0.027921 -0.109950 -0.041650 0.028449 -0.014129 -0.033670 0.035154 -0.001631 -0.077880 0.005962 0.077199 -0.080641 0.103980 0.054235 -0.054876 0.120166 0.073281 0.018346 0.004415 0.094936 -0.074922 -0.079962 -0.009200 -0.067640 0.030054 0.001867 -0.003487 -0.071345 -0.030653 -0.119349 -0.109359 0.092315 -0.037204 0.035149 -0.145849 0.107198 -0.044611 0.022244 -0.020555 0.082984 -0.012848 -0.014914 0.091548 0.082832 -0.016503 0.005585 0.015381 -0.029520 -0.048535 0.047317 0.047330 -0.085669 -0.023965 -0.072204 -0.055013 0.117699 0.033171 -0.006988 -0.073153 -0.021178 0.020542 0.099200 -0.014840 -0.074771 -0.057374 0.032281 -0.063115 -0.019193 0.096572 0.124879 0.015206 -0.133421 -0.031080 -0.052678 0.099571 -0.009112 -0.134288 0.088235 0.037484 0.067230 0.013262 -0.117757 -0.039660 -0.022071 0.054142 0.033166 -0.104196
T_4030 0.028866 -0.020594 -0.015677 0.047780 0.011383 -0.007970 -0.175623 0.082593 -0.130420 0.005749 0.069667 0.049871 0.016121 0.041218 0.066700 0.043175 0.104838 -0.065022 -0.010552 0.075054 0.039853 -0.045588 0.064913 0.005085 0.023175 0.016079 0.107661 0.108695 0.048113 -0.026084 -0.010684 0.065736 0.020183 -0.080017 -0.056385 -0.151832 0.052010 -0.076204 0.058611 -0.063848 -0.043330 0.008646 -0.043861 -0.080816 -0.047369 -0.035682 0.025780 -0.021384 0.062088 0.055935 -0.007201 0.080967 0.069789 -0.037287 0.050188 0.097015 -0.052713 -0.085160 -0.021439 -0.058616 -0.031117 0.105535 -0.048709 0.056468 0.083061 0.042526 0.038925 -0.080878 0.067572 -0.110984 0.088969 0.032526 0.043673 -0.054530 -0.025727 -0.012775 -0.159695 -0.173065 0.044974 0.049008 -0.123080 0.140572 0.062142 -0.067995 0.025537 0.023692 0.108191 0.042298 -0.047292 -0.018182 -0.039514 -0.035505 -0.037947 0.080742 -0.140863 0.054252 0.016360 -0.006702 -0.115772 -0.022494 0.014791 0.005772 0.015713 0.068321 0.011718 0.064090 -0.082711 -0.130159 -0.044402 0.035636 0.030482 0.017593 -0.015105 -0.015568 0.027378 0.039677 0.033530 0.066009 0.158490 0.072455 -0.061937 0.024119 0.019424 -0.008724 0.098968 -0.137388 0.039652 -0.075981 -0.053452 0.067996 -0.100757 0.010124 -0.024224 -0.047670 -0.020921 0.039907 0.041900 -0.110224 -0.056049 0.021827 -0.055373 -0.045508 0.064803 -0.138476 0.046244 0.110227 0.118038 0.021713 -0.048664 0.150364 -0.013046 -0.033063 -0.086315 -0.059184 0.086579 0.005697 -0.101750 0.062481 -0.104651 -0.003858 0.105041 -0.013146 0.024844 -0.043303 0.062415 -0.083541 0.040919 -0.137135 -0.115462 0.073656 0.079420 -0.046495 0.094977 -0.019493 0.059043 -0.034183 0.029261 -0.044158 -0.082219 0.116387 -0.058310 -0.097190 0.062981 -0.139087 -0.011332 0.014445 0.002026 -0.114118 0.007891 -0.200927 0.191953 -0.017208
T_4049 -0.047543 -0.016457 -0.026054 0.002483 -0.025071 -0.007877 -0.034008 0.047838 -0.131006 0.061945 0.160038 0.244880 0.124429 0.021643 0.029170 0.009298 0.072852 0.004796 -0.002087 -0.025230 0.052903 -0.093328 -0.104799 -0.073780 -0.038299 0.023346 0.053113 0.084359 0.077570 -0.141410 0.034705 0.022769 0.010848 -0.028035 -0.040711 -0.012025 -0.019961 -0.102915 0.019468 -0.048197 -0.055319 -0.111643 0.007957 -0.114494 -0.026326 -0.135742 0.001498 0.009696 0.083719 0.060460 0.017068 -0.033810 -0.042092 -0.084204 0.145008 -0.010514 -0.081067 -0.002936 -0.168226 -0.023709 0.006205 -0.093400 -0.143739 -0.090247 0.018729 0.017558 -0.045911 -0.108514 -0.025679 -0.098359 0.074083 0.061921 0.110219 -0.084095 -0.031010 -0.032781 -0.061563 -0.076107 -0.080707 0.000876 -0.089007 0.181574 0.030340 -0.058070 0.030535 -0.094365 -0.011958 0.092758 -0.147962 -0.011316 -0.028421 -0.116077 -0.002640 0.100753 -0.026592 0.032119 0.092373 0.057432 -0.065423 0.101243 -0.193718 0.014489 0.079920 0.025847 0.056519 -0.059906 -0.114993 -0.061974 -0.099998 0.037871 -0.014340 -0.078630 0.063672 -0.028936 -0.019654 0.042752 -0.023856 -0.055624 0.165212 -0.017350 -0.065550 0.077041 -0.048597 -0.058888 0.098895 -0.006976 0.111106 -0.058172 0.050588 0.039013 -0.050095 0.007305 -0.055045 -0.063751 -0.081003 0.001143 0.099115 -0.012448 0.046725 -0.035284 -0.028935 -0.000516 0.009290 -0.077973 0.101322 -0.014793 0.039605 -0.063984 0.016820 0.075194 0.007873 -0.089818 0.043931 -0.069003 0.085211 0.049473 -0.036643 -0.012069 -0.075720 -0.010188 0.076685 0.089388 -0.034757 -0.093486 -0.059426 -0.029853 0.031468 0.013297 0.013027 0.061475 0.016182 -0.018199 0.016872 -0.126482 -0.035206 0.019667 0.043287 -0.067286 -0.058731 0.111676 -0.090194 -0.102094 0.024087 -0.043542 -0.034636 -0.019707 0.032498 -0.038227 -0.070486 -0.082902 0.163986 -0.084511
T_4053 -0.070687 -0.024672 -0.040096 -0.013323 -0.033866 -0.035865 0.036322 -0.023123 -0.131100 0.002354 -0.134563 0.087358 0.088092 -0.064797 0.007834 -0.097846 0.112281 0.052007 -0.044207 -0.071830 0.016735 -0.030200 -0.012952 0.033583 -0.050667 0.123680 0.038855 0.031564 0.048428 0.001451 -0.087037 0.222912 -0.003533 0.070239 0.016019 0.035012 0.099494 -0.016689 -0.010067 -0.054473 0.017232 0.029647 -0.024654 -0.065195 0.026072 -0.057778 -0.053583 0.025510 0.099365 0.116530 -0.053507 0.176600 -0.090646 -0.048250 0.072121 0.065794 -0.100347 -0.029610 -0.046214 -0.000141 0.057024 -0.071455 -0.043257 0.068329 0.075486 0.112144 -0.029295 -0.104634 0.043322 -0.071516 -0.010938 0.108451 -0.017166 -0.146620 -0.040980 -0.013800 -0.056399 -0.049042 -0.040476 0.144965 -0.001176 0.018550 -0.052401 -0.053724 0.072522 -0.072368 -0.003467 0.019878 -0.104388 0.174259 -0.017408 -0.110830 0.022263 0.294527 0.018634 0.030879 0.075144 0.011086 -0.113672 0.175534 0.026298 -0.042940 -0.065628 -0.009662 -0.100500 0.000923 -0.088813 0.027334 -0.002970 0.003216 -0.089698 -0.008291 0.021119 -0.075681 0.032025 -0.020611 -0.071664 0.065380 0.085919 0.056743 0.106751 0.091537 -0.018952 -0.002530 0.010773 -0.043912 0.029797 0.006362 0.012349 0.006968 -0.062146 -0.018878 -0.075127 -0.162585 -0.103855 -0.058568 0.062706 -0.009595 0.020134 -0.121512 0.005240 -0.067882 0.077931 -0.030054 0.067701 0.113798 -0.037275 0.038897 0.046260 0.015138 -0.150036 -0.062536 -0.014027 0.036565 0.091238 0.007141 -0.100214 0.061099 -0.070242 -0.015101 0.024340 0.024987 0.032862 -0.021954 -0.074588 0.056070 -0.035663 -0.130788 -0.023494 0.046362 0.061764 -0.072920 0.017017 -0.033084 -0.005798 -0.027789 -0.055413 0.060742 -0.056777 0.050852 -0.121923 -0.091250 -0.040465 -0.018560 -0.051197 -0.078754 -0.078979 0.061441 0.084037 -0.128852 0.046367 0.005832
T_4059 0.011907 0.000260 -0.028586 0.074307 0.019490 0.008589 -0.092072 0.009679 -0.068310 0.054896 0.061236 0.118241 -0.020124 -0.000549 0.154092 0.043417 0.075623 0.080654 0.030972 0.054475 -0.099078 -0.119239 0.009239 -0.014018 -0.031475 -0.063390 0.083172 0.146199 0.119356 -0.082530 0.053272 0.050390 -0.116276 -0.018552 -0.052353 -0.026055 -0.054244 -0.038438 0.026426 -0.104469 -0.104734 -0.044803 0.021744 -0.125572 0.097462 -0.132300 -0.014121 -0.028613 -0.024088 0.076683 -0.045601 -0.056533 0.160750 -0.064116 0.060487 0.051157 -0.011725 0.029626 -0.073630 -0.029162 -0.099551 -0.111523 -0.160163 0.049869 0.141808 -0.009092 0.024327 -0.024700 -0.005417 -0.010362 0.028357 0.076350 0.155283 -0.052329 -0.044835 0.057395 -0.096938 -0.162768 -0.016483 -0.044287 -0.015323 0.059336 0.056085 -0.053174 0.056577 -0.010426 -0.031161 0.059735 -0.106899 0.041832 -0.006410 -0.092332 -0.000276 -0.004652 0.015524 0.074700 0.013330 -0.029771 -0.131103 0.102198 -0.024446 0.175069 0.090530 0.071591 0.098976 0.136208 -0.042300 -0.051908 -0.128653 0.052768 0.020953 -0.035794 0.091029 0.072941 0.016078 0.095781 -0.033804 -0.082208 0.087458 -0.048921 -0.082146 0.091668 0.044876 0.035821 -0.000664 -0.139692 -0.018431 0.002299 -0.038704 0.117317 -0.056522 -0.039400 -0.020592 0.030075 -0.155203 -0.041612 -0.018031 -0.060401 -0.053122 -0.069560 0.015233 -0.043107 0.002209 -0.107524 -0.004122 0.021809 0.051773 0.038641 -0.021600 0.081948 0.060366 -0.127664 0.023156 -0.038501 0.124941 0.136719 -0.110942 0.024493 -0.004360 -0.018958 -0.012333 -0.017864 -0.016468 -0.070051 -0.013895 -0.010723 0.019660 -0.080073 -0.055908 0.074033 0.091532 0.027323 -0.041323 -0.080932 0.091933 -0.052265 -0.037795 -0.047472 0.057935 0.169379 -0.073010 -0.097316 -0.013560 -0.078854 -0.051710 -0.037634 0.037517 0.012095 -0.020852 -0.108655 0.081520 -0.035694
T_4074 -0.048814 0.029757 0.037328 -0.004461 0.025317 0.012650 0.052943 0.077938 -0.075597 -0.014441 -0.088930 -0.001756 0.140770 -0.033163 -0.019574 -0.007850 0.029855 0.035253 0.012207 -0.025000 0.028329 -0.061776 -0.013571 0.062416 -0.068484 -0.026424 0.054494 0.110560 0.066798 -0.140512 -0.094403 0.063179 -0.047354 -0.115345 0.026257 0.035662 -0.039051 -0.026340 0.034906 -0.118797 -0.040313 -0.041732 0.025812 -0.156894 -0.083105 0.057840 0.064808 0.019341 0.094850 0.061915 0.013031 0.070078 0.071266 -0.041916 0.073676 0.036859 -0.078467 -0.015714 -0.028990 0.032795 0.055582 -0.065173 -0.048065 0.024837 0.098187 -0.008711 0.063042 -0.103424 -0.002212 -0.083552 0.050080 0.063706 0.168289 -0.160931 0.022155 -0.034765 0.023828 -0.041854 -0.097025 0.133673 -0.069401 0.046809 0.124872 -0.042002 0.031386 -0.004317 0.004834 -0.034427 -0.079639 0.062200 -0.098804 -0.155516 -0.006881 0.230297 -0.061561 -0.051053 0.062886 -0.018485 -0.214593 0.033584 0.071534 -0.063811 -0.033426 0.049542 0.015601 0.002885 -0.038931 -0.077956 0.017420 0.012599 -0.028151 -0.038570 -0.058245 -0.019592 0.056116 0.112456 0.023657 0.014451 0.003129 -0.075057 0.060927 -0.053900 -0.001324 -0.083257 0.006586 -0.046925 -0.013021 -0.129378 -0.075775 0.080062 -0.107042 0.022367 -0.048105 -0.147160 -0.093097 -0.157347 0.063437 -0.116237 0.142447 -0.062092 0.023655 -0.136851 0.126203 -0.015394 0.003433 0.031170 -0.101127 0.096277 0.039036 -0.055591 -0.020239 -0.107355 -0.131763 -0.021802 0.053798 0.027325 -0.069886 0.028148 -0.111211 -0.044694 -0.064611 -0.048351 -0.015103 -0.075256 -0.083103 -0.037839 0.050681 -0.035704 0.034140 0.086877 0.116458 -0.012976 -0.015089 -0.016172 0.041929 0.015165 0.023117 0.004256 -0.081744 0.081076 -0.182627 -0.083024 0.083899 -0.026850 -0.025481 0.047655 -0.072901 -0.011494 -0.000101 -0.057923 0.060402 -0.037869
T_4075 -0.057855 -0.009438 0.027240 0.041384 -0.015992 0.027573 -0.074279 0.066401 -0.011961 0.106434 0.085862 0.116161 -0.021955 0.024083 0.045016 -0.114242 0.081980 0.079180 -0.003673 0.030434 0.049994 -0.016978 -0.025280 -0.032325 0.030892 0.084381 0.001780 0.084887 0.133339 -0.067079 0.016417 0.125083 0.035750 -0.000038 -0.079049 -0.094942 -0.036981 -0.127222 0.039611 -0.117292 -0.045201 0.036727 0.011907 -0.026260 -0.027705 -0.107084 0.060954 -0.100569 0.135902 0.100741 -0.090595 0.025922 0.080617 -0.004467 0.066088 -0.039056 -0.170538 -0.073353 -0.127841 0.011751 -0.095756 -0.036201 -0.029974 -0.013100 0.127382 0.016106 -0.051065 -0.083180 -0.026706 -0.166152 0.118483 0.065358 0.125237 -0.169835 0.000811 0.005083 -0.062614 -0.093885 0.075167 0.018653 0.040681 0.119064 0.043032 -0.017995 0.134161 -0.069032 0.033657 -0.042020 -0.061904 0.082666 0.043252 -0.026118 -0.042687 0.061210 -0.054106 0.115834 0.088224 0.064770 -0.180450 0.034410 -0.061281 0.046605 -0.005037 0.026578 -0.057146 -0.077252 -0.044611 0.031882 -0.076097 0.018926 -0.031474 0.067369 0.073493 -0.093560 -0.039302 0.026278 -0.048357 0.124168 0.128363 -0.008609 -0.034151 -0.022711 -0.038963 0.093152 0.129750 -0.068963 0.099270 -0.127267 -0.043908 0.048401 -0.007952 0.003418 -0.052281 -0.084128 -0.114586 -0.045624 0.107432 -0.009953 0.002573 -0.052353 0.004423 -0.013926 0.055363 -0.141307 0.050348 0.064033 0.041890 0.013276 -0.027024 0.060151 -0.016279 -0.159741 0.006999 -0.049618 0.045302 -0.040344 -0.105208 -0.026905 -0.009681 -0.095636 0.088597 -0.016485 0.033457 -0.071708 0.028106 -0.026925 -0.009715 -0.113587 0.018098 0.013157 0.048450 -0.045559 0.018357 -0.006955 0.029333 -0.029177 -0.014521 -0.058993 -0.020402 0.153164 -0.076481 -0.125948 0.046265 -0.105022 -0.020026 -0.091910 0.012797 -0.001125 -0.075254 -0.131626 0.066014 -0.042444
T_4090 -0.043414 0.077462 0.044327 0.097888 0.028644 -0.082236 0.137395 -0.010101 -0.048904 -0.018767 0.002367 0.047087 0.058012 0.019509 0.181946 -0.091751 0.082035 0.024921 0.057560 0.005656 -0.014904 -0.051458 0.095154 -0.028968 0.035356 0.065870 -0.031439 0.028574 0.048461 -0.111451 -0.039895 0.042540 -0.029056 0.059808 -0.041280 0.029503 -0.017424 0.081895 0.043613 0.009949 -0.079558 0.033424 -0.053794 -0.026055 0.036937 -0.028912 0.025617 -0.007396 0.080070 0.019023 -0.077033 0.030237 -0.125348 0.048875 0.106362 0.111927 0.007635 0.055622 -0.128828 0.015111 -0.012755 0.053724 -0.105426 0.032459 0.024058 0.113556 -0.097795 -0.134380 0.082912 -0.067052 0.042788 0.111841 0.017256 -0.085424 -0.017049 -0.148458 -0.137513 -0.004827 -0.020404 0.008812 0.000681 0.080676 -0.046660 0.029910 0.038580 -0.027091 0.102097 -0.030116 -0.098823 0.099745 -0.049595 -0.006021 0.015265 0.192255 -0.028816 -0.066264 0.027217 -0.082470 -0.189450 0.087513 0.085031 0.012878 0.094287 -0.030839 -0.067467 0.039850 -0.070575 -0.041965 0.106621 0.003012 -0.132596 -0.028671 0.067340 -0.139954 -0.009990 -0.039661 -0.023493 0.085384 0.013293 -0.016191 0.100342 0.008833 -0.040275 0.069734 0.004897 0.026427 -0.148806 -0.011101 0.014294 -0.067632 0.039116 0.075102 -0.078008 0.035789 -0.210805 -0.116136 0.035202 -0.016486 0.041601 -0.128536 0.028969 0.018824 0.012508 -0.175789 0.084419 -0.009739 0.003840 0.039144 0.044547 -0.040690 -0.101275 -0.004505 -0.075755 0.007611 0.072007 0.066010 -0.064411 -0.032276 -0.159606 0.011134 0.082007 -0.015568 0.079672 -0.044488 -0.016674 -0.045567 0.151583 0.037742 -0.125071 -0.106705 0.041264 -0.061480 0.046018 0.086552 0.073465 0.039957 -0.119388 0.038188 -0.034530 0.075692 0.004692 -0.058114 0.044933 0.017857 0.023778 0.002524 -0.089744 0.014824 0.023832 0.010806 0.104309 -0.086197
T_4100 -0.027319 0.100161 0.115182 0.041725 0.071646 -0.024128 0.064588 0.029819 0.010485 -0.004046 -0.029926 0.043146 0.066701 0.087325 0.113008 0.049296 0.115841 0.046440 0.089064 -0.002972 -0.036748 -0.088629 0.092347 0.031007 0.004607 0.007957 -0.027653 0.036530 0.053196 -0.189703 -0.056983 -0.054553 -0.062702 -0.016186 0.088042 -0.014331 -0.044030 0.063912 0.042958 -0.050892 -0.043340 0.004599 0.002248 -0.082385 -0.050371 0.017963 -0.027901 -0.038766 0.189369 -0.025257 0.052347 0.043842 -0.100189 -0.026468 0.036183 -0.028872 -0.074860 0.011979 -0.075424 0.097526 0.038643 0.052100 -0.036344 0.051480 0.042753 0.014035 0.014110 -0.107113 0.040761 -0.042778 0.031539 0.066610 0.121104 -0.163815 0.033281 -0.075285 -0.050035 -0.056350 -0.013343 0.056717 -0.103023 0.150538 0.132089 -0.034091 0.052432 -0.014738 0.067582 0.032302 -0.087118 0.050093 -0.113448 -0.137149 -0.009708 0.210492 -0.039400 -0.045241 0.044684 0.016233 -0.218704 0.003701 0.092956 -0.120554 0.056120 0.045827 0.036129 -0.033176 -0.055583 -0.094635 0.040437 0.046251 -0.048141 -0.051800 0.056423 -0.107141 -0.022218 0.062721 -0.075050 0.057028 0.003047 -0.028943 0.043792 -0.021724 -0.011438 -0.011777 0.088310 -0.014511 -0.069875 0.025490 -0.051941 0.005643 -0.056579 0.057660 -0.014083 -0.017869 -0.152539 -0.121608 0.063432 -0.158315 0.127681 -0.125338 0.009290 -0.064368 -0.053660 -0.057133 0.026473 0.013240 0.033969 0.075919 0.093731 -0.063542 0.021574 0.020159 -0.129821 -0.006061 0.047113 0.058695 -0.066728 -0.034590 -0.127337 -0.018141 -0.011404 -0.099314 0.028032 -0.051969 -0.089655 -0.064352 0.196733 0.041063 -0.019738 0.035412 0.094671 -0.028684 -0.006115 -0.035630 0.039499 0.032431 -0.078296 -0.025936 -0.028782 0.107782 0.005697 -0.037507 0.151255 0.008049 -0.041516 0.068252 -0.031819 -0.061260 0.005709 0.067984 0.082816 -0.118388
T_4102 0.019923 -0.098476 -0.009333 -0.025307 -0.003202 0.061274 0.060689 -0.005171 -0.043933 0.062562 -0.016021 0.043724 -0.020539 -0.026621 -0.008072 -0.116679 0.171922 0.010395 -0.027279 0.042714 0.106953 0.021651 -0.008205 -0.123639 0.003906 -0.077953 0.052582 0.069378 0.075397 -0.059420 -0.056101 0.116506 -0.059098 -0.067115 -0.010123 -0.036486 0.088426 0.000892 0.112985 -0.082525 -0.029533 -0.017558 -0.062338 -0.100219 -0.078597 0.037201 -0.017953 -0.017440 0.104423 0.115374 0.004910 -0.041933 0.074835 -0.004851 0.076075 0.100194 -0.119646 0.031003 -0.047157 -0.014042 -0.011482 -0.039742 -0.088618 -0.058551 0.035030 0.031896 0.018950 -0.064529 0.002423 -0.194877 0.082190 0.059930 0.070228 -0.134712 0.102343 -0.027200 -0.107829 0.050292 0.049970 0.037662 -0.044237 0.054785 -0.025627 -0.013951 0.102280 0.012755 0.004480 -0.017247 -0.089114 0.030083 -0.036323 -0.065110 0.022586 0.101690 -0.115396 0.110733 -0.008452 0.135148 -0.087835 0.075933 -0.044707 0.003873 -0.047507 0.121301 -0.029690 0.033095 -0.123435 -0.014109 0.014223 0.031273 -0.030681 -0.061718 0.091079 -0.038013 0.015188 0.102403 0.074484 0.136822 0.214326 0.005016 0.015713 0.048875 0.028536 -0.012567 0.073366 -0.007781 0.081054 -0.084484 -0.000002 0.014315 -0.062959 -0.025694 -0.099446 -0.063222 -0.041633 -0.101513 0.105489 -0.089796 -0.008148 -0.101446 -0.021698 -0.080588 0.095443 -0.170810 0.054259 -0.027974 -0.009190 -0.002920 -0.049333 0.040975 0.076038 -0.072703 -0.017091 -0.022863 -0.050486 -0.080187 -0.057594 0.062073 -0.112282 -0.089999 -0.021878 0.032704 -0.092130 -0.116690 -0.054208 -0.046258 -0.076603 0.055910 -0.002134 0.100023 0.063829 -0.000073 -0.071723 -0.024199 -0.033580 0.053803 0.051400 -0.178551 -0.061952 0.055719 -0.107523 -0.042942 -0.007898 -0.046721 0.037936 -0.106227 0.008251 -0.179093 -0.008824 -0.153674 0.096367 -0.011533
T_4104 0.064203 -0.037280 -0.060095 -0.020413 0.105304 0.027408 -0.154031 0.137804 -0.201899 -0.147554 0.090035 0.125693 0.020459 -0.021078 0.156357 0.017059 0.049904 -0.045691 -0.033857 0.020307 -0.023827 -0.099003 0.003520 -0.033873 0.053982 0.081111 0.061254 0.050501 0.046047 -0.093599 -0.003466 0.125520 -0.077495 -0.013763 -0.093093 -0.057824 0.017735 -0.089629 -0.048158 -0.116799 -0.026037 -0.002084 0.015427 -0.119228 0.077864 -0.096273 -0.071242 -0.004936 -0.026689 0.046847 -0.060665 0.010654 0.133251 -0.066333 0.046837 0.041249 0.040204 -0.044787 -0.142917 0.075867 -0.051087 -0.040540 -0.141365 0.108223 0.097481 -0.008676 -0.006563 -0.079869 -0.017122 -0.047649 0.005675 0.054884 0.127664 -0.028696 -0.029505 0.054558 -0.136535 -0.076938 -0.023176 0.004565 -0.064524 0.112797 0.033890 -0.085057 0.013613 -0.017916 0.014613 0.042183 -0.057327 0.055427 -0.086611 -0.109936 0.038683 0.098868 -0.123932 0.044197 0.064563 -0.067037 -0.121840 0.072429 -0.030218 0.057223 0.004406 0.003802 0.022606 0.078611 -0.051303 -0.106607 -0.109296 0.022735 -0.000334 0.008756 -0.016836 0.002659 -0.004380 0.092688 -0.086659 -0.050726 0.039514 -0.010467 -0.112512 0.069845 -0.025021 -0.021486 0.013366 -0.069653 0.081395 -0.036028 0.020017 0.094748 -0.067157 0.043553 -0.042546 -0.019239 -0.109745 -0.003916 0.071498 -0.058927 -0.016508 -0.030942 -0.082149 -0.014204 -0.012158 -0.173443 0.031019 0.036998 0.070271 -0.014289 -0.050850 0.088615 0.048149 -0.014266 -0.024461 -0.017823 0.176290 0.081061 -0.072039 0.015039 -0.110948 0.061146 0.098247 -0.024646 0.001943 -0.124030 -0.066153 -0.126541 0.102062 -0.110282 -0.037688 0.054741 0.035453 0.017524 0.008663 -0.041279 0.049408 0.001561 -0.005485 -0.038366 -0.024290 0.150436 -0.087641 -0.074615 0.029426 -0.081638 -0.017835 -0.035255 0.061057 -0.014481 -0.016304 -0.135977 0.058084 -0.096482
T_4121 -0.033843 0.077045 0.009653 0.066030 0.064895 -0.090146 0.017859 -0.040741 -0.006371 0.045352 -0.079422 0.087952 0.039461 -0.043519 0.184002 0.019752 0.062228 0.015320 -0.004091 -0.046091 -0.001941 -0.092265 0.066257 -0.019135 -0.010958 0.044293 -0.009406 0.103602 0.041926 -0.136610 0.035452 0.046753 -0.032068 -0.008642 -0.036085 0.074415 0.032438 0.074063 0.003780 -0.060804 -0.070324 0.076819 -0.043867 -0.071147 0.043407 0.031409 -0.066088 0.043774 0.117777 0.098169 -0.001823 0.077798 -0.040378 -0.036013 0.183949 0.048988 -0.050564 -0.043102 -0.168379 -0.085763 -0.033632 0.034565 -0.046973 0.093197 0.066558 0.165063 -0.012259 -0.102601 0.056447 -0.082921 0.088290 0.130289 0.057298 -0.094986 -0.123268 -0.038789 -0.065148 0.078641 -0.038890 0.074063 0.028430 0.111058 -0.074403 0.035371 0.078934 -0.140052 0.025771 0.034964 -0.071880 0.102499 0.044525 -0.093004 0.017848 0.115392 0.065726 -0.070632 0.031658 -0.044859 -0.228726 0.161115 0.087908 -0.044119 0.065008 0.009544 -0.071769 -0.002320 -0.096472 -0.075791 0.049614 0.004034 -0.116230 -0.050824 -0.030802 -0.133312 0.035586 0.016206 -0.149304 0.071534 0.028881 -0.027167 0.093402 0.069233 -0.037818 -0.039853 -0.040712 0.050165 -0.037156 -0.090151 -0.049171 0.012126 0.026427 0.050750 0.023093 0.009559 -0.110685 -0.057625 0.102002 -0.045298 0.015551 -0.167128 0.033571 -0.034643 -0.061578 -0.195273 0.056348 0.067770 -0.031886 -0.035436 -0.028576 0.023040 -0.094210 0.031889 0.014975 0.009252 0.049975 0.038739 -0.037192 0.042531 -0.157239 0.009198 0.057587 -0.063244 0.055009 0.020807 -0.044585 0.044165 0.083505 0.025579 -0.025721 -0.034921 0.032395 -0.061311 0.009723 0.048848 0.106802 0.042259 -0.046612 0.030014 -0.018166 0.039255 -0.036035 -0.101020 0.033267 0.014123 0.036824 -0.040218 -0.082837 -0.069381 0.047888 0.026952 0.097256 -0.112500
T_4125 -0.090538 0.027600 0.070139 0.011262 -0.024863 -0.080260 0.062428 -0.008626 -0.019994 -0.067039 -0.043303 0.010565 0.070490 0.039859 0.133971 0.019708 0.057463 0.010486 0.010828 0.002306 -0.057502 -0.064578 0.043341 0.015105 -0.016894 0.077793 -0.038334 0.018880 0.043379 -0.116768 0.007942 0.047719 -0.026759 0.045112 0.008325 0.004666 -0.025592 0.083081 0.025899 -0.089490 -0.102233 0.071829 -0.000924 -0.002893 -0.047604 0.022499 -0.002692 0.031367 0.061130 0.071773 -0.116866 0.031666 -0.131554 -0.001946 0.032798 0.064039 -0.043315 0.048170 -0.073092 0.057465 0.002857 -0.064557 -0.068246 0.031781 0.034904 0.095907 0.019739 -0.138920 -0.002604 -0.103613 0.036266 0.095873 0.027311 -0.114329 -0.010167 -0.018426 -0.077366 -0.068083 -0.059376 0.062827 0.013559 0.067387 0.020900 -0.016873 0.077892 -0.053801 -0.034314 0.007974 -0.134225 0.144002 -0.022265 -0.057666 0.034443 0.242203 -0.072685 -0.042323 0.108427 -0.032758 -0.262559 0.097066 0.100263 -0.102764 0.096299 0.007022 -0.022290 -0.087289 -0.058264 -0.055044 0.041890 0.023923 -0.044968 0.002786 0.115804 -0.113308 -0.028894 0.007010 -0.121760 0.107501 -0.013211 -0.017906 0.139206 0.082885 -0.050130 0.063935 0.046450 -0.006379 -0.106346 -0.067327 0.039528 0.057502 -0.041190 0.039212 -0.103104 -0.006549 -0.191344 -0.121297 0.095045 -0.040422 0.113662 -0.116884 0.002277 -0.049110 0.019660 -0.086878 0.091780 -0.011622 0.008463 0.064372 0.084743 -0.045411 -0.049234 -0.014097 -0.064772 -0.007817 0.080875 0.073889 -0.049633 -0.048415 -0.167683 -0.008272 0.069998 -0.055663 -0.012194 -0.063394 -0.016121 0.013639 0.143198 0.005058 -0.078799 -0.037511 0.127035 -0.082287 0.025716 0.010224 0.070300 -0.005720 -0.089568 -0.013299 -0.023392 0.162423 -0.023821 -0.057397 0.114031 0.037312 -0.077383 0.032645 -0.068864 -0.038432 -0.067522 0.011351 0.052542 -0.089358
T_4126 0.061339 0.094956 0.122575 0.061780 -0.043373 -0.043874 0.047987 0.034156 -0.052069 -0.050623 0.018209 0.103463 0.172697 0.015709 0.088783 0.066703 0.104099 -0.012929 -0.018810 0.023563 -0.067575 -0.198789 0.054188 0.057592 0.018201 -0.108735 0.060687 0.058557 0.014216 -0.111969 -0.005675 0.033871 -0.019934 -0.054341 0.077098 -0.036514 0.065463 0.039558 0.056605 -0.113038 -0.110821 0.026385 -0.005577 -0.133144 0.019377 0.025509 -0.014982 -0.030784 0.164035 0.064532 -0.000039 0.035736 -0.043960 -0.006707 0.116861 0.007761 -0.098547 0.013750 -0.088777 -0.067102 0.146603 -0.015276 -0.104084 0.087326 -0.018206 0.156050 0.004646 -0.103945 0.032461 -0.083272 0.028510 0.163111 0.065037 -0.085276 0.053813 -0.125040 -0.006430 -0.096628 -0.129601 0.020735 -0.052579 0.047877 0.065958 -0.015015 0.116196 -0.039857 0.039738 0.013766 -0.066767 0.104436 -0.022703 -0.087969 -0.035055 0.092008 0.021663 -0.000068 0.018006 0.003636 -0.208821 0.060585 0.079243 -0.118776 0.076487 0.005135 -0.005404 -0.055353 -0.064325 -0.128449 0.013087 0.089429 -0.100097 -0.122185 -0.015897 -0.017484 -0.001135 -0.007387 -0.062982 0.056048 0.009144 -0.040732 0.091653 -0.008135 -0.048431 -0.036406 -0.075296 -0.007542 0.033282 -0.114604 -0.046037 0.106628 -0.087365 0.024845 -0.064295 -0.091165 -0.029572 -0.183948 0.013191 -0.075704 0.066246 -0.096428 -0.015264 -0.095398 -0.034045 -0.077603 0.024107 0.061337 0.030952 -0.002524 0.060365 -0.019294 -0.095972 0.010232 0.017695 -0.050093 0.078060 -0.049816 0.044627 0.048131 -0.099815 -0.068079 0.012386 -0.059144 0.029341 0.041733 -0.093699 -0.042357 0.057288 -0.000731 0.012050 0.078351 0.105415 -0.091268 -0.044863 -0.109040 0.048579 0.038613 -0.025211 -0.010455 -0.040303 0.048662 -0.092614 -0.067737 0.009641 -0.015691 -0.031668 -0.011872 -0.095566 -0.087877 -0.022079 -0.000808 0.039402 -0.122933
T_4166 0.009552 -0.027685 0.050012 -0.090145 0.098755 0.012011 -0.045985 -0.041555 -0.152339 -0.094356 0.001263 0.099175 0.005175 0.031759 0.056724 -0.079851 0.109860 -0.009401 0.030118 -0.101518 0.036272 -0.016521 0.023487 0.017720 0.085766 0.186837 0.100038 0.010927 0.181366 -0.087170 0.024898 0.190826 -0.033826 0.060475 0.004389 -0.033273 -0.020009 0.022835 0.168815 -0.081861 0.059357 0.082251 -0.022005 0.006808 0.017084 -0.061375 -0.166629 -0.102283 0.063470 0.040256 -0.000541 0.033716 0.065015 -0.043132 0.091068 0.057265 -0.136007 0.053250 -0.058748 -0.059451 -0.111732 -0.016948 -0.076768 0.008773 0.070976 -0.011204 -0.073176 -0.108878 -0.044131 -0.063685 0.011471 0.015918 0.033246 -0.157666 -0.082776 -0.050243 -0.132089 -0.022095 -0.026632 -0.032210 0.011910 0.036035 -0.016459 -0.062987 -0.031175 0.043859 0.025398 0.033481 -0.083901 0.053142 -0.095469 -0.126902 -0.012094 0.050564 -0.071144 -0.023213 0.105538 -0.026775 -0.063728 0.125844 -0.119088 0.118283 -0.014358 0.068834 0.013732 -0.094362 -0.059922 -0.065290 -0.013513 0.006011 -0.044201 0.036695 0.074547 0.013530 -0.072454 0.112403 -0.009629 0.125834 0.154287 -0.061082 -0.027388 -0.058405 -0.032495 0.038174 0.045218 -0.001547 0.106399 0.031475 -0.047550 0.000871 0.014211 0.024078 -0.100419 -0.117120 -0.090269 -0.057032 0.103421 -0.046732 0.008697 -0.036246 0.016671 -0.083019 0.080611 -0.070835 0.157276 -0.046047 -0.025725 -0.037931 -0.033365 0.075156 -0.017233 -0.101194 0.052223 0.102338 0.083461 -0.013881 -0.095209 0.017096 -0.095972 0.003579 0.038243 0.014574 0.073139 -0.096375 -0.084822 -0.020042 0.092525 -0.101024 -0.013354 -0.003065 0.081075 0.091324 -0.042863 -0.022747 -0.048769 -0.062557 0.008611 -0.039615 0.051050 0.123746 -0.025469 -0.004825 -0.026227 -0.008050 -0.039483 -0.068884 -0.088178 -0.085602 0.009098 -0.125367 -0.011491 -0.087685
T_4175 0.042025 -0.024899 0.081524 -0.137703 0.011813 0.014917 -0.030380 0.046979 -0.163978 -0.088066 0.036733 0.008659 0.070190 -0.029590 0.194378 -0.012852 0.075336 -0.054423 -0.037562 -0.045580 -0.047329 -0.001414 0.020163 -0.006622 0.025855 0.068696 -0.043458 0.035829 0.124484 -0.133996 0.017157 0.064531 -0.051294 0.053912 0.038339 0.044776 0.057083 -0.100240 0.080208 -0.061597 -0.098449 0.025413 -0.067988 0.017609 0.057309 -0.037683 -0.050145 -0.056041 0.048835 0.035306 -0.051457 -0.009060 0.083852 -0.052380 0.024690 -0.009998 -0.013058 -0.086188 -0.110021 0.097385 -0.127894 -0.142250 -0.089419 0.036521 0.111286 0.000318 0.040152 -0.040644 -0.027402 -0.158002 -0.053644 0.064172 -0.008060 -0.122956 -0.113585 -0.097650 -0.081529 -0.044164 0.011175 -0.016104 -0.017391 0.082612 0.050551 -0.045661 0.049539 0.002417 -0.011692 0.073209 -0.038102 0.093577 -0.048145 -0.165713 0.060366 0.077311 -0.007749 0.062932 0.018843 0.010531 -0.117039 0.127771 -0.053892 -0.048065 0.070988 0.031911 -0.018776 -0.006957 -0.092073 -0.020267 -0.045285 0.185405 0.052208 -0.032798 -0.028314 -0.037251 0.015953 0.076909 -0.036660 0.061001 0.016785 -0.106552 0.077064 0.043490 -0.056448 -0.095969 0.029943 0.023851 0.138580 0.012292 0.002745 -0.093426 -0.007552 -0.028081 -0.102516 -0.037061 -0.129221 -0.025526 0.112241 0.013009 -0.021737 -0.071034 0.012646 0.032358 0.008788 -0.133646 0.062708 -0.007159 0.022237 -0.093128 -0.007242 0.161203 -0.024842 0.049487 0.093732 0.010121 0.130473 0.153061 -0.066005 0.002807 -0.128923 0.001066 0.026667 0.034751 -0.005297 -0.073884 -0.030301 -0.054073 0.077453 -0.121222 0.075572 0.015846 0.089233 -0.068822 0.040059 -0.030782 -0.034319 -0.040113 0.047825 -0.089637 0.005987 0.111255 -0.165239 -0.117590 0.017965 0.045370 -0.064235 -0.041802 0.037403 -0.037269 0.015241 -0.144994 0.075932 -0.069837
T_4184 0.040523 0.132997 0.078125 0.040043 0.093190 -0.042051 0.132915 -0.035954 0.051124 -0.002098 0.047742 0.085848 0.102580 0.048457 0.116919 0.023157 0.134079 -0.016161 0.111048 -0.013441 -0.076504 0.016546 0.106016 -0.091956 0.051032 0.010789 0.008736 -0.047022 0.053161 -0.119676 0.022287 0.021254 -0.040706 0.055393 -0.013026 -0.014499 -0.001017 0.034095 0.016652 -0.017609 -0.022762 0.084222 -0.014053 0.059055 0.036310 0.016678 -0.007423 0.050121 0.119172 0.101668 -0.027879 -0.072521 -0.170291 0.111340 0.103828 0.051510 0.008267 -0.042113 -0.080700 -0.011198 -0.013605 0.084566 -0.101585 0.011056 0.065762 0.182134 0.018818 -0.142105 0.002095 -0.061977 0.062070 0.155588 0.039430 -0.065660 0.005162 -0.138305 -0.090204 -0.058477 0.031596 0.085471 0.016766 0.130876 -0.029317 0.065399 0.064116 0.016356 0.028668 -0.002099 -0.180483 0.057941 -0.028059 0.000016 0.044695 0.098255 -0.056884 0.062080 0.023257 0.004030 -0.185680 0.103582 0.080847 -0.046753 0.070740 0.010166 -0.074667 0.042841 -0.012145 -0.074692 0.141513 0.004997 -0.087941 -0.019040 0.086513 -0.099136 -0.037637 0.011465 -0.096794 0.067366 0.056348 -0.067261 0.030769 -0.057596 -0.013535 0.048665 0.006134 0.070684 -0.117659 0.036731 -0.017819 0.045072 -0.081632 0.023879 -0.099665 -0.034853 -0.135592 -0.099798 -0.044250 -0.077126 -0.019280 -0.111591 -0.079660 -0.111884 -0.007636 -0.136497 0.068924 -0.043801 0.027182 0.025996 0.070836 0.004147 0.014630 0.066351 0.053870 -0.067879 0.099551 -0.035974 -0.031764 -0.055895 -0.149730 0.013033 -0.023065 0.031117 0.097721 -0.037939 0.059267 -0.019058 0.163052 0.006248 -0.098329 0.041049 0.040760 -0.093473 -0.030393 0.031042 0.061521 0.081797 -0.099706 0.027676 -0.103791 0.077833 -0.084442 -0.022332 0.019163 0.059528 0.044070 0.022537 -0.043208 -0.049241 0.058091 0.002267 0.070688 -0.047848
T_4192 -0.051221 0.023120 0.021989 0.056694 -0.007805 -0.087209 0.003056 0.083209 -0.115473 -0.059755 -0.107329 0.097685 0.073511 -0.008635 0.189066 -0.055361 0.132978 0.035231 0.008111 -0.018194 0.023138 -0.136037 0.092121 0.007768 -0.036795 -0.006362 0.007991 0.032039 0.005676 -0.098914 -0.002251 0.014864 -0.029774 0.033303 0.004950 0.065191 0.020372 0.062837 0.010328 0.066767 0.014763 0.075631 0.018662 -0.054028 0.086393 -0.056765 -0.034371 0.050117 0.093041 0.011212 -0.020251 0.015485 -0.086493 -0.054959 0.137452 -0.002416 -0.009738 0.001345 -0.114508 -0.010308 -0.081992 0.092732 -0.012001 0.076965 0.143170 0.105901 -0.049111 -0.036953 0.083547 -0.047521 0.015821 0.041080 0.089818 -0.217868 -0.027860 -0.008223 -0.040265 -0.044450 -0.100288 0.016600 -0.040500 0.120462 -0.002400 0.076053 0.141616 -0.081847 0.021910 0.016771 -0.047907 0.061092 0.011846 -0.105341 -0.004859 0.095764 -0.003566 -0.030313 0.055966 -0.042885 -0.257729 0.110354 0.017394 -0.121524 0.084911 0.088231 0.028387 -0.010269 -0.094126 -0.072086 0.011736 0.044997 -0.080655 -0.036466 -0.000277 -0.096802 0.052493 0.040821 -0.020251 0.067817 0.008741 0.003617 0.072532 0.087428 0.051955 0.019070 0.092981 0.070310 -0.047693 0.001194 -0.134788 0.081474 -0.025439 -0.014036 0.047327 -0.054298 -0.045283 -0.049322 0.134717 -0.023923 0.079146 -0.124865 0.018133 -0.080238 -0.033119 -0.044554 0.037434 0.015537 -0.038258 0.058412 0.152747 -0.081641 0.071925 0.014519 -0.029134 -0.033266 -0.024296 -0.020117 -0.085074 0.079157 -0.132226 -0.018898 0.072019 -0.082160 0.057695 -0.017691 -0.103670 0.044174 0.129861 -0.042144 -0.021844 -0.045740 0.056095 -0.108273 0.036445 0.050316 0.137364 0.024458 -0.068782 -0.027259 0.023533 0.072165 -0.032959 -0.128598 0.073148 -0.004496 0.009733 -0.046254 -0.100734 -0.120035 0.018518 0.107191 0.064404 -0.121491
T_4203 -0.001349 0.158725 0.111611 0.107888 -0.014514 -0.020895 0.014093 -0.012343 0.031987 0.079756 -0.030453 0.079971 0.114241 -0.010599 0.055536 0.008431 0.007713 0.027956 -0.013047 0.025838 -0.012451 -0.062971 0.139761 0.028283 -0.018266 -0.100423 -0.046088 0.170198 0.084344 -0.119288 -0.008761 -0.027268 0.001400 -0.055310 0.000818 0.046330 0.094268 -0.015492 -0.054704 -0.057931 -0.029087 -0.012275 -0.009111 -0.047716 -0.016242 0.022294 -0.000323 -0.017847 0.115085 0.067114 0.072097 -0.026522 -0.132869 0.066482 0.114715 -0.017391 -0.082802 -0.080888 -0.045995 0.009712 0.040736 0.073681 -0.176617 0.043428 0.092289 0.145760 0.073967 -0.058539 0.007448 -0.027654 -0.079240 0.138378 0.068217 -0.113200 -0.024754 -0.167305 -0.094680 -0.089074 -0.033285 0.097004 -0.028936 0.073748 0.056880 0.028996 0.101984 0.033315 0.042331 0.015517 -0.086157 0.028969 -0.095440 -0.141019 0.037332 0.167080 0.066550 -0.039667 0.055837 -0.099592 -0.195411 -0.025770 -0.001372 -0.153918 0.037911 0.028197 0.095387 -0.093428 -0.064949 -0.093757 0.004613 0.106525 -0.055512 -0.027369 -0.065886 -0.010193 0.001134 0.011767 -0.139867 0.083241 0.056513 -0.077389 0.015632 0.014050 -0.030080 -0.098774 -0.017855 -0.050779 -0.034607 -0.048416 -0.102039 0.019587 -0.101198 -0.035413 -0.041019 -0.032927 -0.005104 -0.099506 0.080717 -0.084389 0.089563 -0.070289 -0.005388 -0.139614 -0.067612 -0.009677 0.026775 -0.016654 0.106319 -0.030892 0.064054 0.004601 0.037420 0.040168 0.034863 0.007163 -0.007234 -0.087221 -0.011612 -0.008803 -0.031537 -0.109545 -0.037563 0.030676 0.056421 0.018073 -0.087711 -0.045933 0.102198 0.081512 -0.068605 0.045120 -0.005872 -0.123406 -0.131212 -0.091529 0.043420 -0.023048 -0.079926 -0.085617 -0.109805 0.065845 0.005581 -0.085922 0.013089 0.011821 -0.027544 -0.022518 -0.085766 0.012308 -0.000104 -0.014617 -0.041123 -0.112728
T_4211 -0.012964 -0.043443 -0.018931 0.078643 0.034074 -0.030647 -0.005591 0.071182 -0.076317 0.032047 -0.029200 0.128551 -0.061595 0.003960 -0.035489 -0.005427 0.081663 -0.006581 -0.038003 0.014881 0.175830 -0.031860 0.011010 -0.003835 -0.097446 -0.030882 -0.012355 0.066899 0.080464 -0.097115 -0.032305 0.151758 -0.041762 -0.038542 -0.045116 -0.076409 -0.040259 -0.063008 -0.006307 -0.027311 -0.032793 -0.015003 -0.092609 -0.100090 -0.057982 0.080751 0.065485 -0.014374 0.173480 0.071930 -0.056652 0.063804 -0.001572 -0.042513 0.071967 0.094552 -0.085744 -0.057672 -0.067516 -0.004857 -0.008770 -0.037848 -0.054532 0.024053 0.176975 0.005742 0.029776 -0.094236 -0.028727 -0.141904 0.024166 0.114304 -0.008061 -0.124587 0.047370 0.053661 -0.103580 -0.065041 0.049961 0.104710 -0.049439 0.079420 0.035477 0.011411 0.070596 -0.047209 0.128742 -0.038306 -0.139881 0.030632 0.054615 -0.069716 0.041697 0.114953 -0.045545 0.065838 0.053131 0.002306 -0.199332 0.025082 0.092981 0.081517 0.044830 0.102307 -0.075672 0.010979 0.021287 -0.034757 -0.019312 0.011410 -0.061768 -0.022666 0.066807 0.004482 0.049475 0.092151 0.076584 0.073279 0.101049 0.007679 -0.046264 0.033428 0.010490 -0.041410 0.162182 0.008140 0.017015 -0.132610 -0.058477 0.015924 -0.071566 -0.043656 -0.027719 -0.066185 -0.104314 -0.091385 0.125565 -0.072484 0.047156 -0.029561 0.061349 -0.042914 0.107683 -0.143466 0.039693 0.061179 -0.015391 -0.001644 0.043756 0.027784 -0.053133 -0.164569 -0.047516 -0.035483 -0.051680 -0.000761 -0.114250 0.025040 -0.099689 -0.081113 -0.020253 0.052660 0.069208 -0.031606 0.059482 -0.004418 -0.061021 -0.091287 0.007287 0.031666 0.020723 -0.110675 0.031343 0.027913 0.055465 -0.064836 0.021805 -0.045018 -0.087243 0.082430 -0.170273 -0.084737 -0.009995 -0.138702 0.026262 -0.060238 0.012766 -0.100409 -0.091714 -0.161009 0.093749 -0.017688
T_4231 -0.132271 0.025643 -0.000287 -0.011011 0.083764 -0.069934 0.115287 0.011743 -0.054810 -0.008604 -0.092817 0.043737 0.051162 -0.020779 0.129397 -0.040840 0.122932 0.010370 0.111212 -0.013501 -0.071022 -0.050395 0.050084 0.046780 0.007204 0.099473 -0.021032 -0.018162 0.000649 -0.123294 0.021655 0.021225 0.005697 0.065865 -0.007056 -0.004167 0.008428 0.078720 0.022903 0.031797 -0.043707 0.061336 0.010863 0.060707 0.014462 -0.034497 -0.032970 0.002370 0.077162 0.094406 -0.120632 0.004298 -0.181868 0.049036 0.033626 0.064288 0.021843 0.033066 -0.056753 0.068423 -0.051277 0.056023 -0.059674 0.059817 0.086828 0.076850 -0.021310 -0.115548 0.057155 -0.107397 0.063053 0.071754 0.073300 -0.158885 -0.066826 0.005037 -0.065809 -0.082811 0.034160 0.071598 0.041063 0.146921 -0.036702 -0.055174 0.053505 -0.011624 0.009620 0.006602 -0.145829 0.014478 -0.048877 -0.020661 0.014368 0.243592 -0.122087 -0.020449 -0.015476 -0.041029 -0.194252 0.128941 0.058892 -0.046054 0.037189 0.024055 -0.057007 -0.018953 -0.059743 -0.030823 0.076499 -0.049739 0.020465 -0.009189 0.047440 -0.177783 -0.035018 -0.020835 -0.047214 0.101334 0.029704 -0.024675 0.090878 0.062208 -0.016123 0.093666 0.003361 -0.055335 -0.089068 0.008439 -0.053833 -0.003409 0.003757 0.050444 -0.092059 0.006366 -0.208133 -0.064979 0.040071 0.015809 0.052085 -0.120335 0.013744 -0.043509 -0.046140 -0.053392 0.030515 -0.011703 0.002197 0.119685 0.148073 -0.030006 -0.008191 0.015452 -0.026937 0.062112 0.071583 0.042721 -0.097759 0.005131 -0.130335 0.028365 0.132858 -0.024594 0.041004 -0.158884 0.018768 0.016852 0.138378 0.017079 -0.068369 -0.063671 0.113182 -0.038348 0.014875 0.035143 0.025574 -0.026167 -0.110821 0.072306 -0.029683 0.097592 -0.058067 -0.098292 0.105394 0.043415 -0.031972 0.026310 -0.066127 0.005646 -0.091909 0.027803 0.094778 -0.083701
T_4243 -0.090820 -0.018021 0.021052 0.021827 -0.038032 0.005891 0.005717 0.092979 -0.012225 0.111040 -0.001535 0.121952 -0.064682 -0.020806 0.040577 -0.069010 0.032344 0.057060 0.026180 0.021853 0.081277 -0.029479 -0.010769 -0.128109 0.006360 0.064813 -0.073180 0.109579 0.218524 -0.048294 -0.002217 0.134188 -0.018349 0.086585 0.010278 -0.035233 0.104044 -0.065761 0.002672 -0.001307 -0.054601 0.091185 0.039901 -0.064575 -0.097175 -0.023163 0.034258 -0.027474 0.105790 0.004427 -0.067209 0.064851 0.059924 -0.045416 0.021054 -0.035756 -0.115784 0.004676 -0.151919 0.009729 -0.063582 -0.121914 -0.038515 -0.042122 0.188487 0.016030 -0.033261 -0.022547 -0.038304 -0.161434 0.051800 0.004572 0.070471 -0.085195 -0.049048 0.009139 -0.062077 -0.014517 -0.024900 -0.028359 0.092982 0.165735 0.059566 0.038642 0.089141 -0.055844 0.099775 -0.001104 -0.201884 0.066542 0.060396 -0.003810 0.075777 0.085492 -0.028203 0.105095 0.048692 0.090007 -0.168577 0.049384 -0.065253 -0.013887 -0.072613 0.090320 -0.084923 0.026056 -0.103279 0.077398 -0.122925 0.005963 -0.043454 0.008750 0.100905 -0.149315 0.014108 0.007777 -0.040528 0.064032 0.098725 -0.013090 0.062183 0.041008 0.042222 0.011576 0.081354 -0.089849 0.106657 -0.088436 -0.031320 0.007688 0.050872 -0.022889 -0.078992 0.005297 -0.088329 -0.012683 -0.016578 -0.035050 0.009692 -0.067071 0.063765 0.004276 0.063428 -0.154518 -0.005776 0.073443 0.022694 0.004044 -0.008162 0.058445 -0.022206 -0.128424 0.041917 -0.069390 -0.080020 -0.044545 -0.068729 -0.049330 -0.036088 -0.114806 -0.032243 -0.013186 0.002937 -0.085609 0.042250 0.009587 0.044982 -0.074338 0.007034 0.002258 -0.010076 -0.027997 -0.010114 0.042711 0.036186 -0.080736 -0.081376 -0.028039 0.010751 0.123502 -0.150014 -0.088789 0.065951 -0.035339 0.025542 -0.074476 0.058078 0.065263 -0.011892 -0.182234 0.108861 -0.055677
T_4256 -0.051354 0.008393 0.068058 0.095937 0.040611 -0.042066 0.056485 -0.016373 -0.034215 0.026959 -0.056002 0.051306 0.056124 0.027907 0.159574 -0.073643 0.072808 0.036198 0.043171 -0.054866 -0.007773 -0.033824 0.062084 -0.019526 0.004428 0.072215 -0.050669 0.072973 0.076811 -0.154172 -0.055063 0.036938 -0.019172 0.070858 0.030863 0.040471 -0.021864 0.085928 0.017777 0.003669 -0.059960 0.119314 -0.028370 -0.019782 0.023871 0.006664 -0.002571 0.065553 0.128612 0.086777 -0.029220 0.020972 -0.139115 0.045677 0.076818 0.071384 -0.015257 0.002811 -0.113185 0.088008 -0.062374 0.046094 -0.036989 0.005701 0.052505 0.058585 -0.013203 -0.165806 -0.022228 -0.118252 0.072651 0.073470 0.031477 -0.115903 -0.041514 -0.056952 -0.110747 -0.030647 0.045776 0.040061 -0.035000 0.143111 -0.019457 -0.017513 0.026265 -0.029435 0.044953 0.058546 -0.090876 0.078639 -0.010908 -0.038703 0.065185 0.169244 -0.057429 -0.104282 0.059547 -0.025201 -0.192959 0.086120 0.074759 -0.028568 0.027352 0.003073 -0.026016 -0.022515 -0.053302 0.019144 0.085798 -0.023202 -0.044162 0.011286 0.106347 -0.155695 -0.011155 0.034614 -0.066196 0.033146 0.068952 -0.006543 0.035374 0.023975 -0.063633 0.076138 0.033734 0.029084 -0.092403 -0.078122 -0.003737 -0.012386 -0.033339 0.006958 -0.003305 0.051577 -0.240865 -0.056556 0.060440 -0.027493 0.067826 -0.172022 0.018436 -0.030412 -0.017182 -0.147517 0.038872 0.037278 -0.001231 0.051467 0.053322 -0.000065 -0.006241 0.014841 -0.070929 0.023546 0.087827 0.044832 -0.055504 -0.046019 -0.212204 -0.020983 0.093421 -0.014375 0.063076 -0.076413 -0.018852 -0.003669 0.166515 0.027418 -0.078946 -0.037063 0.065056 -0.088781 0.103325 0.132546 0.077170 0.030210 -0.152074 0.014810 -0.080294 0.151538 -0.001836 -0.103006 0.086531 0.048390 0.033444 0.006717 -0.086724 -0.047502 -0.036730 0.029917 0.074196 -0.118854
T_4264 -0.019729 -0.069435 -0.021808 -0.085590 0.021740 0.000498 -0.048862 -0.012506 -0.192959 -0.038904 -0.024065 0.034157 -0.065846 0.067735 0.087371 -0.033748 0.107098 -0.072743 -0.021196 -0.067621 -0.076817 0.004930 0.070373 0.022136 0.029570 0.083432 0.036112 0.023560 0.144327 -0.093507 -0.062705 0.051214 -0.080209 0.094516 -0.017984 -0.090100 0.100372 0.115851 -0.026829 -0.053189 -0.035628 0.083494 0.027768 0.002054 0.045730 -0.123753 0.042265 -0.143099 0.091948 0.079099 -0.001324 0.078254 0.024995 -0.073330 0.032967 -0.010671 0.007915 -0.006483 -0.100828 0.076056 -0.065773 0.112875 -0.050936 -0.017510 -0.038785 -0.091689 -0.014538 -0.024825 -0.010056 -0.089733 0.052936 0.072029 -0.046312 -0.046101 -0.098863 -0.009861 -0.079397 -0.085158 -0.041397 -0.019586 -0.047405 0.143130 -0.016516 -0.084591 0.092925 -0.037268 0.045845 0.067213 -0.165883 0.102616 -0.048388 -0.061465 0.030819 0.149785 -0.016521 0.090043 0.141154 0.025230 -0.182176 0.102385 0.104610 0.020289 0.028351 0.069543 -0.099413 0.025383 0.090944 0.090060 -0.129916 0.008028 0.007052 0.037889 -0.058399 -0.039429 -0.045674 0.058520 0.063519 0.023868 0.075414 -0.044034 0.049494 0.054283 0.011969 -0.031301 0.063837 -0.015322 0.000767 -0.002081 0.006074 -0.075182 0.000724 -0.025613 -0.159272 -0.049773 -0.026317 -0.009845 0.043043 -0.070729 -0.066938 -0.046203 0.019464 0.042343 0.090678 -0.207059 0.017531 0.017435 -0.005862 -0.029884 -0.081223 0.079774 0.058809 -0.017634 -0.008239 0.098517 0.018250 0.080421 -0.081933 -0.005208 -0.112776 -0.012268 -0.000077 0.106070 0.064559 -0.028396 -0.020122 0.033093 0.062595 -0.136911 -0.056228 -0.024875 0.015473 0.001226 0.029221 -0.102071 0.100980 -0.067472 -0.024013 -0.028969 0.060740 0.050319 -0.209097 -0.035400 0.021977 0.087166 -0.015573 -0.044237 0.028570 -0.064781 -0.112703 -0.185113 0.032816 -0.033690
T_4277 -0.072748 -0.037029 0.055934 -0.020243 -0.029789 -0.035731 0.030133 0.028204 -0.140782 -0.035542 -0.044923 0.064448 0.121884 0.026366 0.090729 0.082243 0.010320 0.100358 -0.037580 -0.007255 -0.088137 -0.070209 -0.061839 0.054972 -0.057199 0.107480 -0.044190 0.088324 0.042402 -0.070528 -0.077636 0.110825 -0.053816 0.059159 0.046695 -0.025964 0.020660 -0.016954 -0.036905 -0.031587 0.003529 0.083236 0.022715 -0.034276 -0.026725 -0.029056 0.003458 0.041831 0.050091 0.066777 -0.038147 0.101406 -0.076212 0.037435 0.048494 0.003106 -0.160861 -0.013355 -0.038277 0.092177 0.085797 -0.004913 -0.041450 0.018743 -0.010084 0.032613 0.022066 -0.141054 -0.006759 -0.097624 -0.023894 0.058758 0.043680 -0.158891 -0.048380 0.013555 0.000356 -0.010781 -0.048330 0.152965 -0.008027 0.142245 0.122607 -0.062143 0.066143 -0.021321 0.013535 0.018386 -0.057816 0.086589 0.034271 -0.046756 0.046810 0.229970 -0.017450 0.003887 0.121951 -0.017225 -0.180471 0.114950 0.033420 -0.100259 0.047448 -0.001237 -0.089362 -0.121602 -0.133298 0.019198 -0.060997 -0.024267 -0.001331 -0.000619 0.019996 -0.053678 -0.045749 0.105597 -0.063328 0.041783 0.051173 -0.004006 0.069041 0.092746 -0.088543 0.026979 0.095970 -0.131860 -0.021409 -0.144780 -0.002607 0.029527 0.024970 0.047974 -0.035892 -0.058328 -0.213557 -0.075490 0.007122 -0.044302 0.083247 -0.123895 0.054414 -0.025282 0.029101 -0.052430 0.060391 0.039832 0.043050 0.076327 0.019829 0.048808 -0.115923 -0.046231 -0.076348 0.028015 0.122691 0.092532 -0.157180 0.007895 -0.152784 -0.041956 0.063249 -0.040471 -0.054396 -0.075793 -0.075946 0.016854 0.110430 -0.009379 -0.026589 0.044491 0.129224 -0.047769 0.014065 -0.002745 0.056309 -0.062846 -0.116176 0.031187 0.022354 0.096697 -0.079840 -0.091426 0.005204 -0.055280 -0.059478 0.054398 -0.104458 -0.067250 -0.007488 0.002508 0.038118 -0.008547
T_4279 -0.003512 -0.041393 0.021863 0.015985 0.060948 -0.012603 -0.041001 0.055043 -0.117544 -0.036940 0.007061 0.226640 0.097363 0.020770 0.004412 -0.034077 0.077035 0.032252 0.080701 -0.053186 0.151282 -0.040936 -0.021380 -0.007774 0.023886 0.179741 0.052380 0.031310 0.096467 -0.072192 -0.086816 0.133804 -0.031825 0.103191 -0.000580 -0.062057 0.021258 -0.102259 0.019482 -0.042064 0.040888 0.024770 -0.007515 -0.037277 -0.018875 -0.117540 -0.031776 0.027376 0.095711 0.051384 -0.039840 0.086368 -0.028134 -0.009063 0.110386 0.063535 -0.090762 -0.034395 -0.049822 -0.019560 -0.087023 -0.091646 -0.069480 -0.050729 0.107015 0.022901 -0.081655 -0.145831 0.003325 -0.104667 0.035926 0.051346 0.053137 -0.121235 -0.132577 -0.067442 -0.087368 -0.053233 -0.002375 0.031448 0.106616 0.104054 0.036047 -0.038381 0.015303 -0.079651 0.031873 0.034481 -0.087173 0.030232 -0.044595 -0.113553 -0.049540 0.121796 -0.003072 0.009619 0.103138 0.005109 -0.062987 0.123413 -0.073399 0.109038 -0.011336 0.160583 -0.021985 -0.021485 -0.065567 -0.005099 -0.057717 0.013667 -0.073054 -0.021179 0.121215 -0.028106 0.002660 0.091317 0.036688 0.053329 0.176896 -0.030661 0.026461 0.048188 -0.078399 0.035752 0.022064 -0.052856 0.118548 -0.020291 -0.001167 0.070770 -0.009722 -0.004537 -0.075531 -0.125697 -0.109227 0.007432 0.125840 -0.051732 0.013122 -0.030232 0.030132 -0.065750 0.050326 -0.138464 0.102648 -0.033530 -0.067079 -0.019209 0.020002 0.088437 -0.056933 -0.111448 0.065214 -0.013881 0.076024 0.029641 -0.131057 -0.045534 -0.009127 -0.011344 0.098612 0.001304 0.003165 -0.049039 0.000176 0.024150 -0.014171 -0.143844 -0.029712 0.017454 0.032438 0.034574 -0.013954 -0.079176 -0.028393 0.019221 -0.013156 -0.050632 -0.011735 0.071116 -0.133228 -0.069730 0.084920 -0.044596 -0.082094 -0.017870 -0.067298 -0.038291 -0.051150 -0.166495 0.120479 -0.128417
T_4286 0.014888 0.071021 0.083536 0.073558 0.055660 -0.141220 0.104339 0.059559 -0.035606 0.029428 -0.055557 0.025635 0.066288 0.042551 0.161452 0.035171 0.107266 0.030140 0.012244 -0.089765 -0.071193 -0.100449 0.079421 -0.082548 0.061918 0.020292 0.043212 0.034989 0.125839 -0.112529 -0.059682 0.030399 -0.061494 -0.056326 -0.001501 0.017757 -0.010375 0.094835 -0.041904 -0.023796 -0.050047 0.027221 0.065387 -0.060197 0.056751 -0.002001 -0.003292 0.046584 0.115830 0.056803 0.066621 0.052603 0.045099 -0.011104 0.107264 0.029283 -0.076162 -0.026060 -0.056352 -0.023033 0.054066 -0.003973 -0.061934 0.037083 0.028413 0.121415 -0.072551 -0.144378 0.025860 -0.059643 -0.059987 0.108250 0.087798 -0.084200 -0.093676 -0.086464 -0.018297 0.029228 -0.066304 0.118495 -0.045051 0.158592 0.032759 0.046395 0.102806 -0.013963 0.047676 0.069446 -0.108600 0.080278 -0.012499 -0.128095 -0.077284 0.138234 -0.015590 -0.044616 -0.023430 -0.043164 -0.196030 0.113945 0.034952 -0.008109 0.013552 -0.020486 -0.025435 -0.009795 -0.078715 -0.015565 -0.042639 0.066596 -0.091513 -0.021620 0.037129 -0.108828 -0.043966 0.065122 -0.013015 -0.000559 0.061000 -0.058938 0.045502 0.002375 -0.028799 -0.061828 0.011206 -0.016564 -0.096159 -0.202130 -0.108469 0.051700 -0.018739 0.114489 0.012268 -0.058306 -0.093695 -0.119559 0.095890 -0.048885 0.079238 -0.115667 0.069098 -0.075787 -0.044609 -0.146907 -0.076241 0.027842 -0.030038 0.033242 0.055947 -0.042182 -0.064412 -0.023005 0.023652 0.005094 0.119126 0.045531 -0.088322 0.074078 -0.143217 -0.069446 -0.052594 -0.069325 -0.041388 0.024777 -0.108762 -0.012132 0.113854 -0.055143 -0.039468 0.030760 0.041758 -0.005624 0.035808 0.135028 0.098356 0.045066 -0.082053 0.037500 -0.042730 0.020127 -0.071803 -0.112429 0.089776 0.030482 0.054277 0.007832 -0.155874 -0.002377 0.025201 0.028569 0.072581 -0.044720
T_4300 0.028736 0.067426 0.034776 0.020102 0.000261 -0.130642 0.046789 -0.048060 -0.022074 -0.010233 -0.048777 0.109240 0.076298 -0.028788 0.100155 0.053879 0.087879 -0.027644 -0.059338 -0.055582 0.000499 -0.114619 0.111781 -0.045137 0.024888 -0.058179 -0.032019 0.088802 0.032777 -0.009957 0.046096 0.017458 -0.074370 0.036973 -0.004873 0.064637 -0.001855 0.022425 -0.003964 -0.052097 -0.017106 0.059927 -0.016930 -0.044171 0.042624 -0.038200 -0.035065 0.080721 0.123768 0.117488 0.002528 0.037948 -0.082035 -0.032213 0.278330 -0.015161 -0.057773 -0.134276 -0.128719 -0.051861 0.006966 0.057751 -0.074611 0.073061 0.053126 0.153443 -0.015240 -0.033907 0.004470 -0.090235 0.070682 0.142535 0.071341 -0.099503 -0.008242 -0.024762 -0.046884 0.039353 0.001486 0.055046 0.056016 0.060532 -0.034064 0.094437 0.063896 -0.098737 0.018945 0.101504 -0.102279 0.053170 -0.010603 -0.100475 0.029576 0.035062 0.006536 -0.033492 0.001972 -0.062095 -0.312066 0.098988 0.096118 -0.103964 0.057485 0.018311 -0.067591 0.001557 -0.095816 -0.065004 0.012294 0.009160 -0.121141 -0.077610 0.079363 -0.079168 0.068340 -0.031713 -0.139406 0.058494 -0.007421 0.060370 0.045045 0.005807 0.041065 0.019215 0.041194 0.027206 -0.098201 -0.014430 -0.114775 0.118696 -0.042909 -0.031322 0.033414 -0.028235 -0.114421 -0.061909 0.118650 -0.002041 -0.017017 -0.113404 -0.011654 -0.050743 -0.110020 -0.161470 0.118046 0.073265 -0.011321 0.027512 0.066439 0.000823 -0.014112 0.013697 0.074584 -0.028486 0.021196 -0.007382 -0.010931 -0.031276 -0.072907 -0.030736 0.053540 -0.019140 0.102880 -0.055139 -0.032352 0.066850 0.101723 0.020824 -0.020807 0.006536 0.091298 -0.063696 -0.035428 -0.021461 0.100602 0.025323 -0.027362 -0.034697 -0.034427 0.056764 -0.087514 -0.090607 -0.076621 0.026525 0.029449 -0.083372 -0.094082 -0.103994 0.015233 0.074653 0.047076 -0.097533
T_4305 0.106118 0.008636 0.061719 -0.049479 -0.006569 -0.013377 0.015085 -0.008740 -0.078658 0.073559 0.039500 0.103201 0.047021 0.020697 0.033203 -0.047948 0.134265 -0.044162 -0.023499 -0.018598 0.086317 -0.005011 0.025956 -0.016851 -0.006054 0.105994 0.103029 0.048451 0.193744 -0.096506 0.062730 0.228497 -0.029154 0.016979 0.010034 -0.088278 0.080520 0.019900 0.103957 -0.064694 0.045948 0.064739 0.013727 -0.050939 -0.005515 -0.028028 -0.071225 0.012278 0.092362 0.058240 0.033004 0.131219 -0.024550 -0.014632 0.031142 0.094484 -0.109886 0.033221 -0.013557 0.012677 -0.110497 -0.015186 -0.050454 -0.012113 0.115981 -0.004231 -0.021983 -0.135153 -0.089065 -0.091283 0.015493 0.025026 0.082120 -0.140144 -0.086433 -0.012907 -0.082645 -0.070942 0.098175 0.094880 0.045411 0.103614 0.012368 -0.077636 0.044286 -0.037557 0.034761 0.039028 -0.080371 -0.042932 -0.039774 -0.091104 -0.004615 0.146757 -0.108433 0.073463 0.128361 0.030542 -0.177782 0.119076 -0.091836 0.103076 -0.011993 0.081344 -0.011925 0.017839 -0.003523 -0.055119 -0.076608 0.074964 0.048777 -0.015256 0.031932 -0.135449 -0.032558 0.119002 -0.002711 0.151624 0.105312 -0.007710 -0.039308 0.066575 0.067174 0.019427 0.061742 -0.030966 0.111538 -0.055651 -0.027945 0.062717 -0.006011 -0.002214 -0.071228 -0.133139 -0.032869 -0.026357 0.188678 -0.071128 0.020550 -0.065573 -0.051098 -0.066005 0.055758 -0.143056 0.107667 0.049075 -0.006315 -0.014980 -0.040865 0.114649 0.024921 -0.050067 0.016635 -0.000172 0.018422 -0.016771 -0.043467 -0.024774 -0.043326 -0.079410 0.065787 0.019409 0.036228 -0.049319 -0.032142 0.003500 -0.000751 -0.139246 -0.045285 0.013181 -0.003025 0.021191 -0.020366 -0.012314 -0.051146 -0.004730 -0.044191 -0.054739 -0.022988 0.034131 -0.070531 -0.053638 -0.021926 -0.045922 -0.070088 -0.014967 -0.069095 -0.111342 -0.089230 -0.212655 0.017914 -0.027596
T_4306 0.015629 0.076062 -0.022332 -0.038997 0.043123 -0.009194 -0.115956 0.069880 -0.095822 -0.007240 0.072924 0.072175 0.093080 0.014929 0.048371 -0.065307 0.092504 -0.077452 0.052305 -0.048587 0.080836 -0.098914 -0.084988 -0.044070 0.054145 0.159349 0.095637 0.013219 0.150203 -0.104791 0.059959 0.152267 0.084007 0.054848 0.049496 -0.012033 -0.027924 -0.057076 0.065541 -0.037925 0.034910 0.053834 0.024919 -0.074315 0.025127 -0.044686 -0.084573 -0.043441 0.058898 -0.012598 0.009013 0.038218 0.024714 -0.028645 0.091967 0.092824 0.017437 0.022275 -0.181873 -0.023549 -0.010853 -0.004457 -0.128733 0.059344 0.027038 -0.099454 -0.028655 -0.153487 -0.099610 -0.118849 0.019918 0.012057 0.123080 -0.060367 -0.041196 -0.084728 0.016261 -0.079162 0.042224 0.024301 -0.013016 0.133698 0.056999 -0.102965 0.111483 -0.048045 0.040627 0.068873 -0.123977 0.006428 -0.084218 -0.051055 0.043395 0.082879 -0.091412 -0.000401 0.112681 0.036878 -0.125658 0.092406 -0.080356 0.063654 0.022931 0.094993 -0.018527 -0.001104 -0.007211 -0.066486 -0.014061 0.040622 0.025915 -0.005757 0.006043 -0.029049 -0.064844 0.139364 -0.056898 -0.016664 0.125697 -0.027097 -0.093470 0.025636 0.038447 -0.007322 0.097800 -0.006564 0.099066 -0.050996 0.024694 0.055128 0.041442 -0.001372 -0.105752 -0.112474 -0.040045 0.030090 0.163624 0.003054 0.073126 -0.002535 -0.069746 -0.102599 -0.008825 -0.080612 0.161818 -0.052102 0.014569 -0.075631 -0.060576 0.133532 -0.047616 -0.007175 -0.008554 0.007130 0.057222 0.021908 -0.098576 0.028196 -0.096800 -0.021234 -0.071159 0.062807 0.094725 -0.051582 -0.051106 -0.073764 0.109509 -0.099669 -0.040534 -0.019944 0.028961 0.089319 -0.018019 -0.018774 0.037400 -0.059824 0.024853 -0.096944 0.019637 0.071610 -0.151642 -0.003153 0.011156 0.014293 -0.029096 -0.055944 -0.005402 -0.101716 -0.122245 -0.117775 0.084397 -0.104557
T_4311 0.074445 -0.018360 0.032291 0.007193 0.048373 0.008005 -0.063235 -0.021869 -0.067775 0.041811 0.017235 0.091662 -0.066119 0.077598 -0.043731 -0.062222 0.150886 -0.006840 0.033730 -0.040095 0.022596 -0.089391 -0.040132 -0.007779 -0.062601 0.113385 0.050042 0.044122 0.116869 -0.114561 0.021711 0.207023 -0.021773 -0.000945 0.026484 0.037944 0.029294 -0.005408 0.189617 -0.044604 0.039778 0.000612 -0.031041 0.016164 -0.044631 -0.082274 -0.025168 0.016588 0.103005 0.095101 -0.042508 0.008879 -0.030057 0.006979 0.090398 0.075490 -0.093499 0.126567 -0.054224 0.026255 -0.071376 -0.003539 -0.024750 0.020697 0.094440 -0.061025 0.000732 -0.133717 -0.046265 -0.130412 -0.007698 0.024480 0.023681 -0.129202 0.001179 -0.016144 0.013774 -0.054607 0.057251 0.041657 0.004557 0.036100 0.009095 -0.080206 0.025615 -0.015473 0.049000 0.022104 -0.121401 0.044844 -0.082938 -0.044743 0.036197 0.060118 -0.058477 0.127513 0.018073 0.059807 -0.130295 0.078828 -0.050414 0.028960 -0.053617 0.110070 0.006792 0.020063 -0.071190 -0.017741 -0.019768 0.023404 0.040895 -0.112561 0.080831 -0.115516 -0.037570 0.049128 0.078386 0.179409 0.177685 -0.012447 0.012386 0.056025 0.038017 0.100269 0.004339 -0.011382 0.058144 -0.076273 -0.038787 -0.021961 -0.015824 -0.006015 -0.053628 -0.189450 -0.106696 -0.096577 0.243468 -0.016955 0.044515 -0.089691 0.025146 -0.063617 0.054270 -0.123365 0.151225 0.021699 -0.054145 -0.012158 -0.040727 0.087399 -0.009643 -0.050504 -0.020142 -0.061132 -0.033844 -0.008888 -0.090824 0.014424 -0.012640 -0.060877 -0.024864 0.021753 0.082504 -0.049992 -0.019336 -0.032076 0.015755 -0.032121 0.001805 -0.008154 -0.011374 -0.004581 0.037414 -0.039459 -0.023193 -0.078697 0.019119 -0.114649 -0.013873 0.083414 -0.143123 -0.047788 0.003825 -0.028800 -0.020965 -0.113333 -0.055939 -0.118579 -0.094385 -0.236735 0.054462 -0.069128
T_4346 -0.032722 -0.000539 0.087471 0.004167 0.013624 -0.100551 0.014990 0.070291 -0.064421 -0.040589 -0.130143 0.105043 0.185757 0.025101 0.061524 -0.022727 0.059570 0.043970 -0.011006 -0.019246 -0.054624 -0.116740 0.061298 -0.007537 -0.019921 0.079794 0.022928 0.043248 0.034712 -0.050571 -0.005815 0.053444 -0.036016 -0.019684 0.037769 0.010230 -0.031226 0.107060 -0.013231 -0.010596 -0.086692 0.018911 0.070896 -0.078736 0.103986 0.007612 0.030581 0.031127 0.080572 0.101070 -0.060733 0.102583 -0.073853 -0.050332 0.000499 0.087076 -0.081261 0.046543 -0.059290 0.021767 0.044185 -0.067731 -0.056811 0.027470 0.029316 0.109056 -0.005190 -0.116499 -0.024234 -0.125174 -0.012678 0.086367 0.043604 -0.161810 -0.044358 -0.033161 0.004426 -0.041358 -0.077133 0.049902 -0.017109 0.042474 0.055840 -0.050972 0.054829 -0.062869 -0.013498 0.054234 -0.094304 0.138426 0.028055 -0.168774 0.028115 0.223619 -0.019859 -0.062689 0.078669 -0.043263 -0.236032 0.062032 0.050898 -0.123423 0.100596 0.015814 0.003489 -0.097552 -0.038245 -0.058231 0.030640 0.039276 -0.101473 -0.043531 0.088458 -0.096040 -0.050668 0.073429 -0.051920 0.077954 -0.019545 -0.031515 0.044442 0.030882 -0.033151 -0.028803 0.079297 0.019441 -0.068764 -0.128044 -0.064991 0.071355 -0.087913 -0.010552 -0.026459 -0.122617 -0.086035 -0.059819 0.051953 -0.038558 0.044881 -0.080300 -0.015941 -0.079559 -0.067075 -0.011202 0.053668 0.067413 -0.025587 0.033039 0.047593 -0.008137 -0.052542 -0.046281 0.018797 -0.030254 0.111860 0.101834 -0.090769 0.023996 -0.215196 -0.059701 0.006057 -0.127747 0.012089 -0.030652 -0.094800 -0.039569 0.067433 -0.049216 -0.047825 0.037555 0.146723 -0.010193 0.012367 -0.006933 0.043781 0.011341 -0.122872 0.068309 -0.061342 0.104647 0.004719 -0.095738 0.116378 0.030615 -0.083147 0.019372 -0.126269 -0.063266 -0.063031 0.024019 0.080077 -0.048795
T_4362 0.055651 -0.039447 0.003920 0.087272 -0.029927 0.004534 -0.077300 -0.122556 -0.087955 0.007696 0.049999 0.062545 0.089463 0.003429 0.140602 -0.115381 0.122750 0.070328 0.024059 0.055551 0.089490 -0.027934 0.006388 0.011738 0.016200 0.073023 0.082056 0.121861 0.163473 -0.184649 -0.044473 0.056111 -0.015614 0.077537 -0.028383 -0.009534 0.071224 0.050239 0.096267 -0.094912 -0.098456 0.009232 -0.026078 -0.092720 -0.001758 -0.097157 -0.071714 -0.011060 0.044429 -0.012933 -0.031843 -0.018269 0.135504 -0.027805 0.069075 0.001621 -0.022558 0.005434 -0.052228 -0.007945 -0.046350 -0.115559 -0.131457 -0.056258 0.096153 -0.017138 0.011089 -0.026206 0.000182 -0.120924 0.102184 -0.048943 0.109740 -0.013386 -0.082857 -0.060003 -0.139845 -0.069783 0.067752 -0.044397 0.009879 0.152236 0.106321 -0.051781 0.029985 -0.036788 -0.036349 0.064161 -0.124307 -0.070934 0.005322 -0.101363 -0.008384 0.064661 -0.059138 0.048920 0.069391 0.066358 -0.185013 0.089932 -0.148316 0.081270 0.035793 0.064444 0.066811 0.095580 -0.090469 0.016100 -0.064643 -0.041216 -0.009092 0.056023 0.063187 -0.065800 0.003924 0.106403 0.012541 0.117671 0.144886 -0.050027 -0.046499 0.025267 0.016821 -0.000689 0.015392 -0.040913 0.072550 -0.054613 -0.006411 0.001792 0.009218 0.013908 -0.088371 -0.041200 -0.135382 -0.038995 0.053291 -0.029749 0.033375 -0.048296 -0.110376 -0.115506 0.060250 -0.082341 0.063306 -0.026089 0.033760 -0.001480 -0.066514 0.073879 0.073308 -0.111189 0.027804 -0.029022 0.032767 0.058006 -0.048068 -0.036417 -0.024831 -0.036048 -0.019447 0.023413 0.012399 -0.137722 0.028351 0.002857 -0.004551 -0.038547 -0.053916 0.119107 0.075509 0.071592 0.062191 -0.036127 0.060041 0.053414 0.031184 -0.147964 0.027248 0.058495 -0.120484 -0.082478 0.048244 -0.046551 -0.007606 -0.034870 -0.005826 -0.097061 -0.002870 -0.143910 0.126280 -0.082453
T_4399 -0.082374 -0.057763 0.005869 -0.072924 0.056163 -0.094095 0.040865 -0.008919 -0.111946 -0.148759 -0.121418 0.065491 0.052001 -0.025483 0.125318 0.040185 0.081171 -0.002681 -0.069024 -0.034045 -0.017017 -0.110508 -0.034582 0.075502 -0.041998 0.129170 0.008568 0.035542 0.035462 -0.122134 -0.025554 0.114249 -0.024532 0.041547 -0.000209 0.004882 0.035843 0.060656 0.055822 -0.104526 -0.040354 0.027178 0.028436 0.044956 0.000350 -0.063998 0.040344 -0.037167 0.041525 0.092489 -0.051115 -0.003586 0.033837 0.019153 0.042222 0.077425 -0.138797 0.054005 -0.018306 -0.028437 -0.039160 -0.022666 -0.019806 0.054066 0.071710 0.040693 0.022952 -0.118514 0.060506 -0.159878 -0.010958 0.085692 0.051478 -0.095611 0.006819 -0.081378 0.051753 -0.078211 -0.076091 0.098816 0.018542 0.018827 0.033496 -0.060543 0.092155 -0.007960 -0.000402 -0.043678 -0.117830 0.125496 -0.016581 -0.047105 0.015868 0.237243 -0.050855 0.013744 0.116633 0.021463 -0.174583 0.091988 0.021969 -0.060079 0.088782 0.035775 -0.041192 -0.059690 -0.016442 -0.039116 0.021139 -0.053589 -0.095484 0.046691 0.045279 -0.180336 -0.053269 0.065506 -0.101924 0.030012 0.070105 0.033679 0.044766 0.052970 0.004763 0.036310 0.046868 0.035980 -0.019714 -0.027531 -0.068234 -0.015278 0.005999 0.012030 -0.095609 -0.072555 -0.159042 -0.104586 0.044350 -0.078561 0.074796 -0.063950 0.064403 -0.085000 -0.015486 -0.040165 0.076410 -0.054232 -0.054088 0.055164 0.079214 -0.035193 -0.025105 -0.028692 -0.088774 0.044836 0.125708 0.076604 -0.174360 -0.051503 -0.177618 -0.002013 0.047518 0.002558 0.012003 -0.141811 -0.066938 0.016773 0.052153 -0.057694 -0.009053 0.025879 0.149059 -0.050914 -0.058982 -0.023785 0.033857 0.029573 -0.143906 0.060634 0.030890 0.057724 -0.133743 -0.105451 0.059402 -0.006115 -0.071240 0.060031 -0.105876 0.015184 0.004934 -0.037681 0.097380 0.019374
T_4410 -0.142264 -0.060395 0.034119 0.085474 0.016055 -0.047241 0.090646 -0.008778 -0.017937 0.013051 -0.086889 0.081159 0.055265 0.016021 0.109434 -0.052779 0.097441 0.067219 0.020623 -0.009559 0.040800 -0.109145 0.127937 0.035647 -0.026645 0.065956 -0.023940 0.089302 0.087714 -0.149423 -0.109910 0.046991 -0.014106 0.074529 0.078609 -0.040279 0.011092 0.064608 0.062702 0.004110 -0.053052 0.039656 0.026570 -0.025795 0.007085 0.006774 0.001009 0.010643 0.106727 0.053854 -0.008414 -0.020227 0.005878 0.037943 0.039489 0.045747 -0.030716 -0.017632 -0.155906 0.012517 -0.095217 0.066037 -0.052473 0.033906 0.079692 0.029889 -0.055896 -0.090778 0.104908 -0.096748 0.055965 0.003455 0.041984 -0.114509 -0.028987 -0.071865 -0.065206 -0.083891 0.020683 0.096435 -0.091273 0.094803 0.030813 -0.026268 0.060731 0.015846 0.069927 -0.086247 -0.097057 0.082048 -0.028410 -0.032385 0.007287 0.210045 -0.061639 -0.026179 0.066159 -0.013060 -0.150480 0.099358 0.059875 0.009412 0.033748 0.029783 -0.065130 -0.017160 -0.087560 -0.018048 0.072205 -0.020472 -0.019726 0.012323 0.093827 -0.176154 -0.013675 0.049300 -0.007007 0.030097 0.013548 -0.063468 0.108921 0.015691 -0.072810 0.020374 0.034853 -0.067258 -0.084365 -0.037082 -0.053074 -0.014882 0.010979 0.047414 0.007714 -0.003562 -0.249779 -0.075327 0.113216 -0.073302 0.132144 -0.084822 0.031633 -0.000505 0.052531 -0.047205 0.019786 0.055790 -0.007345 0.072083 0.113172 -0.011515 -0.021362 -0.058334 -0.139536 -0.025438 0.048985 0.056303 -0.117671 0.035006 -0.188563 0.019088 0.033998 -0.039836 0.014234 -0.099128 -0.085568 -0.003691 0.143046 -0.016490 -0.053223 0.004846 0.026875 -0.075472 0.061145 0.021648 0.104422 -0.002464 -0.161556 -0.051088 -0.014131 0.129066 -0.033909 -0.115513 0.092716 0.072416 0.002385 -0.019705 -0.113771 -0.008731 0.062155 0.019625 0.111099 -0.094767
T_4434 -0.123904 -0.048446 -0.047227 0.006938 -0.034363 -0.034562 0.081623 0.026447 -0.044522 -0.050778 -0.076085 0.111379 0.020435 -0.004842 0.101807 -0.111356 0.034602 0.053849 0.051446 0.001850 0.036570 -0.064494 0.042060 -0.055095 -0.043423 0.129364 0.020474 0.109086 0.030637 -0.091894 -0.048760 0.094052 -0.000069 0.106681 -0.012026 -0.008230 0.066945 0.019548 -0.012038 -0.026572 -0.070679 0.016934 0.045410 -0.044375 -0.002607 -0.040065 0.011024 -0.012107 0.090936 0.118617 0.009068 -0.013568 0.049765 -0.016098 0.025559 0.029359 -0.086319 0.019442 -0.160174 -0.036354 -0.000744 0.013646 -0.006499 0.042794 0.143303 0.082648 -0.137161 -0.166916 0.131204 -0.111418 0.011094 0.069841 0.048112 -0.028401 -0.006119 -0.035882 -0.066318 -0.024276 -0.024621 0.102493 -0.007320 0.050496 0.080373 0.003134 0.128644 0.009577 0.002820 -0.048063 -0.101532 0.110304 0.073767 0.035314 0.015589 0.246182 -0.037737 0.008449 0.051734 0.011219 -0.250430 0.081305 0.041832 0.017836 -0.009724 0.022482 -0.080670 0.015214 -0.061591 0.044356 0.047383 -0.017851 0.001539 0.051570 0.017050 -0.140645 -0.020349 -0.017399 -0.015046 0.043042 0.061227 -0.039108 0.102314 0.059688 0.059187 0.008191 0.067331 0.005605 -0.074321 -0.120316 -0.045862 0.036749 0.038523 0.020413 -0.039760 -0.060321 -0.139592 -0.095948 0.103207 0.000779 0.078647 -0.081665 0.039230 -0.032234 0.046275 -0.085596 0.061609 -0.073052 -0.060422 0.017041 0.178680 -0.020928 -0.033505 -0.105625 -0.058807 -0.023818 0.134389 0.054973 -0.186066 0.005385 -0.096766 0.018825 -0.001506 -0.035189 0.002182 -0.081343 -0.056843 0.019302 -0.010561 -0.019143 -0.002595 0.013864 0.084621 -0.072750 0.066652 -0.011265 0.110258 0.003949 -0.091148 -0.037733 0.004267 0.156141 -0.082622 -0.117270 0.093306 0.014998 -0.016672 -0.091096 -0.134021 0.032728 0.056487 -0.062172 0.101303 -0.001063
T_4447 0.005033 0.089815 -0.003810 0.060540 0.000378 0.030780 -0.051876 0.075226 -0.029381 0.136206 0.030942 0.101723 -0.107083 0.014561 0.024050 -0.058692 0.118999 0.030852 0.038768 0.063795 -0.028536 -0.033781 -0.036518 -0.005572 0.009743 0.050325 0.005399 0.008623 0.108169 -0.087113 -0.039851 0.077308 -0.114330 -0.059809 -0.007678 -0.028283 -0.115670 -0.076736 -0.006691 -0.080710 -0.058267 -0.057910 -0.009845 -0.131422 0.085247 -0.039164 -0.048338 -0.093620 0.105071 0.170019 -0.109789 0.134265 -0.070272 -0.109226 0.050224 -0.033169 -0.127913 -0.049837 -0.117171 0.035728 -0.029563 0.036666 -0.005553 0.008974 0.020937 -0.055130 -0.012121 -0.116996 0.035336 -0.123770 -0.029878 0.023674 0.063760 -0.131075 -0.044932 -0.003253 -0.005507 -0.105084 0.036135 0.152115 -0.010905 0.023539 -0.029520 0.007451 0.124195 -0.037894 0.120829 -0.019448 -0.027869 -0.009630 -0.020387 -0.175011 0.018623 0.088875 0.075405 0.145547 0.040513 -0.054084 -0.156806 0.083474 -0.034031 0.029423 -0.025123 0.064856 -0.067065 0.029911 -0.030318 -0.024155 -0.023006 0.041617 -0.053871 -0.146850 0.107337 -0.014540 0.007562 -0.033939 0.024943 0.067950 0.155275 0.008804 0.038888 0.026770 0.018223 0.120095 -0.007768 -0.074899 0.056335 0.003193 -0.066074 0.046059 -0.080226 0.050000 -0.126713 -0.081862 0.026535 -0.041718 0.062374 -0.069743 0.052875 -0.065650 0.021681 -0.029362 0.052699 -0.140480 0.133498 0.075072 0.059488 0.074543 -0.008211 0.085019 -0.013037 -0.127881 -0.035342 -0.051301 0.037548 -0.004767 -0.094213 0.083376 0.020813 -0.081147 -0.039933 -0.005141 0.085990 -0.049665 0.054656 0.082097 -0.003767 -0.071289 0.033652 0.006948 0.105939 -0.087081 0.085402 -0.043772 -0.025219 -0.076291 0.049750 -0.010499 -0.046866 0.152761 -0.163790 -0.058752 -0.024959 -0.047797 -0.001070 -0.040320 0.009521 0.080464 -0.043235 -0.122884 0.102956 -0.039669
T_4459 -0.091975 0.007456 0.079336 0.012471 0.058064 -0.083404 0.024999 0.013441 -0.078632 -0.035750 -0.055005 0.073376 0.053283 0.009125 0.132717 -0.000336 0.050803 0.109484 0.024874 -0.040870 -0.010861 -0.075697 0.088968 0.039779 -0.130995 0.042546 -0.031629 0.055519 -0.051555 -0.207822 0.036005 0.090350 -0.033895 0.030210 -0.055702 -0.008323 0.014970 0.035104 -0.068404 -0.084651 -0.011739 0.080691 -0.028387 0.004341 0.027293 0.080452 -0.104873 0.003797 0.047121 0.004945 -0.041718 0.009688 -0.101040 0.026181 0.175117 0.047545 -0.031154 -0.066344 -0.178666 -0.006702 -0.018703 -0.011366 -0.097125 0.060279 0.105336 0.094586 -0.012906 -0.061421 0.015735 -0.114682 0.015015 0.081249 0.078089 -0.111558 -0.107126 -0.043936 -0.120586 -0.062301 -0.017027 0.042060 -0.037731 0.069715 -0.058022 0.078588 0.036440 0.017863 -0.047271 0.021216 -0.075463 0.016319 0.014089 -0.148539 0.009006 0.108502 -0.038628 -0.048315 0.013740 -0.101519 -0.265898 0.094566 0.087148 -0.039070 0.043944 0.033604 -0.059788 -0.023895 -0.076717 -0.028885 0.064273 0.003385 -0.091069 0.008860 0.010779 -0.069570 0.072851 0.068572 -0.099821 0.099060 0.069062 -0.030554 0.093789 0.094024 0.025406 0.023871 0.125300 -0.023776 -0.063101 -0.031397 -0.071444 0.035698 0.006816 -0.061733 -0.088461 0.012655 -0.129102 -0.084048 0.111819 -0.069122 -0.065854 -0.095158 0.095200 -0.082734 -0.006009 -0.044764 0.090323 0.037516 -0.022133 0.044575 0.035839 0.054029 -0.006762 0.027992 -0.028356 -0.023756 0.007677 0.033368 -0.027677 -0.075306 -0.079223 -0.087663 0.132880 -0.000384 0.060779 -0.016821 -0.050197 0.042664 0.134077 0.006362 -0.075623 -0.040423 0.045341 -0.102244 -0.027259 0.094962 0.154533 -0.014249 -0.049710 -0.014382 -0.032310 0.101278 0.000873 -0.151935 0.050593 0.057075 0.069456 -0.050694 -0.069981 -0.088118 -0.027994 0.055888 -0.003003 -0.147780
T_4463 0.084193 -0.109910 -0.004796 0.061990 0.015628 0.038359 -0.156668 0.047413 -0.011589 0.036769 0.057394 0.037764 -0.075566 0.057799 -0.012168 0.065007 0.144213 -0.100996 0.081661 0.148985 -0.029220 -0.029072 -0.015324 -0.023761 -0.075783 0.168924 0.057282 0.056190 0.082959 -0.062068 -0.076919 0.092535 -0.072607 -0.050184 -0.075521 -0.063878 0.027137 -0.040576 -0.094358 -0.098199 -0.090305 -0.022292 0.022732 -0.070293 0.063697 -0.074959 0.012773 -0.006191 0.066198 0.123186 -0.041141 0.004095 0.094589 -0.064676 0.006476 0.091099 -0.042260 -0.000486 -0.057773 0.071074 -0.022329 -0.002788 -0.079382 0.044418 0.135302 0.011915 -0.005859 -0.099340 0.045770 -0.130104 0.082033 0.095553 0.134501 -0.040319 0.028357 -0.051396 -0.105785 -0.130069 0.032225 0.067032 0.020068 0.070098 0.008464 0.009923 -0.001451 -0.070450 0.062032 -0.015143 -0.049153 0.012455 -0.047290 -0.052120 -0.053688 0.008119 -0.173712 0.070802 0.071637 -0.054212 -0.210197 0.025178 -0.016360 0.015715 -0.001394 0.090607 -0.043306 0.160909 -0.013640 -0.000376 -0.081546 0.043495 0.011896 -0.061564 0.082111 -0.043886 0.012771 0.070303 -0.041805 0.025985 0.119720 -0.011976 -0.083698 0.007552 0.012952 0.032222 -0.049426 -0.071490 0.005774 -0.020827 -0.054172 0.116027 0.013166 0.088460 -0.052764 0.005951 -0.045402 -0.077117 0.057793 -0.079705 -0.054316 -0.095117 0.061499 -0.001853 0.040165 -0.150758 0.056107 0.096316 0.111484 0.073784 -0.041739 0.076134 -0.040891 -0.021562 -0.043374 -0.074885 0.051161 0.046968 -0.128576 0.088369 0.008130 0.040683 0.055316 0.023150 0.033581 -0.108643 0.035410 -0.001445 0.028224 -0.080249 -0.104132 0.126192 -0.006312 0.034370 0.108638 -0.092593 0.075943 -0.117857 0.036445 -0.071737 -0.054560 0.144259 -0.022977 -0.133176 0.046128 -0.046275 -0.025748 -0.077116 0.101496 -0.038901 0.023760 -0.134782 0.013255 -0.023795
T_4467 -0.043356 0.054859 0.076611 -0.014094 -0.000187 -0.034845 0.006709 0.049191 -0.044026 -0.014175 -0.105059 -0.009759 0.058471 -0.024004 0.078507 0.060161 0.057088 0.036978 -0.016863 -0.026701 -0.075536 -0.052998 -0.006881 0.051007 -0.015856 0.084296 -0.050743 0.117397 0.081251 -0.162278 -0.077727 0.053006 -0.064437 0.073502 0.054839 0.021614 -0.001368 0.051515 -0.025707 -0.041431 -0.025319 0.062273 0.045072 0.073108 -0.088802 0.032607 -0.043338 0.025280 0.088264 0.060676 -0.032545 0.056904 -0.028694 0.037661 0.020210 0.011450 -0.154822 0.058985 -0.068130 0.081070 -0.030483 -0.041672 -0.056942 -0.046826 0.023466 -0.010935 0.098529 -0.125153 -0.082399 -0.135095 0.021622 0.061119 0.055280 -0.162418 0.052763 0.032770 -0.037241 0.024062 0.012211 0.034395 -0.005287 0.119777 0.081346 -0.071688 0.048431 -0.029916 -0.041055 0.024989 -0.065319 0.094350 -0.017976 -0.125321 0.040696 0.265700 -0.024606 -0.061380 0.175561 0.058546 -0.201074 0.096274 0.055856 -0.116300 -0.019177 -0.008530 -0.040621 -0.109418 -0.038965 -0.042459 0.011414 -0.023700 -0.056595 0.005601 0.060270 -0.037784 -0.056274 0.062185 -0.078055 -0.005389 0.074833 -0.003222 0.082372 0.002931 -0.042478 -0.006725 0.088810 0.011431 -0.029533 -0.121794 -0.034568 0.043333 -0.057500 0.012698 -0.055096 -0.073413 -0.128088 -0.059577 0.027167 -0.085454 0.083293 -0.083133 0.022066 -0.067017 -0.005410 -0.006897 0.097612 0.012299 0.005312 0.071807 0.126501 0.052830 -0.029648 -0.017534 -0.125470 0.115737 0.115819 0.066072 -0.137019 -0.120601 -0.195854 -0.025904 0.032747 0.042877 0.005879 -0.060811 -0.051979 0.022382 0.143985 -0.001288 -0.025096 0.007269 0.126887 -0.041127 -0.001342 0.016136 0.047792 -0.001474 -0.164599 0.040190 -0.015797 0.175475 -0.059943 -0.072439 0.104864 -0.005862 -0.012892 0.031185 -0.080164 -0.039351 -0.045365 0.048541 -0.004122 -0.032680
T_4474 -0.018599 0.023300 0.011080 -0.113221 -0.037765 0.019666 -0.028996 0.080856 -0.181939 0.093576 0.048253 0.058061 0.076358 0.010211 0.044420 0.026038 0.103310 -0.020295 -0.011971 -0.015209 0.007782 0.002026 -0.093538 -0.034915 0.015570 0.052291 0.004951 0.093293 0.119476 -0.150697 0.013320 0.063961 0.000436 0.017807 -0.003719 -0.081292 0.017904 -0.007516 0.066335 -0.061422 0.014767 -0.002090 -0.048404 -0.155520 0.037933 -0.020974 -0.028938 -0.009211 0.047326 0.068272 0.092344 0.102238 0.006657 -0.165229 0.013054 -0.030634 -0.091920 -0.037477 -0.092804 0.049575 -0.038916 -0.059841 -0.157055 -0.054763 0.030016 0.000041 0.010946 -0.073720 -0.055053 -0.116608 0.026514 -0.006799 0.045251 -0.126759 -0.091042 -0.012990 -0.083474 -0.017999 0.023476 0.046251 -0.003368 0.154807 -0.012580 -0.071279 0.055757 0.032719 0.050687 0.112117 -0.097813 -0.083967 -0.064546 -0.147997 0.044487 0.170023 -0.045724 0.000780 0.111391 0.073798 -0.182273 0.188650 -0.094058 0.033717 0.028622 0.030478 -0.025543 0.028605 -0.101442 -0.015610 -0.103988 0.064712 -0.027523 -0.034205 -0.028155 -0.143632 -0.013507 0.167345 -0.055733 0.097712 0.099791 -0.025850 0.021784 0.027422 -0.047755 -0.063166 0.060775 -0.036332 0.195589 -0.046070 0.002582 0.020217 0.015746 0.008027 -0.070372 -0.108695 -0.014835 0.031708 0.105897 -0.106511 0.043078 -0.012264 -0.038755 -0.008466 0.005618 -0.155198 0.073795 -0.033097 -0.010598 -0.028687 -0.003086 0.141462 -0.000089 -0.041040 -0.016904 -0.019826 0.050770 0.047126 -0.066662 -0.011236 -0.072540 -0.029339 0.055353 0.066786 0.000026 -0.054458 -0.111328 0.054037 0.045100 -0.143381 0.021546 -0.016288 0.059563 -0.027323 0.012910 -0.059227 -0.085115 -0.029250 -0.022738 -0.109888 -0.032145 0.015209 -0.127406 -0.049062 -0.021003 -0.024024 -0.081204 -0.042081 -0.056313 -0.044062 -0.024435 -0.153281 0.063728 -0.030936
T_4486 -0.038647 0.129609 0.042453 0.068157 0.065002 -0.070814 0.119304 -0.001280 -0.018921 -0.023475 -0.034565 0.103193 0.078796 0.049115 0.153944 -0.030039 0.109093 0.025877 0.030713 -0.029202 -0.008358 -0.041028 0.112603 -0.067797 0.063040 0.049331 -0.021927 0.036230 0.058515 -0.124497 -0.056186 0.002378 -0.036966 0.046845 0.006936 0.000040 -0.046040 0.034521 -0.003967 0.017299 -0.038670 0.113422 -0.036672 -0.028488 0.041761 -0.015458 -0.031907 0.009559 0.159504 0.022568 0.004263 -0.026522 -0.183396 0.043116 0.082859 0.083690 -0.043001 -0.037119 -0.078680 0.067151 -0.019728 0.044050 -0.058793 0.063109 0.060739 0.145216 -0.038071 -0.218799 0.030972 -0.051218 0.007863 0.100338 0.058491 -0.063470 -0.046461 -0.103452 -0.049689 0.012772 0.022570 0.097889 -0.012589 0.176718 -0.011221 0.049046 0.023465 0.017181 0.047381 0.071600 -0.083162 0.081316 0.017265 0.010092 0.027409 0.145792 -0.044100 -0.044248 0.029110 -0.027058 -0.233219 0.053516 0.101150 -0.001408 0.075629 -0.000214 -0.067172 0.030509 -0.035429 -0.065723 0.046811 -0.022459 -0.084549 0.042718 0.084836 -0.159605 -0.063359 0.040060 -0.098089 0.030761 0.027023 -0.023946 0.038002 -0.040219 -0.022741 0.042286 0.063602 0.059385 -0.113319 -0.016102 -0.040740 0.033980 -0.033861 0.072318 0.014706 0.001952 -0.192215 -0.092947 0.049964 -0.048573 0.052939 -0.168439 0.016696 -0.066129 -0.017661 -0.161855 -0.002217 0.004658 -0.014773 0.043784 0.064225 -0.047288 0.012460 0.005555 0.012487 -0.015607 0.119453 0.056123 -0.076722 0.002792 -0.155566 -0.033040 0.048421 0.018264 -0.003424 -0.061791 -0.043594 -0.031445 0.137750 0.003966 -0.087101 -0.001955 0.039172 -0.063972 0.043126 0.105832 0.029641 0.141514 -0.114300 -0.018287 -0.049685 0.131211 -0.011365 -0.130689 0.087167 0.061581 0.005138 -0.019086 -0.079125 -0.050071 0.014057 0.044981 0.094274 -0.040444
T_4489 -0.075002 -0.102694 -0.031528 -0.041756 -0.061870 0.040597 -0.126904 0.033489 -0.106021 0.019467 -0.029155 0.035129 0.049066 0.057492 -0.035798 0.053617 0.061481 -0.041049 0.072244 0.101336 -0.042509 -0.003739 -0.003082 -0.021941 0.023117 0.086516 0.100360 0.011521 0.072989 -0.055106 -0.067521 0.052845 -0.104335 -0.038470 -0.105707 -0.035348 0.090463 -0.015364 0.025856 -0.080132 -0.061960 -0.075149 0.018017 -0.127295 -0.025820 -0.124945 0.044522 -0.004090 0.076810 0.151143 0.051538 0.020897 0.080794 -0.124806 0.001171 0.103682 -0.047093 -0.014779 -0.162362 0.050503 -0.039065 0.039345 -0.064845 0.070504 0.023940 -0.041581 -0.006697 -0.010508 0.120111 -0.068663 0.065147 0.080862 -0.018954 -0.089382 -0.060271 0.031973 -0.045008 -0.074423 0.010506 0.086410 0.038290 0.144739 -0.009357 -0.056846 -0.002425 -0.036540 0.074192 0.016708 -0.098227 0.043411 -0.072740 -0.063079 -0.035491 0.094117 -0.180237 0.046818 0.133315 0.042094 -0.198646 0.118464 0.012050 0.069959 0.030483 0.000085 -0.061676 0.096263 -0.006299 -0.012088 -0.074211 -0.008351 0.008729 -0.057614 -0.011318 -0.085007 -0.030457 0.059802 0.004401 0.119828 0.134626 -0.041682 0.033855 0.022721 -0.066516 0.038135 -0.016659 -0.059302 0.070310 -0.069664 0.029576 0.016001 -0.009061 -0.021238 0.000308 -0.064105 -0.050751 -0.033924 0.049954 0.033015 -0.061631 -0.046516 0.053640 0.035974 0.051660 -0.159921 0.043803 0.090059 0.058665 0.026653 -0.023613 0.158430 0.052897 -0.095270 0.009117 -0.000414 0.034898 0.089239 -0.159223 -0.000355 -0.108058 0.020523 0.106531 0.081716 -0.063370 -0.031571 -0.019940 0.032911 0.109666 -0.150374 -0.072570 -0.010545 -0.037797 -0.046396 0.126433 -0.097604 0.057135 -0.120618 -0.090489 -0.047648 -0.025561 0.131838 -0.055904 -0.061525 0.031213 -0.031985 -0.060070 -0.065403 0.070231 -0.076790 -0.012929 -0.198691 0.013040 0.004125
T_4493 -0.026930 -0.061902 0.072536 -0.046755 -0.005052 -0.108973 0.066374 0.055716 -0.021374 -0.133201 -0.102327 0.057313 0.053962 0.059579 0.096300 0.070014 0.128462 0.050878 -0.026038 -0.063876 -0.019440 -0.028148 0.009256 -0.038537 0.004966 0.099623 -0.044709 -0.017038 0.043168 -0.113398 -0.030699 0.067941 -0.050055 0.065782 0.032353 0.032992 -0.049303 0.090126 0.032661 -0.042398 -0.062777 0.016812 0.068624 0.050116 -0.004846 -0.043734 0.009401 -0.006911 0.044152 0.124247 -0.074911 0.033295 -0.082047 -0.022799 0.019126 0.039694 -0.139665 0.043280 -0.044137 0.071191 -0.024507 -0.060377 0.010406 0.057354 0.072206 0.044109 0.031924 -0.144950 0.031019 -0.167026 0.027836 0.062236 0.072912 -0.083892 -0.000308 -0.002886 0.015313 -0.009873 -0.040252 0.118478 -0.002654 0.113235 0.089726 -0.037246 0.062339 -0.010814 -0.075639 0.027444 -0.122636 0.083028 0.002486 -0.049714 -0.007799 0.243675 -0.026745 0.002144 0.136563 0.080684 -0.175409 0.060317 0.007788 -0.115535 0.024815 -0.014638 0.007676 -0.059895 -0.086655 -0.079483 0.061014 -0.013861 -0.107951 0.026766 0.064257 -0.115785 -0.101944 0.080904 -0.092838 0.010785 0.024190 -0.032210 0.081489 0.001903 -0.027523 0.004753 0.087932 0.007715 -0.075457 -0.064588 -0.043424 0.071718 -0.002543 0.016276 -0.045871 -0.077575 -0.175650 -0.065407 0.047797 -0.099508 0.059331 -0.098085 0.030488 -0.085440 0.025482 -0.067210 0.058665 -0.085440 0.016758 0.047299 0.053837 -0.021943 -0.033423 -0.050726 -0.097924 -0.054092 0.132159 0.126093 -0.185873 -0.089377 -0.164343 0.033131 -0.002195 -0.026793 -0.015877 -0.121494 -0.077230 -0.023184 0.088917 -0.080639 -0.001896 0.038543 0.177695 -0.010667 0.024380 -0.003458 0.043169 -0.017076 -0.138849 0.041652 -0.002643 0.101705 -0.042677 -0.066186 0.093656 0.049865 -0.038145 0.042531 -0.041929 -0.003692 -0.002379 -0.017233 0.110670 -0.026001
T_4519 0.054325 -0.054648 -0.010496 -0.080504 0.013934 0.008429 -0.057077 0.074820 -0.046929 0.059699 0.059723 0.125626 0.077138 0.053925 0.017376 0.000099 0.142656 -0.044403 0.050858 -0.026820 0.084064 -0.076855 0.077276 0.016536 0.079596 0.047468 0.099667 0.078063 0.133815 -0.075376 -0.004537 0.164507 0.064030 0.003098 -0.022935 -0.094548 -0.003440 -0.043352 0.013553 -0.027348 0.023230 0.099494 0.011047 -0.008741 -0.053130 -0.022489 -0.104356 -0.056432 0.076699 0.041114 0.029382 0.086871 0.036843 0.052009 0.005339 0.112858 -0.057360 -0.016526 -0.099736 -0.013953 -0.047662 -0.031445 -0.119333 -0.035680 0.094835 0.001970 0.041423 -0.202011 -0.012931 -0.058638 0.016049 0.024208 0.087468 -0.097414 -0.046203 -0.098477 -0.089311 -0.048763 0.079194 0.037775 -0.030963 0.179344 0.070085 -0.078501 0.025943 0.012362 -0.007704 0.020071 -0.092154 -0.040989 -0.095318 -0.073967 0.005892 0.069140 -0.048812 0.018891 0.072025 0.084841 -0.119906 0.090940 -0.078304 0.011017 -0.033247 0.121374 0.035644 0.043453 -0.047900 -0.086226 0.004251 0.032450 0.023997 -0.018569 0.022509 -0.081296 -0.029408 0.104109 -0.026207 0.093575 0.143337 -0.002362 -0.053586 -0.031590 0.017199 0.032947 0.029441 -0.041385 0.033964 -0.149057 0.007357 0.048180 -0.023944 -0.036768 -0.033723 -0.178210 -0.089009 -0.012859 0.196930 -0.083907 -0.039352 -0.066868 -0.095902 -0.068667 0.030389 -0.101006 0.167642 0.074692 0.011255 0.017354 -0.008959 0.063978 0.031020 -0.097953 0.013142 -0.057737 0.081119 -0.038748 -0.085557 -0.023820 0.015750 -0.060798 0.059805 0.022009 0.011310 -0.133726 -0.020473 -0.008343 0.014790 -0.096346 -0.065629 0.072722 0.123988 0.048300 0.044717 -0.062243 0.002037 -0.036349 -0.010620 -0.085478 -0.025447 0.062615 -0.062540 -0.073445 0.063785 -0.079951 -0.106625 -0.021513 -0.033553 -0.118518 -0.072981 -0.222595 0.082331 -0.005629
T_4537 -0.065342 -0.067327 -0.015240 0.010431 0.076222 0.050431 -0.135896 0.057759 -0.172380 0.046912 0.052517 0.138177 0.050527 0.001785 0.031122 0.031738 0.083940 -0.033971 0.001800 0.040230 -0.035865 -0.069999 -0.126854 -0.001246 -0.008610 0.068508 0.036323 -0.000265 0.049942 -0.121482 -0.030192 0.029816 -0.041025 -0.096134 -0.073667 -0.017004 -0.038781 -0.118742 0.047758 -0.108728 0.006047 0.001381 -0.014643 -0.119834 -0.017358 -0.079799 0.028185 -0.061322 0.073111 0.057685 -0.045300 0.005795 0.079697 -0.069873 0.060679 0.079848 -0.012337 -0.025065 -0.123449 0.023806 -0.038192 -0.013545 -0.147905 0.044790 0.087851 -0.031268 0.007060 -0.118195 -0.017760 -0.088698 0.134466 0.102369 0.156887 -0.046340 0.016106 0.010295 -0.079262 -0.046310 0.009850 0.053988 -0.033575 0.147531 0.043113 -0.075187 0.082861 -0.020418 0.024335 -0.006175 -0.119514 0.026584 -0.082778 -0.046118 -0.098671 0.072928 -0.076729 0.068361 0.062157 -0.011636 -0.153893 0.085563 -0.098539 0.033385 0.046972 0.081336 -0.038185 0.050409 -0.111561 -0.064861 -0.080785 0.036084 0.019886 -0.093036 0.046850 0.019603 0.022882 0.040672 0.005089 -0.016683 0.165719 -0.028168 -0.060067 0.081834 -0.027445 0.029628 0.046702 -0.075731 0.109211 -0.048815 -0.004442 0.081322 -0.023783 0.068130 -0.062517 -0.079653 -0.073760 -0.078387 0.084315 -0.080068 0.035786 -0.069507 0.024809 -0.033368 0.034770 -0.135154 0.088128 0.015098 0.049700 0.113894 -0.001979 0.139821 -0.001207 -0.002498 -0.037264 -0.065993 0.140854 0.067532 -0.155961 0.071275 -0.026547 0.049545 0.040693 0.094539 -0.048429 -0.105478 -0.014163 -0.032466 0.022604 -0.067218 -0.051361 0.068891 0.003682 -0.003581 0.087138 -0.076835 0.035001 -0.033822 0.018603 -0.073997 -0.013855 0.150111 -0.087615 -0.079192 0.054915 -0.066806 0.002903 -0.018346 -0.030933 -0.032055 -0.077879 -0.143284 0.159507 -0.122655
T_4587 -0.074952 0.045393 0.048588 0.042589 0.073223 -0.045512 0.013195 -0.110597 0.007559 0.054991 -0.029920 0.102265 0.111125 -0.050394 0.071143 -0.010542 0.079055 0.032021 0.058324 -0.006559 0.099608 -0.016023 0.135827 -0.005928 -0.013430 0.007638 0.004590 0.079336 0.023571 -0.112360 -0.120154 0.028321 -0.022985 0.069580 0.032976 -0.071729 0.013542 -0.028784 0.019037 -0.049644 -0.064993 0.033829 -0.019339 -0.008486 -0.051802 0.046666 -0.107896 0.029907 0.220388 0.013077 0.003097 -0.039416 -0.090487 -0.003895 0.068116 0.107657 -0.098960 -0.088414 -0.141848 0.101019 0.034222 0.040401 -0.066867 -0.016775 0.032451 0.122541 0.016949 -0.131771 0.101365 -0.064656 0.012025 0.097979 0.092662 -0.101252 0.022379 -0.141042 -0.069056 -0.105792 -0.007987 -0.007847 -0.031505 0.140661 0.059458 0.024791 0.047522 0.062061 0.063789 -0.004614 -0.053762 0.128067 -0.020545 -0.094635 0.023126 0.197301 -0.062193 0.021285 0.048731 0.008901 -0.185909 0.116691 0.093300 -0.059393 -0.014008 0.097974 -0.061034 -0.004510 -0.048611 -0.014463 0.039085 0.042376 -0.096398 -0.031822 0.079606 -0.097498 0.064288 0.069487 -0.071366 0.122214 0.016643 -0.031831 0.112503 0.059972 -0.000367 -0.001521 0.057741 -0.029062 -0.028715 -0.030109 -0.051443 0.023112 -0.071469 0.001839 -0.052339 -0.024200 -0.169469 -0.051656 0.084612 -0.095125 0.071135 -0.118091 0.036105 -0.055595 -0.004590 -0.029944 0.050256 0.014527 0.060674 0.038806 0.088995 0.014847 0.021591 -0.063168 -0.047275 -0.022073 0.053725 0.005262 -0.076728 0.043264 -0.164160 -0.054043 0.054056 0.076093 0.055516 -0.107741 -0.017485 0.029075 0.136259 0.007834 -0.075098 -0.026015 -0.073470 -0.121265 -0.001629 -0.026605 0.076168 0.001496 -0.183172 -0.056557 -0.088648 0.115616 -0.006881 -0.077199 0.044796 -0.034140 -0.020364 -0.005328 -0.053738 0.010388 -0.044630 0.038068 0.042603 -0.097871
T_4598 -0.002276 -0.084263 0.042931 -0.009802 0.045442 -0.016482 -0.137919 -0.015056 -0.158779 -0.092883 0.012129 0.110426 0.028004 0.002119 0.019311 0.036511 0.105887 0.015666 0.007296 -0.031150 -0.020759 -0.013116 -0.016870 0.074648 0.027208 0.195258 0.059786 0.021379 0.127333 -0.058139 0.002709 0.051111 -0.037692 0.155326 -0.009768 -0.073656 -0.032679 0.063850 0.037139 -0.028442 0.019854 0.120783 -0.054518 -0.027384 0.001624 -0.116068 -0.107884 -0.152589 0.073973 0.017896 -0.055516 -0.042679 0.091521 0.047087 0.074085 0.004829 -0.068993 -0.064405 -0.056003 0.042989 -0.055965 0.058240 -0.054045 -0.054770 0.097576 -0.071036 -0.062487 -0.080505 0.008283 0.039552 0.056792 -0.007527 0.108974 -0.077984 -0.118036 0.016181 -0.144247 -0.058801 0.033282 -0.033037 0.029916 0.174521 0.023232 -0.052111 -0.039024 -0.006480 0.076982 -0.015187 -0.128917 0.065201 -0.101249 -0.055925 -0.021061 0.049408 -0.068328 -0.013523 0.117376 0.029559 -0.130186 0.067754 -0.051098 0.065075 -0.021092 0.058806 0.039496 -0.073655 0.006496 -0.002337 -0.006018 0.010232 -0.017578 0.067976 0.013419 0.036805 0.000850 0.070415 -0.048456 0.110834 0.154079 -0.071656 0.028380 -0.036691 -0.063028 0.034102 0.006807 0.029693 0.024802 -0.023619 -0.038250 -0.008871 -0.020393 -0.028632 -0.128260 -0.067171 -0.117022 -0.015543 0.073635 -0.029197 -0.024137 -0.056635 0.049914 -0.062484 0.056562 -0.160789 0.108887 -0.063939 -0.036614 -0.021906 -0.005913 0.060624 -0.030452 -0.110248 0.165075 0.107472 0.034338 0.111273 -0.093756 -0.081532 -0.163532 0.054179 -0.007629 0.087090 0.091488 -0.181805 -0.067477 0.063012 0.006052 -0.042966 -0.059910 0.077587 0.097802 -0.001007 -0.006367 -0.035782 0.073446 -0.143170 -0.005439 0.014213 0.058323 0.130761 -0.062171 -0.016520 0.064000 0.034271 -0.024501 -0.049402 -0.041526 -0.087240 0.019757 -0.134335 0.054510 -0.042052
T_4618 -0.075160 0.038812 -0.005324 0.009989 -0.006206 -0.047203 0.025025 -0.012999 -0.092695 -0.041422 -0.077058 0.088488 0.095859 -0.033004 0.131884 -0.039033 0.058829 0.038185 0.000444 -0.017512 0.043686 -0.098798 0.048595 0.036694 -0.074514 0.037545 0.017021 0.067501 -0.008064 -0.152334 -0.024829 0.059635 0.021523 0.037335 0.016721 -0.040200 0.044427 0.033812 -0.034253 -0.032429 -0.047721 0.067188 0.019584 -0.071132 -0.007140 0.028375 -0.068824 -0.023448 0.141001 0.022536 -0.026055 -0.038024 -0.086202 0.008391 0.092239 0.051005 -0.068999 -0.041367 -0.146237 0.043774 0.007265 -0.000447 -0.034308 0.097630 0.105528 0.141265 -0.027751 -0.119993 0.064770 -0.090142 0.014769 0.070450 0.044351 -0.127687 -0.110722 0.012349 -0.087297 -0.041092 -0.062954 0.105016 -0.047964 0.138949 -0.004665 0.017820 0.135750 0.002627 -0.029567 0.056885 -0.090799 0.053804 0.057502 -0.014590 -0.011537 0.227311 -0.030573 -0.087412 0.059728 -0.021620 -0.257722 0.081567 0.022368 -0.051506 0.027121 -0.027304 -0.076792 -0.000504 -0.100291 -0.046871 0.047804 -0.038825 -0.018080 0.027616 -0.024588 -0.126958 -0.026408 0.015770 -0.092611 0.076084 0.084253 -0.053792 0.070403 0.093637 0.051766 0.026042 0.013077 -0.022872 -0.082046 -0.046353 -0.072253 0.043679 0.015659 -0.019892 -0.017522 0.023056 -0.101750 -0.118441 0.124555 -0.031818 0.090786 -0.139349 0.103578 -0.100786 0.070571 0.001473 0.081328 0.024704 -0.081572 0.097931 0.120179 -0.088645 -0.057181 0.034613 -0.039333 -0.000450 0.061608 0.012784 -0.098964 0.093262 -0.061708 -0.078418 0.064538 -0.011788 -0.010469 -0.082530 -0.083948 0.018912 0.109339 -0.033388 -0.079597 -0.013129 0.058305 -0.117859 0.043310 0.020645 0.090710 0.071168 -0.147753 -0.035194 0.011740 0.089974 -0.053988 -0.177895 0.086523 0.048766 -0.004457 -0.027726 -0.119402 -0.025709 0.010669 0.019836 -0.012870 -0.072264
T_4639 -0.062732 0.095738 0.113655 0.025151 0.033960 -0.040558 0.040771 -0.054272 -0.044079 -0.049603 -0.068795 0.030278 0.092737 -0.044686 0.044194 -0.014545 0.064969 0.120585 0.028406 -0.032060 0.040238 -0.076618 0.094211 0.035441 -0.009881 -0.008884 -0.018827 0.108165 0.033970 -0.180103 -0.128256 0.003992 -0.073703 0.041641 0.045794 -0.060434 -0.005859 0.024563 -0.010895 -0.094971 -0.037542 -0.007958 0.028199 -0.106294 -0.052203 0.064095 -0.049674 0.042110 0.181909 0.029678 -0.000532 0.042360 -0.025465 -0.022819 0.047552 0.098150 -0.087157 -0.011382 -0.173097 0.040493 0.045787 -0.029005 -0.070954 0.007443 0.034820 0.098428 0.050785 -0.158105 0.037005 -0.095622 -0.019744 0.085965 0.030646 -0.094210 0.007380 -0.109406 -0.108863 -0.052728 -0.005365 0.000828 0.028941 0.087078 0.070346 0.008872 -0.008937 0.060427 -0.023573 -0.044353 -0.095931 0.095019 -0.004200 -0.123639 0.032528 0.167295 -0.051171 -0.122482 0.076444 -0.016865 -0.252110 0.086320 0.095672 -0.057531 -0.023521 0.076205 -0.032713 -0.094438 -0.063998 0.018566 0.025969 -0.016988 -0.007455 -0.016757 0.064748 -0.008081 -0.034984 0.038099 -0.045638 0.022620 0.019875 0.000343 0.108126 0.003061 0.012205 -0.069063 0.027389 -0.087191 -0.065008 -0.095368 -0.084369 0.063023 -0.083748 0.011493 -0.096487 -0.013610 -0.209597 -0.162930 0.068970 -0.059036 0.100417 -0.054974 0.032558 -0.066776 0.088194 -0.051597 0.077490 0.059631 -0.011337 0.051470 0.056548 0.003574 -0.026876 -0.086390 -0.080180 0.025577 0.070900 0.063262 -0.053768 -0.017597 -0.132736 -0.067411 0.048601 0.041065 0.014481 -0.048969 -0.032019 0.034800 0.119314 -0.007819 -0.071700 -0.022499 -0.012853 -0.111782 -0.028588 -0.023999 0.064297 0.027987 -0.075269 -0.061296 -0.101230 0.130573 -0.074514 -0.090971 0.100462 -0.008739 -0.050309 -0.028958 -0.105080 0.012374 -0.043565 0.039672 0.021910 -0.135140
T_4684 -0.041888 -0.028631 -0.007259 0.062294 0.040949 0.009415 -0.020404 0.044753 -0.072696 0.153767 0.103560 0.139820 0.020404 0.042685 0.059848 -0.003289 0.054604 0.085218 0.036587 -0.001225 -0.040302 -0.093416 -0.042978 -0.001274 -0.012172 -0.078823 0.031298 0.032883 0.132062 -0.119307 0.006367 0.034011 -0.007469 -0.144640 -0.068420 -0.068081 -0.064799 -0.114427 0.121342 -0.092138 0.011557 -0.090805 0.028467 -0.090738 0.037591 -0.067535 0.015538 -0.118657 0.139145 0.094792 -0.057321 0.011846 0.065488 -0.001810 0.118368 -0.028665 -0.127747 -0.008320 -0.112119 -0.094495 -0.008715 0.030503 -0.124624 0.007079 0.113216 0.045870 -0.000712 -0.150132 0.000118 -0.108948 0.125807 0.109085 0.160449 -0.145713 0.113366 -0.053886 -0.091012 -0.042816 -0.021784 0.007223 -0.040898 0.099788 0.023391 -0.015946 0.106286 0.042540 0.009629 -0.017032 -0.103446 -0.011687 -0.061185 -0.110716 -0.046100 0.074708 0.007794 0.079663 0.041012 -0.024781 -0.127852 0.010057 -0.112377 0.014594 0.060570 0.049900 0.083720 -0.045539 -0.062740 -0.025852 -0.034929 0.014147 -0.059374 -0.064988 0.060806 -0.001542 0.033097 0.009390 -0.042136 0.015689 0.216625 0.043495 -0.132236 -0.045471 0.005990 -0.005570 0.078979 -0.040966 0.093907 -0.011800 -0.019426 0.056735 -0.075556 0.013439 0.019226 -0.054771 -0.055200 -0.099205 0.025019 -0.027788 0.014088 -0.047058 -0.048175 -0.046648 -0.002728 -0.035991 0.043603 0.022239 0.070953 0.036082 0.077239 0.037503 0.067073 -0.109241 0.009243 -0.058336 0.091774 -0.021447 -0.137810 0.014983 -0.008168 -0.090657 0.038899 0.043181 0.001919 -0.102221 -0.011440 0.062445 -0.044697 -0.028054 0.012943 0.128506 0.143799 -0.047720 -0.035650 -0.094605 -0.023663 0.036499 0.036009 -0.058238 -0.022407 0.128700 -0.015766 -0.116134 -0.019731 -0.104408 -0.002168 -0.033067 -0.002282 -0.079848 -0.021539 -0.153399 0.105896 -0.074529
T_4700 0.012144 0.036634 0.086241 0.007439 -0.031623 0.028255 -0.052677 0.030255 -0.132330 0.047843 0.117960 0.161867 0.115026 -0.023164 0.073350 -0.077690 0.079613 0.002190 0.001485 -0.071675 -0.085358 -0.052329 -0.047570 -0.043422 0.005645 0.032625 0.097253 0.060466 0.112818 -0.114924 0.070082 0.120191 0.001617 -0.064364 0.073684 -0.036574 -0.023087 -0.094363 0.089867 -0.074720 0.034521 -0.009577 -0.004819 -0.061873 -0.034035 -0.081511 -0.054937 -0.013238 0.081752 0.056305 -0.037949 -0.003389 -0.087846 -0.052906 0.191425 0.010265 -0.118102 0.010357 -0.039023 -0.068239 0.019013 -0.052178 -0.184923 0.034510 0.016794 0.065369 -0.053927 -0.066918 -0.021304 -0.092734 0.033209 0.019084 0.096459 -0.172326 0.027632 -0.033396 -0.032277 -0.059906 -0.059318 0.062171 -0.011691 -0.003582 -0.018491 -0.102285 0.062943 -0.063524 0.094623 0.030861 -0.084848 0.051347 -0.099474 -0.115112 0.037724 0.088446 -0.010846 0.040255 0.075912 -0.079169 -0.002544 0.140550 -0.123473 0.045675 0.033178 0.056443 0.053853 0.031671 -0.079683 -0.005414 -0.113627 0.093504 -0.061620 -0.097616 0.113519 -0.040445 0.029163 0.074711 0.017976 0.101821 0.106007 -0.027268 -0.056033 0.050408 0.001699 0.032221 0.051605 -0.003403 0.107732 0.054832 0.024985 0.001650 -0.081562 0.002976 -0.083992 -0.042962 -0.068433 -0.022253 0.121894 -0.059392 0.002839 -0.077524 -0.056811 -0.083589 -0.035167 -0.088732 0.110435 -0.051255 -0.026889 -0.054068 -0.034087 0.115052 -0.044413 -0.042343 0.023044 0.019613 0.154887 -0.044429 -0.115347 0.050739 0.000930 -0.073071 0.048629 -0.014546 0.042060 -0.019934 -0.093293 -0.014818 0.027125 -0.152932 -0.007019 0.027907 0.095192 -0.071124 -0.107449 -0.135139 -0.111430 -0.039263 -0.023764 -0.041081 0.021620 0.010749 -0.116762 -0.083618 -0.044835 -0.065548 -0.064380 -0.097196 -0.079074 -0.114427 0.003672 -0.135556 0.052255 -0.056691
T_4701 -0.061217 -0.027609 -0.053190 0.013917 0.110579 0.009775 -0.031284 0.056336 -0.098128 -0.022379 0.044879 0.058853 0.035268 0.027298 0.086578 0.029679 0.051713 0.035252 0.064035 -0.055519 -0.003050 -0.006119 0.000506 0.039411 0.009245 0.119731 0.059719 0.004414 0.082723 -0.158831 -0.063628 0.047190 -0.085782 0.014339 -0.097270 -0.093345 -0.008637 -0.068697 0.064256 -0.099435 -0.022703 0.002250 0.013046 -0.092406 -0.004992 -0.159745 0.002930 -0.035663 0.122008 0.062344 -0.095083 0.092028 0.079835 0.000571 0.019808 0.013278 -0.053327 0.011160 -0.121134 -0.006927 -0.089619 -0.032036 -0.054856 -0.062359 0.097502 -0.026330 -0.076341 -0.124298 0.049994 -0.116730 0.107927 0.066134 0.041833 -0.123378 -0.151278 0.011790 -0.065133 -0.100128 -0.028867 -0.005179 0.036600 0.120636 0.013190 -0.005508 0.086818 -0.053828 0.017762 -0.006230 -0.142213 0.041670 -0.024204 -0.026563 -0.010061 0.125591 -0.043578 0.087737 0.120395 0.082379 -0.200689 0.086084 -0.088947 0.106850 0.008113 -0.003169 -0.084255 0.044171 -0.073106 0.015615 -0.052251 -0.071738 -0.059574 -0.019706 0.022970 -0.118177 -0.001225 0.036317 -0.010410 0.108065 0.135586 -0.010995 0.018753 0.101455 -0.072348 0.047929 0.017140 -0.054839 0.156638 -0.082773 -0.000570 0.037374 0.000221 0.055897 -0.098816 -0.064303 -0.136903 0.005040 0.069476 -0.073265 -0.009218 -0.092910 0.039095 0.050564 0.021247 -0.133512 0.054010 0.007131 -0.057180 0.006523 0.043659 0.025002 0.023042 -0.155391 0.109707 -0.098260 0.074311 0.101502 -0.130613 -0.029956 -0.051143 -0.038088 0.048234 0.077382 -0.032444 -0.104293 0.002525 0.092745 -0.010844 -0.120744 -0.014176 -0.036351 0.075238 -0.047847 -0.034170 -0.030452 0.004358 0.025002 0.025702 0.048547 -0.056690 0.130636 -0.091355 -0.066460 0.052756 0.009915 -0.037614 0.005662 -0.041430 0.018905 -0.005053 -0.183175 0.088718 -0.064638
T_4731 0.035200 0.016749 0.010432 0.021634 0.040616 -0.041612 0.014493 0.078064 -0.093890 -0.007817 -0.036893 0.040053 0.097749 0.019271 0.077035 0.016894 0.087599 0.017227 0.067310 0.006362 -0.003617 -0.059251 0.078030 0.002960 0.001100 -0.032839 0.037776 0.055935 0.050871 -0.142879 -0.075846 0.020699 -0.042148 -0.037744 0.022834 0.039737 -0.029891 0.098917 0.014145 -0.054840 -0.087205 0.005149 0.000110 -0.156960 0.048645 0.028162 0.027365 0.010981 0.112454 0.063732 -0.016900 0.094302 -0.000924 -0.003799 0.067278 0.079549 -0.001251 0.026672 -0.067251 -0.039828 0.031334 0.050575 -0.113902 0.034198 0.114480 0.095217 0.006401 -0.153023 0.028731 -0.028382 -0.018708 0.079700 0.074664 -0.111080 -0.014827 -0.157117 -0.009201 -0.019189 -0.081322 0.061752 0.007256 -0.011697 0.015412 0.029511 0.121904 -0.054940 -0.005667 -0.012815 -0.152711 0.120004 -0.040062 -0.045287 -0.049693 0.173254 -0.060603 -0.045104 0.063877 -0.103349 -0.223821 -0.057756 0.072465 0.012418 0.010112 0.026560 -0.041525 0.049550 -0.059263 -0.081214 0.095663 0.008709 -0.009711 -0.009770 0.055027 -0.072350 0.024112 0.067728 -0.043261 0.024043 0.066131 -0.077194 -0.026106 -0.086718 0.042179 -0.001369 0.039551 0.062134 -0.096780 -0.131606 -0.102769 0.071487 -0.032326 0.057257 -0.051777 -0.069282 -0.091733 -0.165709 -0.015123 -0.058958 0.097618 -0.109115 0.098204 -0.165686 0.102421 -0.057238 -0.084754 -0.011428 -0.111498 0.024466 0.195139 -0.052215 -0.017292 0.006471 -0.006347 -0.016827 0.105840 -0.014360 -0.065983 0.068197 -0.082623 -0.053941 -0.088617 -0.051695 0.004163 -0.064885 -0.061415 -0.043290 0.024560 -0.019436 -0.052895 -0.011475 0.034439 -0.145552 0.003322 -0.012414 0.078090 0.129024 -0.104771 0.088754 0.031665 0.120333 -0.058492 -0.127139 0.146598 0.040900 0.010138 0.026642 -0.125222 -0.004699 0.043680 -0.002511 0.124804 -0.038516
T_4738 0.048416 -0.017221 -0.018410 0.070624 0.023060 0.022997 -0.081616 0.124597 -0.030099 0.106998 -0.014681 0.038892 -0.021716 0.017356 0.013792 0.019694 0.140154 -0.087185 0.027390 0.102171 0.009775 -0.077523 0.003554 0.053123 -0.061596 0.037001 0.057013 0.040653 0.073536 0.023952 -0.038905 0.103387 -0.049714 -0.085752 -0.058006 -0.111605 -0.063144 -0.137965 0.079169 -0.087305 -0.026587 -0.053016 -0.036833 -0.148343 -0.017591 0.004671 -0.017771 -0.021958 0.128180 0.103868 -0.040666 0.063931 -0.027393 -0.063847 0.007513 -0.011218 -0.145354 -0.052609 -0.047325 0.036436 -0.008158 0.064911 -0.048769 0.081627 0.097361 -0.030077 0.029222 -0.158812 0.016679 -0.085944 0.043926 0.060528 0.100001 -0.064312 0.088070 -0.093368 0.021015 -0.139051 0.019286 0.163122 -0.146587 0.068669 -0.013762 -0.029028 0.075887 -0.019343 0.114158 -0.055353 -0.005593 -0.063734 -0.097873 -0.109147 -0.011934 0.017305 -0.060022 0.051075 0.016751 -0.059014 -0.126321 -0.035817 0.026710 -0.008430 -0.042666 0.074417 -0.021249 0.059436 -0.016171 -0.015969 -0.014845 0.136802 -0.041004 -0.089846 0.062891 0.015725 0.045705 -0.013394 -0.023253 0.066396 0.151848 0.042885 -0.070968 -0.026237 0.026637 0.067710 0.030921 -0.081430 0.016300 -0.000507 -0.003113 0.101984 -0.134599 0.020555 0.009131 -0.124391 -0.052296 -0.047220 0.127306 -0.061774 0.034278 -0.030984 -0.029464 -0.057164 0.021183 -0.103744 0.087519 0.111168 0.047859 0.049184 0.027433 0.073778 -0.041478 -0.038063 -0.076702 -0.059046 0.056987 -0.052549 -0.077725 0.057979 -0.021411 -0.085338 0.051812 0.020206 0.083711 0.017440 0.003720 0.043404 0.012840 -0.090606 -0.018322 0.103671 0.091112 -0.072615 0.117669 -0.073097 0.054638 -0.146941 0.076673 -0.074303 -0.103908 0.131824 -0.070649 -0.089685 0.014156 -0.101595 0.018482 -0.039810 -0.003183 -0.105387 -0.028452 -0.223569 0.091514 -0.063781
T_4766 0.000032 -0.029622 0.018774 -0.054955 0.016533 0.047332 -0.001360 0.033507 0.017398 -0.021469 0.033958 0.132802 0.048575 0.035218 0.068175 -0.089794 0.142225 0.007120 -0.009450 -0.040982 0.015688 -0.053537 -0.096839 -0.006358 -0.068040 0.100984 0.042277 0.122949 0.043306 -0.047381 -0.006892 0.153190 0.006518 0.028933 -0.000177 -0.039488 0.001983 -0.014529 0.039926 -0.045031 -0.085936 0.027400 -0.043696 -0.107454 -0.016667 -0.003834 -0.064827 -0.015497 0.041875 0.058595 -0.041596 0.044245 -0.061959 -0.042096 0.124486 0.013418 -0.085611 0.048870 -0.065327 -0.013611 -0.038303 -0.004021 -0.090821 0.009222 0.029420 -0.012315 0.023072 -0.166222 0.035282 -0.151085 0.116905 0.068576 0.020668 -0.049606 -0.047140 -0.039272 -0.113632 -0.041719 -0.023518 0.053164 -0.026810 0.056988 0.013212 -0.074470 0.096792 -0.046148 0.055338 0.035861 -0.134875 0.041283 -0.025347 -0.064371 0.060235 0.204368 -0.053623 0.099763 0.062479 0.084844 -0.073296 0.130712 -0.053776 0.052619 0.000667 0.091674 -0.007701 0.039803 -0.026926 -0.099743 -0.069095 0.114971 0.003416 -0.074180 0.017331 -0.044758 0.027759 -0.011716 0.020901 0.092556 0.143836 0.033199 0.070939 0.104105 0.056456 -0.009627 0.114852 -0.022129 0.055974 -0.134017 0.006086 0.088564 0.050880 -0.039477 -0.193917 -0.089482 -0.101391 -0.056659 0.100064 -0.075132 -0.003060 -0.080696 -0.015425 -0.081225 0.083200 -0.126038 0.047530 0.007253 -0.005937 0.000948 -0.089831 0.173379 -0.047739 -0.062620 -0.096357 -0.107933 0.004709 -0.020980 -0.025646 0.023079 -0.084066 -0.047596 0.008921 0.042081 -0.043371 -0.014312 -0.053126 -0.018371 -0.020260 -0.058404 -0.068399 0.049768 -0.022475 -0.060062 -0.066396 -0.028431 -0.012711 -0.124475 -0.073904 -0.098997 -0.080493 0.063633 -0.174303 -0.180614 0.023025 -0.005940 -0.048775 -0.010752 -0.038461 -0.064632 -0.071015 -0.184905 0.112762 -0.073244
T_4769 -0.010770 0.011406 0.062187 -0.015857 -0.019137 0.025562 -0.036400 0.005601 -0.047874 0.065602 0.068551 -0.022575 0.055806 0.009516 0.116250 0.004224 0.051417 0.017061 0.027013 0.000844 -0.000752 -0.050966 -0.040441 0.055261 0.035832 0.136332 -0.017236 0.100760 0.133873 -0.178269 0.037084 0.072806 -0.094447 0.035515 -0.006485 0.070637 0.013779 0.005813 0.049238 -0.122935 -0.147596 0.040592 0.031125 -0.068032 0.123495 -0.051230 -0.075350 -0.067376 0.111105 -0.026161 -0.015082 0.047280 0.096884 -0.108316 0.001996 0.002942 -0.014706 0.020522 -0.105385 0.042002 -0.095318 -0.099408 -0.172738 0.015130 0.128769 0.000789 0.055112 0.006154 -0.000554 -0.113948 0.022835 0.032151 0.086427 -0.029735 -0.072011 0.036693 -0.082195 -0.043343 0.026096 -0.042385 0.018824 0.126950 0.047024 -0.031182 0.076395 0.020013 -0.017247 -0.009638 -0.147055 0.039373 0.025975 -0.127283 0.067403 0.048596 -0.073442 -0.009155 0.001932 0.029061 -0.158451 0.112845 -0.065402 0.080276 0.098291 0.084697 -0.043974 0.105831 -0.070742 0.003906 -0.173993 0.044822 0.042932 0.026575 0.054536 -0.069215 -0.019964 0.132767 -0.040395 0.021742 0.106397 -0.065561 0.033780 0.035140 -0.038748 0.001247 -0.004233 -0.012481 0.047413 -0.017661 -0.010737 0.098365 -0.048690 -0.107720 -0.067611 -0.035537 -0.079153 -0.074569 0.040592 0.042488 -0.009277 -0.083573 0.087585 -0.081214 -0.048343 -0.135725 0.035206 0.007350 -0.052986 0.014530 -0.028633 0.078817 0.013278 0.004335 0.052825 -0.083750 0.044203 0.176055 -0.048857 -0.063663 -0.099549 0.031757 0.011192 0.026097 -0.083568 -0.145800 -0.015747 0.016995 0.034614 -0.083717 0.039329 0.003683 0.021999 -0.007824 0.042671 -0.095481 0.056814 -0.106650 -0.054727 -0.086754 0.042656 0.125087 -0.178133 -0.102611 0.018971 -0.026830 -0.110240 -0.147009 0.081057 0.040596 0.051837 -0.146255 0.058620 -0.068220
T_4781 0.050758 0.072583 0.047331 -0.005919 0.060316 0.010595 -0.093624 -0.008016 -0.030910 0.132349 0.055587 0.092917 -0.063618 0.072404 0.024743 -0.007230 0.135093 -0.013542 0.038395 0.103805 0.030259 -0.021013 0.053881 0.002654 0.038043 0.089976 0.028226 0.061943 0.082186 -0.014047 0.028231 0.137696 -0.091787 -0.062836 -0.054037 -0.063151 -0.064843 -0.020669 0.040926 -0.051689 -0.069958 -0.029661 -0.024684 -0.066589 -0.004570 0.002547 -0.036418 -0.079271 0.093136 0.086009 -0.029563 0.081780 -0.037803 -0.053601 0.021463 0.020327 -0.124883 -0.040048 -0.103797 0.104494 -0.047051 0.102773 0.032265 0.006116 0.002775 -0.019476 -0.004803 -0.116399 0.021851 -0.125398 0.044989 0.106547 0.151478 -0.119691 -0.023903 0.000262 -0.062765 -0.115027 0.058149 0.095093 -0.085081 0.085439 0.001972 -0.000165 0.075390 -0.008986 0.083826 -0.039350 0.001095 -0.027830 -0.053856 -0.161079 -0.079956 0.030549 -0.058413 0.059017 0.046001 -0.003393 -0.179387 0.032650 -0.027896 0.098980 -0.028901 0.073265 -0.066258 0.027207 -0.024027 -0.076490 -0.081715 0.059254 -0.026983 -0.043537 0.067010 -0.071227 0.001667 -0.009452 0.005895 0.163302 0.132809 -0.012019 -0.057494 0.030076 0.044435 0.114724 -0.019500 -0.046938 0.017349 -0.116499 0.011574 0.048905 -0.079486 -0.008341 -0.046640 -0.179573 -0.010051 -0.009155 0.123292 -0.039674 0.082191 -0.074442 -0.012774 -0.019902 0.078795 -0.160799 0.123722 0.176465 0.111768 0.012397 -0.076674 0.081922 -0.020953 -0.063867 -0.009848 0.029206 0.006613 0.017935 -0.084165 0.029337 -0.017695 -0.076942 0.058045 -0.000722 0.030933 -0.046388 0.085384 -0.011974 0.029040 -0.091493 -0.019528 0.053502 0.044683 -0.078134 0.139171 -0.075718 0.003090 -0.064344 0.043839 -0.053165 -0.045492 0.088638 -0.118577 -0.153555 -0.038309 -0.108129 -0.074404 -0.065990 0.049240 -0.073476 -0.039837 -0.186374 0.010462 -0.051237
T_4787 -0.021293 0.105066 0.068615 -0.014563 0.152895 -0.074353 0.051667 0.008306 -0.037313 0.004376 -0.066960 0.063260 0.135728 0.014131 0.077174 -0.027508 0.048230 -0.017085 0.053643 -0.023532 0.011975 -0.038946 0.121597 -0.083288 -0.032525 0.035569 -0.012196 -0.052691 -0.012145 -0.144563 0.044683 0.028264 -0.007370 0.021279 0.003015 -0.031446 -0.002862 0.038048 -0.060386 0.000725 0.039110 0.051020 0.017879 0.024296 0.091110 -0.021909 -0.039335 0.015959 0.129865 0.013597 0.027754 0.029366 -0.127430 0.045131 0.135971 -0.010462 0.030724 -0.032317 -0.133217 0.051098 -0.014458 0.057002 -0.105697 0.091828 0.062635 0.157897 -0.015995 -0.149023 0.036102 -0.072318 0.052018 0.155655 0.088581 -0.134816 -0.099314 -0.115711 -0.102866 -0.054087 -0.038405 0.114327 0.033302 0.141693 -0.030158 0.038348 0.001961 -0.011216 0.026795 0.073008 -0.112748 -0.004087 -0.036691 -0.134986 0.043376 0.078252 -0.020734 -0.004279 0.009384 -0.095367 -0.260728 0.108556 0.098414 -0.091747 0.102087 -0.006270 -0.023475 -0.005865 -0.040649 -0.060748 0.039757 -0.032400 -0.108829 -0.055882 0.106355 -0.097937 0.053365 0.059788 -0.073473 0.092465 0.056358 -0.085054 0.020605 0.013528 0.012467 0.075795 0.133162 0.041522 -0.121117 -0.065163 -0.080300 0.055127 -0.012444 -0.063734 -0.048786 -0.003533 -0.123066 -0.060379 0.036711 -0.072584 -0.046021 -0.084748 -0.027560 -0.120821 -0.089766 -0.135202 0.094757 0.028274 0.035098 0.016510 0.038083 0.020431 0.029518 0.064991 0.072039 -0.006783 0.072567 -0.026005 -0.032149 -0.040880 -0.119724 -0.062816 0.078212 -0.027411 0.084701 -0.028008 0.021255 0.039193 0.088569 0.042931 -0.078847 -0.040238 0.045447 -0.053814 0.025222 0.048199 0.058884 0.048974 -0.073641 0.058144 -0.039683 0.071083 -0.055459 -0.133879 0.023517 0.022718 0.012564 -0.012440 -0.073836 -0.091931 0.043958 0.049080 0.069917 -0.113190
T_4797 -0.104143 -0.000781 0.106071 -0.032075 0.000890 -0.064259 0.043049 0.017147 -0.072267 -0.129661 -0.078009 0.072778 0.115788 -0.009082 0.155013 0.005646 0.014068 0.093946 -0.010238 -0.028359 -0.016806 -0.008656 0.086988 0.037865 -0.020480 0.093859 0.034672 0.062748 0.034861 -0.159363 0.017117 0.077331 0.023052 -0.057932 0.043002 -0.047500 0.009789 -0.045918 -0.023236 -0.065272 -0.022017 0.095159 0.040468 -0.090348 0.012965 0.013202 -0.022955 0.006035 0.095173 0.023784 0.011146 0.039257 -0.035477 -0.046723 0.057643 0.081652 -0.149409 0.027579 -0.102081 -0.008129 0.119118 -0.026830 -0.037620 0.050815 0.020195 0.062015 -0.071807 -0.163890 0.084737 -0.058779 -0.050463 0.025951 0.078411 -0.102124 -0.031700 -0.039172 -0.007451 -0.122285 -0.077096 0.081039 -0.037293 0.130622 0.106628 0.002933 0.114444 0.021829 0.064217 0.010063 -0.028401 0.136550 0.060101 -0.084895 0.047465 0.133604 -0.054360 -0.073271 0.124586 0.017754 -0.229732 0.063971 0.037830 -0.073146 0.047975 0.017532 -0.012785 -0.052765 0.014886 0.004990 -0.064293 -0.037535 -0.060114 0.013369 0.032023 -0.160039 -0.050130 0.073306 -0.036301 0.066967 0.025602 -0.048906 0.079263 0.068368 0.014081 -0.000889 0.146597 0.015533 -0.051270 -0.055715 -0.073472 0.032789 0.035760 0.050552 -0.017605 -0.038622 -0.161754 -0.093992 0.141050 -0.069259 0.110229 -0.067544 0.020038 -0.110204 0.007928 -0.105757 0.061197 -0.030606 -0.000176 0.058729 0.090999 -0.044334 0.007047 -0.076179 -0.032042 0.007427 0.143037 0.066881 -0.131520 0.061596 -0.189315 -0.049056 -0.020828 -0.034300 -0.030900 -0.047477 -0.059478 -0.025732 0.050163 -0.079818 -0.087919 0.035957 0.091189 -0.037474 0.020373 -0.011424 0.002983 0.023571 -0.104148 -0.017190 -0.005826 0.111420 -0.044470 -0.084773 0.121406 -0.065514 -0.063467 0.003764 -0.113106 -0.058960 0.052507 0.030548 0.033962 -0.065918
T_4816 0.032407 -0.029185 0.084709 0.020107 -0.040607 0.015089 0.031401 -0.016087 -0.015504 -0.014177 0.040662 0.038345 0.114380 0.034533 0.139757 0.057769 0.055670 0.067171 0.021837 -0.057913 -0.055763 -0.167181 0.015887 0.016533 -0.038678 0.020837 -0.023040 0.074993 0.005014 -0.175947 -0.043515 -0.015441 -0.045848 0.011210 0.079168 0.043989 0.012242 0.066735 0.075639 -0.103734 -0.140666 -0.008469 0.000435 0.020829 -0.032103 0.050083 0.070426 -0.047598 -0.006595 0.143377 -0.038666 -0.039888 -0.054879 0.062726 0.145815 0.015062 -0.063753 0.064019 -0.086562 -0.008631 0.034226 -0.052041 -0.059174 -0.021072 0.120645 0.040936 0.013996 -0.060910 0.010920 -0.099889 0.015100 0.192345 0.060694 -0.178740 0.106275 -0.156622 -0.008915 -0.038784 -0.044748 0.064263 0.026372 0.029581 0.084931 -0.042314 0.091893 0.017993 -0.011628 -0.043293 -0.115240 0.117787 -0.015221 -0.113482 0.062420 0.180344 -0.004180 0.039013 0.152854 -0.013165 -0.161057 -0.032730 0.029991 -0.178017 0.034276 0.013158 0.009945 -0.067536 -0.099025 -0.052454 0.034416 0.041618 -0.077184 -0.050126 0.044288 -0.050147 -0.040904 0.069305 -0.103803 0.062704 -0.033825 -0.055031 0.050699 -0.110160 0.003204 -0.043426 0.002797 0.056028 -0.010638 -0.041641 -0.016236 0.102860 -0.084421 0.019453 -0.107603 -0.037054 -0.110817 -0.103164 -0.016983 -0.143223 0.114458 -0.031744 -0.055440 -0.052262 0.015172 -0.065877 0.061527 -0.106958 0.049833 -0.000911 0.082751 0.024556 -0.044494 -0.027861 -0.126977 -0.028879 -0.003300 0.091695 -0.067838 -0.048685 -0.175568 -0.041131 -0.053839 0.007641 0.004207 -0.014512 -0.062549 0.044967 0.123008 0.019947 -0.046588 0.050252 0.104806 -0.086785 -0.045075 -0.047289 0.021512 -0.043768 -0.092714 -0.063747 -0.139173 0.035624 -0.046196 -0.000752 0.102519 0.028348 0.009721 0.046627 -0.072921 0.023738 -0.004364 0.030798 0.089736 -0.052689
T_4830 0.001081 0.009787 -0.007354 -0.090923 0.041762 0.003639 -0.123623 0.054992 -0.156954 -0.001018 -0.011528 0.069392 0.017248 -0.006489 0.012281 -0.080805 0.124913 -0.028340 0.006509 -0.144690 0.036830 -0.033738 -0.035184 -0.024068 -0.003067 0.133986 0.039166 0.051370 0.086340 -0.110727 0.003906 0.193204 -0.002974 -0.021397 -0.013425 -0.027170 -0.035615 -0.064096 0.098054 -0.072709 0.038658 0.058016 -0.009825 -0.024157 -0.037314 -0.093780 -0.024645 -0.053379 0.049042 0.090091 -0.071129 0.115433 -0.069337 -0.079224 0.043778 0.068835 -0.125775 0.025228 -0.079798 -0.013049 -0.017938 -0.080253 -0.086848 0.042634 0.058721 -0.009801 -0.000341 -0.161002 -0.045094 -0.084891 -0.028742 0.030589 0.038786 -0.135691 0.005389 -0.034213 -0.049449 -0.041394 0.007551 0.012207 0.025192 0.059700 -0.025120 -0.061956 0.028822 -0.070607 0.059781 -0.036123 -0.121768 0.133699 -0.032689 -0.087381 0.051810 0.120664 -0.023356 -0.005662 0.061324 0.032098 -0.161610 0.115308 -0.044450 0.026133 -0.049893 0.069832 -0.039759 -0.069660 -0.076617 0.008365 0.001269 0.005126 -0.091061 -0.027598 0.101297 -0.067740 -0.029085 0.052418 0.009239 0.113136 0.171461 0.003306 -0.025721 0.053156 -0.093263 0.010908 0.088047 0.069416 0.093729 -0.050629 -0.032215 0.016754 -0.026591 -0.029635 -0.106373 -0.165153 -0.152097 -0.063985 0.155708 -0.045203 0.022424 -0.064399 0.016394 -0.092198 0.027689 -0.136631 0.142813 -0.013854 -0.018780 -0.043120 -0.033801 0.043989 -0.018056 -0.094013 -0.027697 0.012935 0.081738 -0.024397 -0.195045 -0.006273 -0.058615 -0.025595 -0.016726 0.040821 0.060055 -0.043263 -0.036197 -0.023839 0.007199 -0.108050 0.046259 -0.056226 0.049409 -0.011532 0.034006 0.046584 -0.015364 -0.037635 0.025084 0.059119 0.063257 0.131319 -0.138016 -0.104570 0.025274 -0.110347 -0.028684 -0.076747 -0.061471 -0.035521 -0.039069 -0.165098 0.049267 -0.109209
T_4850 -0.091499 -0.003066 0.023374 0.055484 0.068069 -0.081450 0.063533 0.092693 -0.122163 -0.072446 -0.161583 0.147136 0.146674 -0.025611 0.114642 -0.071671 0.090424 0.001385 -0.005024 -0.011531 -0.044235 -0.125958 0.066014 0.095840 -0.043180 -0.016520 0.015419 0.032086 0.015142 -0.093716 -0.037061 0.019224 0.046611 0.040020 -0.007665 -0.034179 0.091650 0.008168 -0.021414 0.018774 0.039358 0.026216 0.076115 -0.067397 0.089541 -0.025128 -0.023212 0.018579 0.163383 0.062543 0.014866 0.066013 -0.039206 -0.066832 0.064757 0.050667 -0.107495 0.034499 -0.098128 -0.052474 0.019768 0.047538 -0.022040 0.091798 0.097562 0.107504 0.006669 -0.092534 0.046968 -0.082010 -0.025191 0.080146 0.091284 -0.187871 -0.087948 0.023493 -0.017062 -0.120671 -0.078806 0.104373 -0.027630 0.128080 0.093875 -0.027182 0.136078 0.008564 0.039634 0.029806 0.004035 0.116907 0.060938 -0.106326 -0.036590 0.143868 -0.003747 -0.097102 0.061692 -0.013903 -0.197170 0.106125 0.019538 -0.077234 0.017554 0.003183 -0.016182 -0.018921 -0.042734 -0.016667 0.003852 -0.001581 -0.085664 -0.024098 -0.068728 -0.150885 -0.029673 0.043247 -0.018756 0.062763 0.045536 -0.010484 0.039554 0.084078 0.002476 -0.031962 0.002953 -0.067551 -0.024825 -0.058400 -0.141848 0.031253 -0.005497 0.008275 0.039033 -0.080958 -0.091221 -0.070987 0.102802 -0.037177 0.071833 -0.098020 0.021418 -0.078585 -0.005036 -0.081121 0.046909 0.062158 -0.020614 0.086860 0.120919 -0.069532 -0.035650 -0.021390 0.011597 0.040008 0.094731 0.038910 -0.104133 0.072781 -0.141060 -0.029420 -0.002911 -0.073882 0.047462 -0.065541 -0.086658 0.047366 0.032979 -0.095138 -0.008983 0.054348 0.074946 -0.003920 0.021287 0.004395 0.036002 0.081896 -0.190379 0.041969 -0.007350 0.078410 -0.068271 -0.143447 0.049809 -0.025385 -0.004783 -0.035190 -0.136187 -0.071469 0.024576 -0.012214 0.042377 -0.029611
T_4859 0.048367 -0.067232 -0.000380 0.003938 0.007084 0.023528 -0.079467 0.054271 -0.117395 0.028807 0.034785 0.083955 0.002102 0.055743 -0.019227 0.007182 0.096566 -0.066673 0.054109 -0.012174 0.080307 -0.047806 -0.064805 0.050409 0.038038 0.055911 0.041742 0.056780 0.168851 -0.128186 0.019647 0.131548 0.015959 0.095778 0.079536 -0.021069 0.050882 -0.004998 0.049117 -0.036890 -0.011575 0.129107 0.005712 -0.040918 0.038787 -0.090207 -0.073446 -0.071240 0.088391 0.015638 0.008351 0.031608 -0.041042 -0.060486 0.017293 0.017735 -0.013863 0.030796 -0.111081 -0.018488 -0.057280 0.054271 -0.070106 -0.047760 0.093288 -0.118851 0.011259 -0.160137 -0.085259 -0.054497 0.068844 0.013666 0.053440 -0.092700 -0.029479 -0.006232 -0.043635 0.009346 0.110037 -0.015929 -0.011339 0.150890 0.072541 -0.079250 -0.019151 -0.029496 0.029701 0.051888 -0.128225 0.028448 -0.090955 -0.019746 -0.002602 0.123895 -0.133630 0.043105 0.074388 0.134304 -0.140727 0.119588 -0.120887 0.014867 -0.041097 0.087139 -0.033164 0.086768 -0.107064 -0.036081 -0.032916 -0.018003 0.077146 0.021537 -0.018487 -0.059873 -0.128137 0.121348 0.017579 0.133213 0.147996 -0.024713 -0.014820 -0.022213 -0.001297 0.075171 -0.027723 -0.003636 0.063236 -0.030355 -0.029556 0.016591 0.005618 0.026662 -0.041148 -0.182758 -0.085473 -0.072380 0.147248 -0.071919 0.028695 -0.031609 -0.027712 -0.089516 0.099971 -0.109263 0.058747 -0.002023 -0.045067 0.012382 0.007164 0.142964 0.033977 -0.033771 0.004763 0.019228 -0.018185 0.098341 -0.125092 -0.030720 -0.095230 0.017896 -0.086223 0.062415 0.055470 -0.115524 -0.038381 -0.013576 0.042998 -0.050023 -0.028904 -0.022192 0.004510 0.027408 0.012677 0.003609 0.027142 -0.071589 -0.008951 -0.152753 0.030621 0.110120 -0.148541 -0.060010 0.037806 0.033723 -0.008381 -0.016156 -0.029174 -0.064781 -0.135992 -0.227615 0.057168 -0.011399
T_4913 -0.045667 -0.004974 -0.024563 0.012148 0.070296 0.049753 -0.043866 0.054776 -0.094702 0.072098 0.041908 0.116691 -0.009659 0.072999 0.048084 -0.059274 0.073607 0.040362 0.039327 -0.023480 -0.084455 -0.084201 -0.065302 0.059851 0.014542 0.074270 0.002406 0.092937 0.090235 -0.108810 0.009094 0.083974 -0.083586 -0.089517 -0.069104 -0.034406 -0.085052 -0.084290 0.109840 -0.069893 -0.032553 0.006476 -0.015515 -0.068806 0.049487 -0.146027 -0.038805 -0.086763 0.074950 0.040594 -0.047367 0.054927 -0.010407 -0.058966 0.065037 -0.052445 -0.109191 -0.005607 -0.119634 0.010750 -0.068799 0.064455 -0.052480 0.058110 0.030402 -0.030591 0.037530 -0.131842 0.017508 -0.102799 -0.046795 0.042906 0.073098 -0.165083 -0.009296 0.035955 0.014747 -0.105650 -0.027287 0.077901 0.007063 0.053025 0.005953 -0.069379 0.083484 0.066680 0.119259 0.008043 0.014412 0.033250 -0.051364 -0.080937 -0.003392 0.000089 0.024523 0.073512 0.059810 0.013754 -0.183962 -0.009116 -0.065519 0.038739 -0.004540 0.082535 -0.001527 0.043626 -0.054347 -0.077084 -0.017700 0.000957 -0.016475 -0.081465 0.078084 -0.095031 -0.047549 -0.018253 0.045177 0.147497 0.222620 0.001128 -0.034945 0.046203 0.003987 0.101771 0.048766 -0.113701 0.078137 -0.074970 -0.023432 0.090502 -0.019476 -0.029918 -0.092782 -0.120652 -0.078843 -0.056837 0.123209 -0.022313 0.025420 -0.115009 0.021332 -0.079875 0.012068 -0.183264 0.104200 0.083206 0.041839 0.048394 -0.065822 0.080545 0.049006 -0.083646 -0.053625 -0.015921 0.037754 0.001939 -0.131257 0.044627 -0.064093 -0.087391 -0.018587 -0.049291 0.044439 -0.082007 -0.002976 0.012586 -0.020524 -0.067670 0.017933 0.003160 0.059083 -0.055079 0.098085 -0.046907 0.010949 -0.080009 0.021773 -0.037543 -0.075088 0.098734 -0.137831 -0.134900 -0.064969 -0.126533 -0.070588 -0.101192 -0.042227 -0.002084 -0.077117 -0.198550 0.082453 -0.042127
T_4959 0.002817 0.025774 0.011087 -0.075112 0.062942 -0.003795 -0.058368 0.017758 -0.178330 -0.059433 0.025029 0.057488 0.073737 0.035570 0.216769 0.039787 0.117451 0.019903 0.079941 -0.007694 -0.118877 -0.024561 0.100076 0.082133 0.073548 0.094296 0.091020 0.096865 0.151382 -0.056637 0.001944 0.084225 -0.088334 -0.006184 -0.073974 0.011345 -0.006770 0.000060 -0.000456 -0.048870 -0.045424 0.016233 0.023488 -0.064514 0.116822 -0.087119 -0.067795 -0.074868 0.023087 0.050124 -0.031083 0.105425 0.116357 -0.113290 0.005218 0.068793 -0.040561 -0.037067 -0.048579 -0.072383 -0.077047 -0.062539 -0.094161 0.004707 0.099930 0.014949 0.079440 -0.056236 0.044991 -0.098577 -0.044309 0.046570 0.039609 -0.110450 -0.075384 -0.000149 -0.077617 -0.108660 -0.029754 0.074093 0.031594 0.046035 0.021122 0.023154 0.026868 0.002901 -0.017990 0.047155 0.051252 -0.012480 -0.062380 -0.133086 -0.052031 0.091117 0.056321 -0.002795 0.049931 -0.045206 -0.109439 0.204321 -0.018183 0.071394 -0.059638 0.064705 0.128764 -0.001623 0.019405 -0.047476 -0.070579 0.054048 0.012937 -0.031108 -0.020237 -0.038075 0.032891 0.136218 -0.069316 0.059975 0.117447 -0.040466 0.011269 0.036235 -0.022642 0.066901 -0.044358 -0.024868 0.083334 -0.019132 -0.001849 -0.014543 -0.025262 -0.117618 -0.078502 0.012462 -0.091381 0.016286 -0.011240 0.042044 -0.095912 -0.084784 -0.004615 -0.084570 -0.010437 -0.186944 0.027726 0.025178 0.090283 0.057737 -0.073905 0.140437 0.063681 -0.094727 0.056854 0.032355 0.069803 0.058010 -0.116632 -0.005065 -0.106534 -0.005198 0.085530 -0.038901 -0.004824 -0.140059 -0.020327 -0.014086 0.027923 -0.115125 -0.015099 0.036053 0.101458 -0.021625 0.050491 -0.081603 0.000815 -0.045190 -0.106756 0.001482 0.057547 0.113823 -0.091544 -0.077030 0.044981 0.023098 -0.179043 -0.045680 -0.018912 -0.023702 0.059098 -0.153951 0.055763 -0.047068
T_4996 0.018137 -0.052017 -0.005946 -0.033100 -0.017815 -0.001499 0.014733 0.068585 -0.209731 -0.033134 -0.009972 0.086327 -0.069848 -0.005933 0.022348 0.038964 0.168563 0.023512 -0.002140 -0.122596 0.009147 -0.028889 -0.012349 -0.011633 -0.040980 0.082934 -0.046704 0.099521 0.021260 -0.188219 -0.050137 0.192448 0.017817 0.042631 -0.085852 -0.021961 0.020140 -0.013408 0.051742 -0.024936 -0.024834 0.026216 -0.014089 -0.025222 -0.089972 -0.152928 -0.002272 -0.096876 0.055838 0.093663 -0.084012 0.039272 -0.042274 0.003187 0.057876 0.014287 -0.163738 0.004186 -0.138561 0.036809 -0.005814 0.006829 -0.015513 0.029929 0.069768 -0.058074 -0.042727 -0.059594 -0.036098 -0.120900 0.035427 0.034942 0.002562 -0.205917 -0.038373 -0.004841 -0.020512 0.032287 0.019246 0.054356 0.052668 0.117227 -0.000176 -0.081758 -0.004611 -0.040390 0.025634 -0.106673 -0.085846 0.103204 -0.085081 -0.040802 0.061887 0.129911 0.000457 0.067226 0.118450 0.044522 -0.180768 0.024167 -0.024221 -0.044664 0.027317 -0.005377 -0.126948 -0.061752 -0.123646 0.112843 -0.016102 -0.016351 -0.068600 -0.035718 0.042017 -0.110588 -0.054993 0.061894 -0.012716 0.102004 0.138306 0.054608 0.052972 0.061473 -0.026760 -0.077824 0.117276 0.027208 0.093723 -0.054069 -0.035589 -0.006656 0.097782 0.073972 -0.121659 -0.111322 -0.131716 -0.129511 0.059108 -0.053191 0.025106 -0.089363 0.013380 -0.005976 0.006452 -0.122589 0.102666 -0.016280 -0.043618 -0.012479 -0.031894 0.005483 -0.003134 -0.101447 -0.053067 -0.029523 0.015581 0.034254 -0.108420 -0.083742 -0.118910 0.040322 -0.012182 0.070562 0.005384 -0.037370 -0.017535 0.055143 -0.004860 0.018938 0.000856 -0.049297 0.042585 0.005136 0.049594 0.057745 0.032737 -0.115904 0.014271 0.023134 0.014655 0.068079 -0.119064 -0.108861 -0.039268 -0.046442 0.009619 -0.074382 -0.054430 -0.021649 -0.066585 -0.121439 0.068883 -0.116702
T_4999 0.016249 0.161418 0.037532 0.028724 -0.004565 -0.035703 0.083718 0.018706 -0.026912 0.026883 -0.016864 0.033495 0.044496 0.016322 0.160420 -0.016690 0.049943 0.026673 0.071557 0.052010 -0.031524 -0.001134 0.024017 0.043064 -0.017417 -0.001482 0.050459 0.063025 0.003253 -0.161105 -0.033596 -0.000735 -0.039910 0.013383 0.030955 0.007916 0.024453 -0.008706 -0.096631 -0.030444 -0.019507 0.060883 -0.042588 0.041501 -0.009286 0.026103 -0.047873 -0.046029 0.132809 -0.006013 0.072635 -0.073818 -0.149014 0.073629 0.098789 0.009581 -0.075058 -0.064513 -0.022460 0.085314 0.049641 0.045592 -0.078723 0.000063 0.022438 0.127807 -0.004658 -0.058196 -0.006823 -0.120267 0.066459 0.111465 0.063094 -0.103558 -0.013394 0.025491 -0.136077 -0.067180 0.034519 0.138990 -0.140877 0.217080 -0.056269 0.011443 0.115645 -0.024233 0.095115 0.054427 -0.102366 -0.004754 -0.081195 -0.031499 0.007136 0.191569 -0.035022 0.021932 0.030208 -0.045980 -0.250071 0.098827 0.011174 -0.092973 0.017186 0.043903 -0.060976 0.029951 -0.032355 -0.083398 0.108550 -0.054612 -0.094962 -0.011352 -0.016641 -0.101875 0.008499 0.052348 -0.049746 0.111616 0.095948 -0.069911 0.123332 0.043145 -0.008787 0.052346 0.016016 -0.041075 -0.154171 0.030322 -0.033031 0.006048 -0.042369 -0.026207 -0.114029 -0.026852 -0.058266 -0.095262 0.009324 -0.090544 0.041337 -0.135983 -0.054279 -0.081827 -0.084239 -0.031140 0.078346 -0.043519 -0.004713 0.080989 0.038658 -0.033822 -0.046552 0.052188 -0.061199 -0.027852 0.060071 -0.068539 -0.029092 -0.026021 -0.100533 -0.023005 0.100572 0.033284 0.100082 -0.021829 0.006664 -0.039119 0.220273 0.028721 -0.071613 -0.004356 0.063034 -0.084277 0.000116 0.043948 0.054556 0.063729 -0.105655 -0.018064 -0.041658 0.115911 -0.023291 -0.081273 0.021646 0.045994 0.111595 -0.002643 -0.084141 0.025272 0.019690 0.046400 0.037260 -0.076189
T_5003 -0.019989 0.094863 0.049422 0.049890 0.122706 -0.112122 0.092551 -0.082786 -0.009594 -0.015845 0.012010 0.074307 0.052152 0.028359 0.056307 -0.034286 0.041746 0.035126 0.019181 -0.051287 0.034756 0.057150 0.118100 -0.122426 -0.013437 -0.008022 -0.019640 -0.004541 0.021613 -0.162181 0.033460 0.041041 -0.033984 -0.023852 -0.056881 0.040837 0.024585 0.021036 0.032344 -0.078655 -0.019647 0.067968 -0.076456 -0.112994 0.010491 0.052477 0.012541 0.043670 0.152673 0.093656 0.080520 0.026953 -0.130552 0.034144 0.156036 0.060299 -0.048869 -0.069561 -0.110681 0.010203 -0.018113 0.007732 -0.118808 0.019174 0.052565 0.187379 -0.004630 -0.208006 0.008600 -0.066948 0.131072 0.135395 0.019611 -0.031398 -0.095414 -0.123330 -0.093816 0.021686 0.002409 0.132271 0.067278 0.125531 -0.069616 0.038670 0.025281 -0.069054 0.018701 0.021449 -0.076323 0.072045 -0.015770 -0.018623 0.049791 0.091545 -0.003753 -0.015751 0.039065 -0.019469 -0.216827 0.108130 0.091487 -0.006017 0.055753 0.017235 -0.102059 -0.025072 -0.001763 -0.075291 0.126084 -0.069233 -0.091465 -0.028644 -0.013187 -0.056274 -0.013641 0.058984 -0.180059 0.039606 0.096687 -0.072998 0.010127 0.049451 0.021932 0.038206 0.033649 0.079764 -0.115777 -0.048001 -0.040424 0.030818 -0.050567 0.042433 -0.021903 -0.004457 -0.146748 -0.083350 0.037778 -0.020452 -0.017808 -0.140129 -0.031632 -0.064129 -0.021312 -0.192054 0.042220 0.063434 -0.017185 -0.005098 0.030209 -0.000198 -0.040904 0.041280 0.060886 0.005606 0.111103 0.059388 0.013845 -0.002182 -0.149187 -0.016495 -0.016225 0.015912 0.017820 0.001430 0.064109 -0.038514 0.098077 -0.002818 -0.068720 -0.007829 0.031890 -0.082088 0.014750 0.073100 0.062610 0.121182 -0.067757 0.024548 -0.077211 0.046069 -0.083199 -0.107773 0.007153 0.032620 0.043218 -0.020815 -0.056547 -0.045747 0.053073 0.010337 0.075758 -0.096067
T_5017 0.063646 -0.039409 0.029622 -0.020504 0.004587 -0.001196 -0.066574 0.084216 -0.170577 0.034854 0.033766 0.068544 -0.014959 0.010452 0.082575 -0.093837 0.115760 -0.081209 0.025630 -0.033226 -0.042078 -0.010142 -0.067307 -0.023001 -0.023752 0.135666 0.098977 0.025985 0.128891 -0.087953 0.004924 0.179506 0.030801 0.006508 -0.035226 -0.089452 0.013134 -0.045485 0.057726 -0.120028 -0.059314 0.012791 -0.032771 -0.065189 0.068800 -0.012385 -0.103772 -0.011221 0.095161 0.073786 -0.018228 -0.003893 0.033110 -0.026749 0.043922 0.030713 -0.036876 0.020507 -0.091593 0.027814 -0.098177 -0.025840 -0.107962 0.030274 0.080395 -0.070849 -0.032220 -0.138236 -0.086820 -0.109854 0.113783 0.053746 0.059482 -0.093730 -0.048013 -0.008868 -0.052604 -0.055023 0.067488 0.032382 0.033549 0.078328 0.057096 -0.102795 0.055383 -0.081287 -0.028101 0.048324 -0.140744 0.017576 -0.073924 -0.008892 0.089803 0.095620 -0.144029 0.078503 0.115237 0.070123 -0.171009 0.107174 -0.068193 0.074370 0.042560 0.033064 0.024231 0.020847 -0.084023 -0.011520 -0.070397 -0.007855 0.049027 -0.014681 0.070259 -0.117639 -0.056385 0.076702 -0.053834 0.192120 0.074911 0.015372 -0.058717 0.070093 -0.027071 0.025785 0.014230 0.021940 0.100092 -0.000734 0.003982 0.101157 0.003362 0.037569 -0.132761 -0.103497 -0.114521 -0.091503 0.112826 -0.081420 0.016325 -0.019456 -0.006339 0.024129 -0.025554 -0.121556 0.101335 -0.008336 -0.041965 0.004506 -0.053799 0.074256 -0.008371 -0.093457 0.046340 -0.042561 0.037328 0.058750 -0.101123 0.052752 -0.053780 -0.004959 0.002914 0.088087 0.049981 -0.112914 -0.060454 0.008310 0.028139 -0.081448 -0.073914 0.023719 0.021734 0.007109 -0.015291 -0.038820 0.057483 -0.111160 0.020712 -0.088002 -0.042242 0.128633 -0.095654 -0.033629 0.024171 0.001375 -0.026402 -0.018330 0.005211 -0.021597 -0.141949 -0.218495 0.057364 -0.088879
T_5023 0.007045 -0.051316 -0.042934 -0.011193 0.018231 0.020433 -0.182384 0.044270 0.004562 -0.046173 0.020385 0.065130 0.080030 0.026187 0.030664 0.012920 0.050083 -0.055069 0.115621 0.072278 -0.030492 -0.064987 0.036692 0.035445 0.026791 0.157597 0.058007 0.093832 0.059147 -0.101226 0.025654 0.100592 -0.019043 -0.097184 -0.112798 -0.121547 -0.012460 -0.063860 -0.034823 -0.041141 -0.055870 -0.070982 0.026556 -0.159850 0.054778 -0.175737 0.004284 -0.017495 0.083774 0.114776 -0.060760 0.041848 0.083252 -0.032210 -0.011727 0.094734 -0.079189 -0.066050 -0.128170 -0.004287 -0.018231 0.039792 -0.072559 0.036132 0.117033 -0.065502 -0.020227 -0.128898 0.075274 -0.088650 0.040985 0.070815 0.060522 -0.111740 -0.030268 -0.046708 -0.099609 -0.098272 0.072131 0.040373 0.039428 0.131776 0.090166 -0.035413 0.006139 -0.015822 0.021191 0.005936 -0.028032 0.002071 -0.088001 -0.037049 -0.014966 0.003605 -0.089511 0.078318 0.105592 0.075206 -0.218111 0.044664 -0.010361 0.037129 -0.010049 0.047707 0.012055 0.077577 0.001518 -0.023825 -0.007918 -0.011180 0.024145 -0.024870 -0.017500 -0.061103 -0.005005 0.095983 -0.039869 0.070433 0.087897 -0.003803 -0.020365 0.028046 -0.062140 0.078351 0.013124 -0.082905 0.020963 -0.117356 -0.011478 0.061263 -0.018068 -0.023394 0.013162 -0.079342 -0.070672 -0.012767 0.088844 0.010799 -0.076528 -0.087106 -0.017538 0.005600 -0.010092 -0.136088 0.027370 0.095900 0.119048 0.064146 -0.101685 0.111800 0.043160 -0.080434 -0.044891 -0.056954 0.076502 0.020849 -0.160223 -0.001873 -0.017683 0.025471 0.118892 -0.006840 -0.001395 -0.176628 0.025197 -0.030820 0.064952 -0.089638 -0.099625 0.108604 0.096813 0.028689 0.082363 -0.115056 0.085105 -0.081322 -0.003620 -0.046867 -0.029092 0.149929 -0.054573 -0.147256 0.033141 -0.047009 -0.095901 -0.046187 0.063591 -0.021154 0.008672 -0.115310 0.046132 -0.044907
T_5029 -0.026629 0.064259 0.042358 0.041188 0.005110 0.046370 -0.119163 0.003458 -0.080169 0.028864 0.004969 0.050560 -0.024956 -0.007922 0.079069 -0.072916 0.073574 -0.030785 0.016865 0.083555 -0.074611 -0.007301 -0.031955 -0.007653 0.015803 0.046149 0.010945 0.154155 0.197248 -0.162203 0.022495 0.068401 0.009167 -0.024795 -0.014037 0.060130 -0.021244 -0.014531 0.066513 -0.055631 -0.080997 0.007182 0.001142 -0.140913 0.052618 -0.129864 -0.094129 -0.016183 0.042519 0.012828 -0.000004 -0.005921 0.075966 -0.078018 0.123311 0.050518 -0.024754 -0.045702 -0.062842 0.030998 0.031255 -0.059189 -0.111768 0.027032 0.051471 -0.008552 0.049255 -0.053408 -0.045945 -0.160944 0.054848 0.015201 0.176085 -0.108261 -0.057564 0.047149 -0.073574 -0.091503 0.044085 0.043631 -0.035352 0.119318 0.019753 -0.093467 0.007481 -0.032737 0.067830 0.040373 -0.063684 0.025981 -0.064312 -0.104601 -0.023133 0.085312 -0.139148 0.127809 0.014127 -0.008050 -0.155994 0.122823 -0.096603 0.096475 -0.019275 0.094968 0.011945 0.108071 -0.047915 -0.063646 -0.090220 0.059492 0.025341 -0.022441 -0.006603 -0.034023 -0.026712 0.102864 0.004970 0.056579 0.102093 -0.023705 -0.018109 0.077487 0.047998 0.038625 0.039477 -0.091868 0.020286 -0.090031 -0.024164 0.098383 -0.023283 0.097942 -0.033106 -0.061718 -0.052555 -0.045724 0.080040 -0.031031 0.057837 -0.101673 0.017000 -0.079632 0.065440 -0.161920 0.023678 0.004249 0.019446 0.079489 -0.145655 0.077816 0.004311 -0.115381 -0.084202 -0.009618 0.105404 0.013205 -0.077219 0.025588 -0.060225 -0.049434 -0.025952 -0.000005 -0.007118 -0.069551 0.031531 -0.025116 -0.018294 -0.109941 0.031797 0.071112 0.082711 0.037323 0.048440 -0.086332 -0.056109 -0.042819 0.019331 -0.026403 0.045586 0.138497 -0.202517 -0.170966 0.031368 -0.079227 0.001813 -0.058515 -0.023559 -0.051912 -0.026388 -0.165055 0.047174 -0.064072
T_5033 -0.008194 -0.017193 0.059980 -0.059114 0.029232 -0.000059 -0.023600 0.026321 -0.141487 0.039256 -0.023359 0.089122 0.080633 0.040652 -0.004518 -0.024131 0.102399 -0.061501 0.040277 -0.077802 0.011494 -0.077038 -0.077136 0.031423 0.024271 0.168688 0.004613 0.060188 0.143641 -0.116331 0.051166 0.088090 -0.004904 -0.019027 0.034668 -0.076566 -0.015011 -0.044002 0.088971 -0.070501 -0.002001 0.036360 -0.031408 -0.074995 0.135943 -0.041309 -0.090643 0.015511 0.035323 0.020711 0.012001 0.053376 -0.053956 -0.106608 0.025624 0.005037 -0.038646 0.017177 -0.093371 0.012869 -0.071206 -0.039648 -0.117996 -0.080715 0.056237 -0.031315 -0.052855 -0.121569 -0.020466 -0.108571 0.036775 0.006343 0.033301 -0.109168 -0.114344 -0.039434 -0.038033 0.031026 -0.002458 -0.044259 0.101389 0.097449 0.009292 -0.019965 0.041542 0.039264 0.046156 0.032920 -0.093143 -0.006306 -0.057554 -0.100612 0.025666 0.156599 -0.005700 0.037888 0.082837 0.047834 -0.163556 0.136174 -0.108636 0.155556 -0.016517 0.106027 -0.079385 -0.015855 -0.093974 -0.074420 -0.023929 -0.007825 0.002521 -0.036835 0.091492 -0.022580 -0.021286 0.174968 0.010830 0.055001 0.147250 -0.123816 0.001150 -0.000306 -0.116449 -0.017192 0.127377 -0.041265 0.179572 0.052561 0.030287 0.069645 0.003790 0.006755 -0.099607 -0.129951 -0.042671 0.003426 0.133927 0.028356 0.069541 -0.037137 0.045314 0.015072 0.052583 -0.068259 0.112720 -0.007497 -0.041838 0.020279 0.032862 0.135160 -0.024965 -0.052647 -0.043796 0.069334 0.035780 0.119019 -0.077432 -0.010805 -0.075545 0.010054 0.026961 -0.025398 0.036523 -0.066707 -0.048347 -0.010226 -0.058141 -0.144788 0.015018 -0.071561 0.064031 0.012333 -0.071432 -0.043902 -0.034363 -0.081041 -0.043509 -0.066792 -0.014781 0.046590 -0.182709 -0.029555 0.007299 0.030032 -0.107138 -0.019638 -0.090081 -0.072019 -0.060631 -0.136743 0.106567 -0.079227
T_5051 -0.032720 -0.000350 0.031628 -0.030245 -0.081891 -0.071947 0.069141 -0.000066 -0.069045 -0.085569 -0.062581 0.016672 0.076046 0.041855 0.089050 0.026744 0.096819 0.117878 -0.015894 -0.017301 -0.017791 -0.038535 0.046748 0.046249 0.005298 0.108885 0.010448 0.066018 0.029569 -0.134539 -0.029461 0.125339 -0.033989 -0.015878 -0.020323 0.009032 0.003047 0.013668 -0.015625 -0.080840 -0.062116 0.037202 0.006605 -0.082042 -0.020363 0.061909 -0.044062 0.016380 0.077929 0.092131 -0.071086 0.081820 -0.088613 -0.035856 0.043208 0.095343 -0.074600 0.027934 -0.099618 0.017746 0.045453 -0.144874 -0.093616 -0.029375 0.072734 0.080441 -0.008484 -0.136392 0.051957 -0.107304 -0.004541 0.086243 0.004931 -0.168085 -0.043990 0.001362 -0.046409 0.015273 -0.089406 0.053873 -0.042011 0.045607 0.056949 -0.031917 0.080109 -0.048626 -0.036259 0.020348 -0.103049 0.128064 -0.028267 -0.071397 0.004902 0.252970 -0.036790 -0.086433 0.113275 0.020201 -0.234103 0.061826 0.069653 -0.096521 0.030150 -0.033767 -0.089825 -0.056637 -0.092746 -0.042242 0.010928 0.013516 -0.122707 0.016604 0.058499 -0.107704 -0.037443 0.040726 -0.102817 0.115723 -0.034204 -0.048656 0.179068 0.008037 -0.020778 -0.067304 0.038497 -0.003228 -0.009143 -0.071121 -0.025602 0.058644 -0.010684 0.043431 -0.139024 -0.047150 -0.150958 -0.104643 0.081377 -0.084416 0.070244 -0.086233 0.032417 -0.083548 0.056295 -0.059787 0.044775 0.021097 -0.020118 0.051867 0.091787 -0.034737 -0.080514 -0.065568 -0.089105 -0.023257 0.087711 0.112511 -0.119701 0.026813 -0.168886 -0.026394 -0.045515 -0.079045 -0.032207 -0.014737 -0.071293 -0.017173 0.098858 -0.050246 -0.071168 0.001889 0.148511 -0.012214 0.010775 -0.004471 0.062085 -0.000484 -0.091564 -0.018548 -0.067004 0.057244 -0.048742 -0.063668 0.057409 0.036907 -0.045354 -0.001675 -0.069563 -0.017038 0.001169 -0.039155 0.011815 -0.109782
T_5053 -0.024257 0.029153 0.069605 0.065299 0.002416 -0.022458 0.009418 0.094708 -0.121811 0.079093 0.035131 0.137304 0.024179 0.034220 0.155344 -0.052792 0.111677 0.053226 0.082618 0.008362 -0.027238 -0.033780 0.053328 0.017146 0.039395 -0.012728 0.037839 0.101540 0.164799 -0.144828 0.043488 0.066417 0.027138 -0.047713 -0.015482 -0.076764 -0.027768 -0.137485 0.051053 -0.067613 -0.102027 -0.043020 -0.012144 -0.135693 -0.094099 -0.034685 0.002746 -0.063149 0.100942 0.076682 -0.034168 0.006934 0.048587 -0.011156 0.097294 -0.002215 -0.109060 -0.068442 -0.105655 -0.044146 0.009907 -0.073196 -0.052146 0.030923 0.052623 0.059220 0.029500 -0.088874 -0.032038 -0.167137 0.061283 0.068545 -0.001721 -0.182453 0.037297 0.043883 -0.095892 -0.047885 -0.034540 0.075529 -0.073956 0.088776 0.041810 -0.020791 0.089416 -0.012225 0.085055 -0.023146 -0.150924 -0.011518 0.017648 -0.030462 0.056626 0.069614 -0.014946 0.100497 0.054767 0.019022 -0.120679 0.027592 -0.058268 0.016790 0.050993 0.148306 -0.001088 0.012304 -0.088398 0.020578 -0.092352 0.040343 -0.058637 -0.052257 0.136366 -0.040439 -0.017739 0.029239 0.025604 0.039828 0.137797 0.022266 -0.037773 0.016667 -0.012990 0.018197 0.150667 0.007774 0.047191 -0.046403 -0.022751 0.114961 -0.034678 -0.003305 -0.079955 -0.035969 -0.116022 -0.109202 -0.024953 -0.057958 -0.054627 -0.054337 -0.041469 0.018645 -0.003436 -0.087658 0.015596 0.024932 0.033770 0.063296 -0.033223 0.066152 0.057776 -0.154649 -0.081544 -0.107532 0.044660 -0.051610 -0.080704 0.029958 0.015085 -0.086177 0.040514 0.010192 -0.045343 -0.079612 0.037535 0.046706 -0.006526 -0.095587 -0.064589 0.002335 0.086077 0.036538 -0.021925 -0.051361 -0.021037 -0.057804 -0.029887 -0.048448 -0.002907 0.102352 -0.174538 -0.130725 -0.030609 -0.108421 0.059675 0.019247 -0.004570 -0.115797 -0.093200 -0.136986 0.163323 -0.088540
T_5093 0.121725 0.052598 0.146598 -0.021996 0.001857 0.007130 -0.074139 -0.030594 -0.080023 -0.000538 -0.010579 0.076747 0.100043 -0.018350 0.051184 -0.100606 0.047184 -0.033279 0.001979 -0.052772 0.035405 -0.039863 -0.071635 0.034417 0.056241 0.110544 0.094920 0.119136 0.199759 -0.158797 0.025600 0.099625 0.001679 0.060217 0.008530 -0.015560 0.079808 0.037242 0.101653 -0.016166 -0.044859 0.042118 -0.002045 -0.089338 0.077203 -0.133649 -0.121069 -0.028880 0.053485 -0.004751 0.040614 0.021189 -0.045774 -0.067387 0.065521 -0.030546 -0.074787 -0.027786 -0.047896 0.059274 -0.026966 -0.051219 -0.059873 -0.007966 0.056759 0.005162 -0.056146 -0.046900 -0.078534 -0.080566 0.012179 0.023127 0.061572 -0.159762 -0.076500 -0.050181 -0.024644 -0.033439 0.011681 -0.006530 0.069387 0.106542 0.020242 -0.091126 -0.006017 0.014956 0.056042 0.068177 -0.061851 -0.018525 -0.049268 -0.180226 0.020159 0.107574 -0.026767 0.023015 0.109954 0.005392 -0.127185 0.114902 -0.106657 0.145908 0.034452 0.110763 0.041354 -0.002680 -0.038488 -0.051613 -0.063277 0.027250 -0.027243 -0.023399 0.087390 -0.057078 -0.013445 0.132861 0.045323 0.076107 0.167946 -0.037007 -0.026376 -0.013543 -0.009394 -0.008889 0.109185 -0.052989 0.023541 0.001479 0.012436 -0.007685 0.016270 0.033649 -0.109165 -0.054992 -0.082742 -0.019803 0.162010 0.073659 0.046075 -0.088719 0.011464 -0.057723 0.090705 -0.076471 0.107561 0.018789 -0.009478 0.000971 -0.014687 0.118686 0.008966 -0.035566 0.057239 0.102529 0.086240 0.080196 -0.078740 -0.057912 -0.118213 -0.055384 -0.041265 -0.031697 0.033207 -0.078994 -0.080859 0.007869 -0.014031 -0.123080 0.054469 0.031463 0.071443 0.014556 -0.042632 -0.062631 -0.053550 -0.039056 -0.044505 -0.039797 -0.010115 0.056702 -0.172920 -0.137586 0.023829 -0.033764 -0.048767 -0.027765 -0.076519 -0.170379 -0.002099 -0.162879 0.072503 -0.084755
T_5099 0.068677 -0.018816 0.023710 0.013688 0.003477 0.037643 -0.066595 0.024525 -0.039659 0.019219 -0.019916 0.087979 0.039849 -0.004207 0.158410 0.010366 0.051770 0.032032 0.054137 0.051069 0.013814 -0.052794 0.012416 0.027747 -0.023631 0.042195 0.058139 0.082562 0.154859 -0.193694 0.053214 0.098258 -0.010963 0.006673 -0.050970 -0.036579 -0.010334 0.001044 0.095674 -0.094649 -0.083519 0.038185 0.040305 -0.145989 0.027499 -0.129706 0.034973 -0.083909 0.082360 0.070485 -0.047406 0.033339 0.102452 -0.064948 0.038459 0.020653 -0.039706 0.007759 -0.099299 0.042894 -0.103533 -0.050730 -0.059561 -0.030355 0.057061 0.014800 -0.070848 -0.066772 0.016328 -0.008132 0.066284 0.026701 0.158810 -0.088824 -0.100894 0.009244 -0.141163 -0.093256 0.121772 -0.031135 -0.040693 0.175477 0.104152 -0.030610 0.025409 0.003040 0.032497 0.035726 -0.143628 0.089307 0.023501 -0.111518 0.044512 0.030766 -0.102626 0.111239 0.097793 0.080640 -0.181342 0.040831 -0.082683 0.109272 0.089451 0.030355 -0.035765 -0.000133 -0.042514 -0.019091 -0.112694 -0.042796 -0.009860 0.043865 0.026129 -0.066324 -0.032392 0.121757 -0.014300 0.102066 0.087071 -0.027548 -0.063006 0.083686 0.016050 -0.000021 0.046377 -0.135310 0.109177 -0.085794 -0.033607 0.012879 0.016150 0.033752 -0.040846 -0.114409 -0.121982 -0.039235 0.048575 -0.058099 0.029546 -0.071654 0.019846 -0.030563 0.035967 -0.158737 0.035570 0.010574 0.004121 0.023202 -0.059385 0.095037 0.023416 -0.161049 0.013737 0.021716 -0.064307 0.150403 -0.171156 -0.093652 -0.043578 -0.022472 0.002594 0.062174 -0.024968 -0.089266 0.094926 0.070449 0.021758 -0.100841 0.005162 0.061299 0.014009 0.004203 0.037151 -0.055528 0.031161 -0.023787 0.010727 -0.003732 -0.034533 0.135820 -0.142214 -0.094884 0.011836 -0.016686 -0.002578 -0.010682 -0.011253 -0.064000 -0.053514 -0.095900 0.057509 0.015803
T_5104 -0.026512 -0.020983 0.083481 -0.042468 0.000229 0.017554 -0.119205 0.011760 -0.061225 -0.027355 0.067452 0.092202 0.056909 0.025170 0.078484 -0.068062 0.040006 0.023191 0.027436 0.084063 -0.094585 -0.040945 -0.002106 0.017688 0.101162 0.137713 0.091506 0.032572 0.111524 -0.054153 0.000323 0.101241 -0.128891 -0.000044 -0.109454 -0.107233 -0.056788 -0.045359 0.087031 -0.090656 0.049857 -0.053999 0.009121 -0.098739 0.018206 -0.136173 -0.031902 -0.039934 0.067668 0.138517 0.000677 0.042459 0.079510 0.007318 0.019418 0.088464 -0.133556 0.020166 -0.125061 0.011828 -0.096084 0.070526 0.011974 0.060222 0.057534 -0.024175 -0.074143 -0.025634 0.090096 -0.106330 -0.003001 0.034572 0.016498 -0.143769 -0.073732 -0.016635 0.007229 -0.106944 0.020964 0.077202 0.071752 0.030047 0.014293 -0.071640 -0.005402 0.003289 0.081242 -0.033680 -0.038348 0.017647 -0.064286 -0.119086 0.004820 -0.009257 -0.020912 0.113489 0.139140 0.024916 -0.187222 -0.012734 -0.011189 0.064580 0.022670 0.045148 0.037563 -0.022323 0.009811 -0.090988 0.032425 -0.064496 0.049743 -0.020625 0.057863 -0.085863 -0.041807 -0.036846 0.042329 0.213954 0.153895 -0.065659 0.056760 0.041805 -0.079883 0.120118 -0.015974 -0.061627 0.046061 -0.120190 0.013517 -0.014960 -0.026635 -0.015307 -0.107670 -0.096792 -0.125390 -0.049387 0.125958 -0.014841 -0.070655 -0.071485 -0.003143 -0.019456 -0.036207 -0.118268 0.094995 0.087394 0.078123 0.022267 -0.020281 0.083373 0.104792 -0.128053 0.064698 -0.036287 0.071051 0.019568 -0.148065 0.031076 -0.013252 -0.053046 0.024154 -0.022373 0.030904 -0.158147 -0.031419 0.030324 0.065538 -0.073073 -0.107878 0.034562 0.091409 -0.054592 0.069258 -0.075270 0.044323 -0.076807 -0.088735 -0.025016 -0.016555 0.070123 -0.009180 -0.078572 0.026439 -0.058012 -0.058205 -0.034458 0.042023 -0.059906 0.041932 -0.167551 -0.041257 -0.013194
T_5119 -0.071050 -0.041894 -0.013897 0.017801 -0.048011 0.061988 -0.154922 0.028130 -0.124111 0.018475 0.068165 0.043879 -0.014518 -0.000810 0.087460 -0.009415 0.034324 0.025385 0.001830 0.022284 -0.016901 -0.084106 -0.009475 -0.037155 0.000686 0.005714 0.038355 0.183539 0.141922 -0.099270 0.002906 0.040776 -0.021680 -0.001346 -0.065879 -0.021901 0.096762 0.005524 -0.020199 -0.062115 -0.087564 -0.028308 -0.004425 -0.108588 0.010859 -0.068510 0.007135 0.011898 -0.007163 0.011847 -0.001989 0.033650 0.079395 -0.111192 0.064053 0.021262 -0.019499 -0.063504 -0.059492 0.048313 -0.041858 -0.077072 -0.136135 0.051994 0.116517 -0.006897 0.011474 -0.039752 0.038946 -0.107883 0.055455 0.001606 0.091330 -0.043397 -0.100877 0.057367 -0.147975 -0.093716 -0.011718 -0.023948 -0.049736 0.205054 0.032510 -0.112782 -0.017169 -0.022142 0.055950 0.083099 -0.100258 0.019017 -0.007532 0.001215 0.006322 0.111321 -0.108917 0.066819 0.039193 0.035729 -0.200027 0.121065 -0.061045 0.069925 -0.039795 0.043692 -0.003240 0.147386 -0.103928 -0.049492 -0.070610 0.023310 0.007457 0.020162 0.000795 -0.072578 -0.024898 0.121110 0.002174 0.036791 0.106036 -0.019522 -0.003688 0.082591 -0.021584 -0.046520 0.074519 -0.135017 0.039337 -0.048104 -0.008229 0.072135 -0.048421 0.009334 -0.042508 -0.024868 -0.067289 0.014940 0.017582 -0.147777 0.005226 -0.089770 -0.049788 -0.020881 0.103017 -0.166737 -0.033725 0.050568 0.044084 0.050388 -0.083977 0.131812 0.028507 -0.107400 -0.066832 -0.057918 0.124782 0.062001 -0.118356 -0.000326 -0.083605 -0.049571 -0.006867 0.023833 -0.040296 -0.098968 -0.031667 -0.046005 0.064424 -0.140781 0.014135 0.047838 0.039817 0.015025 0.056250 -0.038769 0.019669 -0.046346 -0.036971 -0.040664 -0.004220 0.121472 -0.175401 -0.141492 0.052270 -0.056925 -0.002438 -0.080380 0.053030 0.047667 -0.056406 -0.165140 0.138942 0.026290
T_5124 0.001831 -0.054664 -0.056546 0.028836 0.077208 0.006050 -0.132371 0.054880 -0.092816 -0.047834 0.039473 0.117510 0.035555 0.003786 0.088941 0.024834 0.085669 -0.032217 0.103174 0.038961 0.004020 -0.051705 -0.088758 0.013267 0.029036 0.167064 -0.028437 0.003420 0.092774 -0.203081 -0.075405 0.089917 -0.031107 0.008846 -0.052262 0.026295 -0.020257 -0.103545 -0.010321 -0.050528 -0.032996 0.026745 -0.047967 -0.046136 0.051280 -0.119517 -0.029705 -0.032802 0.062968 0.097597 -0.029660 0.035694 0.120056 -0.040007 0.011812 0.076767 0.044002 -0.028664 -0.091940 -0.005984 -0.037759 -0.065254 -0.139126 0.079233 0.158883 -0.035125 -0.011858 -0.081518 0.005399 -0.088758 0.093638 0.075350 0.142292 -0.031073 -0.085404 0.004644 -0.148603 -0.079298 0.050439 0.025649 -0.036915 0.146247 0.076217 -0.009435 0.011689 0.002169 -0.072678 0.002387 -0.151155 0.039137 -0.056382 -0.032968 0.004189 0.011981 -0.097139 0.039130 0.084271 0.009749 -0.170282 0.064609 -0.084878 0.053555 0.062602 0.024766 0.007182 0.073883 -0.028049 -0.001990 -0.074912 -0.031201 0.009017 0.011990 0.047718 -0.034291 -0.006830 0.120375 -0.022972 -0.025748 0.056383 -0.034257 -0.052761 0.131231 -0.029487 -0.007377 -0.029312 -0.038750 0.079354 -0.083833 0.011143 0.012135 0.009234 0.122083 -0.054075 -0.044225 -0.099465 -0.044499 0.087694 -0.043867 0.017344 -0.113219 0.050664 0.026248 0.013056 -0.121438 0.075048 -0.056540 0.036701 0.027003 0.003639 0.045699 0.013203 -0.058079 0.045583 -0.066400 0.119103 0.177212 -0.165832 -0.013868 0.024617 0.102803 0.104571 0.059412 0.010130 -0.126809 0.016273 -0.017242 0.056960 -0.105945 0.003602 0.072416 0.071173 0.088863 0.068905 -0.075330 0.097253 0.043902 0.077802 -0.051173 0.038132 0.137507 -0.092970 -0.081473 0.048297 -0.049099 -0.063174 -0.050204 0.076096 -0.021174 0.000971 -0.116884 0.057278 -0.139987
T_5164 0.107609 0.068382 0.098653 -0.087112 0.035668 -0.002712 -0.055889 -0.000430 -0.051379 0.035153 -0.022876 0.090561 0.029829 0.023056 0.088319 -0.047842 0.135401 -0.120726 0.038238 0.095785 0.004339 -0.059597 -0.008800 -0.012799 -0.028779 0.096418 0.094161 0.015128 0.142383 -0.086909 0.053666 0.139013 0.030502 0.040070 0.019291 -0.003972 0.065071 -0.031521 0.095590 -0.013781 0.057936 0.041393 -0.015911 -0.096691 -0.058680 0.032581 -0.053691 0.038561 0.068562 0.014541 0.039307 0.163029 -0.014402 -0.013050 0.044721 0.045750 -0.018026 0.051781 -0.096255 0.002665 -0.031982 -0.023727 -0.030194 -0.018378 0.048106 -0.023477 0.010075 -0.126747 -0.042807 -0.137975 0.041221 -0.000969 0.035040 -0.096680 -0.072735 -0.072543 -0.049387 -0.095857 0.114536 0.074777 -0.040246 0.036386 0.054987 -0.075078 0.103112 0.010127 0.036194 0.092053 -0.094955 -0.017221 -0.040787 -0.026879 0.062278 0.109891 -0.074720 0.084791 0.086476 0.092813 -0.145611 0.081777 -0.044321 0.144598 -0.015489 0.127320 0.004125 0.110825 -0.003920 0.012949 -0.070863 0.019231 0.003529 -0.027325 -0.015884 -0.099965 0.008932 0.089292 0.000022 -0.005787 0.111328 0.000270 -0.028017 0.133635 0.090306 0.023889 0.075868 -0.025573 0.154566 -0.104338 -0.013113 0.006958 0.026025 0.038737 -0.124598 -0.129021 0.033268 -0.017507 0.175108 -0.066397 0.006450 -0.048672 -0.068769 -0.061111 -0.025100 -0.160267 0.039089 -0.009208 0.011608 -0.061976 -0.074755 0.098212 0.013201 0.021211 -0.122178 -0.116490 0.002777 -0.010621 -0.008864 0.025533 -0.081614 -0.080099 0.013889 0.082149 -0.015644 -0.054368 0.003454 0.034242 0.051663 -0.135693 -0.063057 0.041228 0.050404 0.087161 0.042979 -0.037638 -0.055400 -0.050013 -0.007405 -0.115594 -0.064283 0.023040 -0.141852 -0.059428 0.030527 0.029486 -0.044276 -0.029559 0.033932 -0.125122 -0.081420 -0.192135 0.143444 -0.065960
T_5184 0.036766 -0.036628 -0.005530 0.009524 -0.033404 -0.022895 -0.110064 -0.021145 -0.100940 -0.009904 0.002927 0.111122 0.071685 0.024912 0.126950 0.036662 0.094187 0.023279 0.102379 0.040327 -0.017727 -0.058603 0.016450 0.025775 -0.003604 0.110484 0.106870 0.086135 0.117469 -0.115086 0.054176 0.141733 -0.025571 -0.028190 -0.090422 -0.025992 -0.011116 -0.044161 0.093557 -0.098461 -0.087293 0.005678 0.012892 -0.136706 0.006865 -0.081643 -0.099415 -0.002290 0.036521 0.081683 -0.102962 0.008776 0.102997 -0.064453 0.063075 0.066436 -0.023857 -0.042627 -0.059869 0.045017 0.001539 0.002264 -0.140751 0.060067 0.022615 0.016923 -0.038056 -0.090817 0.029763 -0.092572 0.061368 0.077611 0.161511 -0.003584 -0.077268 0.027586 -0.157675 -0.066844 0.057183 -0.022624 -0.021842 0.175302 0.035293 -0.027550 0.011646 -0.041988 -0.027573 -0.006999 -0.192267 0.010796 -0.056858 -0.090929 0.017765 0.053291 -0.107408 0.044480 0.042099 0.036759 -0.137551 0.129887 -0.099473 0.090121 0.029355 0.115825 0.041473 0.075053 -0.043076 -0.038932 -0.070255 -0.011605 0.009412 0.007005 0.061107 0.008563 -0.008116 0.139185 -0.059909 0.106917 0.111759 -0.036715 -0.049174 0.027423 -0.051530 -0.017259 0.031416 -0.030123 0.107538 -0.083304 0.000588 0.071180 -0.029749 0.003924 -0.062475 -0.028853 -0.111514 -0.072764 0.027260 -0.014150 0.012036 -0.093586 -0.030647 -0.018045 -0.022711 -0.090985 0.033522 0.008256 0.057275 0.015934 -0.043503 0.141481 0.062491 -0.095282 -0.020358 -0.052000 0.076491 0.097635 -0.134603 0.003555 -0.058931 0.034284 0.034352 0.029793 -0.043635 -0.185492 -0.004128 -0.038468 0.071743 -0.070183 -0.089676 0.045861 0.025530 0.061523 -0.007810 -0.110502 0.087455 -0.088236 -0.017794 -0.072732 -0.026873 0.150517 -0.079536 -0.066112 0.040945 -0.080421 -0.048708 -0.049696 0.083429 -0.064300 -0.021620 -0.146333 0.088787 -0.070532
T_5192 -0.029530 -0.076093 -0.007084 0.009507 0.055036 0.055491 -0.054343 -0.009505 -0.143469 -0.048602 0.032883 0.125556 0.043715 0.041893 0.067336 0.068154 0.103486 -0.063302 0.038347 -0.010091 0.009000 0.001716 -0.066671 0.073422 0.047083 0.171854 0.077334 -0.048471 0.113766 -0.031997 0.043856 0.114717 -0.033494 0.139753 -0.040223 -0.071345 -0.015762 -0.019788 0.028445 -0.029439 0.074781 0.136390 0.019760 -0.068023 0.029203 -0.045295 -0.083732 -0.055850 0.099895 0.089348 -0.008991 0.054769 0.060252 -0.015955 0.035022 0.021402 0.002920 0.010714 -0.198791 -0.008896 -0.118272 0.024475 -0.003482 -0.053666 0.055226 -0.104691 -0.084055 -0.103112 -0.019733 -0.071416 0.078040 0.023249 0.059911 -0.034586 -0.135617 -0.029010 -0.101366 -0.019671 0.068203 -0.008507 0.003960 0.127169 -0.000107 -0.112539 0.026786 0.041984 0.029041 0.023393 -0.154566 0.043164 -0.066201 -0.064124 0.010057 0.083853 -0.053501 -0.021520 0.155786 0.020093 -0.173156 0.096961 -0.089757 0.011482 0.064485 0.061238 -0.003405 0.033642 -0.032515 0.005975 0.002764 -0.020282 0.013621 0.044618 0.010443 -0.053230 -0.027857 0.050368 -0.011552 0.085878 0.129463 -0.064736 0.005375 -0.061758 -0.056321 0.028056 -0.014065 0.017937 0.124705 -0.111232 0.004319 0.014281 0.026917 0.010212 -0.110523 -0.168295 -0.040133 -0.074083 0.106682 -0.042516 0.033109 0.015582 0.037194 -0.075589 0.006038 -0.082890 0.135665 -0.154603 0.006236 0.049091 -0.029867 0.063575 -0.043469 -0.080682 0.072833 -0.005371 -0.055999 0.084508 -0.111742 0.012745 -0.073802 0.062878 0.084346 0.150230 0.090757 -0.099048 -0.027880 0.073300 0.046678 -0.087922 -0.059644 -0.021049 0.022273 0.117033 0.008525 -0.045718 0.045623 -0.101259 0.036445 -0.063711 0.044579 0.127800 -0.099319 0.020440 -0.016454 0.055143 -0.036209 0.002341 -0.020292 -0.126696 -0.058644 -0.180748 0.030921 -0.046143
T_5195 -0.002073 -0.102480 -0.035966 -0.078291 0.015696 0.011640 -0.122917 0.023542 -0.096973 0.063315 0.050690 0.065579 0.035040 0.029325 -0.033625 -0.007135 0.085786 -0.059862 0.048974 0.026106 0.066088 -0.049169 -0.036394 0.008689 0.043218 0.107371 0.099585 0.061894 0.094968 -0.092022 -0.020610 0.131011 -0.032002 0.001949 -0.026410 -0.033372 0.013482 0.007858 -0.018616 -0.094656 0.012943 0.081894 0.022064 -0.017917 -0.016074 -0.055290 -0.042275 -0.023034 0.068632 0.077257 0.010781 0.025281 0.044927 -0.062051 -0.001154 0.145470 -0.002493 -0.018380 -0.108643 -0.010255 -0.039645 0.027591 -0.073607 -0.041250 0.096085 0.011662 0.004683 -0.149683 0.050891 -0.066248 0.112401 0.060429 0.110926 -0.010938 -0.052168 -0.033843 -0.140439 -0.001036 0.107533 0.042502 0.001969 0.187802 0.024021 -0.065960 -0.049024 -0.002508 -0.054955 0.079364 -0.087586 -0.021457 -0.035842 -0.078439 -0.053693 0.068189 -0.150998 0.027445 0.080365 0.048702 -0.172974 0.137173 -0.106797 -0.041045 -0.003955 0.080333 0.013351 0.092022 -0.090007 -0.142687 -0.030938 -0.003806 0.051713 -0.001087 -0.037993 -0.093892 -0.069407 0.090192 -0.000556 0.073026 0.112378 -0.081938 0.003902 0.006860 -0.012215 0.057999 -0.050850 -0.101551 0.048424 -0.136994 0.009572 0.031581 0.018516 0.042924 -0.078918 -0.162967 -0.094096 -0.023662 0.141054 -0.125682 0.006655 -0.045345 -0.022368 -0.070956 0.044285 -0.127745 0.136430 0.006525 0.005624 0.098337 -0.022643 0.098972 0.038087 -0.068909 0.015140 -0.008315 0.067447 0.052986 -0.130471 0.041506 0.021566 0.009863 0.086392 0.073931 -0.019858 -0.154367 0.007116 0.015639 0.027165 -0.064416 -0.105597 0.047159 0.014813 0.047409 0.104016 -0.087503 0.029660 -0.026823 0.023520 -0.099083 -0.065135 0.033195 -0.049889 -0.084647 0.079962 -0.019721 -0.058396 -0.084697 0.021943 -0.058091 -0.084159 -0.212335 0.098435 0.013274
T_5207 0.006807 -0.053961 0.017304 0.077394 0.029112 0.049639 -0.170501 -0.099251 -0.049998 -0.092533 -0.008172 0.092287 0.091137 0.031136 0.049944 -0.000579 0.077423 0.045081 0.143168 0.108748 0.008821 -0.050058 -0.011354 0.019890 0.029137 0.200997 0.028673 0.074412 0.085078 -0.163470 0.023915 0.097487 -0.051425 -0.003583 -0.021463 -0.024685 -0.001545 -0.030547 0.057733 -0.066665 -0.062880 -0.039084 -0.010998 -0.088507 0.062798 -0.123804 -0.026216 -0.086019 0.055475 0.041945 -0.015495 0.051975 0.140129 -0.006658 0.057820 0.078435 -0.020012 -0.015919 -0.109624 -0.032003 0.036261 -0.015012 -0.096487 0.031037 0.062396 -0.021564 -0.031314 -0.040025 0.085043 -0.048472 0.118870 0.053948 0.144375 -0.017007 -0.093758 -0.014484 -0.099667 -0.080747 0.101421 0.021510 -0.015259 0.137838 0.085679 -0.073610 0.039251 0.012416 0.032018 0.025552 -0.110527 -0.061145 -0.073733 -0.113939 -0.046663 -0.032705 -0.066870 0.032793 0.136458 0.005523 -0.192464 0.027225 -0.009207 0.020434 0.038185 0.014660 0.018061 0.129490 0.073912 0.009692 0.002610 0.038027 0.016779 0.027377 0.058317 -0.063716 0.087838 0.075361 0.003772 0.038152 0.117638 0.018475 -0.024080 0.039823 -0.002003 0.051991 -0.038831 -0.027917 0.062533 -0.091688 0.001076 0.005190 0.020739 0.026546 -0.085106 -0.080418 -0.026679 -0.033388 0.048885 0.062213 0.031279 -0.047721 -0.057272 -0.064854 -0.012549 -0.072677 0.041985 -0.056233 0.076459 0.069716 -0.054223 0.110430 0.095592 -0.004337 -0.037134 -0.021056 0.027941 0.076757 -0.161198 -0.020501 -0.044426 0.097533 0.080923 0.052437 0.031648 -0.136535 0.070730 0.047662 0.040507 -0.091985 -0.064567 0.148511 -0.019529 0.067620 0.110249 -0.116367 0.088878 -0.093745 0.076837 -0.125916 0.028292 0.140646 -0.040358 -0.086816 -0.025418 -0.014266 -0.101506 -0.102057 0.042956 -0.076886 0.078534 -0.135369 0.031290 -0.074250
T_5224 -0.037502 -0.053702 -0.009820 0.050652 0.014530 0.046519 -0.122525 0.048772 -0.071749 0.013614 0.016316 0.084874 0.053158 0.052922 0.086819 0.015957 0.082443 0.042487 0.088277 0.083320 0.000699 -0.054823 0.007898 0.018591 0.021526 0.132030 0.094317 0.038221 0.113276 -0.040185 0.044135 0.103008 -0.036308 -0.070948 -0.100018 -0.081018 -0.112230 -0.077016 0.140883 -0.150803 -0.051803 -0.082521 0.025563 -0.121285 0.009272 -0.110387 0.047816 -0.041913 0.075238 0.079630 -0.093662 0.009797 0.119735 -0.028863 0.018342 0.088498 -0.116591 -0.055051 -0.082009 -0.023605 -0.070620 0.041218 -0.060299 0.054183 0.088282 -0.018049 -0.013833 -0.087430 0.076100 -0.135069 0.100163 0.073490 0.156637 -0.072598 -0.029377 0.018834 -0.112741 -0.133177 0.066740 0.059219 -0.025296 0.155100 0.040998 0.004718 0.045635 -0.036885 0.019908 -0.053184 -0.098731 -0.074287 -0.039089 -0.085306 -0.079462 -0.016184 -0.082753 0.051337 0.036636 0.008408 -0.195079 0.013854 -0.065186 0.028099 -0.006237 0.106277 0.045042 0.028232 -0.067001 -0.079321 -0.002650 0.015795 0.018317 -0.021423 0.065220 -0.027046 -0.051936 0.038520 -0.029494 0.100372 0.179407 0.018729 -0.012021 -0.009322 -0.003347 0.042300 0.020812 -0.096111 0.071325 -0.083610 -0.010739 0.108053 -0.031068 0.021360 -0.028628 -0.075559 -0.109294 -0.057666 0.061426 -0.015767 -0.004561 -0.053333 -0.053849 -0.045749 -0.001806 -0.123475 0.054114 0.043283 0.091148 0.094582 -0.029323 0.155224 0.066076 -0.106239 -0.046634 -0.065506 0.071786 0.033452 -0.175714 0.018898 0.024351 -0.015418 0.033594 -0.003312 0.003069 -0.082262 -0.003649 0.030330 0.029235 -0.087941 -0.053485 0.068624 0.034430 0.025022 0.091491 -0.103562 0.022280 -0.077994 0.010974 -0.050265 -0.033290 0.154014 -0.065453 -0.092377 0.009525 -0.095994 -0.008076 -0.072604 0.001637 -0.085869 -0.021059 -0.153540 0.068834 -0.011635
T_5231 0.030282 -0.070237 0.069386 0.016346 -0.101426 0.016802 -0.109349 -0.113468 -0.098836 -0.047778 0.022268 0.045737 0.029860 0.015077 0.010059 0.063809 0.131772 0.013376 0.033022 0.075238 -0.000022 0.036710 0.047603 -0.037025 0.026476 0.084945 0.025173 0.061243 0.094468 -0.153963 -0.022209 0.121402 -0.057405 -0.072854 -0.018171 0.045545 -0.023539 0.012451 0.024035 -0.140398 -0.091479 -0.046255 0.026731 -0.073852 0.003395 -0.148859 -0.039846 -0.052435 0.058091 0.125713 -0.021218 0.005831 0.208179 -0.113640 0.052158 0.140343 -0.033839 0.026326 -0.093458 0.054262 0.015092 -0.013438 -0.083062 0.046102 0.067125 0.009981 -0.017883 0.000975 0.021732 -0.115489 0.103054 0.087491 0.133382 -0.039753 0.012707 -0.026968 -0.161247 -0.074881 0.063351 -0.013184 -0.045220 0.146358 0.013935 -0.052788 0.016846 -0.045406 -0.051549 0.000421 -0.191643 -0.012364 -0.080332 -0.113493 -0.012264 0.099532 -0.170419 0.026928 0.071377 -0.020919 -0.195196 0.112745 -0.061315 0.004257 0.117947 0.015621 -0.039964 0.038377 0.008283 0.009185 -0.044725 0.038384 0.025574 -0.014634 0.016317 -0.045321 0.015392 0.124831 -0.012621 0.066515 0.095964 -0.041465 0.045428 0.034519 -0.020191 0.045189 -0.057900 -0.030504 0.062916 -0.090601 0.026037 -0.028060 0.017289 0.047543 -0.074817 -0.032596 -0.069589 -0.098534 0.055173 0.044307 0.037319 -0.004711 -0.003929 -0.001658 0.033391 -0.042105 0.140228 0.040601 0.043703 0.024650 0.009552 0.149434 -0.005852 0.016042 0.058474 -0.033307 0.090006 0.068663 -0.075450 -0.019002 -0.026960 0.097352 0.090107 0.068391 0.003400 -0.126073 -0.039903 0.004685 0.094634 -0.022444 -0.068674 0.101848 -0.007546 0.051801 0.147025 -0.093511 0.059932 -0.076690 0.026579 -0.077629 0.014896 0.148593 -0.031795 -0.058168 0.071404 -0.025012 -0.046754 -0.060433 0.069350 -0.055386 0.072961 -0.125678 -0.016685 -0.056625
T_5232 0.101265 -0.056534 0.045501 -0.062774 0.006614 -0.036425 -0.006188 0.015789 -0.096413 0.002651 -0.002347 0.079967 -0.019788 0.046350 0.140587 -0.017526 0.157072 -0.093430 0.024894 -0.018891 0.009207 -0.040998 0.068532 -0.058396 0.027113 0.084644 0.175374 0.024995 0.180875 -0.037871 0.084927 0.175992 -0.043581 0.086460 -0.010833 -0.095074 0.029707 0.078321 0.104149 -0.035181 0.046223 0.108800 0.005808 -0.019515 0.023061 0.010734 -0.076181 -0.042005 0.081047 0.095561 0.064589 0.088382 0.016240 0.001231 0.015987 0.087243 -0.034427 0.078655 -0.118728 0.037105 -0.106681 0.033874 -0.026195 -0.007991 0.070751 -0.055032 -0.038023 -0.114584 -0.082626 -0.056955 0.025150 0.016105 0.039714 -0.097387 -0.085426 0.008108 -0.066958 -0.094576 0.051166 0.015940 -0.012470 0.094436 0.021246 -0.072336 0.074186 0.020590 0.036284 0.082546 -0.164136 -0.013953 -0.054900 -0.081416 0.035867 0.113062 -0.060686 0.036056 0.139539 0.070770 -0.185424 0.086908 -0.047702 0.054923 0.001297 0.099379 -0.010027 0.022543 0.015015 -0.018203 -0.036815 0.028873 0.042694 0.033664 -0.003751 -0.087601 -0.045741 0.044951 -0.017250 0.115476 0.126377 -0.099897 -0.028173 0.001167 0.078291 0.040186 0.007900 0.022560 0.058008 -0.048661 -0.031207 0.028201 -0.029152 -0.006277 -0.084674 -0.155656 -0.043491 -0.065682 0.157926 -0.069144 -0.033002 0.010053 -0.065225 -0.042477 0.022636 -0.111125 0.166020 0.026309 0.028106 -0.033125 -0.020014 0.098067 -0.013775 -0.087544 0.020110 -0.007175 0.017261 0.014778 -0.063033 0.027215 -0.072644 -0.011490 0.061869 0.113295 0.103259 -0.081348 -0.014716 0.017763 0.080349 -0.114004 -0.093107 -0.019017 0.044245 0.128094 0.006723 -0.069796 0.014837 -0.047709 -0.009731 -0.085576 0.019953 0.062093 -0.075952 0.046784 -0.049373 -0.002253 -0.059910 0.011199 0.009293 -0.155061 -0.068210 -0.228314 -0.024320 0.015197
T_5246 -0.019586 0.070071 0.130146 -0.028984 -0.006167 0.028018 -0.034106 0.014893 -0.046377 0.071554 0.097743 0.099675 0.057549 -0.007436 0.102443 -0.025373 0.141537 -0.012818 0.025310 -0.009624 -0.011830 -0.104847 0.042539 -0.045738 -0.022526 0.109164 0.055400 -0.016475 0.063154 -0.079929 0.016843 0.167222 -0.132583 -0.010290 -0.022695 -0.062963 -0.029567 -0.069296 0.064078 -0.052511 -0.024162 -0.037879 -0.020872 -0.091415 0.008200 -0.009921 -0.031468 -0.076766 0.167375 0.104401 -0.084411 0.107149 0.018999 -0.020859 0.016085 0.046866 -0.156798 -0.064762 -0.155225 0.087471 0.030573 0.035213 -0.049112 0.025528 0.122165 0.004638 -0.059985 -0.076580 0.006214 -0.163384 -0.000803 0.067216 0.034940 -0.174085 0.037388 -0.069035 0.001903 -0.075275 0.045872 0.104554 -0.028608 -0.024163 -0.029718 -0.040898 0.078165 -0.016871 0.069967 -0.037766 -0.062803 0.021527 -0.080873 -0.118918 0.049160 0.062385 0.054313 0.092272 0.037021 -0.025104 -0.132823 0.073804 0.019124 -0.014448 -0.051034 -0.001636 -0.094382 -0.044980 0.030432 -0.003983 -0.003372 0.144835 -0.060709 -0.088499 0.197237 -0.040409 0.020579 -0.014835 -0.051987 0.187630 0.108960 0.068563 -0.010621 0.041227 -0.063486 0.087589 0.024846 0.022772 0.046074 -0.062610 0.023825 0.028737 -0.137215 -0.010017 -0.129931 -0.115663 -0.040652 -0.128199 0.115482 -0.071485 -0.000838 -0.032654 -0.091694 0.024431 -0.026841 -0.072081 0.172007 0.021854 0.068666 -0.054324 0.022458 0.022069 0.003573 -0.085262 0.046978 -0.064299 0.061158 -0.036941 -0.040965 0.077843 -0.041001 -0.000884 0.014815 0.082082 0.080476 -0.099933 0.015676 0.036871 0.015175 -0.118348 -0.000010 0.037599 0.044342 -0.094511 0.006770 -0.078701 -0.015879 -0.120838 0.015652 -0.017144 -0.039781 0.140015 0.022175 -0.064684 -0.017809 -0.022901 -0.032650 -0.092886 0.033113 -0.030770 0.005577 -0.121535 0.048192 -0.068285
T_5251 0.040149 0.016677 0.101666 -0.014170 -0.072239 0.001294 -0.076117 0.082371 -0.059164 -0.033252 0.033526 0.126224 0.125616 0.089162 0.093611 -0.075504 0.158327 0.047103 0.069076 -0.077760 -0.049880 -0.037136 0.049600 -0.083446 0.028482 -0.033073 0.087160 0.016710 0.150213 -0.098196 0.028113 0.123963 0.038027 -0.053535 -0.019955 0.003059 -0.009101 -0.066746 0.031085 -0.000145 -0.034448 0.064376 0.005410 -0.087837 0.001668 -0.039495 -0.153538 -0.034012 0.105657 0.122511 -0.087591 0.066316 0.000016 -0.011648 0.064018 0.060531 -0.050195 -0.097537 -0.048547 0.083190 0.064829 -0.113453 -0.153399 -0.037606 0.080894 0.102990 -0.014942 -0.054341 -0.062519 -0.014992 -0.017731 0.042560 0.113085 -0.206932 0.041028 0.032177 -0.047860 -0.070864 0.026522 0.019073 0.074972 0.063377 0.017576 -0.033516 0.053348 -0.019142 0.018616 0.078021 -0.022888 0.026679 -0.091261 -0.180203 -0.026335 0.028896 -0.020877 0.023869 0.034305 -0.032011 -0.100660 0.167000 -0.021057 0.151061 -0.064166 0.070262 0.014757 0.015401 0.033043 0.051443 -0.093785 0.083140 -0.110154 -0.056890 0.143454 -0.006066 0.002059 0.076546 -0.110089 0.083695 0.102782 0.014302 -0.069926 -0.006659 -0.046609 -0.016206 0.005073 -0.073499 0.076995 -0.047340 -0.006193 0.096808 -0.117326 -0.034281 -0.035308 -0.077440 -0.104779 -0.084499 0.116705 -0.014765 0.043088 -0.001795 -0.000677 -0.088677 0.039744 -0.094853 0.105952 0.097840 0.027528 0.032990 -0.011400 0.083887 0.002645 -0.049547 0.047711 -0.061207 0.073896 -0.053330 -0.065489 0.023714 -0.096280 0.005416 0.042795 0.062784 0.038222 -0.071219 -0.070711 -0.005452 -0.031909 -0.039700 -0.013290 0.017857 0.090558 -0.030878 -0.000994 -0.020154 -0.007825 -0.106444 -0.017322 0.041650 -0.050513 0.083633 -0.103405 -0.099062 0.030921 -0.010138 -0.061310 -0.097629 -0.064500 0.048753 -0.032707 -0.230052 0.030816 -0.060725
T_5257 -0.050335 -0.020668 -0.051293 0.034870 -0.036381 0.058648 -0.029214 0.099322 -0.065045 0.131431 0.011626 -0.009504 -0.022084 0.002566 0.033702 -0.148518 0.113694 -0.012835 0.012918 0.043585 0.021970 -0.053159 0.026840 -0.079358 -0.009392 0.071143 0.010506 0.032764 0.109586 -0.103295 -0.070417 0.096863 -0.003837 -0.098933 -0.073083 -0.132766 0.070753 -0.118168 0.067444 -0.155014 -0.059740 -0.019255 -0.048393 -0.107613 -0.040615 -0.077248 -0.001210 -0.021351 0.095595 0.123921 0.007981 -0.055896 0.070760 -0.089005 0.032923 0.003155 -0.167146 0.025383 -0.068798 -0.042799 -0.084331 0.014220 -0.072846 0.091593 0.094550 0.027663 0.003264 -0.032594 0.044656 -0.141666 0.072656 -0.028251 0.041525 -0.043672 0.026129 -0.019091 -0.084947 -0.097915 0.048879 0.028406 -0.079808 0.078746 -0.027451 -0.032903 0.084122 -0.027013 0.069004 -0.081319 -0.076043 0.090547 -0.061990 -0.010474 0.049102 0.134363 -0.097011 0.147158 0.022048 -0.006902 -0.105389 0.025322 -0.052888 -0.018143 -0.048078 0.058959 -0.040550 -0.024424 -0.054551 -0.028456 0.031967 0.075568 -0.077881 0.003782 0.013437 -0.077305 0.015590 -0.019422 0.018155 0.138210 0.182569 0.038700 0.067312 -0.008523 -0.058918 0.023934 0.135229 -0.079221 0.052824 -0.050956 -0.053549 0.070336 -0.022769 0.019688 -0.057512 -0.124646 -0.083411 -0.032039 0.074707 -0.039924 -0.078608 -0.058574 0.047176 -0.069568 0.034668 -0.155554 0.053658 0.086647 0.086084 0.061271 0.035004 0.070943 -0.035092 -0.119516 -0.075613 -0.124486 0.065349 -0.030807 -0.128264 0.093365 -0.040996 -0.096009 0.064343 -0.013780 -0.005041 0.014057 -0.028768 0.004113 0.028024 -0.124175 -0.037550 0.017144 0.069807 -0.030007 0.034355 -0.029064 0.037156 -0.066194 -0.065864 -0.057341 -0.042326 0.132410 -0.085932 -0.087065 0.081278 -0.122618 0.064983 -0.048621 0.020761 -0.082343 0.010322 -0.163257 0.145822 0.012379
T_5284 0.000566 0.070883 0.084620 0.029817 0.147299 -0.034471 0.005954 0.058188 -0.043189 -0.022155 -0.119881 0.126838 0.159974 -0.058064 0.044064 0.052572 0.058532 0.018181 0.047937 -0.013238 -0.022317 -0.085817 0.081866 0.011452 -0.071981 -0.043850 -0.016853 0.018472 -0.011290 -0.244540 -0.002278 0.015414 -0.019784 0.068209 0.016120 -0.050719 0.059734 0.008517 -0.051258 -0.056638 0.014419 -0.007342 0.061827 -0.034544 0.048586 0.008160 -0.063901 -0.033091 0.171939 0.027883 0.050391 -0.000026 -0.073031 0.031441 0.072598 0.023423 -0.108173 -0.063019 -0.151517 0.022004 -0.013556 0.096010 -0.048714 0.074722 0.089740 0.118327 0.062714 -0.146154 0.034574 -0.052651 -0.008814 0.126344 0.148014 -0.130400 -0.042072 -0.098945 -0.077571 -0.099034 -0.052985 0.079514 -0.035005 0.114421 0.084208 0.036859 0.040435 0.014492 -0.004860 0.062973 -0.062120 -0.038945 -0.016656 -0.148577 -0.007051 0.106229 -0.011636 0.008983 -0.024532 -0.055121 -0.212071 0.051102 0.052428 -0.099720 0.021998 0.065932 0.040809 -0.050425 -0.089839 -0.024794 0.004692 0.099745 -0.058524 -0.084612 -0.057371 -0.001315 -0.008528 0.097793 -0.056098 0.075810 0.064538 -0.103119 0.009818 0.095654 0.031757 -0.009373 0.081037 -0.070066 -0.016912 -0.121756 -0.112439 0.125699 -0.112788 -0.055420 -0.015783 -0.068517 -0.030392 -0.100381 0.062230 -0.095082 0.028377 -0.138461 0.001797 -0.119030 -0.028572 -0.026187 0.056128 0.004652 0.066399 0.043826 0.081921 -0.043207 0.027310 0.041964 0.038874 -0.011878 0.067346 -0.031279 -0.055220 0.039366 -0.086166 -0.111454 0.091992 0.003120 0.051562 -0.042439 -0.037269 0.010729 0.066223 0.030316 -0.025030 0.035621 0.006973 -0.097699 -0.012585 -0.023720 0.093571 0.015616 -0.077423 0.031486 -0.056374 0.078440 -0.103365 -0.116818 0.051456 -0.036578 -0.021198 -0.006190 -0.080796 -0.090560 0.014361 0.070773 0.078660 -0.118425
T_5331 0.031854 0.015004 0.023902 -0.126317 -0.000053 -0.000636 -0.087189 0.020862 -0.182299 -0.144548 -0.018245 0.130932 0.112076 -0.015791 0.133074 -0.066478 0.071336 -0.054578 0.007305 -0.046368 -0.055818 -0.069115 0.016510 -0.012553 0.098003 0.061277 0.056723 0.107419 0.165957 -0.113051 0.039870 0.121863 -0.056427 0.003993 -0.015764 0.026672 0.053520 -0.009269 0.058464 -0.064519 -0.057445 -0.020865 -0.033491 -0.057867 0.124947 -0.093131 -0.089211 -0.026281 0.006056 0.018966 0.024184 0.050579 0.062567 -0.097471 0.035315 0.015664 -0.041212 -0.008651 0.004738 0.020969 -0.049591 -0.061924 -0.104991 0.077594 0.082998 0.047621 -0.019445 -0.118858 -0.010943 -0.116707 -0.082022 0.072311 0.069233 -0.144993 -0.052671 0.003426 -0.078838 -0.093732 0.024659 0.023446 0.012996 0.122125 0.058538 -0.040078 0.044684 -0.014027 0.051513 0.046127 -0.016860 -0.012437 -0.054847 -0.194766 -0.008652 0.043176 -0.044621 0.024165 0.022753 -0.066143 -0.084060 0.154241 -0.031098 0.121784 -0.014494 0.041316 0.080225 0.019934 -0.037990 -0.092775 -0.087412 0.085686 -0.002569 0.016196 -0.033787 -0.024586 -0.014901 0.146556 -0.008070 0.061495 0.090378 -0.099006 -0.012896 0.090469 -0.020419 -0.061043 -0.008387 -0.007669 0.080853 -0.010302 0.012396 0.027287 -0.031362 0.014747 -0.052714 -0.032618 -0.121290 0.017877 0.093360 -0.002995 -0.029954 -0.047789 -0.016523 0.005059 0.015346 -0.161919 0.067755 0.037506 0.102190 -0.056666 -0.068931 0.168755 0.016063 -0.101322 0.058953 0.041869 0.148488 0.073730 -0.093804 -0.019568 -0.081875 0.016077 0.039590 -0.020196 0.013634 -0.101078 -0.069734 -0.042298 0.087248 -0.114581 0.042343 -0.004623 0.086465 0.007027 0.014493 -0.088040 0.019744 -0.012375 -0.007933 -0.019947 0.032910 0.108425 -0.145595 -0.112610 0.031995 -0.031602 -0.110437 -0.093067 0.026410 -0.055358 -0.013097 -0.203768 0.045096 -0.006235
T_5352 0.000611 0.072193 0.054044 0.097841 0.078938 -0.122624 0.049640 0.004922 -0.039560 0.047248 -0.058219 0.029893 0.062018 0.012525 0.120842 0.060562 0.142826 -0.030048 -0.009904 -0.049987 -0.084048 -0.072494 0.050040 -0.024234 0.014675 -0.048594 0.025282 0.055335 0.050655 -0.125574 -0.045114 -0.011425 -0.056279 -0.073906 -0.035923 0.081940 -0.013529 0.109770 0.039323 -0.120173 -0.073115 0.031252 0.001168 -0.133009 0.040102 0.041971 0.042060 0.050044 0.094328 0.111662 0.063499 0.110860 0.044331 -0.011707 0.123722 0.061253 -0.078828 0.018585 -0.083472 -0.028491 0.010815 0.028764 -0.030096 0.039278 0.014880 0.118236 -0.022586 -0.116101 0.018246 -0.078202 0.033564 0.055876 0.074551 -0.059699 -0.114818 -0.071411 0.003234 0.009834 -0.055954 0.142132 -0.040420 0.077949 -0.023016 0.007705 0.074097 -0.123188 0.109922 0.024249 -0.082181 0.130312 0.005812 -0.108005 -0.063719 0.147366 -0.026509 -0.034501 0.006328 -0.071232 -0.213652 0.087831 0.052894 0.024222 0.057235 0.008529 -0.037052 0.007128 -0.081788 -0.072297 0.000502 0.075330 -0.056074 -0.048384 -0.020566 -0.095646 -0.000385 0.072171 -0.068900 0.030284 0.047986 0.009954 0.056698 0.016294 -0.061863 -0.077222 -0.070647 0.009108 -0.075112 -0.146933 -0.048437 0.032825 -0.054431 0.124802 0.026776 -0.064346 -0.060331 -0.118193 0.068585 -0.091054 0.066259 -0.144724 0.054376 -0.091318 -0.006620 -0.185258 -0.030476 0.041452 -0.019763 0.017449 -0.001093 -0.062774 -0.107417 -0.017972 0.071169 0.007393 0.099224 0.024148 -0.007376 0.089185 -0.126311 0.002924 -0.086359 -0.043365 -0.034456 0.027538 -0.071134 -0.027512 0.126542 0.002450 -0.012169 0.070630 0.027741 -0.020782 -0.047820 0.068591 0.083876 0.059878 -0.082545 0.097198 -0.042133 0.023637 -0.032425 -0.120867 0.085613 0.059677 0.116435 0.046170 -0.145752 -0.067242 0.024374 -0.001840 0.144367 -0.064867
T_5361 -0.000669 -0.063905 0.054267 -0.061006 -0.053164 0.036259 -0.008873 0.013671 0.017575 -0.069486 0.034884 0.189625 0.005367 -0.016636 0.042342 -0.089035 0.103139 0.028246 0.038774 -0.006891 0.020514 0.055676 -0.068424 -0.030334 0.112500 0.103149 0.035026 0.132100 0.104901 -0.122006 0.020514 0.155468 -0.004267 0.122017 -0.004019 0.008432 -0.061142 0.043208 0.069358 -0.004490 -0.073725 -0.005216 -0.015408 -0.116208 0.017672 -0.121064 -0.085534 -0.021745 0.135181 0.056859 0.015444 0.023114 0.007562 -0.092558 0.069702 0.036709 -0.168124 0.015719 -0.073422 0.021265 -0.061531 -0.119196 -0.001616 -0.117284 0.045483 0.028616 -0.023647 -0.058014 0.029044 -0.119544 0.037780 0.074312 -0.009823 -0.153827 -0.149120 0.008900 -0.160713 -0.061132 -0.015851 0.041958 0.031935 0.127298 0.002468 0.002931 0.027507 -0.070601 0.059976 0.038352 -0.156307 0.005544 0.032025 -0.127336 0.014690 0.075896 -0.074592 0.052877 0.075509 0.125201 -0.125361 0.054502 -0.087621 0.053184 0.020973 0.058581 0.020142 -0.000178 -0.089409 -0.017425 -0.074561 0.010404 -0.022728 -0.018059 0.044600 -0.055716 -0.034634 0.040116 -0.020030 0.116083 0.156746 -0.008399 0.093980 0.063583 -0.011916 0.013442 0.077392 -0.039183 0.073529 -0.101886 -0.019754 -0.007825 0.075980 -0.031261 -0.142133 -0.046603 -0.127730 -0.009671 0.075054 -0.054256 -0.004230 -0.067267 -0.016906 0.002379 0.044362 -0.091388 0.027072 0.018276 0.001548 0.014818 -0.067938 0.077009 0.084639 -0.174074 0.078063 -0.042297 0.044516 0.021053 -0.076668 -0.043395 -0.015259 -0.031105 0.036970 0.015083 -0.102154 -0.124466 -0.073958 0.039621 -0.007562 -0.017065 -0.005023 0.080106 0.053898 -0.028747 0.034457 -0.084363 -0.004317 -0.047071 -0.039217 -0.024990 -0.005134 0.123900 -0.132672 -0.144983 0.062166 -0.016019 -0.052635 -0.061161 -0.044095 -0.049465 -0.041517 -0.154690 0.097885 -0.061560
T_5389 -0.052770 -0.069574 -0.017827 0.026265 0.001494 -0.075725 0.054815 0.070883 -0.103541 0.011900 -0.049935 0.138674 0.126904 -0.047640 0.190764 -0.013694 0.082503 0.034559 0.031792 0.003057 -0.064452 -0.128721 0.027876 0.105283 -0.085325 0.116019 -0.043732 0.079065 -0.014541 -0.109822 0.066025 0.031377 -0.000172 0.024904 -0.018444 0.013545 0.041979 0.043322 0.067605 -0.069514 -0.069215 0.046257 -0.033050 -0.075753 0.044621 0.017907 -0.032650 0.033209 0.118338 0.117533 -0.068054 0.077457 0.006067 0.014968 0.070856 0.040351 -0.021569 0.045755 -0.142792 -0.004851 -0.017031 0.051352 0.002087 0.106794 0.047254 0.108488 -0.028737 -0.087159 0.082330 -0.072997 0.066418 0.067574 0.026787 -0.163693 -0.074427 -0.063158 -0.016379 -0.028351 -0.098632 0.089680 -0.041382 0.025214 0.020304 0.015172 0.148374 -0.097647 -0.042834 -0.036883 -0.091124 0.097515 0.039155 -0.025493 0.024723 0.189500 -0.028696 -0.014139 0.019819 -0.045334 -0.202272 0.065675 0.109124 -0.015408 0.060033 0.058913 -0.041925 0.026047 -0.134600 -0.101127 0.065497 -0.033050 0.004212 -0.071253 -0.067275 -0.153061 -0.053833 0.027255 -0.049474 0.049213 0.021629 -0.069080 0.112757 0.098391 -0.009585 0.020098 -0.034024 -0.024858 -0.053102 -0.119621 -0.047451 0.032853 0.017544 0.075179 0.000087 0.023219 -0.081216 -0.077813 0.084666 0.001840 0.093523 -0.166598 0.034652 0.032977 0.054719 -0.059963 0.024958 0.042767 -0.097931 0.030747 0.079860 -0.024437 -0.142869 0.009052 -0.043786 -0.045704 0.054589 0.053137 -0.111619 0.068372 -0.163261 -0.054893 0.072601 -0.098976 0.061503 -0.027241 -0.096059 0.001599 0.122059 -0.004140 0.025845 -0.000695 0.082975 -0.070442 0.086313 0.003581 0.110601 0.017547 -0.065304 0.005176 0.018455 0.039913 -0.073344 -0.072108 0.119530 -0.010541 0.055384 -0.004920 -0.099938 -0.031587 -0.015888 0.011606 0.053968 -0.059907
T_5401 0.065510 0.123066 0.061476 0.075984 -0.001741 -0.116258 0.010026 0.023075 -0.020160 0.023973 -0.025979 0.130548 0.122997 -0.045619 0.106964 0.031495 0.097395 0.020899 -0.016030 -0.042923 -0.005522 -0.097300 0.115823 -0.087714 0.013561 -0.070601 0.021757 0.077824 0.015763 -0.116812 0.065086 0.057180 0.001396 0.023639 0.005787 0.018141 0.028240 0.041235 -0.013335 -0.059198 -0.018806 0.078825 -0.013061 -0.092226 0.035312 0.029463 -0.091264 0.031190 0.167757 0.141359 -0.013666 -0.017738 -0.042340 -0.021252 0.170940 -0.026555 -0.076403 -0.068360 -0.111724 -0.008536 0.041660 0.066923 -0.071638 0.034617 0.104133 0.158855 -0.001048 -0.096897 0.033705 -0.092329 -0.003914 0.126844 0.091415 -0.152170 0.019537 -0.072213 -0.044987 -0.000903 -0.044345 0.015737 0.041011 0.135163 -0.075489 0.110786 0.068284 -0.041680 -0.043413 0.107511 -0.092435 0.065806 -0.032419 -0.127028 0.006650 0.069302 -0.029728 0.026295 0.036711 -0.040722 -0.273877 0.102403 0.072492 -0.088155 0.046380 0.008255 -0.061718 0.012231 -0.080838 -0.026039 0.028101 0.069248 -0.134862 -0.088450 0.033175 -0.035987 0.034349 -0.004202 -0.066897 0.060726 0.017403 -0.028104 0.045473 0.002103 0.047593 0.002496 0.056898 0.008809 -0.076656 -0.033755 -0.146928 0.127962 -0.029709 -0.022405 0.028217 -0.079530 -0.082374 -0.071117 0.097851 -0.078824 0.032233 -0.094500 0.014061 -0.120021 -0.047102 -0.083419 0.088232 0.074662 -0.003873 0.017314 0.079705 -0.032930 0.054706 0.049358 0.047522 -0.049788 0.023547 -0.051576 -0.016323 0.058817 -0.077248 -0.057930 0.034374 -0.015280 0.106697 -0.029269 -0.092501 0.016864 0.081146 -0.020267 -0.015158 0.008777 0.077231 -0.106900 -0.015537 -0.048191 0.099263 -0.000606 -0.085445 -0.030259 -0.010769 0.081530 -0.044461 -0.112306 -0.036682 0.009645 -0.035231 -0.105844 -0.116831 -0.120698 0.021441 0.038050 0.022469 -0.112575
T_5432 -0.030379 0.053054 0.100553 0.086175 -0.015424 -0.086410 0.041744 -0.072555 0.066819 0.122173 -0.073667 0.088619 0.093934 0.005615 0.095361 0.015203 0.001844 0.049869 -0.039307 -0.031956 -0.097927 -0.125801 0.002194 0.061802 0.050237 0.008426 -0.003725 0.114537 0.143929 -0.100116 -0.052859 0.042607 -0.059894 0.028668 0.071680 -0.005913 -0.029148 0.008380 0.082679 -0.036170 -0.074221 0.035248 -0.020865 -0.091443 0.033268 -0.007389 0.027807 0.029684 0.095295 0.107919 -0.048329 0.072130 -0.137159 -0.028024 0.164356 0.105526 -0.027558 -0.060252 -0.053537 0.064737 0.018883 -0.060813 -0.017447 -0.015770 -0.055616 0.058744 -0.020916 -0.104841 0.079481 -0.069270 -0.003536 0.136025 0.079971 -0.115255 -0.069767 -0.009274 -0.050558 0.019697 0.042634 0.060297 -0.001910 0.066659 0.004373 -0.012007 0.093077 -0.043613 0.061910 0.121641 -0.083723 0.154049 0.046337 -0.096039 0.037574 0.171512 -0.029573 -0.095961 0.036190 -0.012376 -0.209162 0.102084 0.051943 -0.093945 0.065019 -0.027286 -0.066269 -0.055964 -0.039772 -0.019817 -0.015247 0.062881 -0.079195 -0.058237 0.047140 -0.042593 -0.024631 -0.059016 -0.134400 0.056636 -0.030133 0.036865 0.112877 -0.000742 -0.082546 0.052255 -0.017224 -0.042435 -0.060536 -0.139385 -0.033211 0.115894 -0.092856 0.047354 0.029277 -0.026433 -0.164933 -0.127732 0.038171 -0.112772 0.068373 -0.074457 0.011684 0.011726 -0.002712 -0.125748 0.020725 0.104218 -0.040809 0.003213 -0.024969 -0.023915 -0.074420 -0.057722 -0.028221 -0.030734 0.049241 0.039308 0.001542 0.078451 -0.132157 -0.046209 0.105408 -0.111050 0.018238 -0.038813 -0.116205 0.014696 0.091632 0.004796 -0.071655 -0.030113 0.134385 -0.101758 0.021995 0.028811 0.032919 0.014467 0.005841 -0.056563 -0.104536 0.048059 -0.022634 -0.099265 0.008348 -0.018473 -0.031093 -0.008819 -0.085164 -0.006363 -0.089768 -0.012433 0.117817 -0.094925
T_5437 -0.013940 0.028871 0.090757 0.068791 0.002969 -0.058821 0.135388 0.057747 0.009350 -0.023563 0.006516 0.000727 0.078294 0.038808 0.102451 -0.020826 0.117244 0.032361 0.074141 -0.045398 -0.036628 -0.060596 0.054422 -0.067283 0.095398 0.056623 -0.033604 0.055563 0.104600 -0.122618 -0.043554 0.022667 -0.093205 0.023751 -0.004887 0.016535 -0.034464 0.107256 -0.006892 -0.074628 -0.050895 0.046940 0.018416 -0.043598 0.012252 0.039802 0.019205 0.042729 0.089113 0.137210 -0.057878 0.059586 -0.079232 0.015709 0.088620 0.076520 -0.020290 0.020021 -0.048679 0.028532 0.011098 -0.010389 -0.106734 -0.015740 0.038978 0.131300 -0.010013 -0.218933 0.022799 -0.059689 0.035571 0.123614 0.027589 -0.105430 0.014232 -0.192257 -0.144599 0.020893 0.015095 -0.004842 0.023522 0.094459 0.038322 0.022435 0.004938 -0.005469 0.023155 -0.001002 -0.073961 0.112194 0.006045 -0.044203 0.048772 0.151360 -0.012741 -0.070251 0.097254 0.009884 -0.209810 0.128860 0.104050 -0.045031 0.023533 -0.024048 -0.050717 -0.009273 -0.045406 -0.073575 0.116615 0.013104 -0.126081 -0.004328 0.081124 -0.097467 -0.017214 0.020537 -0.090360 0.050803 -0.008080 -0.056191 0.067561 -0.060597 -0.046920 -0.023401 -0.014832 0.050429 -0.137416 -0.107469 -0.016344 0.045880 -0.037911 0.079230 -0.033797 -0.035168 -0.199248 -0.131867 0.056103 -0.025191 0.083758 -0.127271 -0.013583 -0.017791 0.003577 -0.178991 0.037433 0.021684 0.035670 0.018080 0.025804 0.023904 0.008820 -0.011451 -0.024830 -0.024412 0.109861 0.109121 -0.028917 -0.079829 -0.204223 -0.002265 0.017249 -0.021745 0.008877 -0.013135 0.003213 -0.039106 0.097134 0.048497 -0.104081 -0.027998 0.074410 -0.052270 0.037279 0.077116 0.088707 0.060462 -0.074062 0.035636 -0.091422 0.102756 -0.030510 -0.065380 0.035287 0.050624 -0.038658 -0.021492 -0.115344 -0.003211 0.032586 0.012728 0.098987 -0.107691
T_5438 -0.012919 0.067344 0.065982 0.075625 0.096552 -0.096224 -0.019422 -0.039267 -0.085384 -0.002896 -0.134025 0.107269 0.059289 -0.073705 0.090981 0.096959 0.093120 0.005442 -0.006486 -0.045322 0.014380 -0.070083 0.030870 -0.047808 -0.054528 -0.052897 -0.033802 0.048305 -0.098354 -0.165391 0.040508 0.041067 -0.053937 0.082590 -0.046617 0.068190 0.023742 0.085000 -0.057376 -0.065495 0.050955 0.029280 -0.004410 -0.036591 0.005209 0.030045 -0.000510 0.020862 0.103543 0.022613 0.002060 0.035828 -0.059393 -0.016470 0.151762 0.041697 -0.026958 -0.058206 -0.172232 -0.011601 -0.069965 0.087126 -0.088464 0.075361 0.122248 0.140652 0.023706 -0.107070 0.017392 -0.112775 0.068583 0.113837 0.096420 -0.154949 -0.102955 -0.061962 -0.085587 0.000451 -0.036940 0.127690 0.048463 0.059325 -0.033406 0.098178 0.032979 -0.088100 -0.029451 0.036830 -0.086341 -0.026229 -0.030592 -0.120784 0.014760 0.065466 0.019629 -0.046567 -0.019214 -0.076223 -0.244050 0.081159 0.115361 -0.045760 0.083966 0.030968 -0.018761 -0.007888 -0.154288 -0.049816 0.070543 0.012072 -0.088992 -0.013050 0.053406 -0.066375 0.026633 0.028858 -0.080768 0.009095 0.076432 -0.030896 0.070747 0.039526 0.021892 -0.046364 0.011774 -0.015929 -0.102620 -0.088121 -0.094009 0.146257 -0.053553 -0.050814 -0.038612 -0.017136 -0.101851 -0.063728 0.073422 -0.088973 -0.025949 -0.105751 0.062850 -0.060796 0.013596 -0.072707 0.128455 0.050911 -0.000188 0.019078 0.012836 0.023984 -0.039117 0.064074 0.038514 -0.074133 0.049483 0.000847 -0.089148 0.024145 -0.038483 -0.083678 0.078743 -0.018566 0.076294 0.044786 -0.056910 -0.019253 0.102041 -0.035478 -0.001401 0.000701 -0.014693 -0.106845 0.001703 0.052723 0.111458 0.044150 -0.082323 -0.006487 -0.001551 0.068744 -0.080748 -0.155103 0.021634 0.066119 0.075226 -0.045445 -0.052008 -0.126526 0.036141 0.089625 0.027665 -0.121426
T_5439 -0.012374 -0.066641 0.001791 0.014609 -0.036403 0.007289 -0.163728 -0.031803 -0.120366 -0.034452 -0.064511 0.092506 -0.062946 -0.010496 0.099348 -0.003539 0.120799 -0.006750 0.041238 0.151716 -0.045863 -0.039726 -0.030149 -0.052134 0.016636 0.013510 0.091781 0.097050 0.065359 -0.049648 0.010625 0.085707 -0.087489 -0.123734 -0.072257 0.026125 -0.035569 -0.030328 0.027334 -0.104432 -0.069682 -0.014717 -0.043881 -0.123153 -0.010886 -0.084816 -0.084994 -0.023776 0.013391 0.088745 -0.041254 0.024137 0.114453 -0.093519 0.066136 0.100014 -0.008528 -0.032175 -0.079526 0.067625 -0.008767 -0.056215 -0.092336 0.063782 0.060058 0.031854 0.055822 -0.030913 0.058767 -0.048792 0.007551 0.124354 0.061143 -0.063523 -0.006050 0.073548 -0.101026 -0.126202 0.010059 0.043330 -0.007117 0.088261 0.037908 -0.103984 -0.067697 0.006871 0.083220 0.089321 -0.121041 -0.018760 0.039189 -0.129092 0.017687 0.027607 -0.075851 0.090991 0.039725 0.023199 -0.156133 0.114937 0.023582 0.093575 0.080652 0.075544 0.002125 0.168257 -0.054143 -0.068990 -0.037127 -0.011728 0.019765 -0.053062 0.063023 -0.074076 0.031227 0.036586 0.011583 0.061513 0.119881 -0.024319 -0.024269 0.078895 0.034035 0.050543 0.004847 -0.102581 0.026759 -0.050313 -0.022816 0.095893 0.011102 -0.001098 -0.106740 -0.050505 -0.066765 -0.076184 0.112282 -0.020436 0.028145 -0.030744 -0.013452 -0.068901 0.072462 -0.104125 0.090669 0.079231 0.025808 0.054974 -0.093046 0.118797 0.067212 -0.113792 -0.050321 -0.071529 0.104140 0.041144 -0.138094 0.046965 -0.033443 0.077902 0.044364 0.014169 -0.011759 -0.036416 0.014867 -0.008284 0.010301 -0.108491 -0.084378 0.042906 0.015503 -0.008705 0.153607 -0.100165 0.057525 -0.096932 0.027655 -0.088194 0.001311 0.153614 -0.122269 -0.104438 -0.031349 -0.077057 -0.027858 -0.067211 -0.006748 -0.040080 -0.056475 -0.192277 0.111251 -0.033965
T_5451 0.052077 0.037872 0.002472 -0.009934 0.017073 -0.009507 -0.011180 0.016076 -0.149257 -0.007748 -0.036860 0.065268 0.130419 -0.011891 0.018701 -0.068569 0.063823 -0.070463 -0.026165 -0.089496 -0.041316 -0.039519 -0.056627 -0.016230 -0.094757 0.062878 0.033791 0.070662 0.128481 -0.173826 0.009890 0.126760 0.006319 -0.071046 0.020596 0.022868 0.034909 -0.096766 0.046424 -0.104812 0.030328 -0.020199 -0.072128 -0.088859 -0.066997 -0.063372 0.022443 0.002040 0.089342 0.030381 -0.018810 0.095545 -0.043760 -0.091221 0.099410 0.038078 -0.111509 0.037326 -0.067615 0.000013 0.019166 -0.081588 -0.128747 0.007606 0.082263 -0.014984 0.076323 -0.109982 -0.040617 -0.150745 -0.014803 0.014471 0.040882 -0.157231 0.010691 -0.004586 -0.028516 -0.002630 -0.018909 0.083809 -0.078705 0.039743 -0.037971 -0.101316 0.073460 -0.035342 0.086241 -0.013854 -0.049586 0.094371 -0.100508 -0.111247 0.047372 0.201824 -0.063881 0.051978 0.080104 0.032845 -0.132038 0.075519 -0.096044 0.047529 -0.017574 0.062038 -0.000527 0.023886 -0.080536 -0.044280 -0.076353 0.033281 -0.106214 -0.062460 0.002367 -0.153498 0.078204 0.106871 0.096656 0.032043 0.132031 -0.008706 0.046542 0.055603 0.025373 -0.005456 0.145895 -0.000666 0.106634 -0.025842 0.012833 0.001118 -0.060840 -0.018923 -0.116132 -0.126817 -0.040917 -0.032939 0.024239 -0.100825 0.044570 -0.055381 -0.031046 -0.044693 0.136201 -0.095182 0.086350 0.025509 -0.062570 -0.008009 -0.080543 0.049845 -0.075813 -0.042055 -0.054016 0.011844 0.062701 -0.034472 -0.129863 -0.013878 -0.058537 -0.103128 -0.029826 -0.027857 0.038440 -0.093454 -0.093150 -0.050713 0.025430 -0.107250 0.030431 0.034544 0.086533 0.001930 -0.016029 -0.002343 -0.057494 0.005285 -0.000832 0.018051 -0.016309 0.016976 -0.214201 -0.111227 -0.033902 -0.035505 0.008773 -0.044322 -0.064777 -0.101157 -0.048072 -0.145428 0.071776 -0.099124
T_5453 0.054511 0.143577 0.017671 0.028879 0.072685 -0.092455 0.087319 -0.115366 0.011893 0.041206 0.008680 0.040783 0.042685 -0.014068 0.061072 0.037358 -0.025484 -0.056079 -0.005448 -0.060932 0.017305 0.031051 0.090137 -0.163627 -0.011350 -0.075307 0.023525 -0.023229 -0.018230 -0.070808 0.066188 0.063610 -0.022797 0.001907 0.006978 0.108246 0.029116 0.008792 0.020560 -0.014003 0.031910 -0.021758 -0.031403 -0.081027 0.008465 0.014633 0.019020 0.059730 0.104272 0.123678 0.028191 0.046519 -0.104989 0.030569 0.206929 -0.073393 0.021157 -0.044104 -0.059005 -0.008855 0.067255 0.051738 -0.093743 0.005234 0.032987 0.091019 -0.005825 -0.068207 0.035223 -0.038768 0.158272 0.204704 0.089184 -0.068248 -0.042536 -0.060082 -0.071948 0.061524 0.004726 0.130702 0.132511 0.015634 -0.113405 0.077483 0.072264 -0.134900 0.028816 0.003671 -0.164895 0.008201 -0.066476 -0.061962 0.114505 0.037069 0.044010 0.064624 0.008694 -0.090889 -0.232898 0.135311 0.043897 -0.024774 0.129796 -0.024362 -0.077805 0.006818 0.034148 -0.040146 0.071944 -0.037284 -0.088052 -0.106981 0.088927 -0.022105 0.034926 -0.046956 -0.101363 0.045588 0.100032 0.031761 -0.016566 -0.058182 0.051143 0.069826 0.022304 0.087878 -0.137262 0.001110 -0.071322 0.060302 0.002628 -0.001408 -0.054249 -0.007717 -0.076069 -0.057564 0.004587 -0.009595 -0.078960 0.009573 -0.070338 -0.079095 -0.042429 -0.150894 0.114415 0.044772 -0.004488 -0.032584 -0.016404 -0.006074 -0.036077 0.057603 0.113882 -0.014438 0.110986 -0.028658 -0.014440 0.001607 -0.060905 0.061225 -0.019624 -0.005519 0.119829 0.052203 -0.012602 -0.013579 0.089133 0.087521 -0.051349 -0.086948 0.086680 -0.157324 -0.014439 -0.001339 0.057938 0.064781 -0.017465 0.054896 -0.036520 0.014663 -0.032923 -0.061914 -0.009157 0.050247 0.041277 -0.054095 -0.110584 -0.113613 0.073741 0.056345 0.069712 -0.125745
T_5455 -0.068972 -0.053364 -0.039523 -0.004823 0.032575 -0.007497 -0.004725 0.040111 -0.131676 0.102156 0.028840 0.084967 -0.017463 -0.012416 0.003569 -0.187263 0.067310 -0.011346 0.038030 -0.080240 0.076184 -0.025555 -0.015717 -0.025883 0.017482 0.002718 0.039738 0.118587 0.123407 -0.153658 -0.065547 0.051509 -0.002706 -0.072674 -0.090231 -0.042347 0.089153 -0.057745 0.067663 -0.086458 -0.024849 0.003903 -0.008387 -0.058131 -0.027167 -0.100290 -0.028657 -0.074334 0.128848 0.046349 -0.035622 -0.005057 0.058177 -0.060419 0.091357 0.121337 -0.106199 0.000021 -0.040938 -0.024214 -0.009357 -0.001510 -0.141100 0.021366 0.051853 0.053622 -0.004181 -0.077096 -0.016224 -0.161888 0.059979 0.090158 0.078610 -0.113917 0.054949 0.014836 -0.088754 0.061703 0.018229 -0.000078 0.021322 0.097103 0.007262 -0.009247 0.083648 -0.029703 0.048361 -0.045474 -0.113725 0.074216 -0.052865 -0.036529 -0.021504 0.115996 -0.099031 0.138447 0.066169 0.083116 -0.084721 0.073163 -0.116962 0.026391 0.011143 0.137957 -0.027332 -0.005470 -0.119653 0.002365 -0.029098 0.012171 -0.084363 0.035814 0.092256 -0.051690 -0.019901 0.053953 0.064118 0.066763 0.205513 -0.052776 0.006552 0.038183 -0.034411 -0.015572 0.151914 -0.049809 0.074368 -0.077559 0.005687 0.043796 -0.026918 0.029602 -0.056268 -0.073643 -0.097699 -0.126379 0.025193 -0.041599 -0.005106 -0.086713 0.067417 -0.055787 0.084112 -0.154587 0.057072 0.018292 0.023453 0.050678 0.050861 0.059055 0.046732 -0.088681 -0.048385 -0.000512 0.061593 -0.046217 -0.180550 0.082766 -0.105596 -0.094449 0.004136 0.044330 -0.045439 -0.090770 -0.002671 -0.015895 -0.064739 -0.061459 0.008309 0.041142 0.075187 0.031454 0.034932 -0.013545 0.040189 -0.005902 0.016472 -0.071574 0.018122 0.156998 -0.131550 -0.117933 0.097766 -0.065484 0.059587 -0.042429 0.011021 -0.062917 -0.013087 -0.136969 0.113400 -0.061630
