103 0.036490 0.059221 0.036760 -0.018520 0.095248 0.048569 0.017171 0.008546 0.051665 0.061582 -0.087897 -0.041379 0.094685 0.009957 -0.004331 -0.045458 0.095978 -0.072646 -0.017915 0.033853 0.053161 -0.098787 0.019007 -0.119486 -0.098181 0.016306 -0.050347 -0.058531 -0.157905 0.002369 0.081287 -0.065645 0.039240 0.047441 0.043447 0.106388 0.050206 0.172400 0.053115 -0.000983 -0.077618 -0.021441 0.017838 -0.008798 -0.010032 0.051600 -0.072332 -0.027595 0.053921 -0.027546 -0.000500 -0.044015 -0.065167 -0.093504 0.132671 -0.057639 -0.043089 0.033591 -0.099027 0.085548 0.083402 0.025388 0.032790 -0.014124 -0.018791 0.051325 0.002795 0.026630 -0.014929 -0.045867 0.020107 0.047101 -0.028602 -0.092868 -0.099670 -0.074588 0.009147 0.056267 0.060249 0.069245 0.124478 0.188642 -0.105530 0.188137 0.056891 -0.052579 -0.018050 -0.044032 -0.119603 0.056757 -0.123916 0.090125 -0.038868 -0.003773 -0.063904 0.068147 -0.046473 -0.055378 -0.095036 -0.025001 -0.113933 0.047950 0.167803 -0.016797 0.055361 -0.107904 -0.160637 -0.076942 0.074675 -0.041939 0.001787 -0.058910 0.111402 0.035353 0.053237 -0.046878 0.013089 0.102625 -0.036942 -0.042163 -0.103336 0.017275 -0.020928 -0.034042 -0.026625 -0.082550 -0.020085 0.059777 -0.022036 -0.079968 -0.093679 -0.023582 0.025958 -0.060154 -0.052685 0.058653 0.000220 0.060711 -0.117667 0.004760 0.081287 -0.074342 -0.134893 -0.136134 0.105250 0.162991 0.062494 -0.029034 -0.042257 -0.030365 0.054822 0.028947 0.045840 0.080451 0.022838 -0.058441 0.046963 -0.073416 0.003962 0.025739 0.004721 0.068080 0.017068 -0.088246 -0.055289 -0.022781 0.002226 -0.001484 0.052727 -0.023163 0.057312 -0.013261 -0.075379 0.033876 0.084907 0.069425 -0.197585 0.057438 0.014034 0.019849 -0.086240 -0.126600 -0.043514 0.011850 0.009884 0.156380 0.047111 -0.141184 -0.150127 -0.003242 -0.044996 -0.064282
1034 0.099453 0.008023 0.143472 -0.059766 0.135035 0.020840 0.035480 0.043977 0.056286 -0.082636 -0.066650 0.114119 0.022455 0.001281 0.127102 -0.141198 -0.048191 0.108454 -0.004160 -0.085835 0.009447 0.037609 -0.084267 -0.089122 -0.013185 0.174781 -0.144902 -0.063713 0.056754 -0.067517 -0.099922 0.057318 -0.006338 0.008207 -0.014661 -0.018307 0.011204 -0.013356 -0.011174 0.000821 0.141786 0.069365 -0.072842 0.018174 0.023797 0.018143 0.003828 -0.030305 -0.113010 -0.007665 -0.064521 0.108530 -0.081951 -0.009516 -0.025664 -0.077919 -0.124213 0.064794 0.032833 0.015989 -0.022533 -0.021976 -0.011637 -0.020310 -0.035647 0.036901 0.045053 -0.100229 0.095284 -0.076515 -0.019361 -0.020427 0.008286 0.057683 -0.189918 0.007875 0.066692 -0.026018 0.051932 0.038183 0.053639 0.032432 0.065148 -0.019433 0.177866 -0.003640 0.088003 0.009247 -0.066817 -0.042161 0.006025 -0.069700 0.007854 0.052634 -0.056034 0.133833 0.181240 -0.052984 -0.003067 -0.091785 -0.075881 0.053766 0.040760 -0.000630 -0.019558 -0.089596 0.024641 -0.083910 0.078561 0.003719 0.051465 0.025420 0.036814 0.009161 0.052049 -0.019714 0.089033 0.005420 -0.025446 0.072755 -0.018875 0.073205 0.044615 0.018104 -0.016840 -0.083819 0.206083 -0.046892 -0.062316 0.038082 0.008522 0.147554 -0.060090 -0.062640 0.065252 0.051051 -0.034044 -0.076964 -0.007308 -0.008473 0.037069 -0.114907 -0.059879 -0.092216 0.020276 0.007400 0.029095 -0.000486 -0.119498 0.012824 0.061273 -0.212812 -0.105084 0.039606 0.000559 -0.003257 -0.021981 0.054146 -0.024825 -0.131311 -0.140809 0.078928 0.084129 0.154406 0.118453 0.068214 -0.045596 -0.039050 -0.014077 0.061641 -0.075954 0.029850 0.093370 -0.079861 -0.083611 0.105059 -0.069863 -0.026584 0.047682 0.018902 -0.019923 -0.053527 -0.089536 0.053394 -0.008859 -0.051704 -0.002189 -0.092612 0.055879 -0.089365 0.000340 -0.064733
1040 0.014842 0.080456 -0.005452 0.100746 -0.047967 0.035569 -0.175717 0.039366 -0.145698 0.097231 -0.093498 0.019090 0.014834 -0.023770 -0.049605 -0.113709 0.058154 0.035626 -0.036035 0.043389 0.006689 -0.035547 0.054959 -0.086160 -0.001838 -0.006771 0.028627 0.008968 0.031002 -0.007159 -0.024466 0.085201 0.064004 -0.140966 -0.059431 0.006465 -0.026576 -0.005492 0.058614 -0.027738 -0.025575 0.022876 -0.025565 0.003523 -0.139598 0.085825 -0.031081 -0.127642 0.023031 0.048632 -0.116085 -0.047281 0.021477 0.063041 0.176633 0.130515 -0.015799 0.006379 0.104877 0.075114 0.125241 0.047084 0.063553 0.020462 -0.104257 0.044227 0.100332 -0.026879 -0.039465 0.009953 0.015364 0.087408 0.054759 -0.081237 0.070389 0.040438 -0.119475 0.083836 0.056488 0.017079 -0.067524 0.052629 0.009118 -0.009114 -0.019796 -0.010782 0.065598 -0.037629 -0.014797 -0.003433 -0.005496 -0.105159 0.017715 0.022899 -0.039112 0.103808 0.065486 -0.103869 0.069683 -0.042518 -0.048487 0.049645 0.084228 0.093349 0.037007 -0.072479 -0.050633 -0.067371 -0.096195 0.052521 0.097525 -0.116039 0.114736 0.065206 -0.045001 0.069274 0.002287 0.171254 0.027450 0.103948 -0.012438 -0.137114 -0.053849 0.083779 0.070183 0.063023 0.013209 -0.101596 -0.033560 0.072331 -0.053773 0.041696 0.038705 -0.042141 -0.018895 -0.045799 0.055294 -0.073486 0.028361 0.003854 -0.054666 -0.084298 0.132122 -0.128109 -0.012052 0.019167 0.127338 -0.076963 -0.144916 0.189373 0.055313 -0.068852 -0.031829 -0.054327 0.050300 -0.057432 0.147177 -0.023553 -0.050840 -0.050247 -0.037860 -0.083352 -0.088221 -0.035473 0.064203 -0.061839 -0.026266 0.065705 -0.002275 0.028620 0.056164 -0.084432 -0.060756 0.132404 -0.023200 -0.047034 0.046303 -0.099089 0.129902 0.056373 -0.119390 0.002844 0.008951 -0.011388 0.029987 -0.049052 -0.069703 -0.128318 -0.109510 -0.111609 0.007641 -0.022600
1069 0.089943 -0.067571 0.041431 0.051780 -0.027013 -0.027641 0.014984 0.081958 0.008962 -0.108548 -0.162045 0.141628 0.115141 0.053142 -0.015366 -0.092921 0.054073 -0.027566 0.022197 0.084701 -0.149695 -0.081849 -0.011032 0.071331 -0.012153 -0.086254 -0.072210 -0.039791 0.000578 -0.017986 0.076135 -0.026589 0.067866 0.052493 0.092087 0.010671 0.080619 -0.024502 -0.031244 -0.037786 -0.066988 0.017545 0.101940 -0.003815 0.068670 0.005724 -0.085613 -0.075329 0.097487 0.058043 0.010954 -0.047145 -0.122665 0.041308 0.107204 0.009084 0.023719 -0.062002 -0.110341 0.018999 -0.012048 0.022377 -0.002695 -0.006494 0.137968 -0.005494 0.041446 -0.109052 0.041138 -0.104732 -0.104953 0.031948 -0.002182 -0.108650 -0.016555 -0.051991 -0.061444 -0.088646 -0.019948 0.012451 -0.045861 -0.013292 0.017203 0.037379 0.115242 -0.058834 -0.137117 0.084780 -0.037371 0.008873 -0.064224 0.026872 -0.057514 0.025480 -0.095289 0.097309 0.103103 -0.074568 -0.120748 0.094353 0.012329 -0.090932 0.046497 0.037365 -0.001189 -0.047437 -0.025044 -0.062681 -0.028519 0.006740 -0.031738 0.014019 0.002408 0.006586 0.001754 0.003561 -0.175712 0.131405 0.004646 0.016401 0.021376 0.095438 0.081846 -0.011784 0.123167 -0.080088 -0.027666 -0.037129 -0.027945 0.044175 -0.140875 0.008306 0.170450 -0.013748 -0.005140 -0.008232 0.094595 -0.072178 -0.121490 -0.209771 -0.056034 -0.074553 -0.035403 0.032138 0.007932 0.042377 0.035865 -0.030203 0.175288 -0.048471 0.129891 0.113395 0.073467 0.082673 -0.028051 0.026880 0.009404 -0.113929 0.047517 0.088238 -0.045121 -0.010791 0.013009 -0.039094 -0.056840 -0.104597 0.030080 0.046235 0.000907 -0.073415 0.186615 -0.046478 0.026247 0.017211 0.107556 0.027805 -0.037942 -0.020647 0.044089 0.015578 -0.055799 -0.053770 -0.063208 0.065145 0.066098 -0.011477 -0.114174 -0.194766 0.043598 -0.029341 -0.008450 -0.053882
1081 -0.147081 0.052173 -0.071135 -0.085499 0.069653 0.021397 -0.100799 0.169707 -0.033582 -0.033723 -0.011784 0.140844 0.101932 -0.050845 0.042897 0.009449 -0.118350 -0.063965 -0.016389 0.053865 0.038861 -0.084963 -0.104943 -0.028502 0.001055 -0.043534 -0.021031 -0.002513 -0.037200 0.130563 0.019395 -0.152726 0.104208 -0.016307 -0.024943 -0.010050 -0.058997 -0.062888 -0.059115 -0.102794 -0.022184 -0.052875 -0.037046 -0.014768 -0.098335 -0.036733 0.120177 -0.125771 0.028415 0.027475 0.036076 -0.021323 -0.051765 -0.150776 0.073922 0.028165 0.037446 -0.013380 -0.000867 -0.056260 0.028076 0.061182 -0.190568 0.001088 -0.088406 -0.038731 0.084366 -0.082082 -0.007344 -0.015691 -0.073407 0.072333 -0.057944 0.036867 0.045984 -0.094099 -0.025127 -0.038717 -0.005980 -0.031906 0.024798 -0.015180 -0.001114 -0.072390 0.119715 0.021177 -0.021226 0.119528 0.013751 -0.023791 -0.094245 0.028653 -0.052682 0.077314 -0.222353 -0.105447 0.063390 0.033465 0.005279 0.110392 -0.093483 0.081775 0.026987 -0.021144 0.015532 0.016357 -0.136833 -0.039027 -0.083840 -0.026887 0.058226 0.043231 -0.047139 0.110647 -0.025624 0.043376 0.062386 -0.030833 0.048176 0.043057 -0.041618 0.125614 0.026950 0.020337 0.073818 -0.031270 0.021428 -0.027607 -0.037699 0.110952 -0.088521 0.034198 0.070542 -0.036098 0.050828 0.057630 -0.020494 -0.050863 -0.017075 -0.047457 -0.029973 0.016143 0.012015 -0.082178 0.032625 0.030801 0.116998 0.107557 -0.110096 0.051548 0.001877 0.101120 -0.051518 0.039378 0.194144 0.078236 -0.084705 0.016105 -0.185421 -0.076171 0.036291 0.060593 -0.149552 0.082459 -0.056745 -0.133968 0.063461 0.004072 -0.018262 -0.011813 0.051847 -0.024450 -0.048244 0.030598 0.107293 -0.062492 -0.124337 -0.081852 0.008312 0.079308 0.064744 -0.087252 0.074546 -0.022947 0.112493 -0.020689 -0.038558 -0.033605 -0.009025 0.004154 0.063279 -0.051386
1088 -0.008745 0.078085 0.092328 0.002051 0.125671 -0.017745 0.086516 0.059624 0.068445 -0.036877 -0.002956 0.039028 0.062223 0.076281 0.065199 -0.031459 -0.002408 0.092177 0.092076 0.070837 -0.051982 0.081799 0.073885 -0.040138 -0.069333 0.047787 -0.045876 -0.142394 -0.071641 -0.110143 -0.045352 0.000874 0.006075 -0.042442 -0.090870 -0.065441 -0.011558 0.011471 0.037768 0.005960 0.044978 -0.019609 0.010662 0.027344 0.081287 0.055270 -0.099021 -0.049113 0.133423 -0.032189 0.052234 -0.048555 -0.087766 0.040523 0.041430 0.078992 -0.057150 0.017116 -0.121194 0.056295 -0.033345 -0.003317 -0.043645 -0.007189 -0.010045 -0.020368 0.023621 -0.103454 0.015024 0.005537 -0.033904 -0.005237 0.127928 -0.052369 -0.036870 -0.005614 -0.021615 0.005306 0.103419 0.100116 -0.095989 0.111337 0.021214 -0.068083 -0.060759 -0.055042 0.035060 -0.005926 -0.038357 0.045353 0.015129 -0.041950 -0.043509 0.138768 -0.167610 0.076876 0.020618 -0.140750 -0.130529 -0.041913 0.042918 0.086339 0.007280 0.042679 -0.056238 -0.027589 -0.145314 -0.057971 0.011760 -0.107757 0.042938 -0.019594 -0.056113 0.030226 -0.023260 0.061068 -0.059131 0.130980 0.035756 -0.072824 -0.061256 0.211505 -0.016883 0.057591 0.188308 -0.010033 -0.113482 -0.018372 -0.017298 -0.034893 -0.107867 0.027820 0.149541 -0.072498 -0.102411 -0.009034 -0.013364 -0.105073 -0.164911 -0.034045 -0.004434 -0.145303 0.013334 -0.041284 -0.056048 -0.066945 0.067827 -0.107490 0.129087 -0.076481 0.115155 0.025832 0.009919 0.083286 0.075253 -0.044690 0.000367 0.005983 -0.042887 0.033116 0.024985 0.028684 0.021462 -0.039608 -0.002403 -0.109105 0.121637 0.039417 -0.106544 -0.000318 0.002918 -0.109637 -0.002031 0.073164 0.051115 0.021440 -0.175579 0.090078 0.019575 0.019273 -0.006778 -0.087630 -0.093590 0.142667 -0.045879 0.076463 0.037826 -0.056005 0.077514 0.009387 0.012340 -0.103409
1098 -0.038374 0.076969 0.087190 0.092542 0.038752 0.072011 -0.066665 0.020190 0.018099 0.046846 -0.015178 0.119731 0.038046 -0.012746 0.068412 0.012050 0.003539 -0.034759 0.067778 0.092595 -0.030144 -0.115079 -0.019799 0.010082 -0.073084 0.059619 0.002593 -0.022330 0.029398 -0.038299 -0.029965 -0.075010 -0.023146 0.060522 -0.043483 0.030227 0.056414 0.025157 0.009058 -0.021090 -0.076519 -0.014002 -0.114569 0.041239 -0.099186 0.069518 -0.061741 -0.084438 -0.018665 -0.006058 0.048077 -0.029699 -0.047908 0.008876 0.075035 0.065790 -0.014112 0.058317 0.011917 -0.003949 0.073464 -0.003279 0.001849 -0.048316 0.077298 0.006648 0.069628 -0.060231 -0.099082 -0.087506 -0.011612 -0.036845 0.004041 -0.073238 0.039569 -0.180338 0.170015 -0.052745 0.130890 0.050528 0.013676 0.051579 0.085368 -0.046087 0.038375 0.147522 0.051359 -0.033866 0.025174 0.114640 0.092612 -0.052043 -0.019187 0.038551 -0.058379 0.047640 0.080764 -0.072241 -0.055825 0.009601 0.136795 -0.122357 0.044672 0.055375 0.100105 -0.065329 0.042478 -0.040212 0.023577 0.010323 -0.081182 0.047530 0.024648 0.002162 -0.021902 0.099596 -0.012914 0.120564 0.002291 0.032766 -0.074010 -0.013946 -0.067961 -0.051257 0.116551 0.046218 -0.073174 -0.008520 0.040829 -0.094218 -0.094891 0.008225 -0.006561 0.033932 -0.166990 0.086868 -0.057706 -0.082277 0.113922 -0.084393 -0.077370 -0.022609 -0.106690 -0.144309 0.069900 -0.232610 0.130555 -0.053262 0.090361 0.064610 0.120780 0.036860 0.056717 0.044048 0.018395 -0.015723 -0.016767 -0.138340 -0.168794 -0.048483 0.019537 0.045091 -0.007904 0.051401 0.067275 0.101703 0.222704 0.033228 -0.030351 -0.042712 -0.012869 -0.067734 -0.051147 0.094380 0.001428 -0.054842 -0.155848 0.013447 -0.084783 0.158721 0.063699 -0.001987 0.023379 0.010025 0.100007 0.060628 -0.088382 0.024835 -0.044146 0.027958 -0.038284 0.044610
1116 -0.157429 -0.026190 0.032028 0.032732 0.105316 -0.024394 -0.100048 -0.027434 0.016320 0.090740 -0.227127 -0.005311 -0.015872 -0.079603 0.013656 0.011632 -0.023352 0.143916 -0.034371 0.015635 -0.081794 0.012481 -0.014248 -0.014564 -0.043972 0.048510 0.026792 0.007312 -0.074034 -0.082618 -0.062580 0.089090 -0.065895 0.137918 -0.111518 -0.095134 -0.120236 0.040311 0.014857 -0.113971 0.080353 -0.085105 0.006571 -0.052886 0.018919 -0.068732 -0.034340 -0.085432 -0.025319 0.032564 0.011618 0.086102 0.016420 0.053899 -0.020383 0.038741 0.012341 0.064478 -0.079524 -0.043344 -0.113477 0.014630 0.096442 -0.036335 0.051776 0.032634 0.143446 -0.038104 -0.076570 -0.076332 -0.035025 0.066497 0.079062 -0.050652 -0.140166 0.045039 -0.038750 -0.168522 0.052512 -0.047078 -0.089973 0.029575 -0.001856 -0.044820 -0.082599 -0.028665 0.008865 -0.007490 -0.117819 -0.007052 0.000074 -0.045984 0.015618 -0.021494 -0.007897 0.004321 0.088950 -0.009246 -0.039663 -0.053161 0.051106 0.006974 -0.048965 0.131497 0.044844 -0.090063 0.032162 0.043800 0.008212 -0.011520 0.038947 -0.030811 -0.081369 -0.032796 0.086165 0.050682 -0.057428 0.010492 0.073229 0.090686 -0.094392 0.047720 0.039069 0.003538 -0.027877 -0.095968 0.024288 -0.028063 -0.009121 0.163504 -0.143670 0.013477 0.069943 0.061766 -0.174657 0.067681 0.018948 -0.008761 -0.019195 -0.110993 0.076282 -0.106903 0.001328 0.007444 0.026269 0.040882 -0.008933 -0.035612 -0.013891 0.083041 -0.013257 -0.065023 -0.021799 -0.009958 0.017327 -0.041672 0.092852 0.029533 0.033859 -0.067198 0.031165 -0.062236 0.076359 0.036871 0.070114 -0.048858 -0.049827 -0.073367 -0.025004 0.064229 -0.013719 -0.150966 0.002194 0.113023 0.054056 -0.093083 -0.064057 -0.044312 -0.129399 0.041930 -0.182402 -0.094280 -0.035594 0.014331 -0.052046 -0.183687 -0.165887 -0.012920 0.002855 0.188191 0.054040 -0.104151
118 0.075436 0.001303 0.141287 0.006058 -0.031611 -0.024259 0.010770 0.174336 -0.088580 -0.063567 0.075521 0.006735 0.120228 0.017160 0.043133 0.092968 0.030534 0.012327 -0.093324 0.035182 0.027096 0.078101 0.019961 0.106548 -0.002689 0.013871 -0.109758 -0.085978 -0.041032 0.076071 -0.068014 0.011763 0.053364 -0.017167 0.048847 -0.142375 0.028132 -0.208951 0.082283 -0.067300 -0.109129 0.010267 -0.108009 -0.012244 -0.014089 -0.004848 0.056125 -0.019487 -0.012072 0.024292 -0.093327 0.161415 0.047071 -0.016854 0.025869 -0.033808 -0.104044 -0.018825 0.005270 0.000491 0.044303 0.107606 -0.166545 0.104856 -0.026579 0.023456 0.047795 -0.086235 -0.116905 -0.168736 0.047852 0.050055 0.001976 -0.106260 0.006193 -0.087395 -0.150247 -0.002236 -0.080834 0.021076 0.038023 0.026599 0.023052 -0.101161 0.165384 0.078143 -0.096589 0.072462 0.035003 0.002750 -0.058241 -0.061210 -0.006972 0.104943 -0.052741 -0.145424 0.013902 -0.055343 -0.055265 0.092351 0.086139 0.043051 0.066881 -0.122603 -0.070476 -0.033693 -0.007633 -0.059602 0.019432 0.018006 0.028307 -0.043154 -0.031629 -0.017202 -0.034908 -0.002912 -0.051736 -0.055125 0.038169 0.130695 -0.053075 -0.046382 -0.019647 0.005151 0.127406 0.072723 -0.027862 -0.101086 -0.067407 0.082398 -0.058900 -0.046183 0.081166 -0.040926 -0.022312 -0.017715 -0.135232 0.060912 -0.067764 0.008152 0.052190 -0.054216 -0.180849 -0.057178 0.008857 -0.029150 0.048737 -0.107059 0.007640 0.074646 0.027493 0.046408 0.114442 -0.061970 0.071683 0.057270 0.110664 0.081646 0.025532 -0.117380 -0.015297 -0.005559 -0.073731 0.001531 -0.077959 -0.188773 0.008917 0.016746 -0.026670 0.043954 0.020634 0.060269 0.021764 0.000073 -0.049641 0.013164 0.041607 -0.071270 0.143205 -0.043085 0.042106 -0.060763 0.007591 0.042862 0.022804 0.033008 -0.008358 -0.065406 0.052767 0.028186 -0.056432 -0.100636
1183 -0.027975 0.015098 -0.005079 -0.006614 -0.013901 -0.088063 0.131308 0.052833 -0.064806 0.065422 -0.087509 0.111574 0.053287 -0.040565 0.015763 -0.094575 0.001889 0.041087 -0.112429 -0.085954 -0.037019 -0.023532 0.163766 0.058797 -0.116116 0.049223 0.048856 -0.024407 0.049646 -0.082151 0.021379 -0.007281 0.013954 0.061579 0.031226 -0.121515 0.107272 -0.062866 0.001559 0.149277 -0.063147 0.093065 0.167566 0.010220 0.147003 -0.077309 -0.033525 0.023103 0.009321 -0.064113 -0.025656 0.068510 0.003449 -0.027182 0.127514 0.103618 -0.042317 -0.129475 -0.047271 -0.034927 0.057412 0.035562 0.034514 0.106460 0.091469 0.029377 0.061806 0.039946 0.067598 -0.096775 -0.063194 0.107080 0.122485 -0.098812 -0.014952 -0.027087 0.026580 -0.104198 -0.150786 0.083661 -0.039137 0.124067 0.033964 0.017086 0.098779 -0.005795 0.015238 -0.071712 -0.023152 0.047784 0.061341 -0.015288 0.043865 0.054027 -0.054475 0.080531 -0.035446 -0.178282 -0.068160 0.092240 -0.014583 -0.117273 0.004389 0.091056 0.001425 0.052089 -0.027306 -0.002241 0.004145 -0.060609 -0.136257 -0.036479 0.040990 -0.053593 0.092518 0.117435 -0.062465 0.096399 0.031084 -0.064597 -0.012748 0.167474 -0.001016 0.156437 0.003820 0.081777 -0.017621 -0.085212 0.028115 -0.049654 -0.039817 -0.006150 -0.007056 0.059435 -0.118995 -0.011143 0.105871 0.005798 -0.033647 -0.058823 -0.102011 -0.142780 0.062886 0.046341 0.014574 -0.014277 0.081135 0.058959 0.083895 0.034677 0.013430 0.047695 0.061491 0.006042 0.029304 -0.050950 -0.048897 0.080569 -0.048953 0.025090 0.043981 0.025147 -0.032310 0.169068 -0.000928 0.182502 0.102444 0.013669 -0.105600 -0.035561 0.062235 -0.022925 0.034079 0.043968 0.031281 -0.035465 0.044538 0.009666 0.061634 0.061568 0.088262 -0.078900 -0.038084 0.003330 0.042630 0.073687 -0.043891 -0.020819 0.027404 -0.112198 -0.021221 0.077965
1235 0.010892 0.016416 0.130773 -0.008977 -0.014420 0.015390 -0.141660 0.071770 -0.057990 -0.072219 0.063801 0.112309 0.097526 -0.036725 -0.025541 -0.005279 -0.029777 0.056372 -0.143992 -0.159256 -0.004856 0.062373 -0.074534 0.014193 0.112889 0.027807 0.096061 -0.109796 0.095332 -0.020929 0.043345 0.083714 0.003781 0.120778 0.089081 -0.002384 -0.000287 -0.024806 -0.040785 0.091563 0.005622 -0.064686 -0.051348 0.033603 0.035986 -0.063236 -0.029160 -0.165707 -0.012576 0.023829 0.039181 0.051063 0.114641 0.029151 0.069582 0.005607 -0.063524 0.017352 -0.057452 0.026845 0.069274 -0.059434 0.014447 0.023775 0.177885 0.039858 -0.032910 -0.041572 -0.174540 -0.111014 -0.092810 -0.005482 -0.009636 -0.076144 0.029522 -0.054864 -0.000491 -0.017949 -0.040692 0.116828 0.018917 0.025795 -0.064617 -0.050041 0.054921 -0.019592 0.043715 -0.027275 -0.161298 -0.063313 -0.083163 -0.073838 -0.018979 0.035528 -0.129725 -0.089176 0.117799 -0.023494 -0.039391 -0.013638 0.042421 0.035329 0.020512 -0.110581 0.057052 -0.223810 0.097253 0.008751 0.019643 0.089419 0.135433 -0.113305 -0.073491 -0.021770 -0.093785 0.060538 -0.072019 0.131121 0.066852 0.018943 0.107969 -0.079256 -0.034603 0.076257 -0.103265 0.056628 0.056867 -0.045442 0.005079 -0.037236 -0.025953 0.178909 0.002375 -0.041112 -0.029934 0.070984 0.104839 -0.044263 -0.066626 -0.044311 0.043302 -0.041817 -0.047825 0.025089 0.041538 -0.016767 -0.004306 -0.006952 -0.018294 0.123196 -0.047902 -0.187366 -0.078998 -0.142715 0.026514 -0.016341 -0.014192 0.008970 -0.032096 0.124969 0.086509 0.068659 0.010411 -0.003416 -0.034644 -0.014412 0.014156 -0.029201 -0.030084 0.048977 0.051010 -0.008893 -0.053119 -0.065408 -0.061346 -0.057809 -0.055679 -0.069640 -0.071169 -0.002919 0.113782 0.066294 -0.002650 -0.046072 -0.050954 -0.025745 -0.033152 -0.018050 -0.084424 -0.125231 -0.057681 0.078350
1246 -0.028909 0.072884 0.104065 0.050392 -0.017204 -0.008901 0.122367 -0.018424 -0.012370 -0.050275 0.019590 0.115319 0.063777 0.096194 0.013526 0.115926 0.047637 0.031583 -0.014553 -0.024128 -0.143085 -0.008141 0.120112 0.139619 0.032127 -0.035659 0.013122 -0.083604 -0.108614 0.025896 0.005204 -0.052140 -0.007111 -0.001246 -0.040424 -0.008284 0.079639 -0.040914 -0.019624 -0.119582 -0.068170 0.036065 -0.000800 -0.033725 0.052146 0.002955 0.076174 0.010128 0.010208 -0.112410 0.056824 0.005509 -0.124456 -0.043135 0.005685 0.005629 -0.007293 0.067072 -0.022400 -0.016714 0.115717 -0.040626 -0.088330 0.122390 -0.007223 0.025786 0.070284 -0.067574 0.091264 -0.016115 -0.140288 0.018154 -0.010889 -0.152419 0.038558 -0.016999 -0.011146 -0.086357 -0.041369 0.015737 -0.000798 0.030473 0.109257 -0.085343 0.095681 0.101371 0.044776 -0.025448 -0.020445 0.036923 0.018134 -0.007164 -0.123459 0.025694 -0.098927 -0.018823 0.103865 0.013520 -0.081734 -0.017111 0.096456 -0.157552 0.146161 0.063082 -0.017053 -0.130636 0.027494 -0.160969 0.014793 0.011474 -0.085529 0.043599 -0.011168 0.061030 -0.039567 -0.064927 -0.170387 0.092890 -0.017337 0.008549 0.118132 0.077914 -0.005432 0.005699 -0.007191 -0.026463 -0.022793 0.032055 -0.029792 -0.029830 -0.051027 0.097840 -0.024472 0.025478 -0.123945 -0.133674 -0.028781 -0.129845 0.018621 -0.048247 -0.034673 -0.154134 -0.071319 -0.080558 -0.020270 0.054188 0.187102 0.000094 0.106460 -0.132767 0.008984 0.012067 -0.009972 0.018167 0.107538 0.017225 0.014733 0.030419 -0.021238 -0.128326 -0.019748 -0.136688 0.027831 0.048161 0.004132 -0.216359 0.128014 0.026613 -0.025559 0.047189 0.081160 0.051908 0.017834 -0.051727 0.015069 0.059300 -0.016828 -0.077000 -0.013434 0.025086 0.060950 -0.014035 -0.068610 0.020389 -0.055433 0.121784 0.054582 -0.098665 0.095906 -0.047615 -0.030899 -0.096208
125 0.025630 0.045203 0.120330 0.040339 0.029199 0.006966 0.028235 -0.065829 -0.011051 0.016687 -0.203392 -0.021683 0.084667 -0.031314 0.047596 -0.038423 -0.075198 0.062322 0.032090 0.058016 -0.082728 -0.114199 -0.063194 -0.014406 0.128673 0.046321 -0.062639 -0.166457 0.029056 -0.065223 0.021044 0.006303 -0.090258 -0.011250 0.021986 -0.054577 -0.049777 0.085034 0.069848 -0.043305 -0.023942 0.004975 -0.011856 -0.035613 0.093794 -0.095779 0.003627 -0.165815 0.015725 -0.077433 -0.042995 0.183451 -0.024687 -0.012781 0.126056 0.055446 0.037702 0.024432 0.014577 0.040431 0.088463 0.055491 0.053387 -0.017981 -0.013141 0.116295 -0.002640 -0.066429 0.062966 -0.083751 0.020096 0.038096 0.065421 -0.079088 -0.205923 -0.081879 0.040241 -0.127314 0.012057 0.032374 0.008132 -0.070540 0.010067 -0.105937 0.108077 0.006074 0.092119 0.073711 -0.134235 0.043595 0.000663 0.034525 0.021256 0.139997 -0.129473 0.044032 0.037859 -0.108957 -0.112252 0.039458 -0.007886 -0.093110 0.032622 -0.039545 0.108958 0.031650 -0.037545 -0.090418 0.099877 -0.018280 -0.002661 -0.093983 -0.035856 -0.115898 -0.017936 0.009239 -0.075770 0.114429 -0.100043 0.116050 0.033872 0.002222 -0.109306 0.027736 -0.033399 -0.133842 -0.099199 -0.069370 -0.026715 0.096529 0.013249 0.011179 0.070293 -0.031525 -0.175975 0.016951 -0.039775 0.035103 -0.090700 -0.137958 -0.116017 0.007711 -0.018889 -0.012413 0.067044 -0.112317 0.007809 -0.022070 0.058235 -0.075547 -0.015117 0.003793 0.098428 0.032186 -0.009254 -0.022568 0.035158 0.030981 -0.148741 0.076909 0.022404 -0.147473 0.053626 0.005130 0.094117 -0.016670 -0.078666 -0.048098 -0.071338 -0.016982 0.015786 -0.053796 -0.052073 -0.018687 -0.061338 -0.061809 0.067311 0.023220 0.075385 0.041346 -0.034906 -0.012152 -0.004158 -0.010442 0.021679 0.005793 -0.125426 0.021871 0.020942 0.016245 0.138730 0.048329
1263 -0.007386 0.072618 -0.002533 -0.025813 0.023369 0.016581 0.006436 -0.039590 -0.187027 -0.076830 -0.007555 0.001119 0.111857 -0.037186 0.027542 -0.041959 0.011054 0.023416 -0.023691 -0.009185 0.074918 -0.130929 -0.002085 0.038784 0.045035 0.074387 0.042474 0.063352 0.007168 -0.103887 -0.007555 -0.063430 0.039190 -0.027647 -0.003970 -0.069620 0.053223 -0.067765 -0.096788 -0.172979 -0.091980 0.051960 -0.017379 -0.094952 0.066565 -0.033432 -0.076044 0.021863 0.093240 0.019597 0.036823 -0.062962 -0.023829 0.098571 0.031254 -0.040885 -0.067257 -0.100031 0.105368 0.074136 0.164064 0.067320 0.063727 0.054944 -0.046397 0.127044 0.140874 -0.089998 -0.015042 0.013381 -0.022574 0.038001 -0.001884 -0.132203 -0.031613 -0.044357 -0.025162 -0.069238 0.057955 -0.117516 0.062176 0.134503 -0.049333 0.074990 0.065731 0.165785 -0.006334 -0.018675 -0.009670 0.128209 -0.019404 -0.012556 -0.011346 0.123317 -0.064422 -0.009703 0.083831 -0.018633 -0.111798 0.174969 0.138949 -0.009918 -0.041257 -0.041395 -0.102303 -0.059956 0.010986 -0.031663 0.078963 -0.038457 -0.031125 0.044910 -0.067658 -0.026621 -0.007260 -0.043220 -0.118803 0.074330 0.097428 0.065759 -0.000825 0.016500 -0.047489 0.081925 -0.014092 -0.047812 0.046410 -0.078855 -0.056202 -0.055826 0.073897 -0.023059 -0.114036 0.037274 -0.106168 -0.046565 0.053585 -0.010227 0.076146 -0.105914 0.021454 -0.113168 -0.074525 -0.051941 -0.058369 -0.092883 0.071194 0.038945 0.158980 0.020680 0.002133 0.033614 0.005776 0.069521 0.022601 0.027169 0.098823 -0.011015 -0.070294 -0.074443 -0.000471 0.031573 -0.040849 0.002936 0.181998 0.115615 -0.002394 -0.007388 0.038889 0.050612 -0.006174 -0.085886 -0.052868 0.004042 0.185959 0.086425 -0.025977 -0.068508 -0.109962 0.073426 -0.003201 -0.139975 -0.077463 0.021973 -0.026618 -0.028661 -0.182619 0.025614 -0.018058 0.047977 0.007150 -0.021257
1334 0.013011 -0.034565 0.081953 0.034431 0.053114 0.003563 -0.143642 0.025975 -0.105929 -0.108170 -0.043304 -0.052890 -0.004328 -0.024173 0.114836 0.013976 0.085894 0.022773 -0.083558 0.067524 -0.042656 -0.064622 -0.060086 -0.106644 -0.070256 0.057208 0.062092 0.085589 0.054236 0.034539 0.036273 0.004964 -0.101495 -0.202097 -0.040116 -0.067624 -0.070661 0.089068 -0.001825 -0.141568 0.039089 -0.046892 -0.110546 -0.111557 0.050686 -0.180444 0.062788 -0.043253 0.027524 -0.015495 -0.053742 -0.028610 0.134566 -0.020670 0.101995 0.130340 0.040650 -0.076849 -0.033890 0.086146 0.111691 0.036745 -0.018988 0.093467 -0.017125 -0.026346 0.038846 0.041964 -0.034110 0.014696 -0.020636 0.048597 0.109495 -0.013694 0.040279 0.069602 -0.139218 -0.130637 0.063421 0.014654 -0.019994 0.121583 0.091405 -0.072193 -0.015060 0.123880 0.066665 -0.071082 -0.093222 -0.113395 -0.075295 -0.161421 0.051935 0.084449 -0.023785 0.093782 0.059639 -0.179637 -0.023158 0.010063 0.011031 -0.058784 0.067799 0.039173 -0.005441 0.120190 0.025459 -0.037061 0.097574 0.068073 0.078115 -0.058255 0.061240 -0.011875 0.002227 0.017487 -0.054933 0.099419 0.000841 0.140523 -0.105689 0.043074 0.072351 -0.039062 -0.005967 -0.063726 0.097899 -0.153033 -0.096761 0.056755 -0.012928 0.023875 -0.043891 -0.020791 0.078263 -0.113931 0.025185 0.034075 0.059495 0.004240 -0.112544 -0.065249 0.037412 -0.099910 -0.003035 0.053162 0.115444 0.113350 -0.102949 0.113635 0.039095 0.065491 -0.102591 -0.031813 -0.025861 -0.038339 0.055659 0.009344 -0.016686 0.070537 -0.053558 -0.041608 0.070367 0.041895 -0.045457 0.020822 -0.063189 -0.031776 -0.062052 0.002446 -0.070234 -0.009362 0.101124 0.045848 0.017178 -0.012207 0.037643 -0.103724 -0.005024 -0.099322 0.009721 0.009518 -0.096768 -0.005204 0.080785 0.020698 -0.033329 0.019630 -0.001851 -0.055879 0.034200 0.050814
1355 0.057795 0.090795 0.039092 -0.001151 -0.024697 0.064553 -0.039934 -0.131244 -0.076120 0.037187 0.121732 0.085106 0.044353 -0.121140 0.178397 -0.097449 0.050508 0.083401 -0.021836 0.011303 0.101676 -0.051140 -0.073271 -0.080983 -0.092558 0.112550 0.075348 0.027807 0.122073 -0.003025 0.001745 -0.017579 0.127759 0.134597 0.060977 -0.023526 0.060440 0.040559 0.013871 -0.060520 -0.073251 -0.056446 -0.064588 -0.081361 -0.159848 0.050115 0.093227 -0.038826 -0.047804 -0.025659 -0.041334 0.054295 0.063307 -0.009466 0.038279 -0.001026 -0.003534 0.059912 0.018961 -0.051216 -0.007646 -0.084953 -0.078372 -0.028209 0.080769 0.005098 0.045563 -0.019698 -0.071318 0.006637 0.022602 -0.015293 0.003826 -0.018779 0.097727 -0.165806 0.020734 -0.097625 0.061789 0.022588 -0.100719 0.009143 0.156020 -0.023767 0.093753 -0.006438 0.011078 0.159705 0.010233 -0.163663 0.148587 -0.014823 0.074021 -0.003012 0.011861 0.025687 0.061141 0.033812 0.063405 -0.067252 -0.113525 0.050432 0.166813 0.078713 0.013279 0.043318 0.023850 -0.140435 0.010168 0.006667 0.002045 -0.042055 -0.020656 -0.087908 0.065346 0.133648 -0.032811 -0.100009 0.022121 0.071445 0.011998 -0.061975 0.078342 -0.030184 0.050144 -0.064599 0.046129 0.006244 0.044459 -0.087056 -0.069804 0.048661 0.007733 -0.042578 0.000989 0.055272 0.089646 -0.082718 -0.092955 -0.091914 -0.154487 -0.095143 -0.004936 -0.023416 0.136005 -0.060658 0.009318 -0.099712 -0.071429 -0.040123 0.054607 0.025847 0.046988 -0.103720 0.121182 -0.057355 0.071590 -0.009063 0.025271 -0.040813 -0.076279 0.002346 -0.035358 -0.055590 -0.042155 -0.068009 0.108421 0.019707 -0.031811 0.083349 0.094300 -0.014564 0.066177 -0.021600 -0.043420 0.005122 0.049970 -0.172939 0.034640 -0.097994 0.006414 -0.006916 0.059051 0.141342 0.005357 0.025869 0.009874 -0.093865 -0.068195 0.072832 0.053465 -0.056541
1363 0.139413 0.070309 -0.044095 -0.028099 -0.018090 -0.021853 -0.088688 0.087769 0.080232 -0.020892 -0.116953 0.110041 0.095856 -0.143657 -0.063641 0.133899 0.077076 -0.065410 -0.110524 -0.026641 -0.005312 -0.078785 -0.009573 0.028078 -0.151638 0.107439 -0.031694 0.038589 -0.088467 0.001160 0.100190 0.059858 0.047442 -0.024046 0.054796 0.027866 -0.040404 0.079257 0.051982 -0.103600 -0.000004 -0.016825 0.000348 -0.002979 0.054373 0.020061 0.073397 -0.011548 0.052376 0.044167 0.020414 0.107941 -0.039797 -0.006103 -0.167459 0.041114 -0.127370 -0.067949 0.027369 0.090282 0.100400 -0.070944 0.019567 0.003770 0.003736 -0.069510 0.146348 0.013828 -0.088281 -0.102498 -0.159216 0.053421 0.036100 -0.071022 0.090625 -0.093738 0.033023 0.019862 0.064749 0.051742 0.014030 0.043073 -0.017806 -0.091754 0.045419 0.036981 0.022800 -0.046765 -0.076457 0.057557 -0.065913 -0.009174 0.033468 0.073033 -0.038265 -0.089069 0.023801 -0.031072 -0.014936 -0.025459 -0.005712 -0.056376 0.113328 0.146658 0.044388 -0.098383 -0.037447 0.043907 -0.129240 -0.033571 -0.051827 0.055051 0.028571 -0.037484 -0.021622 0.109933 -0.137503 -0.022163 0.027732 0.043684 -0.103090 0.045950 0.026299 -0.060086 0.043933 -0.012692 -0.059839 0.016681 0.017090 -0.043801 -0.079988 -0.036539 0.119440 -0.140693 0.012074 -0.029331 0.019194 -0.008650 -0.044769 -0.073991 0.049514 -0.044399 -0.113394 0.110400 0.006349 0.115473 -0.044223 0.091408 -0.076674 -0.011813 -0.023913 0.063085 -0.019693 0.116428 0.094268 -0.057259 -0.127940 -0.105067 -0.048358 -0.021337 -0.129448 0.041972 -0.057365 -0.003864 -0.056935 -0.151089 -0.030791 -0.024346 0.029851 -0.022301 0.061701 0.072553 -0.133031 -0.001126 -0.107875 -0.061618 -0.090452 0.010086 0.093651 -0.090321 -0.063177 -0.001004 -0.176497 -0.040977 -0.009501 0.057543 0.079365 -0.068265 0.050948 -0.121085 -0.061427 -0.006226
1447 0.056332 -0.071515 0.024613 0.014127 0.033406 -0.076591 -0.079352 0.045391 -0.019389 -0.119163 -0.134018 0.229967 -0.071841 -0.060966 0.013912 0.021188 0.037369 0.027416 -0.101989 -0.046460 0.049322 -0.062441 -0.026065 -0.008352 0.014594 0.015960 -0.063462 0.055007 -0.066976 -0.004109 0.012496 0.068536 -0.079901 -0.007663 0.099737 0.088937 -0.036561 0.010109 0.019216 0.093765 0.009805 -0.015860 0.002827 0.013585 0.037361 -0.097667 0.105878 -0.101638 0.029418 0.022460 0.020200 0.044264 -0.052087 -0.076047 -0.000152 0.043548 -0.163577 -0.041988 0.042766 0.124191 0.143206 0.001633 0.104112 0.007990 0.112846 -0.036850 0.016561 0.064225 0.034534 -0.171484 -0.109081 -0.025135 0.048276 -0.072547 -0.053101 -0.001769 0.137950 -0.008870 0.102074 0.136578 0.073299 0.060130 -0.020877 -0.065481 0.143061 -0.021036 0.057649 -0.021523 -0.147425 0.046623 -0.043432 0.006558 0.047396 0.020866 -0.016584 -0.021197 0.090143 0.060966 -0.104056 -0.049906 0.023874 -0.065860 0.091614 0.062177 0.014308 0.016080 0.039954 -0.072859 -0.061582 -0.105493 -0.014026 0.018569 0.092377 -0.068318 -0.119517 0.015369 -0.070804 0.014816 0.068515 0.117662 -0.037769 0.049568 0.050524 -0.086753 0.084510 -0.015786 0.009488 0.026900 -0.029534 -0.117155 0.010661 0.040419 0.043482 -0.089442 -0.140902 0.090482 0.060913 -0.082268 -0.061561 -0.095010 0.050605 -0.024992 -0.120986 0.022678 -0.032800 -0.071631 -0.020768 -0.020735 0.013337 0.008254 0.129021 -0.114335 0.000387 -0.015889 0.039436 0.014839 -0.163974 -0.034784 -0.109692 0.059527 0.019161 -0.049530 -0.027425 -0.184179 -0.106904 -0.045166 -0.146758 0.039256 0.080460 -0.012809 0.189548 0.060234 -0.139750 -0.070348 -0.011523 -0.028262 -0.032470 -0.015292 0.078103 -0.005359 0.032997 -0.085972 -0.011019 -0.012016 -0.092656 -0.038672 -0.056194 -0.025454 -0.031711 -0.019772 0.016887 0.004486
1455 0.005462 0.089015 -0.011732 -0.021894 -0.016719 -0.133730 0.099853 0.009509 -0.037052 -0.257554 -0.108115 0.152938 0.146551 -0.112448 0.094777 -0.154458 0.029288 -0.089853 0.023790 -0.073593 -0.030759 -0.045392 0.072307 0.025679 0.056463 0.012197 -0.052985 -0.061846 0.061480 0.042409 0.081147 -0.032817 0.059595 0.027436 -0.041982 -0.060156 0.079409 0.001914 0.027644 -0.013467 0.078241 -0.117828 -0.127827 -0.057408 0.071913 0.021894 -0.083095 -0.054005 -0.060883 -0.009127 -0.003239 -0.006227 0.020639 0.015266 -0.057725 -0.030433 -0.004229 0.020785 0.086787 0.091201 0.042719 -0.051556 -0.090360 0.008160 0.006126 -0.070886 -0.047315 0.002856 -0.020077 -0.083402 -0.199401 0.040128 0.002282 -0.055075 0.114449 -0.041872 -0.007240 0.019369 -0.016181 0.005993 0.151014 -0.111840 0.053206 -0.116986 0.110251 0.014301 -0.014108 0.121591 -0.026038 -0.036568 -0.116200 -0.021800 0.045765 0.030579 0.117082 -0.017664 -0.044992 -0.000628 -0.038941 0.033487 0.055633 0.041803 0.008132 0.027686 0.073966 -0.078281 0.205480 -0.043563 0.025457 0.033612 0.062508 -0.058274 -0.030293 0.172647 0.037785 0.048704 -0.031744 0.037437 0.127632 -0.068483 -0.032244 -0.031610 -0.040465 -0.087798 0.047858 0.068879 0.091914 -0.114100 0.007399 0.045351 -0.006677 0.043944 -0.011275 0.016918 0.065710 0.017749 -0.127265 0.089652 -0.017879 -0.034157 -0.070738 -0.042419 -0.052769 0.020881 -0.054273 0.029204 0.178500 -0.078526 -0.082964 -0.032580 0.059270 -0.051455 -0.109394 -0.027276 0.065589 -0.049102 0.122265 0.049037 -0.035030 0.029241 -0.052894 -0.070723 -0.001831 -0.059605 -0.026493 -0.085614 0.056788 0.024167 -0.044700 -0.023126 0.139258 0.104839 0.000913 -0.070876 0.064187 -0.054227 0.068570 0.003912 0.150329 0.056987 0.003347 0.010181 0.007497 0.097958 -0.022822 0.079466 0.041560 0.000442 -0.061844 -0.007778 0.016880 -0.126010
150 -0.077794 0.035952 -0.078900 -0.057234 0.063988 -0.009119 0.130255 0.049157 -0.003415 -0.158819 -0.102569 0.036767 0.071475 0.015129 0.012337 0.084909 0.122703 -0.119537 0.050395 0.051962 0.022125 -0.087842 0.076179 -0.009710 -0.028175 0.022542 -0.061397 -0.105846 -0.129973 -0.091996 0.011579 -0.054912 -0.015566 0.015835 -0.070621 -0.053648 -0.002075 0.006208 -0.068407 -0.129403 0.042071 -0.080349 -0.014461 0.154708 -0.034197 0.061102 0.000845 -0.048853 0.082192 -0.081163 -0.028074 -0.032571 0.026926 -0.031424 -0.008884 0.051688 0.018649 -0.007019 0.044290 0.028309 -0.019811 -0.100802 -0.056824 0.013139 0.004341 -0.024492 0.103729 -0.090288 0.158503 -0.111314 0.021040 -0.029012 -0.135984 0.045077 0.049632 -0.060142 -0.015048 0.004857 0.095452 -0.026586 0.014917 -0.022386 0.062096 -0.008613 0.075624 0.112541 0.001589 -0.096455 0.012287 0.067153 -0.017686 0.020399 -0.042642 0.045026 -0.031316 -0.035023 0.064951 -0.067569 -0.097292 0.104438 0.013352 0.089196 0.079369 -0.129251 -0.036624 -0.030508 -0.006232 -0.120210 0.003281 -0.089447 -0.150712 0.057702 -0.053051 -0.067366 0.001573 0.010148 0.040423 -0.081865 -0.059380 0.028444 0.162840 -0.018315 -0.067427 -0.178146 0.044769 0.097355 0.002815 -0.155894 -0.089369 -0.061736 0.032151 0.088828 0.041623 -0.121637 -0.092562 -0.126049 -0.011247 -0.064549 0.065449 -0.006511 -0.013117 -0.013011 -0.026407 -0.146351 -0.056453 0.076492 -0.058067 -0.067249 -0.014992 -0.092488 0.016692 -0.015857 0.012486 0.109836 0.056678 0.006076 0.007736 -0.147129 -0.049434 0.027121 0.064612 -0.024353 0.012206 -0.018021 0.037078 -0.105283 0.049724 -0.033204 -0.035084 -0.092115 0.144970 0.140478 0.017937 0.014875 0.102180 0.071275 -0.163067 -0.085837 0.029643 -0.019144 -0.146390 -0.119163 -0.083493 0.016302 0.065197 0.044000 0.030035 0.010540 0.026375 -0.064384 -0.041714 -0.045492
1502 0.031949 0.041958 0.046836 0.075348 -0.068268 0.001046 -0.063170 0.037043 -0.052551 -0.074143 -0.190137 0.026496 0.093876 0.023884 0.065695 0.027068 -0.022212 -0.096903 -0.076197 -0.021930 -0.038843 -0.014844 -0.000060 -0.069412 -0.001055 0.034559 0.016164 0.046520 0.058526 -0.081407 -0.078303 0.046878 -0.091258 -0.014928 0.153530 -0.032131 -0.075763 0.025234 -0.005456 -0.054051 -0.091741 0.013447 0.054705 -0.041119 -0.001295 0.049874 -0.010117 -0.068739 0.016371 -0.042689 0.043414 0.022902 -0.065487 0.041363 0.040453 0.037221 -0.173809 0.011378 0.018735 0.106981 0.143731 -0.107470 0.020327 -0.046862 -0.108811 -0.011533 0.042806 -0.030796 0.007401 -0.167348 -0.010912 0.111540 -0.034708 -0.080355 0.058989 -0.032339 0.092599 -0.019881 0.008663 0.040670 -0.100372 0.191885 0.079192 0.064681 0.091978 0.067502 0.049807 0.080631 -0.098419 0.183346 0.069501 -0.070138 -0.038540 0.076622 0.017649 -0.013121 0.124287 0.002548 -0.051306 -0.060402 0.064501 -0.027283 0.065577 0.013108 0.089530 -0.110141 0.046847 -0.083718 -0.046501 -0.058822 -0.057062 -0.048770 0.097469 -0.121225 -0.087895 0.008529 -0.032474 -0.021463 0.035952 0.105575 0.000077 -0.164888 -0.090930 0.064965 0.066270 -0.013382 -0.051790 -0.069238 0.012465 0.048211 -0.002773 0.016120 -0.045953 -0.053750 -0.091350 -0.048521 0.022817 -0.103817 0.065033 -0.037841 0.046781 -0.130074 -0.089066 -0.059153 0.019312 0.058590 -0.000052 0.006882 -0.021162 -0.031268 -0.025523 -0.063690 0.053840 -0.061584 0.076850 0.074762 -0.073859 0.009109 -0.151551 0.002220 0.050275 -0.066362 -0.009555 -0.069428 -0.127898 -0.079752 0.082468 -0.043071 0.019121 0.013508 0.192234 -0.027198 -0.075071 -0.040119 0.044563 0.073841 0.026435 0.056239 0.050971 0.101494 0.008044 -0.183993 0.004204 -0.061850 -0.113488 0.047934 0.043791 0.050020 -0.161736 0.040102 0.098701 0.056720
1553 -0.058974 -0.064215 0.143872 0.145409 0.041912 -0.084427 0.056562 -0.100890 -0.032403 -0.141650 -0.043187 0.048927 0.044655 0.028870 0.021403 -0.023916 -0.101493 0.128220 -0.002384 -0.051240 -0.054677 0.042404 0.077642 0.039985 0.109208 0.052190 0.050720 -0.082923 0.105328 -0.003878 -0.053758 -0.058721 -0.029155 0.011115 0.025384 -0.065277 -0.031487 -0.054819 -0.009541 -0.013238 0.018764 0.076660 0.043935 0.013727 0.003070 -0.086925 -0.028424 0.040274 -0.039913 -0.139248 0.106259 0.089040 -0.028888 -0.060455 0.127871 -0.002124 -0.086503 0.025217 -0.004766 -0.032037 0.169066 -0.034775 -0.022325 0.052579 0.021433 0.001047 -0.039782 -0.040810 0.044487 -0.010244 -0.083812 0.026106 -0.018272 0.020994 -0.003127 -0.071106 -0.004343 -0.064573 -0.123111 0.180562 -0.054482 0.011588 0.027672 0.130373 0.154007 0.095760 0.031585 -0.036013 -0.001533 0.080049 0.072061 -0.200497 -0.006305 0.034931 -0.059648 -0.021932 0.111461 -0.065876 -0.102313 0.118435 0.014954 -0.112463 -0.004989 -0.111094 0.045777 0.013789 -0.075378 0.004933 0.009104 0.009387 -0.050853 -0.042622 -0.037277 0.026421 0.097288 0.013627 -0.008265 -0.029574 -0.028413 0.133075 0.056000 0.008820 0.002197 0.127740 0.077239 0.039689 -0.026028 -0.004365 -0.039918 0.125120 0.027665 0.063490 -0.044138 -0.160374 -0.168905 0.028196 0.083332 0.071029 -0.051875 -0.032987 0.036252 -0.107786 -0.031008 -0.001781 -0.091954 0.031790 -0.038606 0.007428 0.019466 -0.131287 0.121512 -0.154605 0.000656 0.016103 0.055734 -0.123630 0.038364 -0.057839 -0.029751 -0.119212 0.003510 -0.048891 0.124643 0.075031 -0.020185 0.058803 -0.039858 -0.048142 -0.164112 0.060995 0.078348 -0.095376 0.016727 0.052167 -0.106964 -0.017896 -0.000218 -0.065326 0.099245 0.068979 -0.028747 -0.121758 -0.061838 -0.011066 -0.025945 -0.054746 -0.036218 0.013367 0.071313 -0.040280 0.064005 0.022695
1578 -0.133390 0.104892 0.064967 0.092534 -0.029208 0.001651 -0.024219 0.046453 -0.010516 0.004344 -0.151996 0.025327 0.029288 -0.060684 -0.032987 -0.070104 0.115293 0.078288 -0.160823 0.001663 -0.051150 -0.041252 0.095762 0.000248 0.002654 -0.031318 -0.061063 -0.041566 0.096849 -0.021489 0.010457 0.010854 0.018714 0.099336 0.146949 -0.150444 0.046203 0.035705 -0.009485 0.003781 -0.002756 0.046034 0.037573 -0.048811 0.098326 -0.023608 -0.104350 -0.097742 0.018389 -0.029790 0.012295 -0.012030 -0.008694 -0.035451 0.151329 0.019068 -0.076896 0.088303 -0.171759 -0.079392 0.062083 0.000135 0.041035 -0.030816 0.078726 0.130210 0.085944 -0.077569 0.030804 -0.013908 -0.109405 -0.002269 0.067097 -0.078357 -0.103784 0.023637 0.028955 -0.068658 -0.016922 -0.001364 -0.134367 0.107943 -0.064632 0.067135 0.098808 0.093509 -0.067673 0.168054 -0.066749 0.016878 -0.009024 -0.044028 -0.021213 -0.015245 -0.041282 0.037157 0.098134 -0.058322 -0.068695 0.009038 0.069328 -0.095516 0.018037 0.043181 0.009364 -0.097289 -0.088261 -0.033784 0.008230 -0.050178 0.019411 -0.039584 -0.057936 0.175323 0.071899 0.067577 -0.106179 0.062301 0.001425 0.045548 -0.132730 0.089632 -0.011804 0.098949 0.069259 -0.058638 -0.015484 0.025367 -0.053316 0.089558 -0.101085 0.002292 0.126674 -0.089175 -0.064137 0.015808 0.066298 0.039721 -0.068385 -0.150978 0.045452 -0.186952 0.044099 0.002196 0.003764 -0.008309 0.084287 -0.015615 0.162043 -0.005444 0.076003 -0.043627 0.041460 0.027563 -0.004880 0.018416 0.044332 0.022879 -0.005292 -0.044692 0.021043 -0.012550 -0.025741 -0.002618 -0.052084 -0.030869 0.101776 -0.042614 -0.115238 0.076633 -0.038488 -0.194040 -0.074832 -0.008372 0.084277 0.020492 -0.068177 0.046887 -0.010503 0.071073 -0.055377 -0.125802 -0.034638 -0.088512 -0.070648 -0.046190 -0.076774 -0.027994 -0.029598 0.089904 0.018454 -0.075819
1594 0.009699 0.083635 0.030464 0.074136 -0.030663 -0.056086 0.038145 0.169337 -0.105463 -0.074182 -0.060995 -0.026384 0.116034 -0.098868 -0.037215 -0.097684 -0.026960 -0.064125 0.093756 -0.183106 0.033868 -0.041476 -0.071590 0.021374 0.100347 0.053489 -0.058627 -0.022085 -0.052538 -0.043776 0.067812 0.043146 0.084903 0.080987 0.052053 -0.074950 0.079060 -0.055449 -0.049652 0.016810 -0.026576 -0.081643 -0.017324 0.058544 0.030696 -0.048197 0.083735 -0.027455 -0.028469 0.018877 0.093981 0.164764 -0.047193 0.002375 0.109402 -0.064519 -0.066157 0.082057 -0.059648 0.058982 0.024381 0.029048 -0.132923 0.008260 0.042685 -0.127889 -0.062138 -0.067295 -0.007237 -0.101229 -0.131834 0.014918 -0.004038 -0.033922 0.042754 0.001389 -0.019462 -0.023275 0.010024 0.058337 -0.075702 0.033222 0.058348 0.002022 0.041416 0.027679 0.169778 -0.021551 -0.014303 0.058587 -0.097798 0.046496 0.136293 0.036455 -0.024007 0.141852 0.123295 0.042378 -0.092596 -0.084253 0.123673 0.049433 0.011291 0.020960 -0.087691 -0.117283 0.113897 -0.009242 0.003229 0.098985 0.010828 0.002838 -0.037604 0.015932 -0.089052 0.094770 0.005972 -0.036169 0.055751 -0.060110 0.131415 0.032088 -0.003639 -0.103521 0.012231 0.026498 0.048130 -0.089930 0.029216 -0.023431 -0.040383 0.106500 0.025759 0.043617 0.116929 0.113754 0.048594 -0.058787 0.051303 -0.109112 0.034349 0.022373 -0.078261 -0.166403 0.024538 -0.019425 0.117779 -0.055520 -0.090567 -0.004461 0.141593 -0.056489 -0.087321 0.098147 0.066662 -0.063693 -0.190262 0.064450 -0.120009 -0.041888 -0.033181 0.003839 0.008618 -0.075393 0.031087 0.022992 0.073067 -0.099038 -0.102469 -0.011154 0.046985 0.025887 -0.031685 -0.054847 0.059529 0.080392 0.026531 -0.051285 -0.072008 -0.024596 0.022884 -0.115507 -0.013871 0.006859 -0.065188 -0.031214 0.003951 -0.091549 -0.076925 -0.124505 -0.040562 -0.010128
1624 0.101507 -0.002474 0.099760 0.108665 -0.038650 -0.175057 -0.091986 -0.004854 -0.092339 -0.037083 -0.049601 0.130547 0.052925 -0.023807 0.090424 -0.024857 0.095914 -0.075285 -0.013099 -0.037574 0.089915 -0.018898 -0.091533 -0.058812 0.005497 0.222229 0.043801 -0.026079 0.053541 -0.043715 0.069853 0.153385 0.028824 0.032282 0.050320 -0.053026 0.009118 -0.040012 0.040318 0.069092 -0.001160 0.064788 -0.088283 0.048884 0.048118 0.129091 0.004109 -0.138620 0.006056 0.004219 -0.016814 0.128700 0.017198 0.016355 -0.009544 -0.124654 -0.033573 0.105778 -0.067616 -0.011571 -0.014472 -0.025511 -0.112585 0.005551 0.069344 -0.038307 0.042798 -0.159891 -0.022521 -0.010992 -0.014292 -0.011859 0.098714 -0.101430 0.085918 -0.173493 0.074675 -0.054102 0.036124 0.031994 0.054289 -0.104600 0.122102 0.023076 0.045523 -0.058497 0.061011 -0.007693 -0.027861 -0.024796 -0.070642 -0.018227 0.037774 -0.086422 -0.060053 0.102358 0.150700 -0.017664 -0.096434 -0.073158 -0.064497 0.093079 0.036335 0.012777 0.058697 -0.102810 0.027436 0.088415 0.031791 0.008216 0.089191 0.075105 0.001395 -0.043635 0.091422 0.033319 -0.002354 0.061014 0.040992 -0.038430 -0.042240 0.039272 -0.027419 0.061850 0.017778 0.114995 0.100563 0.046924 -0.063914 0.044476 0.008782 0.002073 -0.105515 -0.102828 0.017743 0.024672 0.087313 -0.016214 -0.008189 0.068230 -0.077912 -0.030392 -0.051871 -0.116103 -0.033509 -0.015395 0.113328 -0.088778 -0.159370 -0.055292 -0.032635 -0.117934 -0.058180 0.106561 -0.030955 -0.003863 -0.106166 0.000323 -0.041649 0.039679 -0.006428 0.095440 0.089214 -0.034285 0.045923 0.003828 0.109851 -0.046251 -0.107132 -0.043035 0.042119 -0.007776 0.021004 -0.006838 0.051912 0.036721 0.091733 -0.036746 0.143136 0.095795 0.053617 0.077128 -0.044306 0.003234 -0.101769 -0.055412 -0.049881 -0.097531 -0.075145 -0.107991 -0.049028 -0.098250
163 0.086079 -0.011250 -0.037360 -0.020993 -0.104399 0.083831 -0.050004 0.100058 -0.020647 -0.157359 0.049059 0.139579 0.138767 -0.077370 0.052889 -0.052803 0.077811 0.099034 -0.054386 -0.059290 0.065528 -0.056739 0.031499 -0.079124 0.037144 -0.066626 0.028498 0.013943 0.128181 0.000894 0.038081 0.026970 -0.032489 0.104565 -0.038873 -0.015886 -0.072473 0.005788 0.061711 -0.006552 -0.060559 -0.085909 -0.050682 -0.083958 0.098067 -0.001952 0.099681 -0.049562 0.072812 -0.060810 0.046510 -0.044732 -0.010711 0.001554 -0.016536 0.041583 -0.003549 -0.040003 -0.078997 0.053242 -0.009042 -0.011545 -0.157673 0.082936 -0.044331 -0.031038 -0.056108 0.037217 -0.070725 0.055924 -0.126302 -0.010076 0.151512 -0.105413 0.027625 0.049603 -0.007519 -0.189660 0.103567 0.040733 0.004813 0.082262 0.051076 -0.002354 0.015575 0.018709 -0.057641 0.002323 0.025563 -0.028351 0.009102 0.004368 0.053646 -0.075719 -0.060605 -0.224199 0.013718 -0.168526 -0.015405 0.023294 -0.113257 -0.048993 0.123068 -0.031310 0.006351 -0.103822 0.128644 -0.027484 -0.001191 0.077452 0.081433 0.069658 -0.044356 -0.103866 -0.065881 0.034885 -0.041583 0.037957 0.054016 0.019022 -0.076293 0.016280 0.118624 -0.066960 0.009322 0.050741 0.148997 -0.016145 0.050863 0.079576 -0.024000 -0.023265 0.115648 0.001584 -0.086144 0.074950 0.084703 0.020199 0.015233 -0.048139 -0.085484 -0.103922 0.027216 -0.115956 0.059996 0.001128 0.035208 -0.016297 -0.101989 0.022895 0.027088 -0.026277 0.034121 0.081276 0.050090 -0.126080 -0.028739 0.014948 -0.186129 0.055762 0.053422 -0.023477 0.078397 -0.072410 0.018481 -0.150107 0.103390 -0.007942 -0.129469 0.095338 0.100178 -0.075201 -0.051920 0.137306 -0.019144 0.047636 0.111763 0.002434 0.065729 -0.008050 0.061690 -0.033201 -0.078251 0.036772 0.047184 0.039704 0.059468 0.016910 0.064135 -0.056873 0.030223 0.002050
1723 -0.015357 -0.038149 0.124535 0.123230 0.074744 -0.052333 -0.005398 -0.057061 -0.053516 -0.066286 0.059193 0.077694 0.197820 -0.076725 0.045843 0.039856 -0.070013 0.050610 -0.081397 0.066655 -0.061295 -0.038659 -0.003704 0.004095 -0.007095 0.158710 0.026884 -0.064074 0.057054 -0.060948 0.033430 -0.008780 -0.065841 -0.005368 -0.041472 0.032404 0.001192 0.106692 0.098199 0.016475 0.156268 0.018383 -0.096469 0.050286 0.091845 -0.076738 0.065638 -0.056068 -0.090788 0.055377 -0.014352 0.076177 0.075721 0.016672 0.125587 -0.037471 0.053975 -0.031061 -0.125953 0.030340 0.065235 -0.044908 -0.010075 -0.021262 0.013913 0.045650 -0.034087 0.002810 -0.036879 -0.002883 -0.032311 -0.062631 -0.021899 -0.015131 -0.019011 -0.104607 -0.066736 -0.025907 0.054945 -0.016554 0.026776 -0.020584 0.088818 0.081337 0.009798 0.144084 -0.036496 -0.035202 -0.039970 -0.052788 -0.058194 -0.120272 0.094289 0.014766 -0.056503 0.131952 0.117510 -0.112295 0.131748 0.000781 -0.076746 -0.057883 0.112721 -0.100170 0.074338 -0.126417 0.119853 -0.013360 0.137862 0.127167 -0.030433 -0.053377 0.010529 -0.001451 0.098437 0.012060 -0.006089 0.047527 -0.010502 0.109114 0.032752 -0.058794 0.001528 0.062430 0.023411 0.063457 0.192781 -0.060338 -0.064814 -0.087381 0.022225 0.025966 -0.180064 -0.094015 0.032771 0.031683 0.038996 0.059858 0.052495 -0.080120 0.077543 -0.038297 -0.063921 -0.060950 0.000767 -0.058018 0.104188 0.031042 0.049224 0.090484 -0.114910 0.012528 -0.044389 0.006214 -0.066774 0.015621 -0.088069 -0.050696 -0.189780 0.069657 0.025537 0.106102 0.018001 -0.082096 0.107977 0.093530 -0.030493 -0.098044 -0.034679 0.138401 -0.000497 -0.010739 0.032678 0.057108 -0.095421 0.088371 -0.038772 0.025233 -0.007087 0.033735 -0.014423 0.089694 -0.051901 -0.038649 -0.104162 -0.052578 -0.030566 -0.120510 0.048842 0.039299 -0.014266 -0.003303
1737 -0.007735 0.040215 0.015714 0.015141 0.069020 0.045987 0.074663 -0.123923 0.049136 -0.087037 -0.161171 0.087968 0.107515 -0.031015 -0.053785 0.175175 0.153506 -0.066082 -0.110404 -0.026393 0.033421 -0.107202 0.024631 -0.000852 -0.111137 0.024589 -0.116455 -0.089797 -0.119812 -0.061825 0.016749 -0.060826 -0.017368 0.053365 0.067858 -0.093823 -0.044632 0.037600 0.062462 -0.059699 -0.064725 0.082230 -0.019036 0.019605 0.002877 -0.038135 -0.049293 -0.060179 0.106771 -0.032788 -0.150163 -0.024606 -0.015162 0.051465 0.146299 0.068273 -0.001345 -0.097140 -0.126601 -0.041541 0.061414 0.053422 0.004548 0.098100 0.018769 0.109758 0.089896 -0.029774 0.029066 -0.084805 0.049667 0.080122 -0.049414 -0.042763 -0.147044 -0.093126 0.004603 -0.110611 0.064501 0.077513 0.078802 0.017267 -0.042273 0.131308 0.065917 0.064233 -0.047474 0.001935 -0.148061 -0.065567 -0.104879 0.028475 0.017650 -0.062309 -0.082337 0.000958 -0.013970 -0.059733 -0.125712 -0.105184 0.012446 0.104096 0.057753 -0.011204 0.031276 -0.083204 -0.117728 -0.105408 0.116125 -0.051838 -0.038777 -0.013848 0.121350 -0.100266 -0.074503 -0.109589 -0.036478 -0.005998 -0.045496 -0.076212 0.000117 -0.034634 -0.091643 0.015309 -0.084557 -0.101054 0.004382 -0.031066 0.007417 0.028575 -0.089205 0.063900 -0.041512 0.024920 -0.067308 0.002670 -0.160411 0.044628 -0.061750 -0.126317 0.068058 0.035981 0.064735 -0.035630 0.060181 0.083055 0.031228 -0.036416 -0.051756 -0.032653 -0.033711 0.046918 0.008250 -0.023591 0.054023 -0.031605 0.054770 -0.037783 0.050652 0.004948 0.002952 0.057394 0.016925 -0.054261 -0.006372 -0.041103 0.025882 0.010384 0.069219 0.015425 -0.011492 -0.127855 -0.148672 -0.102847 0.027997 -0.020440 -0.028837 -0.019408 -0.061915 -0.139184 -0.160771 -0.110213 0.045174 0.065572 -0.044640 0.049531 0.018209 -0.064880 -0.049678 0.059803 -0.017362 -0.001174
1743 0.066915 0.170047 0.105297 -0.086207 0.000211 0.000052 -0.023519 0.149783 -0.056351 -0.049391 -0.062571 0.071224 0.073670 -0.044321 0.256830 0.005645 0.032732 0.069684 0.114446 -0.020733 -0.024183 -0.036289 0.107226 0.004501 0.040331 -0.100624 0.072650 0.072341 -0.007213 -0.000205 -0.042533 -0.063563 -0.018854 -0.030149 -0.044005 -0.039952 0.032751 -0.242650 0.101040 -0.022070 -0.061171 -0.020425 -0.028875 -0.010645 -0.009170 -0.044469 0.027685 -0.035963 0.038805 -0.047317 0.022184 0.067621 0.057710 0.068079 -0.001951 -0.035397 -0.050526 -0.083121 -0.047915 -0.066241 -0.002702 -0.036941 -0.054465 0.026985 0.019822 -0.000795 -0.009523 -0.001923 -0.077865 -0.227561 -0.095578 0.100659 -0.144110 -0.070812 -0.012502 -0.012972 0.010725 -0.033650 -0.103050 -0.002088 0.019425 -0.009305 0.058315 -0.058785 0.092514 0.004724 -0.007889 0.095049 -0.038086 0.019265 -0.057044 -0.005606 0.081201 0.091294 -0.002687 -0.088498 0.009459 0.033634 -0.016957 0.082240 0.008738 -0.082286 0.148632 -0.007140 0.022438 0.039499 -0.050348 0.039209 0.023377 0.171136 0.087767 -0.085708 -0.000606 -0.065227 -0.030675 0.082731 0.052461 -0.014746 0.101515 0.017751 0.010358 0.056203 -0.068762 -0.120887 0.091065 0.061530 0.124951 -0.036968 0.061886 0.012287 -0.016775 0.074111 -0.044655 -0.062272 -0.066400 0.018560 0.034177 0.002585 -0.004719 -0.082516 0.020260 -0.031249 -0.048803 -0.111323 0.061141 0.031822 0.019020 -0.071477 0.053190 0.027971 0.142584 -0.045420 -0.053791 -0.043708 0.091688 0.038759 0.045610 0.177921 -0.017313 -0.097538 0.088872 -0.040579 -0.039438 0.022204 -0.017082 0.019694 0.007279 -0.034547 -0.005609 -0.010425 0.037587 -0.025783 -0.026605 -0.040358 -0.135387 -0.060310 0.072707 -0.116350 0.001117 0.116869 0.014482 -0.140209 0.013873 0.131237 0.066746 0.082113 0.119335 -0.163228 0.053190 -0.031360 0.062690 -0.097258
1841 -0.098414 0.052377 0.147425 0.082873 0.128705 0.083326 -0.067295 -0.032855 0.051695 -0.184523 -0.105384 0.030950 0.089458 0.014911 0.107642 0.054861 0.019666 0.014664 0.073650 0.059845 -0.082799 -0.099312 -0.009366 0.034635 -0.136414 0.020948 -0.094686 -0.016437 -0.092243 -0.126182 -0.077942 -0.097101 -0.080239 0.006404 -0.034893 0.000198 -0.037994 0.040046 0.168614 -0.052535 0.006657 -0.087948 -0.006201 0.007686 -0.122159 0.038498 -0.013121 0.027781 0.036928 -0.070202 0.081277 0.040993 -0.138941 -0.049875 -0.002105 0.124170 0.011817 0.065908 -0.113237 -0.020406 -0.061436 0.046477 -0.036944 0.040493 -0.087763 -0.044602 -0.015139 0.022019 0.029192 -0.129458 -0.003831 0.035556 -0.039977 0.035303 0.129223 -0.092053 -0.048445 -0.011254 0.052258 0.029402 0.022821 -0.048462 0.060560 -0.073935 0.000302 0.010002 0.163367 -0.115026 -0.100387 0.087488 -0.043352 -0.076313 0.097248 0.022753 -0.052120 -0.044338 -0.049492 -0.128081 -0.151598 0.026634 0.020630 -0.014328 0.013289 0.059235 0.086458 -0.111652 0.003019 0.002646 0.034409 -0.061621 0.057639 0.028575 0.004435 0.078486 -0.038441 0.008332 -0.016179 0.087956 -0.015682 0.130831 -0.015068 0.047289 -0.016614 -0.002049 0.073357 -0.045835 -0.071301 -0.008549 -0.004638 -0.118062 -0.031652 0.005220 -0.034082 -0.047042 -0.128701 -0.043690 0.027910 -0.071481 -0.035391 -0.019345 0.004597 0.006538 -0.025539 -0.048915 0.011353 0.014772 -0.040025 -0.044456 0.136427 -0.000455 -0.014735 -0.074405 -0.101959 0.076766 -0.022776 0.005871 0.031156 -0.074930 -0.126432 -0.025192 0.110181 -0.035822 0.089479 -0.100837 -0.001844 -0.081089 0.116614 0.102110 -0.167735 -0.163675 -0.065576 -0.073107 -0.123027 0.002533 -0.013565 0.005901 -0.000713 -0.103607 0.006395 0.029536 -0.013391 -0.123686 0.083693 -0.039882 -0.043657 0.042497 0.033235 0.024743 -0.067153 0.151636 0.089663 -0.047672
1867 0.136861 0.069974 0.040098 -0.008324 0.107483 -0.106561 -0.032708 0.014634 -0.122040 -0.070347 -0.106852 0.091560 -0.102721 0.036175 -0.065795 -0.080454 0.055769 -0.012109 -0.067120 -0.122836 -0.017034 -0.021988 0.050521 0.007295 -0.011244 0.143200 -0.068469 0.029264 0.149200 -0.004463 -0.162063 0.068338 -0.003690 0.044072 0.045647 0.007795 -0.002250 0.102967 0.036859 -0.035479 0.098597 0.117273 -0.003247 0.078992 0.071348 -0.112644 0.042756 -0.084407 0.031270 -0.029788 0.007265 0.043763 -0.004805 0.016859 0.057968 0.000032 -0.174183 0.108946 -0.022770 -0.007518 -0.062876 0.075770 -0.011240 0.090757 0.012342 -0.082098 0.052058 0.072254 -0.054956 -0.082798 -0.191724 -0.074760 -0.156280 -0.049284 0.002335 -0.051550 -0.135611 0.011848 -0.001631 0.041112 0.039690 -0.018964 -0.018263 0.036104 0.078250 0.094315 0.031163 -0.022202 -0.105731 0.078315 -0.095589 -0.130785 0.147325 0.165130 -0.053488 0.028270 0.116138 0.041209 -0.054729 -0.070094 -0.038695 -0.005817 0.033606 0.048457 0.016495 -0.107980 -0.012848 0.018544 0.062980 -0.023999 -0.038764 -0.011360 0.066768 -0.009613 0.034957 0.003016 0.021304 0.013329 0.082396 0.132205 0.095317 0.065863 0.169283 0.104798 0.116336 0.049583 -0.000343 -0.010874 -0.028319 -0.101716 0.034443 0.010663 -0.047097 -0.133661 -0.002146 -0.137260 -0.000674 0.006675 0.041763 -0.021492 0.061148 -0.060281 0.021310 -0.123382 0.018090 0.016864 0.026585 0.013044 -0.076744 -0.020647 0.063969 -0.080461 0.050194 0.048660 -0.044495 -0.120961 0.017840 0.001161 0.058124 -0.124951 -0.077630 -0.035813 0.077588 -0.027271 -0.111054 0.092971 0.008315 0.116526 -0.089162 0.088400 0.018738 -0.015445 0.041278 0.038888 -0.053669 -0.028782 -0.064177 0.005007 0.000197 -0.039502 -0.026127 -0.089463 -0.109533 0.061653 -0.046988 0.025058 0.031159 -0.014669 0.085369 -0.099922 -0.010569 -0.037769
1898 -0.115512 -0.074767 0.039964 0.026863 0.125400 0.053950 -0.003568 -0.114489 -0.090883 -0.033786 -0.077143 -0.001743 0.090170 -0.021382 0.068266 -0.049187 0.042771 0.049015 0.106049 -0.000912 0.017302 -0.187637 0.000611 -0.022267 -0.130640 0.021112 -0.124380 -0.001177 -0.035473 -0.057176 -0.120772 0.030365 -0.062797 0.082185 0.025381 -0.055346 -0.054030 0.016251 0.076668 -0.039401 -0.068849 -0.062824 -0.055210 -0.008488 0.035493 0.074610 -0.071050 0.016224 0.225214 -0.097419 0.088316 0.096603 -0.144299 0.050622 0.110939 0.072054 0.003217 -0.017514 -0.086463 0.157164 0.022183 0.042674 0.020006 -0.046123 0.041420 -0.061558 0.008847 0.008717 0.014445 -0.131841 0.034665 -0.009426 0.027235 -0.060587 -0.074981 -0.050734 -0.061707 -0.037278 0.058412 0.028065 0.033429 0.017375 0.018997 0.036461 -0.070647 0.013645 0.004197 -0.070648 -0.015731 -0.126825 -0.030377 -0.048620 0.014824 0.041322 -0.038969 -0.089972 0.000516 -0.001425 -0.163517 -0.066861 0.124996 -0.119735 0.017366 0.073223 0.047185 -0.063070 -0.086947 -0.062210 0.096271 -0.124302 0.049389 -0.027082 -0.058981 0.067557 -0.047642 0.022179 -0.070004 -0.022546 0.045393 0.108823 -0.132028 0.091241 0.104158 0.099538 0.123221 -0.044200 0.054877 -0.050577 0.008505 -0.102602 0.011753 -0.009425 -0.001671 0.003550 -0.143220 -0.096982 -0.033165 0.001723 -0.046331 -0.056006 0.045778 0.020588 -0.034917 0.026024 -0.100278 0.101124 -0.069540 -0.026709 0.079593 -0.063311 -0.064800 -0.037615 -0.007120 0.067259 -0.028404 0.014961 0.004482 -0.071997 0.030753 -0.028062 0.060508 0.054902 0.050732 -0.119295 -0.031182 -0.041727 0.086064 0.029514 -0.057547 -0.075737 0.010497 -0.085117 -0.042576 0.085535 0.106341 -0.025651 0.053299 -0.009747 -0.153942 0.019875 -0.080335 -0.193520 0.020649 0.051295 -0.066641 -0.010928 0.013271 -0.025304 -0.107140 0.135672 -0.023232 -0.128803
19 0.021599 -0.107624 0.005335 -0.031208 0.012932 -0.084924 0.033012 0.012811 0.001467 0.002515 -0.040943 0.020507 -0.017175 -0.017840 -0.010126 0.009065 -0.010599 0.017813 -0.012429 -0.006322 0.016351 -0.067770 0.046360 -0.066242 -0.007960 0.117470 -0.045293 0.002191 -0.069406 -0.039701 -0.024423 -0.045019 0.063976 0.079261 -0.095964 -0.039279 0.099918 0.013532 0.040158 -0.080000 -0.011863 0.007686 -0.024789 0.007895 0.092185 -0.007467 0.040821 -0.015407 0.037543 0.169087 -0.053222 0.014426 -0.080214 0.029028 -0.077221 -0.058786 0.023518 -0.086069 0.042595 0.045464 -0.111817 0.058017 -0.005433 -0.060726 0.101916 -0.040251 0.087635 -0.139194 0.060360 -0.006908 -0.147769 -0.072259 0.028103 -0.113751 -0.050124 0.020793 -0.052090 -0.006371 0.081379 0.013207 0.061098 -0.028007 0.094288 -0.086751 0.092926 0.044903 -0.095627 -0.085674 -0.025267 -0.066865 0.037755 -0.043581 0.040626 0.187735 -0.031093 0.034818 0.091656 -0.005938 -0.078248 0.219195 -0.045842 -0.040650 -0.076517 -0.027854 -0.008984 -0.212444 0.057530 -0.020187 0.027432 0.033398 -0.076265 -0.000400 -0.126166 -0.162829 0.028518 0.028811 -0.051824 0.063054 -0.004658 -0.078806 0.170307 0.127460 -0.034344 -0.106013 0.074764 -0.025663 -0.030468 -0.214867 -0.049832 0.056920 0.040232 0.147951 0.045001 -0.012943 -0.149080 0.018219 0.069095 0.003965 -0.001686 -0.045100 -0.032972 -0.000805 -0.038880 0.012790 -0.037685 -0.009623 -0.046340 -0.024164 0.081095 -0.078540 0.070360 -0.010085 -0.191554 0.138725 0.082308 0.053400 -0.102117 -0.021984 -0.168927 0.013640 0.010214 -0.072994 0.004817 -0.004883 0.030491 0.027696 0.007718 0.110305 0.012129 -0.016283 0.151451 0.013031 0.085313 0.028865 0.074624 -0.142786 -0.136310 -0.072235 -0.067973 0.012295 -0.081485 -0.073565 -0.017299 0.060742 -0.005774 0.014737 -0.034414 0.047465 0.020611 0.012139 -0.027933 -0.001444
1926 0.094203 0.039467 0.043016 0.138816 0.002085 0.006493 0.119075 -0.033543 -0.013976 0.064808 0.067060 0.061300 0.073049 -0.044203 0.110944 -0.117426 -0.037607 0.022850 0.056273 -0.031439 -0.080634 -0.084957 0.010223 -0.049269 -0.037843 0.054476 -0.019198 -0.024993 0.084948 -0.109295 -0.132680 -0.063544 -0.033813 -0.018570 -0.086689 -0.001710 -0.033417 0.103023 0.021594 0.112317 -0.070937 -0.023489 -0.061214 -0.045411 -0.032776 -0.081293 0.189961 -0.091947 0.004613 -0.045100 -0.032102 0.085498 -0.137972 0.053478 0.083543 -0.007092 0.078070 0.017022 -0.118642 -0.015587 0.013452 0.031682 -0.202720 0.018201 0.034238 0.063929 -0.068604 -0.078525 -0.045915 -0.008312 0.013833 0.029869 0.013876 -0.103235 0.020321 -0.139511 -0.057548 0.015882 0.007530 -0.055646 0.009961 0.055957 0.054048 -0.037538 0.035799 -0.030082 0.213450 -0.007764 0.086122 0.003943 -0.092344 -0.087691 0.011122 0.041082 0.030222 -0.073822 -0.082388 -0.074808 -0.045519 -0.032981 0.061013 -0.030646 0.109878 -0.020244 0.059686 -0.051027 -0.057071 -0.058887 0.049359 0.079824 -0.102447 -0.081561 0.027426 -0.014512 0.056322 0.011178 0.015043 0.104329 0.142107 -0.036327 0.019219 0.015968 -0.002446 0.030101 0.016934 0.042606 -0.075260 0.012282 -0.013181 -0.142668 0.038842 0.038117 -0.049594 0.063735 -0.172842 -0.019967 0.048852 -0.000245 -0.021275 -0.065806 -0.004803 0.040686 -0.052194 -0.178746 -0.006789 -0.063847 0.060786 -0.090198 -0.058391 -0.008575 0.000736 -0.037256 -0.072831 0.068272 -0.003177 0.030715 0.017711 0.021353 -0.117091 -0.003332 0.146458 -0.061471 0.043450 0.040095 -0.045257 -0.029004 0.154799 0.074470 -0.168281 -0.166295 0.103876 0.028110 0.082299 0.071856 0.096707 -0.022629 -0.046266 0.051570 0.085548 -0.001112 0.091019 -0.145481 -0.034300 -0.028647 0.008419 0.094877 0.068438 0.118526 0.009768 0.050696 0.040459 -0.018938
196 0.029585 0.072504 0.075711 0.045912 0.022753 0.096631 -0.043396 0.101269 -0.182662 -0.026246 -0.038922 0.157488 0.088530 0.001877 0.140449 -0.004822 0.116844 -0.041451 0.081138 -0.064122 -0.081511 0.052893 0.006051 0.066349 0.008582 0.054480 0.023536 0.031106 0.059571 -0.054295 0.073417 0.056514 0.064086 -0.013074 0.052928 0.055427 -0.090007 0.019598 0.032392 0.052872 0.087472 -0.057718 -0.020201 0.071792 0.056847 -0.022278 -0.053327 -0.103944 0.207257 -0.004123 -0.053574 0.126606 -0.069775 -0.019608 0.019245 0.025394 -0.025174 -0.061369 0.065480 0.009434 -0.106216 0.055227 0.007809 -0.119397 0.024904 0.006448 -0.000936 0.079409 0.042922 -0.134147 -0.135799 -0.021293 -0.072308 -0.089503 -0.014648 -0.036022 0.007370 0.092259 0.071754 0.139111 0.057188 -0.137152 0.022244 -0.024413 0.098232 0.083754 0.028437 0.089874 0.027031 0.132855 -0.138040 0.034036 -0.030809 0.066854 0.026830 0.106893 0.079253 -0.006430 -0.011571 -0.112814 0.053377 -0.038774 -0.027661 -0.128179 -0.041114 -0.011569 -0.063986 0.062987 -0.028352 -0.040553 0.096682 0.090334 0.088524 -0.053392 0.009348 0.164573 -0.073455 0.161577 0.012572 -0.001550 -0.023366 0.058274 -0.034624 -0.021731 0.031693 -0.070709 0.080610 -0.089566 -0.005184 -0.047427 -0.108010 0.096849 -0.192918 0.008049 -0.046609 -0.123863 0.057913 -0.099436 -0.024886 -0.022351 -0.028537 -0.005629 -0.082710 -0.072802 0.046155 -0.043797 0.015208 0.080517 -0.072985 -0.066181 0.003467 0.035508 0.042577 0.005527 0.072522 0.053193 -0.035978 0.013167 0.034085 0.049597 0.026081 -0.103133 -0.014875 -0.129751 0.033529 0.007331 0.036526 0.039493 0.087639 -0.037708 0.100950 -0.024622 0.112320 -0.098713 -0.124552 -0.004823 -0.048773 -0.015280 -0.066366 -0.028831 0.024039 0.004997 0.014140 0.151394 -0.071174 -0.017956 -0.053994 -0.036965 0.093823 0.014272 -0.059554 0.060150
1963 0.005122 -0.040972 0.023879 0.093322 -0.057392 0.075291 -0.060864 -0.032660 -0.149987 -0.097779 0.003462 -0.026978 -0.043782 -0.019992 -0.029333 0.013427 -0.062282 0.072805 -0.091066 -0.107204 -0.054081 0.027903 0.023316 -0.011584 -0.037527 0.005097 -0.030051 0.111581 -0.022874 0.044572 -0.037433 0.077232 -0.037612 -0.014467 -0.061470 -0.007111 -0.039269 0.002282 -0.054727 -0.019907 -0.081166 0.123221 -0.049817 -0.040736 -0.020286 -0.102536 -0.021327 0.111156 -0.028680 0.077692 -0.032186 0.147547 -0.001202 -0.010382 -0.003209 -0.059047 -0.087170 -0.006480 -0.032828 0.032198 0.105423 0.065800 -0.106965 -0.070071 -0.067903 -0.078138 0.162610 -0.098895 -0.086970 0.031652 -0.141129 -0.000843 -0.006379 -0.038771 0.112342 0.033064 -0.007694 0.010822 -0.081880 0.001454 0.063841 -0.044510 0.002086 0.020107 -0.034187 0.033518 -0.079927 0.048931 -0.010766 0.025713 0.065036 -0.022220 0.040493 0.153662 0.009036 -0.097395 0.150545 0.038185 -0.189718 0.112263 0.166521 -0.049799 0.016814 -0.055371 0.002901 -0.108434 0.010633 0.023299 -0.038587 -0.068151 0.077915 -0.047369 -0.000107 0.034875 -0.036027 -0.065639 0.028607 -0.159180 0.141778 0.150945 0.026444 0.107329 0.099983 0.069654 0.005294 0.084582 -0.123102 -0.076053 0.049226 0.110402 0.014637 0.021902 -0.039908 0.007735 -0.152884 0.055977 0.102928 0.031507 0.034310 -0.078401 0.005146 -0.164199 -0.077498 0.031975 -0.061161 0.041987 -0.037892 -0.081243 -0.021137 0.053161 -0.037414 -0.103804 -0.076390 0.056988 0.081403 0.074234 -0.028277 0.017189 -0.025242 -0.083814 0.016855 -0.021172 0.060425 0.109126 0.005455 -0.006250 0.064152 0.140069 -0.034112 -0.046658 0.031680 -0.115926 0.045045 0.010635 -0.057963 -0.002540 0.156532 0.119601 -0.001864 0.069876 0.001765 -0.052438 -0.132546 0.011688 -0.119773 -0.002016 0.063784 0.020818 0.124051 -0.087247 0.043465 0.000545
1970 -0.004670 -0.072197 0.134645 -0.048161 -0.018475 0.002943 0.041212 -0.076541 0.007640 -0.052263 -0.090056 0.061411 0.059922 -0.005062 0.102082 0.048321 0.142844 -0.000409 -0.029770 -0.061058 -0.010994 -0.040147 0.087137 -0.024175 0.050566 0.031006 -0.132867 -0.085901 0.009325 -0.100430 -0.031123 -0.109288 0.026309 0.104491 0.005267 -0.005788 0.009791 -0.039347 0.043174 -0.039345 -0.085260 0.042792 0.041980 0.062643 0.080513 -0.081241 0.028103 -0.105084 0.010983 0.072054 0.021733 -0.085860 -0.113742 0.083724 -0.054569 -0.019343 -0.114188 0.058327 0.061398 0.000407 -0.110810 -0.054029 0.025429 0.092635 0.025335 0.064337 0.107132 -0.166611 0.041828 -0.155965 0.002096 0.047245 0.009422 -0.066096 -0.067032 -0.013310 0.181184 -0.126223 -0.002097 0.022418 0.019010 0.172915 0.097541 0.020398 0.141394 0.036272 -0.101563 0.022443 -0.075953 0.037469 -0.021302 -0.044959 -0.031479 0.034474 0.017578 0.034536 0.116730 0.035688 -0.033192 0.020242 -0.052508 -0.063419 0.040502 -0.023815 0.067312 -0.172039 -0.064668 -0.151110 0.010617 0.065683 0.008681 -0.016092 -0.009949 -0.115601 -0.132628 0.092021 -0.100429 -0.014144 0.061281 -0.019417 0.044071 -0.098903 -0.019374 0.018501 0.005415 0.005819 -0.011026 0.090567 -0.135487 0.029294 0.003351 0.069157 -0.019123 -0.004312 -0.047594 -0.031918 -0.027874 -0.007818 0.046047 -0.040244 -0.059001 -0.159177 -0.054905 -0.093645 -0.017148 -0.086582 0.094507 0.029751 0.028572 -0.121831 0.069809 -0.052666 -0.094363 0.011396 0.030968 0.041779 -0.035206 -0.019011 -0.234157 0.019278 -0.077979 0.009604 -0.021732 -0.024563 0.027901 -0.078764 0.075835 -0.098139 0.064196 0.004815 0.177284 0.103390 0.031786 -0.005419 0.022422 0.071678 -0.156645 -0.024486 -0.023531 0.045493 -0.014804 -0.016461 0.040265 0.012972 -0.033218 0.140929 -0.026699 -0.006875 -0.100420 -0.005081 0.033815 0.030850
198 -0.014294 0.001585 0.083061 0.100384 0.115434 0.094412 0.038240 0.020826 0.051564 0.009199 -0.145722 0.013221 0.116215 0.007518 -0.033780 0.071140 0.046864 0.019060 0.051298 -0.097377 0.029960 -0.107449 0.125808 -0.067500 -0.104377 -0.018877 -0.004630 -0.038013 -0.023501 -0.072419 -0.115828 -0.073898 0.069355 0.124153 0.108659 -0.132053 0.034665 0.028337 0.058073 -0.020588 -0.071420 0.039361 0.075876 -0.032655 0.107846 0.002243 -0.026250 -0.078282 0.060223 0.012717 0.022931 -0.065546 -0.067675 0.111632 0.083317 0.073802 -0.036804 0.020996 -0.053107 -0.026232 -0.013711 0.040976 -0.065164 0.029453 0.082886 0.085017 0.014305 -0.049987 0.035034 -0.087195 -0.063778 -0.073487 -0.065134 -0.096215 -0.040656 -0.078988 -0.141387 -0.088567 0.131832 0.100858 -0.056570 0.076189 -0.102956 0.001425 0.078483 0.073739 0.014664 0.057136 -0.153143 -0.054622 -0.085544 0.070838 -0.042243 0.084758 -0.017295 0.064848 0.163823 -0.145440 -0.059378 -0.050869 0.061453 0.098928 -0.048917 -0.079053 -0.106920 -0.110176 -0.127004 -0.043828 0.024030 -0.019509 0.060917 -0.002301 -0.044404 0.004431 0.033072 0.125675 -0.006620 -0.015456 -0.072674 -0.099818 -0.040403 0.007536 -0.092010 -0.030867 0.029796 -0.007150 -0.048642 -0.112187 -0.130727 0.061169 -0.104254 0.030522 0.023025 -0.092000 -0.092780 -0.032881 -0.018768 0.076157 0.001154 -0.059537 -0.013566 -0.156899 0.024657 -0.011955 0.012085 0.002178 -0.011290 -0.021150 0.117109 -0.143857 0.055813 0.017516 0.051145 0.074747 0.018088 -0.020443 -0.032516 -0.023779 -0.070097 -0.013070 -0.021464 0.021104 0.006911 -0.050661 0.050203 -0.019289 0.004131 0.009964 -0.146604 -0.024723 0.006767 -0.077450 0.031997 -0.062551 0.084248 0.048079 -0.212468 -0.014593 -0.128612 0.082086 -0.028354 -0.163402 0.006447 0.026340 -0.044014 0.055329 -0.078490 0.005715 -0.014924 0.090886 -0.037664 0.042016
1992 -0.033009 0.010631 -0.003611 0.027140 0.082057 -0.070496 0.038244 -0.131789 0.002060 0.018537 0.008038 -0.045181 0.070038 -0.048577 0.113363 0.004075 -0.169817 0.068668 0.072900 0.007342 0.051947 0.009773 0.016861 -0.049339 0.024803 0.033770 -0.022604 -0.136413 -0.046877 -0.038446 -0.011511 -0.033217 -0.005347 0.071057 0.024799 0.065266 0.031223 0.078714 0.052016 -0.120727 -0.026260 0.046932 -0.037603 -0.003536 -0.028157 -0.015332 0.025114 -0.129415 0.037910 -0.134561 -0.010543 0.067936 0.005796 0.018025 0.076958 0.066738 -0.031159 0.067065 -0.043141 0.112310 0.174388 -0.032158 0.018721 0.039530 -0.063227 0.073330 -0.125034 -0.147740 0.030188 0.016102 0.039125 0.039793 -0.012184 0.015248 -0.043305 -0.135514 -0.063190 -0.054247 0.135167 -0.083576 -0.073397 0.046008 -0.133939 0.135500 0.031670 0.054822 0.002497 0.024650 -0.016266 0.099529 -0.091037 0.020390 -0.011115 0.036211 -0.080800 0.083991 0.082406 -0.029914 -0.060755 0.055812 -0.025269 0.141361 0.071124 -0.025214 0.015451 -0.012768 -0.025324 -0.100617 0.095996 0.049024 -0.028224 -0.135280 0.012961 -0.112698 -0.024644 0.038979 -0.030576 0.025174 0.001850 -0.097443 0.014051 0.023123 -0.112564 -0.013877 0.065627 0.016845 0.056056 -0.033808 -0.042381 0.150635 0.012308 0.092111 0.090729 -0.051084 -0.091857 -0.044675 -0.004684 0.010978 -0.006471 -0.079823 0.018056 -0.063156 0.067594 -0.104576 0.053077 -0.075096 0.051624 -0.090493 -0.094485 -0.061957 -0.087398 0.051546 0.152724 -0.061390 -0.000896 -0.032796 0.014842 0.060491 -0.095331 -0.029027 -0.025971 0.009446 0.009936 0.181939 -0.044758 -0.100561 0.038773 0.037807 0.041689 0.022580 -0.033815 -0.148733 0.025379 0.123812 0.002154 -0.138173 -0.130974 0.028676 0.103906 0.135349 -0.041930 -0.171778 0.077962 0.069790 -0.023546 -0.021785 -0.072421 -0.059108 -0.123920 0.130356 0.053559 -0.052757
200 -0.030104 -0.004376 -0.035671 0.019731 -0.000099 0.030220 -0.040016 -0.113218 -0.092511 0.034725 -0.004954 -0.010851 0.004938 0.010223 0.150625 -0.001581 -0.085663 0.092403 0.032348 0.014029 0.004860 -0.052004 0.011290 -0.065381 0.042889 0.069228 -0.030424 0.060246 -0.041435 -0.069083 0.005147 -0.013440 0.004728 0.029196 0.008418 -0.022371 -0.007035 -0.014538 0.084506 0.019686 -0.094494 0.055249 -0.082685 -0.129937 -0.022026 0.053370 0.007389 -0.073922 0.078267 -0.029851 -0.041373 0.101925 -0.170291 -0.085479 -0.031570 0.015557 -0.032090 0.044736 -0.080406 0.020420 0.030422 0.009815 0.015802 0.014670 0.024901 -0.086145 0.091279 -0.052839 0.004268 0.017225 -0.084762 -0.106117 0.024468 -0.080303 -0.047982 0.057149 0.014184 -0.002143 0.062795 -0.077145 -0.000606 0.053573 0.081765 -0.017467 -0.058038 -0.003333 0.073583 -0.075746 -0.072441 0.040312 0.042552 -0.078760 -0.037855 0.187496 -0.006390 -0.059380 0.118180 -0.068601 -0.167313 0.091823 0.004990 -0.086004 0.112588 0.078178 0.044730 -0.154313 0.042977 -0.010077 -0.008268 -0.028766 0.029996 0.031471 -0.100331 -0.143822 -0.012000 0.080784 -0.001228 0.028506 0.153883 0.040375 0.047466 0.153501 -0.033953 -0.011252 0.117755 0.050031 -0.036502 -0.019582 -0.099851 -0.039670 0.046604 0.068760 0.054514 0.008799 -0.172861 0.047152 0.145698 -0.087955 0.096834 0.002976 0.021265 -0.084579 -0.045383 -0.048101 -0.060638 -0.026202 0.004412 0.006910 0.055594 0.024545 -0.008457 -0.081356 -0.196689 0.152513 0.063526 0.123955 -0.093415 -0.005827 -0.176496 -0.045961 0.022179 -0.109915 -0.013460 -0.011772 -0.053430 -0.008413 0.198401 0.098408 -0.030978 -0.092474 0.023535 -0.112931 0.012727 0.168931 0.013100 0.010704 -0.053061 0.018939 -0.014250 0.123991 0.055208 -0.048594 0.062118 -0.036474 -0.040348 0.071973 0.022714 -0.039936 -0.018067 0.089746 0.067493 -0.121362
2002 0.139680 0.028621 0.107370 -0.027034 -0.123190 0.102356 -0.095978 -0.183279 -0.017006 -0.053243 0.032714 0.026390 0.118901 -0.105786 0.181935 -0.026628 0.049988 0.075801 -0.026453 -0.011548 -0.048873 -0.082806 -0.023074 -0.026181 0.097159 -0.052599 0.010512 0.034500 0.128389 -0.107437 0.061736 0.068157 -0.047836 0.018176 0.089508 0.037778 0.023148 0.031662 0.105072 -0.015367 -0.098225 -0.069750 -0.032360 -0.088634 0.100591 -0.071575 -0.039701 -0.031187 -0.118906 0.043416 -0.032445 0.023472 0.088479 -0.039188 0.011327 0.023536 0.087224 -0.025559 0.001917 0.133941 0.021674 -0.079887 0.018822 0.029786 0.052911 -0.001761 -0.070735 -0.032313 -0.141722 -0.013634 0.050912 -0.069463 0.113969 0.014962 -0.092473 -0.047985 -0.104377 -0.069742 0.057789 -0.044377 -0.163936 0.125993 0.049977 0.002354 0.089461 0.051256 0.099848 0.021627 -0.109322 -0.032161 -0.009205 -0.114565 0.125256 -0.038260 -0.022764 -0.072233 0.053244 -0.100470 0.097456 0.012315 -0.050357 0.036259 0.136511 0.050390 -0.018036 0.059132 0.011836 -0.074020 -0.056298 0.061748 0.031399 0.019858 0.044044 0.074347 0.035906 0.023052 -0.001459 -0.022988 -0.024284 -0.012227 -0.085205 0.008922 0.100941 -0.065821 -0.025838 -0.059760 0.036186 -0.015402 -0.186845 -0.163591 -0.063076 0.113944 -0.036430 0.020209 -0.003026 -0.030178 0.007654 -0.087922 0.047048 -0.064902 -0.072720 -0.023884 -0.017526 0.086151 0.047524 -0.016789 0.121296 -0.073515 -0.040287 0.089798 0.127001 -0.001680 0.015824 -0.001625 0.008459 -0.022061 0.025353 -0.084598 -0.071943 -0.089598 -0.183357 0.035709 0.090005 0.030298 0.018700 -0.042816 -0.046342 -0.027105 0.067446 0.069303 0.065300 0.091291 -0.066585 0.064286 -0.043891 0.087300 -0.011812 -0.101973 0.108725 -0.010434 -0.047831 -0.074319 -0.039744 0.024788 0.010493 0.017140 0.118757 -0.095598 0.086800 0.053191 0.008174 -0.041002
2007 0.080016 -0.057170 0.156830 0.044713 -0.012053 -0.003144 -0.004028 -0.039670 0.080950 0.072953 -0.131269 -0.140229 -0.041633 -0.073198 0.096845 0.074031 -0.054587 -0.030170 -0.027398 0.051923 -0.046891 -0.062151 0.033575 -0.187761 0.062751 -0.052527 -0.062407 -0.089198 -0.005106 -0.041515 0.050040 -0.015469 -0.009983 0.112487 0.019381 -0.018543 -0.003706 0.077604 -0.013914 -0.121577 -0.050895 -0.071175 -0.038158 -0.074987 -0.012755 -0.034052 0.030414 -0.091610 0.087988 -0.085418 0.029056 0.061059 -0.026149 -0.023738 0.119389 -0.089423 -0.009348 -0.032689 -0.131726 0.060291 0.066327 0.012893 -0.097373 0.065421 -0.106390 -0.012777 0.081947 -0.018519 0.026306 0.113660 -0.003486 -0.028103 0.050429 -0.060314 -0.070537 -0.066518 -0.177535 -0.060713 0.023192 -0.065224 0.010510 0.060518 -0.082038 0.025072 0.027706 0.086086 0.059945 -0.000710 -0.036813 -0.104686 -0.253654 0.072627 -0.121946 -0.046836 -0.005584 -0.001453 -0.018322 -0.023449 -0.072258 -0.043133 0.005316 -0.004660 0.058500 0.020692 0.058908 -0.142749 -0.067924 -0.018568 0.030396 0.037193 -0.016747 -0.138426 -0.008938 0.018849 0.184230 0.047289 -0.025038 0.052203 0.057842 -0.029582 -0.101855 0.116746 0.076701 0.034260 0.036577 -0.046710 0.003508 -0.018071 -0.175266 0.086862 -0.013317 0.046824 0.043753 -0.040404 0.009495 -0.011310 0.018177 0.001690 -0.045535 0.001054 0.036757 0.013316 -0.097213 -0.038751 -0.006410 -0.082950 -0.027934 -0.145005 -0.022201 -0.031856 0.063643 -0.036747 -0.027318 0.058338 0.043265 -0.025968 0.010185 -0.009799 0.018600 0.013236 -0.049231 -0.162554 0.066675 -0.090153 0.001767 -0.100848 -0.063284 -0.081597 0.033386 -0.065966 -0.024415 -0.011490 -0.107482 0.136475 0.125300 -0.070703 -0.031545 -0.003494 0.057246 0.048512 -0.148310 -0.051521 -0.081526 0.004616 -0.078669 0.041011 0.124576 0.068840 0.101682 0.099204 0.101012 -0.069906
201 0.054161 0.020971 0.080331 -0.007950 0.029490 -0.019413 -0.056456 -0.038879 -0.029758 -0.034716 0.056181 0.151321 0.079564 -0.022213 0.155272 -0.029809 0.018889 -0.045378 0.075397 -0.003001 0.030409 0.030845 0.146189 0.058592 0.078250 0.048191 0.068557 0.072848 0.133394 -0.107852 0.003474 0.084002 0.015981 -0.012009 -0.091581 0.073753 -0.050144 0.048697 0.057253 -0.055186 -0.035794 -0.056872 0.026725 -0.080819 0.027736 -0.071917 -0.051808 -0.085831 0.058171 0.016359 -0.025989 -0.013864 0.030729 0.015257 0.098318 -0.034495 -0.080301 -0.035609 -0.031518 0.022092 0.010571 0.035340 0.081672 -0.072329 -0.027592 0.022825 0.018802 -0.002702 -0.066900 -0.106451 -0.032601 -0.004342 0.078886 -0.180785 -0.000489 -0.041289 -0.050206 -0.062057 0.192543 0.062112 0.015618 -0.111842 0.100545 0.013160 0.118347 0.014579 -0.147081 0.004322 -0.005472 0.015247 -0.032680 0.025212 0.049590 -0.059542 -0.063819 0.079734 0.101909 -0.072294 0.058895 0.035613 -0.018630 -0.045913 0.030391 0.040143 0.015794 -0.080706 0.164264 0.015351 -0.087871 -0.002744 0.100786 0.080157 -0.035674 -0.027505 -0.081484 -0.079476 -0.085676 0.193197 0.055025 0.032819 -0.071703 -0.028911 0.079061 0.029314 0.034968 -0.024134 -0.000292 -0.109836 -0.163973 -0.105465 0.009141 0.050577 -0.100707 0.048939 0.005499 -0.086319 -0.114575 -0.054005 -0.056500 0.015980 -0.123402 -0.023910 -0.027189 0.032402 0.059114 0.089989 0.050654 -0.077058 -0.052127 0.000994 0.124828 -0.081693 -0.027074 0.099069 0.017546 -0.034836 0.033952 -0.094221 -0.060193 0.125368 0.003851 -0.168397 -0.098849 -0.154285 0.023188 -0.074516 0.050420 0.002391 0.033933 -0.033883 0.058032 0.137044 0.029462 -0.091413 -0.170253 -0.009900 -0.070694 -0.053905 0.069085 0.144273 0.045854 0.054174 -0.040703 -0.039254 -0.055192 0.017284 0.038544 -0.008625 0.043761 0.033567 -0.129948 -0.001396
2092 -0.000417 0.086687 0.106836 0.052621 -0.032940 -0.013898 0.049824 0.011266 -0.002209 -0.158996 -0.099795 0.074352 0.201636 0.125309 0.020680 0.059474 -0.038872 0.017045 -0.042806 0.010456 0.032769 0.023467 0.063218 0.005333 0.033875 0.023468 0.005451 0.079852 -0.021518 0.000460 -0.094192 -0.102369 -0.090518 -0.015411 0.038788 -0.018794 -0.145337 -0.011724 0.065003 -0.064682 -0.027699 0.011969 0.002730 -0.013421 -0.046335 0.018153 0.078466 -0.045380 0.014529 -0.135907 0.055376 0.012933 -0.054202 -0.083267 0.034753 0.122120 -0.094705 0.131089 0.063676 0.064517 0.078044 -0.000762 -0.005558 0.014218 -0.025845 0.042552 0.070049 -0.119210 -0.003890 -0.133133 -0.055196 -0.067374 -0.082619 -0.024843 0.103602 -0.042132 0.106699 -0.094079 0.039665 0.073527 -0.094196 0.001304 0.059019 0.031635 0.082348 0.050164 0.019223 0.053044 -0.006154 0.117214 0.008584 -0.049032 -0.010793 0.083435 -0.111586 -0.046961 0.170347 -0.026550 -0.006365 -0.151476 -0.036743 0.047280 0.075468 0.013794 0.074066 -0.050197 0.107179 -0.121864 -0.019682 -0.015339 -0.086923 -0.039172 0.093062 -0.042379 -0.157336 0.020038 -0.008032 -0.029997 -0.011567 0.125107 0.029205 -0.113002 -0.037161 -0.089143 0.222425 0.038307 -0.124509 -0.035143 -0.018389 -0.074422 -0.063704 -0.022281 0.075447 -0.006893 -0.192186 -0.054675 -0.017477 -0.159317 0.031474 -0.074040 0.003175 -0.051913 -0.041617 -0.141459 0.022312 -0.045267 -0.012109 -0.055552 -0.015444 0.034496 0.045676 -0.101561 -0.021090 0.001031 -0.019518 0.045298 -0.049090 0.007356 -0.168272 0.007178 0.011930 -0.026882 -0.015022 -0.046336 -0.005887 -0.016593 0.082398 0.059274 -0.090545 -0.000842 0.040317 0.011922 -0.096672 0.003287 0.009474 0.096510 -0.072269 -0.001395 0.052581 0.030213 0.120172 -0.186607 -0.001889 -0.061328 -0.008817 0.016191 -0.016626 0.017101 -0.051806 0.060949 -0.023464 0.100617
211 -0.097988 0.117214 0.096443 0.097204 0.129458 -0.061718 0.110809 0.043348 0.093570 0.059336 -0.093046 -0.033827 -0.005565 0.018588 0.082361 -0.083646 -0.002102 -0.079469 0.025589 -0.065788 -0.094194 -0.018233 0.083884 -0.076426 -0.044244 0.076975 0.048566 -0.050809 0.041391 -0.077079 -0.081148 -0.042086 0.059691 0.049799 -0.056515 -0.091622 -0.036739 -0.033071 0.098981 0.116295 0.105499 0.092249 0.018085 0.102344 0.069861 -0.047744 0.041883 0.066957 0.005957 -0.042736 0.018520 -0.016423 -0.173888 0.091022 0.060612 0.040346 -0.016640 0.095662 0.012782 -0.081471 -0.057482 0.057216 -0.054328 -0.016411 -0.048640 0.052160 -0.014568 0.027793 -0.042069 -0.105322 -0.020590 0.136902 0.102070 -0.111276 -0.060267 -0.002582 -0.033689 -0.047384 0.082714 0.083883 0.034331 0.091615 -0.048231 -0.092801 0.058224 0.045506 0.185829 0.071919 -0.028477 -0.034557 -0.031670 -0.052818 0.006081 0.011080 0.032898 0.118953 0.043187 -0.032185 -0.058067 0.030477 -0.024975 -0.019122 -0.040214 0.049260 -0.078873 -0.050652 0.082781 0.008303 -0.127487 0.011818 0.051648 0.012168 0.100146 -0.086882 -0.069622 0.052122 0.043294 0.139687 0.046186 0.080554 -0.176648 -0.033430 -0.075870 0.122635 0.108543 -0.005299 -0.017748 0.016066 -0.063685 -0.048396 -0.036458 0.020201 0.093667 0.027467 -0.088665 0.030806 -0.058472 -0.042646 -0.094220 -0.073739 0.013634 0.004522 -0.176877 -0.041615 -0.007540 -0.166123 0.024876 0.025958 0.123285 -0.040983 0.025419 -0.005107 0.029746 0.056791 0.054499 -0.010549 0.034357 0.019822 -0.145040 0.038451 0.130170 0.047580 0.176223 -0.115244 0.069033 0.020959 0.112262 -0.025296 -0.141561 0.035240 -0.023475 0.016360 -0.086980 0.072752 -0.069923 -0.013301 -0.126267 0.049586 0.026747 0.069234 -0.052074 -0.029096 -0.111709 -0.022048 0.021242 0.028999 0.004584 -0.021583 -0.063644 0.056181 -0.004113 0.014962
2136 0.138015 -0.062374 0.134976 0.034117 -0.000296 0.008815 -0.030396 -0.086324 -0.010662 -0.079183 -0.039004 0.075766 0.001870 0.007037 0.035058 -0.089522 -0.015170 0.081873 0.046326 0.044562 -0.064888 -0.048205 0.081389 0.004180 0.092572 0.142763 0.090043 0.004093 0.081050 -0.000765 -0.135835 0.037409 -0.054446 -0.005574 -0.083847 -0.062437 0.029379 0.066792 -0.006292 -0.094904 -0.002597 0.063592 -0.027664 0.056114 0.040767 -0.241348 -0.013820 -0.126503 0.087763 0.030589 -0.099166 0.010645 0.151878 -0.024168 -0.012500 0.083970 -0.054417 -0.060562 -0.016498 -0.001561 -0.054116 -0.035486 0.004605 0.112142 0.012117 -0.029826 0.034543 -0.003785 0.122702 -0.040722 0.019708 -0.016443 0.109126 -0.065457 -0.151405 -0.020931 -0.024647 -0.096169 0.070158 0.027918 0.103501 0.011511 0.110948 0.006706 0.071275 0.131648 0.047248 0.034082 -0.016304 -0.046571 -0.000934 -0.178401 0.120684 -0.051365 0.007146 0.083227 0.160347 -0.060258 -0.045505 -0.075538 0.030330 0.033208 0.078077 0.006354 -0.015954 0.029502 0.139487 -0.047366 0.059051 -0.035630 0.084587 0.010888 0.030790 -0.070742 0.064016 -0.032850 0.085988 -0.021572 0.051550 -0.007752 -0.042628 0.026387 0.018477 0.069239 -0.037029 -0.106806 0.022269 -0.165817 -0.074304 -0.085032 -0.017046 0.091585 -0.065853 -0.035217 -0.115493 -0.054302 0.021698 -0.009018 -0.085025 0.005985 0.015168 -0.053305 -0.098207 -0.149723 0.057532 0.047975 0.016488 -0.006438 -0.007583 -0.029595 0.108554 -0.082798 0.026056 -0.007172 -0.003398 0.029299 -0.077848 0.018221 -0.060497 -0.061561 -0.091530 -0.084604 0.060540 -0.040475 0.107365 0.146750 -0.013446 -0.034532 -0.086117 0.043322 -0.001192 0.037998 0.165438 -0.122656 0.035886 0.065393 -0.085960 -0.052972 0.111699 0.031291 0.035576 -0.011729 -0.013312 -0.092910 -0.127209 0.017346 0.053525 0.001501 0.065205 -0.041252 -0.141845 -0.012396
2159 0.003137 -0.076354 0.072635 0.132520 -0.080375 0.092186 0.070938 0.139869 0.127902 0.029573 -0.088671 0.135551 0.063492 0.034688 0.081244 -0.023756 0.054849 -0.087855 -0.046811 -0.081885 0.083078 0.076304 -0.091846 -0.132167 -0.080130 -0.083119 -0.051041 -0.104638 0.059405 -0.071828 0.015089 -0.047093 0.193935 0.031032 0.032927 0.034272 0.072486 -0.020196 -0.002308 0.068417 0.042081 -0.120593 0.032435 -0.049128 0.007431 -0.015175 -0.014542 -0.090884 0.037934 0.006113 -0.029000 -0.057207 0.050905 0.008608 -0.003436 -0.024244 -0.009855 -0.089240 0.098379 0.084589 0.040255 -0.097899 -0.111441 0.077965 0.083388 -0.093323 -0.064745 -0.010604 -0.003513 -0.112503 -0.069749 -0.120609 0.009799 -0.127888 0.011726 -0.091443 0.039575 -0.040240 0.017044 0.034820 0.050701 -0.005806 0.202997 -0.043455 0.109790 -0.009269 0.075852 -0.060288 0.036876 0.152890 -0.071497 0.119582 0.056788 0.003799 -0.084441 0.022817 -0.059468 -0.020066 0.036945 0.052132 0.041620 -0.092653 0.037777 0.026460 0.038591 -0.023328 -0.016718 -0.016969 0.090308 0.110312 0.180422 0.016454 -0.032992 -0.084039 0.075613 0.033355 0.085244 0.024408 0.079930 -0.137129 -0.021360 0.059137 -0.022414 -0.063466 0.002298 -0.032742 0.048516 -0.041562 0.014970 -0.000795 -0.076453 0.132449 -0.041802 0.015514 0.081146 -0.023591 0.046627 0.043301 0.022947 -0.117605 0.081388 0.015447 -0.001167 0.104387 -0.002340 0.075638 0.140406 -0.014357 -0.055810 0.011001 -0.092346 -0.085522 -0.020196 -0.147304 -0.022685 0.011412 -0.149185 0.017984 -0.121692 0.077671 0.065860 0.083139 0.048323 0.063846 0.091581 -0.036093 0.113939 -0.005450 0.086319 -0.021299 0.113503 0.052613 -0.038573 0.047812 -0.043017 0.031476 0.051562 -0.009152 0.031335 0.008163 -0.070840 -0.024842 -0.026752 0.053332 -0.065126 -0.052124 0.063323 0.055866 0.004018 -0.017413 0.075038 0.106074
2182 -0.090670 0.063160 0.120148 0.020302 -0.052930 0.092214 0.019611 -0.031754 -0.006074 -0.191000 -0.026858 0.041549 0.091187 -0.090244 0.164762 -0.001645 -0.047859 0.021273 0.037008 -0.019602 0.027502 -0.008505 -0.034909 0.024393 0.016683 -0.026120 0.077176 0.115321 -0.088447 -0.101295 -0.006022 0.079069 0.031155 -0.060059 0.048276 -0.049664 0.058000 0.006155 0.110833 -0.116062 -0.068790 -0.045101 -0.011733 -0.110208 -0.094239 0.012917 0.044073 -0.074677 0.048784 -0.041931 0.156401 -0.114186 -0.070127 -0.011304 -0.013198 0.020672 0.032662 -0.024778 -0.076487 -0.039548 0.081022 -0.014397 -0.030946 0.111750 -0.131823 0.035892 0.133192 -0.087485 0.012958 -0.023136 -0.111713 0.086243 0.054959 -0.023325 -0.026428 0.038864 0.006911 -0.066407 -0.087719 0.047650 -0.006926 0.099949 0.101876 -0.057887 0.046671 0.087242 0.103464 0.077986 0.047230 0.084309 0.107750 -0.032656 -0.023146 0.151007 -0.045363 -0.105336 0.053709 0.053189 -0.103961 -0.030722 0.078820 -0.047498 0.110119 0.067549 0.050311 -0.113271 -0.062143 -0.006085 -0.059221 -0.063427 -0.054316 -0.011067 -0.048584 0.025871 -0.130657 -0.048799 -0.125932 0.116657 0.079031 0.016107 0.012516 -0.099378 0.051101 -0.011379 -0.064816 0.013211 -0.020647 0.009997 -0.006049 0.030672 0.008771 0.022767 0.036144 0.093094 -0.087276 -0.136795 0.173709 -0.165978 0.111576 -0.028959 -0.050981 -0.004904 0.044090 -0.109210 0.032044 -0.048576 0.083119 0.046498 0.093061 0.019449 -0.079704 -0.028984 -0.042870 -0.011128 0.008564 -0.007199 -0.077757 0.043255 -0.011515 0.021898 -0.082753 -0.094130 -0.122650 0.000844 -0.018745 -0.050952 0.119938 -0.044788 -0.044094 0.203493 -0.024356 -0.027310 -0.054349 -0.013640 -0.068106 0.050838 -0.047666 -0.070056 -0.040533 -0.047560 -0.130858 -0.070225 0.029429 0.068875 -0.040208 0.051459 0.038262 -0.054580 0.094223 -0.012144 -0.038432 -0.071151
2196 -0.058677 -0.001806 0.087019 0.070195 0.120399 0.037356 0.019248 -0.014653 -0.060608 -0.012857 -0.087815 0.104937 0.047516 -0.108331 0.049847 0.036494 0.055692 -0.056656 0.087705 -0.012532 -0.094038 -0.056840 0.126126 0.142536 -0.020994 0.003968 -0.088517 0.053014 0.063767 -0.021569 -0.054565 -0.026307 -0.011818 -0.007204 0.061287 -0.034891 0.090205 -0.056339 0.202161 -0.100426 -0.088000 -0.003561 0.070929 -0.020882 0.027909 0.029110 -0.016818 0.042888 0.111215 0.022551 0.036562 -0.044592 -0.160762 0.065598 -0.003591 0.044450 -0.104282 0.017278 -0.055596 0.043197 -0.000385 0.020775 -0.025890 0.111842 0.036304 0.020693 0.023403 -0.055621 -0.021640 -0.072646 -0.064224 0.021782 0.109444 -0.079713 0.056077 -0.082372 0.087142 -0.054137 0.031499 0.096126 -0.016379 -0.014972 -0.064282 -0.088032 0.115734 -0.000179 -0.033846 -0.026805 -0.091859 0.010233 -0.058966 0.049997 -0.059619 0.034098 -0.158222 0.038614 0.041977 -0.012750 -0.150020 0.074452 0.096715 -0.048256 0.036708 0.009167 -0.046867 -0.083288 -0.003399 -0.118938 -0.060518 -0.031847 0.135644 -0.063901 0.055496 -0.029271 -0.084083 -0.024222 -0.170960 0.014299 0.042207 0.125105 0.045515 0.048466 0.016168 0.103951 0.087152 -0.019628 0.060999 -0.045281 0.000057 0.029234 -0.068370 0.081191 -0.025016 0.041547 -0.131088 -0.071385 0.022071 -0.037709 -0.056521 -0.048227 0.058783 -0.109573 -0.098005 0.012681 -0.095775 -0.030411 0.046178 0.006178 0.228611 -0.247969 0.039556 -0.041713 0.045785 0.067171 0.012287 -0.059878 0.009108 -0.037457 -0.033724 0.035108 0.030022 0.023978 0.071072 -0.031369 0.050046 -0.084729 0.094155 0.038315 -0.068094 0.015798 0.029743 0.005007 0.046238 -0.043948 0.066669 -0.015406 -0.049236 -0.025674 0.004614 0.105777 -0.004703 -0.076772 0.057247 0.120243 -0.004492 0.083998 -0.013831 -0.096041 -0.223259 0.038629 0.006065 -0.052532
226 -0.037508 0.054111 0.091387 0.123180 0.027764 -0.120789 0.023025 -0.051478 0.186980 0.069043 -0.114745 0.050298 0.146057 0.113195 0.014154 -0.004176 0.018315 0.033615 -0.038963 -0.001229 -0.038649 0.018488 0.065585 -0.056659 -0.013297 0.122136 -0.033663 -0.132666 0.056481 -0.023191 -0.050246 -0.114094 -0.072225 0.069055 0.066808 -0.066986 0.002227 0.076231 0.186316 0.048012 0.140054 -0.011535 0.044412 -0.015527 0.051216 0.052512 0.076922 -0.028415 0.012120 -0.020765 0.008021 0.032048 -0.137522 -0.071104 0.005065 0.153784 -0.010987 0.059115 -0.021762 0.090814 -0.033083 0.013779 -0.023717 0.003669 -0.056053 0.050276 0.049376 -0.081101 0.057583 -0.040586 -0.052891 0.029428 -0.004493 -0.009769 0.048038 -0.063564 -0.094205 0.075214 -0.004833 0.038767 -0.058303 0.051083 0.129872 0.039338 0.067772 -0.036947 -0.047132 0.099315 -0.154901 0.030965 0.015735 -0.074621 0.061164 0.042774 -0.042316 -0.013572 0.049911 -0.128524 0.037056 -0.046638 0.046002 0.004857 -0.011720 -0.066018 0.028137 -0.192372 -0.040756 0.010971 -0.009071 0.012797 -0.013813 -0.033995 0.178831 0.047063 0.008554 -0.101526 -0.062978 0.136152 -0.101791 0.066958 -0.068885 -0.041047 -0.205269 0.027986 0.106954 -0.006810 -0.103732 -0.131316 0.087644 -0.031740 -0.050766 0.006396 0.069412 -0.049960 -0.119372 -0.060899 -0.004699 0.057749 -0.005095 -0.063186 0.009453 0.053892 -0.029042 -0.064048 -0.009191 0.007627 0.069748 0.016021 -0.025703 -0.022219 -0.018184 -0.016827 -0.027799 0.012209 0.002470 -0.024970 -0.002001 0.005357 -0.151004 0.040431 0.002395 -0.051409 0.007726 -0.060526 -0.077614 0.042742 0.147602 0.125571 -0.068232 -0.076097 0.173843 0.043266 0.040591 -0.034842 -0.016830 -0.059444 -0.180472 -0.049626 0.083506 0.081586 0.036234 -0.026737 -0.088875 0.014104 0.041489 0.037113 0.026216 -0.008569 -0.120729 0.082629 0.026686 0.024237
2289 -0.020108 -0.092897 0.106388 0.076178 -0.052316 -0.005112 0.029258 -0.016018 -0.013718 -0.191493 -0.091782 0.130207 0.061018 -0.092768 0.038108 -0.101069 0.114236 -0.001354 -0.105068 -0.009444 -0.056780 0.010096 -0.033976 0.002472 -0.109263 0.237885 -0.063611 -0.101304 0.095966 -0.014393 -0.152441 -0.052981 0.051669 -0.009664 -0.110241 0.014867 0.028652 0.055677 0.181350 -0.019490 0.050824 0.005289 -0.096070 0.080051 -0.038513 -0.156245 -0.034576 -0.040044 -0.003296 0.001673 -0.049361 -0.089402 -0.007261 0.068084 0.006938 -0.046998 -0.108345 0.026864 0.000888 0.001044 -0.055152 0.099165 -0.004591 0.063257 -0.124880 -0.122113 0.041933 0.054325 -0.015526 -0.046750 0.132168 0.064194 0.111108 -0.063876 -0.071788 -0.001163 0.062960 -0.041207 -0.062827 0.036138 0.084280 0.047659 0.047628 -0.040279 0.135812 -0.007223 -0.061311 0.013393 -0.104332 -0.041335 -0.044411 -0.060378 0.006157 0.043590 -0.061346 0.061039 0.077592 -0.072107 0.014811 -0.044866 -0.103120 0.080343 0.131169 0.032220 0.044881 -0.104700 0.069915 0.039305 0.117179 -0.008547 0.073746 -0.061626 -0.167408 -0.003121 -0.038855 0.007546 0.004547 0.032062 0.152715 0.005200 -0.114072 0.028166 0.053978 -0.024902 -0.020913 -0.023163 0.041275 -0.066548 -0.039643 -0.048835 0.034751 0.122423 -0.054844 -0.067292 -0.016876 -0.113291 -0.083345 0.044283 0.041419 0.043964 0.003901 -0.078711 0.053053 -0.117595 0.066627 -0.003976 0.062675 -0.035939 -0.118848 -0.034698 -0.004399 0.027824 0.002650 -0.039516 0.045456 0.030878 0.058266 -0.042795 -0.052619 0.112317 -0.038320 0.009900 0.003744 -0.015494 0.002050 0.032650 0.026069 0.039429 0.126998 -0.020966 -0.001064 0.032421 0.128297 -0.071652 -0.043735 0.016871 -0.020069 -0.116589 0.203577 0.044235 0.046043 0.010541 -0.014076 0.021082 -0.066782 0.017129 -0.107453 -0.082202 -0.028962 0.003147 -0.037590 -0.081680
229 0.028805 0.099144 0.047876 -0.102271 0.034764 0.022972 -0.027376 0.061374 0.018402 -0.060097 -0.016505 0.110216 0.089066 -0.059963 -0.063759 -0.018539 -0.050915 -0.029096 -0.034815 -0.045490 0.090770 -0.066512 -0.123286 0.031210 0.110834 0.103921 0.015607 0.002954 0.056582 -0.016329 0.109215 -0.031702 0.039662 -0.015069 0.113544 -0.028769 0.029226 -0.020246 0.063040 -0.091958 -0.000246 -0.080804 -0.037176 -0.057099 0.107231 -0.137773 -0.023222 -0.033485 0.023411 -0.145019 -0.021204 0.015045 -0.024718 -0.060768 0.017989 -0.025885 -0.062384 -0.022100 -0.009151 0.055842 0.016900 -0.093604 -0.077020 -0.057200 0.032001 0.046310 -0.060755 -0.017362 -0.099076 -0.090540 -0.155058 -0.076986 -0.120141 -0.089813 -0.055357 -0.141335 0.036673 0.050080 -0.006678 0.036094 0.015509 0.080002 0.027186 -0.134519 0.059293 0.054116 0.015810 0.075991 -0.066878 -0.090314 -0.133828 -0.060152 0.040156 0.126871 -0.029008 -0.062479 0.025577 -0.044465 0.143119 0.125240 0.004508 -0.060526 0.122308 0.047860 0.056355 -0.038397 -0.014804 -0.111055 0.008027 0.078480 0.073605 -0.125281 0.029685 -0.010143 -0.031290 0.115125 0.009548 0.004222 0.153222 -0.019356 -0.076053 -0.154763 0.056422 -0.033725 0.082644 -0.052549 0.092382 -0.086679 0.026769 0.106212 -0.006094 -0.040443 -0.083765 -0.019468 0.031015 0.046223 0.017226 0.141329 -0.004733 -0.105774 -0.074101 -0.052288 -0.041560 -0.032949 0.047806 -0.045240 0.067157 -0.000464 -0.072930 0.098500 -0.058029 -0.032664 -0.020251 -0.058302 0.013920 -0.127081 0.115663 -0.021953 -0.102358 -0.035264 0.066703 0.027014 -0.044173 0.038550 -0.066759 -0.127646 -0.027923 -0.019128 0.025123 -0.074758 0.056759 0.182509 -0.174241 -0.099140 -0.085833 -0.087015 -0.017551 -0.068559 -0.090598 -0.004871 0.040649 -0.029960 -0.133763 -0.016968 -0.084124 -0.038773 -0.023071 -0.043596 -0.002860 0.114153 0.077105 -0.012854
233 -0.037198 -0.060155 -0.069522 0.106383 -0.055936 0.052798 0.050079 -0.001182 -0.072738 0.013151 0.008212 0.004694 0.068677 0.051007 -0.101566 0.078633 0.059794 -0.104377 0.013587 -0.147016 -0.012665 -0.037175 -0.035642 -0.053027 0.009802 -0.019882 0.067457 -0.002716 -0.058765 -0.088292 0.090666 0.047302 -0.009861 0.019512 0.083307 -0.044069 -0.092009 0.018657 -0.009453 -0.063380 -0.079797 -0.046811 -0.034734 -0.019332 0.094480 -0.128571 0.067803 -0.151316 -0.011942 -0.037770 0.109206 -0.024701 -0.019266 -0.042261 -0.008711 -0.041476 -0.027677 0.120781 -0.124266 0.019077 -0.031111 -0.069881 -0.152919 -0.043772 0.043944 -0.065462 0.013674 -0.001066 -0.033069 -0.103235 0.027556 -0.150436 0.007259 -0.160313 0.001131 -0.046119 -0.007622 -0.096918 -0.011617 -0.048022 -0.032789 0.020107 0.062663 -0.021344 0.024331 -0.042288 0.051560 0.010623 0.035694 0.086858 -0.031635 0.030418 -0.033549 -0.014516 0.010534 0.019176 0.057367 0.025851 -0.012762 0.046801 -0.079511 0.033738 0.008739 -0.144824 -0.102926 -0.089109 0.053550 0.003576 0.007950 0.089882 0.025752 0.028105 0.050038 -0.069527 -0.041830 0.069001 0.037817 0.028970 0.134333 -0.054571 -0.080411 -0.041122 0.030572 -0.091284 0.115275 -0.090025 0.149490 0.029063 -0.094346 -0.037088 -0.056823 -0.002555 -0.097437 -0.002254 0.049828 -0.001305 0.069132 -0.190427 0.074882 0.093699 0.001164 -0.001698 0.185869 0.063340 0.028539 -0.063454 -0.122079 -0.023574 -0.031411 -0.098546 -0.144766 0.102040 -0.063930 0.063978 -0.122034 0.020356 -0.107993 0.114346 -0.179993 0.065919 -0.026452 0.090700 0.007927 0.103450 0.104133 -0.097855 0.069518 -0.000595 -0.095807 -0.106835 -0.046294 0.059235 -0.047401 0.158002 -0.073118 -0.032601 0.070964 -0.041715 0.027543 0.032525 -0.024742 0.050550 -0.143318 0.012398 -0.013954 -0.021365 -0.067996 -0.019729 -0.119377 0.071633 -0.070383 0.051988
2384 0.057867 -0.023738 0.019584 0.022312 0.008451 -0.029634 -0.030747 -0.080868 -0.120069 -0.020287 -0.060815 0.003862 -0.042572 0.040831 0.085475 -0.097861 0.017087 -0.110479 -0.073730 0.003185 -0.101534 -0.039293 0.125699 0.092492 0.087117 0.056732 0.205453 0.019470 0.049858 -0.065859 -0.009276 -0.063227 -0.068341 -0.023751 -0.122212 -0.034618 0.087943 0.093897 0.105390 0.022192 0.020831 0.051628 0.026600 0.001888 0.025145 -0.052904 -0.017183 -0.131445 0.063499 0.106028 0.102016 0.092739 -0.022019 -0.061773 -0.023219 0.105300 -0.047357 0.044783 -0.156344 0.085076 -0.082894 0.007982 0.008399 0.051287 -0.017638 -0.012220 -0.014224 0.084338 -0.009731 0.082073 -0.058725 -0.049634 0.005415 -0.062868 -0.062675 0.005544 -0.006657 0.030939 -0.041362 0.031812 -0.008378 0.054633 0.068918 -0.029150 -0.004226 0.039054 0.063754 0.035668 0.056143 0.007556 -0.031224 -0.107726 0.114897 0.059156 0.020556 0.055227 0.106409 0.028660 -0.105875 -0.106271 0.100357 -0.010235 0.134758 0.138272 0.019327 -0.037674 0.035822 0.021669 -0.086837 -0.070294 0.072898 -0.026411 0.042339 0.032631 -0.015439 -0.047601 0.100403 0.048377 0.107460 -0.127534 -0.030843 0.030988 0.007288 0.064505 0.030568 0.050563 0.006539 0.054979 0.000540 -0.044181 -0.133544 0.019743 -0.020086 -0.150022 -0.011679 -0.023957 -0.012403 0.116408 -0.053339 0.009744 -0.034387 -0.046208 0.066416 -0.112170 -0.006901 0.095254 0.039412 -0.020117 0.034658 -0.075497 0.068252 -0.011989 -0.031620 0.121264 -0.011310 -0.028051 -0.043145 0.068905 -0.122909 -0.013278 -0.027362 0.032038 -0.054903 -0.104113 0.128730 0.050579 0.021894 -0.012195 -0.100450 0.077325 0.053379 0.127999 0.092667 -0.024582 0.102538 -0.008986 -0.022365 -0.116710 0.122057 -0.051963 0.048085 0.084896 -0.190402 0.022415 -0.070114 0.101573 0.177037 -0.196601 -0.004962 -0.112982 -0.066874 0.014100
2391 -0.049266 -0.107918 0.124422 -0.025043 0.028720 -0.004324 0.100511 -0.014325 0.114549 0.071835 -0.056652 0.052840 0.058539 -0.040908 -0.002619 -0.077182 -0.140810 0.000092 0.015463 0.011830 -0.122418 -0.047014 0.054880 -0.126863 0.064040 -0.012337 0.012462 -0.051879 0.051096 -0.191790 -0.051555 0.077039 0.023626 0.031955 -0.037097 0.012184 0.063533 0.095671 0.057141 -0.065488 0.016403 0.023534 -0.014213 -0.116338 0.005363 -0.011274 -0.041229 0.021194 0.049167 -0.072429 -0.159137 -0.039598 -0.117119 0.026005 0.054086 0.084358 0.021135 -0.060355 0.027658 0.113183 -0.004037 -0.034111 -0.024411 -0.046975 -0.050052 0.028941 0.057851 -0.147389 -0.082258 -0.080110 0.073810 0.003295 0.060735 -0.063438 -0.063817 -0.030473 0.067624 -0.042535 0.168326 -0.057822 -0.034349 0.169749 0.075423 0.005462 -0.016212 0.081796 0.039395 0.062415 -0.096918 0.053901 -0.059556 0.050593 -0.045856 0.085411 0.038620 0.051558 0.013948 -0.008672 0.027018 0.046107 -0.008677 0.122483 0.022770 -0.076726 -0.047918 -0.054207 -0.044280 0.039338 0.092293 0.083365 0.037599 -0.020140 -0.054751 -0.114353 -0.008179 0.033408 -0.051849 0.018900 0.035038 -0.016389 0.014698 0.075473 -0.111892 0.029917 0.070445 -0.142347 -0.037780 0.032701 -0.009846 -0.001042 0.061315 0.014223 0.160897 0.024174 -0.165969 -0.078527 0.026153 -0.013770 0.021546 -0.023199 0.016138 -0.084612 0.010747 -0.118359 0.029839 -0.062792 0.125156 -0.057519 -0.128971 -0.030507 0.001322 0.029679 0.004848 0.007704 0.061169 0.080449 0.042567 -0.017289 -0.118716 0.197222 0.049256 -0.014856 -0.032600 0.046736 -0.039476 -0.157935 0.133703 0.046588 0.044442 -0.097048 0.031693 -0.094444 -0.002874 0.098783 -0.018177 -0.057916 -0.071034 0.058787 0.052954 0.152080 -0.029668 -0.118985 -0.054145 -0.038841 -0.036375 0.186662 0.000335 -0.102031 0.089053 0.003035 0.009667 -0.044108
2416 0.000248 0.046546 0.082139 0.124439 -0.011321 0.090753 0.048573 0.013946 -0.092505 -0.143848 -0.054394 0.006893 0.069541 -0.093141 0.067782 -0.013321 -0.170272 0.220050 0.030521 0.039490 -0.044432 0.048722 -0.104090 -0.050720 -0.032074 0.127630 -0.046156 0.023488 -0.113747 -0.012101 -0.039591 -0.072873 -0.073704 -0.030327 0.024094 -0.053986 -0.040088 0.026846 -0.055663 -0.052536 -0.015052 0.078605 -0.064995 -0.100558 -0.047356 -0.049644 0.082434 -0.104634 0.044270 -0.060693 0.050726 0.093665 0.052136 0.017068 -0.016883 -0.009904 0.059079 0.022818 -0.098506 0.063759 0.107520 0.035366 -0.023210 -0.026618 -0.101210 0.010595 0.010258 -0.228494 -0.048628 -0.101229 -0.093529 0.012432 -0.026159 -0.124410 -0.063772 -0.094377 -0.109124 -0.006558 0.030563 -0.061718 -0.049872 -0.038001 0.031255 -0.052832 0.049308 0.089660 -0.051116 0.005524 0.002139 0.043270 -0.013034 -0.055749 0.066641 0.099283 -0.037150 -0.132761 0.048728 -0.065234 -0.126504 0.100582 0.130446 0.065230 -0.055997 -0.075244 -0.005071 -0.097059 -0.022911 -0.036793 0.006763 -0.022238 -0.006273 -0.092251 -0.000042 0.039238 -0.020801 0.075578 0.037605 0.078096 0.086427 0.050647 -0.048265 0.049146 -0.026731 -0.047299 0.026054 -0.008100 -0.088660 -0.227641 -0.113062 0.015268 -0.002230 -0.004330 0.013163 0.057884 -0.097139 -0.010370 0.029595 -0.003657 0.075915 -0.074764 -0.061380 0.045145 0.130151 -0.054754 0.025734 -0.101113 0.007013 -0.094554 0.020313 0.112943 -0.045097 -0.039177 -0.107059 0.095319 0.020530 0.011001 0.010810 0.002806 -0.134924 -0.100201 0.018973 -0.121254 -0.032953 0.078149 0.036455 -0.078611 0.135683 0.107949 -0.033292 -0.111245 -0.001540 -0.069130 -0.018289 0.095163 0.108596 -0.068549 -0.085392 -0.030574 0.025211 0.014602 0.062248 -0.111905 0.003497 0.019477 -0.049190 -0.012000 -0.077814 0.061505 0.015249 0.058785 0.030013 0.014354
2436 0.096472 -0.107263 0.023862 0.117162 0.069085 -0.075343 -0.112755 0.146752 -0.044957 0.036728 -0.211433 0.170819 -0.014931 -0.032192 0.031599 -0.072370 0.060462 -0.006446 0.027621 -0.114809 0.073248 -0.044594 -0.129281 -0.028396 -0.051892 0.133417 0.035680 0.012001 -0.046437 0.051763 -0.141461 0.098854 0.078922 -0.010197 -0.058119 -0.107181 0.050324 0.014617 0.055626 0.144644 0.037537 -0.063922 -0.052118 -0.029910 0.003439 0.127998 -0.016236 -0.039650 -0.020440 -0.086041 0.041525 0.019390 -0.116271 0.081780 0.054155 -0.068530 0.025748 -0.019267 -0.061403 0.093178 0.007065 -0.023883 -0.182321 0.036581 0.027426 -0.130655 -0.031295 -0.106986 -0.002081 0.004902 0.032770 0.112686 0.114361 -0.004924 0.082583 0.037679 0.079204 -0.069947 0.068230 0.120772 0.087184 0.074019 0.115699 -0.048919 0.001057 -0.003036 0.083143 -0.011481 -0.014109 0.099051 0.007750 0.010318 0.065440 0.039379 -0.051381 0.001365 0.117446 0.038742 -0.127724 -0.040125 0.015153 0.068757 0.063346 0.044365 0.016287 -0.081212 0.052787 -0.016411 -0.059028 0.006179 0.045031 -0.057320 -0.020621 0.030147 -0.014086 -0.041338 0.012210 0.063182 0.076046 -0.015083 -0.088910 -0.044687 0.017593 -0.057551 0.058409 0.082460 -0.004328 -0.157818 0.007656 0.111139 0.062990 0.070153 -0.040524 -0.015277 -0.020166 0.057416 0.119403 -0.041696 -0.077018 -0.087431 -0.087548 -0.055043 -0.054745 -0.081415 0.074681 0.033297 0.052283 0.047114 -0.070933 0.034605 0.050431 -0.032349 -0.098972 -0.004019 0.046721 -0.003829 -0.079708 0.030490 -0.039255 0.051339 -0.130358 0.102604 0.113687 0.017548 0.050093 -0.011696 0.126202 -0.106120 -0.016763 -0.026364 -0.126424 -0.025410 0.038065 0.000985 0.053923 -0.105335 -0.072294 -0.035160 0.035209 0.035683 -0.087504 0.072546 -0.062737 -0.013823 -0.078266 0.008174 -0.055897 -0.006654 -0.110619 -0.110277 -0.116734 0.024160
248 -0.014877 0.074812 0.028643 0.047007 -0.054011 0.060436 -0.052205 -0.069697 0.063398 -0.109296 -0.049212 -0.036225 0.065438 -0.011743 0.148523 -0.009190 0.143343 -0.071391 -0.062039 0.023221 0.023370 -0.081851 -0.046582 -0.063667 0.087775 -0.015561 -0.078358 0.065467 0.061881 0.007222 0.025623 -0.199004 -0.038313 -0.002392 0.238474 -0.064817 -0.033782 0.035030 -0.053553 0.087038 -0.073435 0.029183 -0.023037 0.101791 -0.174131 0.013757 -0.023319 -0.013888 0.192722 0.017132 -0.022208 -0.077077 -0.064388 0.042462 0.034849 -0.037812 -0.020981 -0.043781 -0.052125 -0.014783 0.108268 -0.075918 -0.000399 0.008370 -0.051977 0.076393 0.084246 -0.015345 -0.019330 -0.122925 0.024931 -0.003912 -0.086573 -0.038018 0.055468 -0.136151 0.054153 -0.077161 0.028611 0.049856 0.057307 0.139114 0.000417 0.016409 0.071545 0.084859 -0.085283 0.067458 -0.051362 0.136846 -0.038826 -0.033624 0.043910 -0.039907 -0.005096 -0.042861 0.085211 0.028086 -0.129397 -0.001414 0.006453 -0.008692 0.100717 0.038989 0.103627 -0.032025 -0.005524 -0.033961 -0.072685 0.084682 0.148562 0.052156 0.204889 -0.068673 -0.114142 -0.085744 -0.102348 0.055520 0.001477 0.051857 -0.016651 -0.105997 -0.054720 0.001426 0.033758 -0.000674 0.051557 0.045561 -0.050630 -0.077543 -0.012781 0.020483 -0.039387 -0.036009 0.044406 0.001904 0.028310 -0.034347 0.089158 -0.066645 0.056172 0.013634 -0.114417 -0.059715 0.058509 -0.031008 0.062947 0.037391 0.061359 -0.061950 0.025337 -0.038628 0.038299 0.037899 -0.014237 0.085871 0.034350 -0.162985 -0.045263 0.071319 -0.037444 0.046668 -0.075867 -0.129014 -0.128317 -0.061126 0.132582 -0.070211 -0.042460 -0.001155 0.095299 0.061512 -0.070787 -0.063393 -0.056319 0.037676 -0.020584 -0.020979 0.032701 0.103651 -0.020150 -0.077731 0.043078 -0.010516 -0.008084 0.146985 0.033196 -0.010757 -0.159167 0.045680 -0.048583 -0.009356
250 0.066942 -0.029444 0.064420 0.100870 -0.094084 -0.027383 -0.041916 -0.047672 -0.043832 -0.006313 -0.028044 0.102958 0.106634 0.163040 0.047854 0.049967 -0.000749 -0.054719 -0.062949 0.036368 -0.046943 0.025422 -0.008748 -0.044100 -0.078447 0.011800 -0.080562 -0.127899 -0.038027 -0.078163 0.017016 0.012728 -0.065374 -0.089772 0.029779 -0.072189 -0.051866 0.015930 0.040857 0.061264 -0.018929 0.085593 0.058749 -0.087278 0.089816 0.030116 0.041797 -0.099767 0.037081 -0.033368 0.005170 0.053938 -0.046659 0.038797 -0.060729 0.020865 -0.072334 0.066434 -0.016283 -0.074126 -0.039484 -0.090794 0.018840 -0.025278 -0.054574 0.057849 0.021601 -0.041968 -0.073385 -0.078583 0.013973 -0.057836 -0.046134 -0.005928 0.009904 0.006983 0.054774 -0.096643 -0.082566 0.082290 0.008019 -0.052305 0.082784 0.022962 0.061054 -0.079356 0.005538 -0.045928 0.030262 0.137180 0.117509 -0.117775 0.049750 0.037678 -0.028973 0.026661 0.083106 -0.129362 -0.057584 -0.035926 -0.048100 0.031130 0.248988 0.021695 0.068710 -0.185804 0.005579 -0.005471 -0.048757 0.116238 -0.004602 0.012052 0.095641 0.039425 -0.127177 0.045031 -0.054649 0.073303 0.046990 -0.048811 -0.024726 0.095721 -0.171998 -0.040091 0.130682 0.016941 -0.026097 0.019803 0.022366 0.054031 -0.065738 -0.021262 -0.021583 0.011528 0.004805 0.063067 0.004969 -0.089920 -0.033199 -0.094889 -0.026674 -0.038438 0.036924 -0.075646 0.004126 0.107194 0.010020 -0.064416 -0.095450 -0.072363 0.046465 0.045885 0.016314 0.009709 0.071203 0.062451 0.060576 -0.043980 -0.216602 0.043560 -0.068750 -0.096270 -0.011011 -0.090493 -0.143179 -0.031242 0.067634 -0.059384 -0.026403 0.090918 0.209329 0.026034 0.103300 0.022123 0.000428 0.087907 -0.081473 0.024759 -0.014772 0.086031 0.070861 0.005814 0.124821 0.007656 -0.049736 0.101067 0.058680 -0.227116 -0.051101 0.000622 -0.049676 -0.077173
2514 0.071675 -0.060912 0.069275 -0.149375 0.004324 0.006040 -0.065831 0.037971 -0.038785 -0.239328 -0.041586 0.161693 0.004634 -0.093298 0.064918 -0.077202 0.084723 0.016434 -0.073827 -0.006137 -0.051407 -0.037872 -0.028417 -0.099640 0.139679 -0.086815 -0.087432 -0.017726 0.088807 -0.089562 -0.030776 0.096708 -0.101304 0.056408 0.073720 -0.001541 0.139052 -0.043515 0.065527 -0.105665 -0.111858 -0.101587 -0.101081 0.065037 0.052314 -0.050396 0.054483 -0.047385 -0.034739 -0.032063 0.004279 -0.014453 0.081724 -0.043220 -0.038671 -0.077663 -0.014837 0.028938 0.083675 0.088538 0.000422 -0.065767 -0.024980 -0.034611 0.091871 0.001291 -0.001879 -0.117222 -0.068487 -0.150533 -0.201072 0.073164 0.085707 -0.112043 0.040989 -0.065307 -0.007452 -0.026825 -0.041600 0.107674 -0.009634 0.031839 -0.003558 0.008352 0.076939 -0.116976 0.068781 0.091553 0.031740 -0.008351 -0.079894 -0.073466 0.091366 -0.022641 0.001793 -0.048884 -0.120431 -0.109576 0.020151 0.112508 0.008017 0.010248 0.024814 -0.080228 0.065748 -0.125043 0.000096 -0.061224 -0.102212 0.093381 -0.036540 -0.037815 -0.113822 0.044907 -0.025231 0.056275 0.050631 -0.028213 -0.008446 -0.137426 0.010921 0.041485 -0.017680 -0.133166 -0.065520 0.029918 -0.042843 -0.016138 -0.024708 -0.021929 -0.000941 0.052643 0.033612 0.103407 -0.104627 0.060644 0.019289 0.004741 -0.097819 0.010608 -0.033534 0.035085 0.017521 -0.106248 -0.013419 -0.040878 0.170707 -0.094512 -0.037348 0.043838 0.064783 -0.034643 0.033272 0.039652 0.097902 -0.026618 0.013751 0.031993 -0.086783 -0.015450 0.015932 -0.057355 -0.020203 -0.022984 -0.106280 -0.075845 0.098739 0.032579 0.075404 -0.077114 0.031306 0.030271 -0.069434 -0.095119 0.001529 0.035465 -0.025365 -0.119083 0.107206 0.078895 0.017556 -0.080828 0.086924 -0.005951 -0.060638 0.017929 0.094544 0.025386 -0.032981 -0.131501 -0.006256 -0.029857
2518 0.142170 0.004569 0.087618 -0.080342 -0.095722 -0.037292 0.014311 -0.051676 -0.120367 -0.079116 -0.071514 0.020876 -0.026317 -0.146013 0.128716 -0.153623 0.006454 -0.081647 -0.078011 -0.053866 0.012144 0.011954 0.082665 0.010046 0.135248 0.010158 0.027434 0.078590 0.076527 0.051897 0.019976 0.069353 0.006771 0.096955 0.021022 -0.024522 0.058899 0.013720 0.024554 -0.047046 -0.059352 0.056859 -0.020190 0.068264 0.068780 0.017644 -0.079306 -0.086140 0.002871 -0.066897 -0.043073 0.059138 -0.028481 0.030205 0.011574 -0.055798 -0.010619 -0.000199 -0.003539 0.144948 -0.085762 0.117353 0.007524 0.015412 0.085475 0.000080 -0.034889 -0.030095 -0.095355 -0.014785 -0.146509 0.057365 -0.007979 -0.135300 -0.012318 -0.094959 -0.136212 -0.039062 0.125946 -0.008688 -0.066184 0.081641 0.008153 -0.057908 0.027372 0.061177 0.035578 0.086382 -0.085781 0.045945 -0.008562 -0.157724 0.106500 0.057140 -0.002856 -0.052251 0.087429 -0.064515 0.003878 -0.041595 0.034883 0.052115 0.065375 -0.004549 -0.028901 -0.003015 -0.002792 0.010961 -0.037887 0.080282 0.033990 0.127871 -0.042136 0.113683 -0.041546 0.035719 -0.093714 0.141396 0.011432 -0.070817 0.074014 -0.047662 0.068737 -0.074938 -0.027088 0.090794 0.033603 0.002870 -0.119769 -0.078884 -0.050524 0.122612 -0.066253 -0.008178 0.072203 -0.032142 -0.099852 -0.048234 -0.000454 -0.070297 -0.044214 -0.067348 0.162113 -0.058197 -0.045650 -0.008752 0.120968 -0.090764 -0.022395 0.058425 0.113844 -0.031733 0.015657 0.127226 0.096399 0.005357 0.016516 -0.005522 -0.133881 0.011630 -0.076569 -0.091524 -0.085593 -0.070015 0.014386 -0.043941 -0.011684 -0.061721 -0.005036 -0.010742 0.169013 0.104634 0.007616 0.030838 -0.005484 -0.072841 0.064683 -0.123432 0.202408 0.089168 -0.035974 -0.028786 0.038349 0.079019 -0.057220 0.084889 0.142583 -0.013275 -0.055281 0.026067 0.026020 -0.030795
254 0.029124 -0.041694 0.017997 -0.007508 -0.040621 -0.091206 -0.192977 -0.105175 -0.080162 -0.076896 0.101843 -0.011868 0.014125 -0.065175 0.084257 0.015237 0.049328 0.089269 -0.153631 -0.115791 0.028227 -0.146330 0.054988 0.007218 -0.050196 0.068807 -0.038242 0.040256 0.074511 -0.048751 0.040799 -0.092680 -0.146811 0.001774 0.023595 -0.023527 0.031643 0.010921 0.008324 -0.078709 -0.164514 0.010438 -0.081232 0.020814 0.044854 -0.135703 0.040814 -0.118670 -0.158414 0.036939 -0.089770 -0.005018 0.000197 -0.142422 0.020865 0.075245 0.006038 0.005426 -0.014276 0.164738 -0.020656 -0.031351 -0.187344 0.016614 0.119526 0.089962 0.024004 0.015075 0.021972 0.026114 -0.168507 -0.021066 0.062117 0.085535 0.033826 -0.021885 -0.081699 -0.045242 -0.023618 -0.105061 -0.086323 0.018891 -0.042653 0.015256 -0.067786 0.084803 -0.062317 0.092405 -0.108015 0.057975 -0.041557 -0.113635 0.022434 -0.025929 0.031205 -0.009316 0.059004 -0.142453 0.021801 0.109261 0.030138 0.074570 0.141242 -0.059579 -0.021099 0.138345 -0.002517 -0.039076 -0.005746 0.027805 0.039471 0.007655 -0.067375 0.057616 -0.042305 0.077718 0.092890 -0.070408 -0.010522 -0.027732 0.011836 0.005467 0.049772 -0.026925 0.055403 0.029962 0.008203 0.091657 -0.138362 -0.096372 -0.095626 -0.109860 -0.057418 0.009450 -0.012157 -0.011878 0.085871 -0.082194 0.059381 -0.008774 -0.125701 0.024161 0.004439 0.041549 -0.108781 -0.078559 0.020463 -0.059532 -0.019669 0.017635 0.049437 0.059895 0.015936 0.083377 0.042545 -0.028028 -0.023914 -0.081301 -0.017436 0.032120 -0.060039 -0.046529 -0.040889 0.050412 -0.016049 -0.090815 -0.020536 0.019396 0.070304 -0.018766 -0.026536 0.008529 0.014005 0.075217 -0.024045 0.085408 -0.092250 -0.057313 0.109854 0.017159 -0.072730 -0.204700 -0.025152 0.113289 0.080821 -0.047338 0.116634 0.004711 0.014298 -0.018400 -0.077251 -0.020608
26 -0.176195 -0.001481 -0.008854 -0.030322 -0.035012 -0.095558 -0.079826 0.108980 -0.082525 -0.075730 -0.117965 0.089542 -0.003824 -0.046705 -0.014763 0.010296 0.114029 -0.161369 -0.024705 -0.174614 -0.018778 -0.164261 0.048002 -0.066132 0.031760 0.098867 0.063175 0.047845 -0.075072 0.133266 -0.081697 -0.047694 0.011337 -0.079046 -0.065982 -0.082938 -0.068162 0.062466 -0.056162 0.082133 0.045146 -0.088722 -0.078472 0.035672 -0.128310 -0.042451 0.108794 -0.129577 0.044808 0.028620 -0.006700 -0.019906 -0.010802 -0.002230 0.035655 0.108909 -0.015392 0.036208 -0.034387 0.022533 -0.094092 0.005206 -0.201345 -0.034381 0.027457 -0.107028 0.163495 -0.087151 0.008528 -0.003998 -0.099226 0.086374 -0.113948 -0.038291 0.157737 -0.103050 0.031923 -0.021463 -0.018288 0.091845 -0.000826 -0.040256 0.067421 -0.036975 0.071579 0.045831 -0.027169 0.055121 0.035463 0.117879 -0.042349 -0.055644 0.044924 0.040099 -0.008110 -0.002303 0.074866 -0.030571 0.020599 -0.026123 0.039359 0.008531 0.038706 0.076611 0.072086 -0.070843 0.066267 -0.087806 0.015426 0.006057 -0.012111 -0.138856 -0.053937 0.123944 0.030221 -0.002477 0.065011 0.032807 0.149660 0.023335 0.013661 0.003494 0.041500 0.088541 0.125035 -0.051473 0.019435 -0.112430 0.079640 -0.020144 -0.158616 -0.044018 -0.027182 0.043148 0.022080 -0.027644 0.145359 -0.075307 -0.072611 -0.034006 -0.064132 -0.019552 0.017388 -0.016983 0.128951 0.070441 0.053647 0.024595 -0.047976 0.007204 0.014314 0.039273 -0.077699 -0.017494 0.062311 -0.037401 -0.026030 0.059790 -0.009777 -0.008436 -0.006296 0.073292 0.011363 0.059280 0.018397 -0.042512 0.163271 0.070472 -0.124339 0.054575 0.010089 -0.006133 -0.008304 0.021777 0.133770 -0.008820 -0.025408 -0.107444 0.089651 0.026822 0.033511 0.040924 0.040717 0.033395 0.022649 -0.032989 -0.093919 -0.071499 -0.131923 -0.058442 -0.023578 -0.002238
2691 0.007080 -0.018654 -0.030689 0.014151 -0.027731 -0.071717 -0.130469 -0.063967 -0.174734 0.029701 -0.075591 0.009923 -0.020975 -0.002183 0.064231 0.235178 0.080578 0.082299 -0.035782 0.002932 0.042747 -0.053584 0.034155 -0.051697 0.019111 0.083318 -0.013287 0.055556 -0.015564 0.082092 0.004076 0.081205 -0.008084 0.115657 0.001999 0.019069 -0.049457 -0.012168 -0.037356 -0.124001 -0.012143 0.015154 -0.037590 0.005242 -0.034672 0.010792 0.038080 -0.024008 0.049633 0.068191 0.015585 0.108746 -0.043570 -0.044662 0.010056 0.018030 -0.169244 0.198473 -0.024439 0.027245 -0.069719 -0.158736 -0.032985 -0.030721 0.062671 -0.014289 0.089725 -0.051692 -0.149036 -0.174093 -0.055726 -0.050089 -0.000449 -0.192104 0.028681 -0.011527 -0.005446 0.047063 0.014747 -0.012597 0.089018 0.043891 -0.013905 -0.019574 -0.066602 0.018205 0.053623 0.009740 -0.027370 0.126464 -0.118329 0.002402 -0.003395 -0.031849 0.116052 0.011392 0.100317 -0.015304 -0.050383 -0.037861 -0.012321 0.011580 0.099484 -0.088002 -0.022873 -0.123447 -0.020729 -0.028060 -0.000944 -0.037226 -0.091906 -0.156723 0.088131 -0.019277 -0.090269 0.113559 -0.123797 -0.081214 0.165797 -0.013189 -0.049908 -0.022138 0.087583 -0.139916 0.058395 0.046603 0.033275 0.036043 -0.102437 -0.015606 -0.035203 0.025929 -0.102874 -0.039089 -0.002065 0.075622 -0.009105 -0.073802 0.023531 -0.073646 0.121285 -0.177440 -0.020574 -0.025008 0.030336 -0.015659 -0.047490 0.015622 -0.057530 -0.030625 -0.071596 -0.045721 0.022787 0.067497 -0.051935 0.029746 -0.039843 -0.053607 -0.056651 -0.069848 -0.157272 -0.074210 -0.085932 -0.050573 0.144092 0.030886 0.089594 -0.071069 0.042463 -0.005703 0.031900 0.103603 -0.026888 0.093467 0.047572 -0.076371 -0.044121 -0.039031 -0.011328 0.038028 0.039655 -0.061844 -0.028058 0.056401 -0.021412 0.012791 0.068119 -0.004557 -0.022293 0.127047 -0.130996 0.032057
27 0.081884 -0.016470 0.132208 0.108614 0.001352 -0.019291 -0.031336 0.055757 -0.027330 -0.119660 -0.118738 0.144169 0.137010 -0.072145 -0.000858 -0.036388 -0.033197 -0.015686 -0.010245 -0.092100 -0.063492 0.014695 -0.171769 -0.035771 0.118436 0.095979 -0.052207 0.016161 0.016130 -0.189899 0.049511 0.018267 -0.018930 -0.078809 0.209678 0.000265 -0.114421 -0.033893 0.018665 -0.002616 0.012773 0.073816 -0.089182 -0.075732 0.090305 -0.100595 -0.041385 0.012257 -0.062932 -0.067528 -0.164632 0.041718 -0.112955 -0.021763 0.077642 -0.086517 0.027144 0.026068 -0.056733 0.057962 0.061165 0.001209 -0.051723 -0.026343 -0.015485 -0.101814 0.012149 -0.161036 -0.054574 -0.097443 -0.030807 0.006325 -0.024562 0.102566 0.001498 0.003786 0.191691 -0.065075 -0.054983 -0.036928 -0.029206 0.034382 0.091571 0.000063 0.086904 -0.061667 0.105854 -0.026224 -0.107071 0.006808 -0.037023 0.049261 0.145191 0.109638 -0.027137 0.079085 0.080738 -0.036633 0.084610 -0.047492 -0.097061 0.023652 -0.038504 -0.094202 0.064282 -0.129471 -0.156002 -0.105452 0.028707 0.047263 0.011254 -0.162910 0.045527 0.050450 -0.029132 0.071218 0.033108 0.108649 0.044912 0.032144 -0.006149 0.039452 -0.013877 -0.011713 -0.049219 0.020233 0.046365 -0.003002 -0.056583 0.016282 -0.046122 -0.000718 -0.132718 -0.051194 -0.018714 0.052236 0.084096 -0.056503 -0.000601 -0.069403 -0.005660 -0.100411 -0.008712 -0.007785 0.013397 -0.007776 0.073701 0.078780 -0.087615 0.069813 -0.053713 -0.016965 -0.095138 0.022343 -0.042693 0.051064 -0.099890 0.013755 -0.011939 -0.016932 -0.142475 0.040791 0.108206 0.013197 0.056984 0.045039 0.029220 0.038979 -0.046876 -0.002497 -0.020394 -0.086515 0.071987 0.036713 -0.092322 0.077610 -0.001163 0.061813 0.050640 0.050364 -0.076940 -0.052849 0.032377 0.051935 0.009481 0.061702 -0.081850 -0.037764 -0.139892 0.003455 0.071024 -0.002783
2764 0.146527 -0.119487 -0.098496 -0.015265 0.012887 0.011870 0.078625 0.040522 -0.070897 -0.071077 -0.135240 0.086632 0.203730 -0.024172 0.034185 0.155462 -0.131805 -0.048180 0.095412 -0.037071 -0.089403 -0.012296 0.056238 -0.006891 -0.067092 0.039843 -0.003817 0.036446 -0.068220 -0.108879 0.017969 -0.057616 0.050313 0.087621 -0.021589 0.048661 0.033375 0.089629 -0.028945 -0.133525 0.036574 0.049144 -0.033521 0.036008 0.013808 -0.010104 -0.011876 0.072091 0.058471 -0.000317 -0.069477 0.048531 -0.015608 -0.045686 0.180654 -0.038433 0.069343 -0.073541 -0.109840 0.050359 0.087679 -0.000674 -0.054740 0.014532 -0.059221 -0.018922 0.101761 -0.046312 -0.106018 -0.092422 0.012112 0.029990 -0.034836 -0.128672 0.069421 0.040541 -0.122340 -0.047741 -0.007281 -0.042267 -0.050769 -0.054976 0.000216 0.025189 0.007822 -0.013691 -0.092011 0.026432 -0.020470 -0.057800 -0.026770 -0.026411 -0.020932 0.068897 0.069504 0.045548 0.070407 -0.100246 -0.188592 0.000258 0.140173 0.056925 0.062054 -0.093526 -0.017691 -0.058454 -0.098727 -0.062330 0.073887 -0.024372 -0.028076 -0.039162 0.084959 -0.076830 0.051676 -0.016899 0.029093 0.029832 0.029070 0.061555 0.015839 0.023249 0.065654 -0.011727 0.067593 0.012584 -0.048257 -0.042326 -0.119828 0.143633 0.014508 -0.046337 0.083107 0.064942 -0.094454 -0.060219 0.033792 -0.056648 -0.079291 -0.045114 0.077119 -0.058865 -0.051901 -0.076687 0.040701 0.019361 -0.013577 -0.174310 -0.004708 -0.038750 -0.006826 0.053173 -0.012980 0.101341 0.087560 -0.067691 -0.001158 -0.096680 0.002687 0.027723 -0.062378 -0.162581 0.070005 0.098413 0.063479 0.066439 0.068054 0.065748 0.226165 -0.112214 0.072189 -0.048166 0.076928 0.089324 0.130440 0.037155 0.009726 0.031632 0.014101 0.004375 0.087555 -0.078730 0.045978 -0.001888 0.065655 -0.030117 -0.051911 -0.084190 0.057506 -0.001007 -0.075754 0.088889
2817 0.019529 0.039242 0.085007 0.015237 0.009887 -0.049085 -0.025684 0.050391 0.071880 -0.006744 -0.098435 0.002988 -0.021694 -0.012597 0.043474 -0.055987 -0.012452 0.137948 0.022982 -0.033449 -0.014724 -0.023022 -0.050820 0.107329 0.047512 0.013044 0.050649 0.047069 -0.001057 -0.206857 -0.049478 -0.044012 0.069561 0.023751 -0.006768 0.067741 0.068976 0.058952 -0.004024 0.075094 -0.001604 -0.033767 -0.063214 0.023955 -0.013814 -0.001207 -0.001866 -0.062493 -0.112454 0.036682 -0.056634 -0.030246 -0.141594 -0.012405 0.087910 0.037155 0.118601 -0.041443 -0.111358 -0.114258 -0.053201 0.056722 -0.054100 0.047887 0.189609 0.075214 -0.034739 -0.059361 -0.012257 -0.011280 -0.084986 0.007208 -0.041890 0.051860 -0.071321 -0.004524 -0.072304 0.050482 0.118668 0.019828 -0.027229 0.020375 -0.087806 0.109752 0.083313 -0.036783 -0.037941 0.012341 -0.029703 -0.010726 -0.026701 -0.045723 0.099717 0.168607 0.012055 -0.027197 0.023000 -0.028310 -0.250629 0.044221 -0.043107 -0.081103 0.109588 -0.040361 -0.079556 -0.017050 -0.094089 -0.059596 -0.002010 -0.013177 -0.018675 0.121911 -0.026998 0.032181 0.003165 -0.028244 -0.005197 0.112125 -0.099663 -0.042948 0.198446 0.012355 0.060644 -0.017392 0.187387 0.089475 -0.037841 0.058166 -0.027725 0.034281 -0.136350 0.049840 0.020775 -0.016356 -0.135932 -0.098795 0.106747 -0.025541 -0.131534 -0.097861 0.028661 0.000960 -0.065613 -0.056207 0.067970 0.057231 -0.069710 -0.056705 -0.035273 -0.057023 0.050001 0.076468 -0.132092 -0.010696 0.012812 -0.045005 0.015435 -0.031192 -0.105729 0.032402 0.202522 -0.063319 0.043049 0.067312 -0.144032 0.065693 0.067791 0.061951 -0.130511 -0.065448 0.024265 -0.045671 0.004051 0.076800 0.001698 -0.025090 -0.036893 -0.047548 -0.038696 -0.006644 0.093461 -0.050166 0.082481 0.056813 -0.042029 0.072220 -0.009232 -0.060312 0.027290 0.071563 -0.045684 -0.135498
2836 -0.008148 -0.021537 -0.073762 0.093463 0.092142 -0.075968 0.053818 0.036266 -0.050022 0.123060 -0.000910 0.061509 -0.106365 -0.101644 0.028206 0.192537 0.111477 0.060468 0.040166 -0.008105 -0.095859 -0.045064 0.083084 0.152537 -0.100868 0.042124 -0.026210 -0.106997 0.056397 -0.010538 0.090761 -0.137405 0.060035 -0.032811 0.030461 0.054655 0.016753 0.001307 0.103553 -0.053587 -0.035206 0.033832 0.029592 0.112330 0.038657 -0.091126 0.026031 -0.025907 -0.001264 0.059596 -0.063838 0.121316 -0.007827 0.077606 0.092652 -0.032765 -0.050270 0.162815 -0.027049 -0.025950 0.079073 -0.058199 0.019331 -0.013134 0.141317 0.031377 -0.051367 -0.106176 -0.020582 -0.040116 0.017795 0.057945 0.014845 -0.176504 -0.015785 -0.061204 0.082830 -0.015798 0.010496 0.050561 0.035857 0.067055 -0.124162 -0.061161 0.126682 -0.032453 0.014407 -0.024366 -0.128245 -0.034421 -0.079095 -0.004901 0.005410 -0.006839 -0.024250 0.075461 0.008188 -0.031343 -0.119024 0.008371 0.002424 -0.134151 0.094422 0.078675 -0.078169 -0.097253 -0.043272 -0.043091 -0.066772 -0.044920 -0.027494 -0.019938 0.035167 0.022109 -0.128704 0.046759 -0.017691 0.065192 0.000464 -0.099541 -0.060034 0.054728 -0.067801 -0.049417 0.036615 -0.042340 0.028909 0.046805 -0.029328 0.065580 -0.085694 0.102068 -0.062050 -0.036325 -0.126695 0.050703 -0.059810 0.057879 -0.044615 -0.162483 0.101770 -0.078651 -0.149018 -0.039628 -0.044221 0.058910 0.197601 0.083629 0.091102 -0.073765 -0.041323 0.081575 -0.019350 -0.022167 0.034240 0.001625 -0.005180 -0.068906 -0.049034 -0.037732 -0.038062 -0.028002 0.078490 0.063272 0.067778 -0.080304 0.112811 0.000319 -0.049518 0.038295 0.112017 0.117493 0.080688 0.016258 -0.007339 -0.126223 -0.134315 -0.059165 0.062182 -0.042348 0.028961 0.078769 0.022794 0.040241 -0.051053 0.069089 -0.013211 -0.095637 -0.030555 -0.007092 -0.047627 -0.054972
2843 -0.029108 -0.072616 0.004525 0.006508 -0.093110 -0.092466 0.142273 0.086067 -0.087624 -0.017532 -0.245410 -0.015320 -0.086423 -0.121717 0.103654 -0.107242 0.082322 -0.001269 0.046458 -0.013943 -0.010227 -0.169274 0.004144 0.024168 0.112004 0.068439 -0.067593 -0.049275 -0.028980 0.017685 0.042560 0.037893 -0.065981 -0.006085 0.058636 -0.128162 -0.045510 0.020148 -0.062696 -0.012861 -0.110236 -0.011135 -0.076362 0.088225 -0.028170 0.032897 -0.084714 -0.064290 -0.043971 0.015676 -0.024748 -0.043663 -0.035709 -0.011255 -0.039664 -0.028274 -0.014369 -0.001539 0.030112 0.052566 0.035940 -0.125367 -0.026657 0.150351 0.091502 -0.028821 0.124621 -0.024596 0.092484 -0.005234 -0.127627 0.027850 -0.065419 -0.063301 0.040497 -0.057742 0.036473 0.012013 -0.077294 0.211967 0.149524 -0.009911 0.052553 -0.074949 -0.045926 -0.006826 -0.025346 0.030163 0.088910 -0.037916 -0.032521 0.038067 0.163878 -0.000861 0.020764 -0.014817 -0.042478 -0.006092 -0.081120 -0.053021 -0.038092 -0.021157 -0.014586 0.060378 -0.057542 -0.041053 -0.051949 0.042171 0.038717 -0.017476 0.006615 -0.073542 0.149087 0.088451 -0.034557 -0.032525 0.107462 0.136346 0.103253 0.068336 -0.000936 -0.130542 -0.082455 0.000481 0.018323 -0.039676 -0.052611 -0.023681 -0.062971 -0.002863 -0.105302 -0.077863 -0.156267 0.050382 0.018465 -0.095415 0.017947 0.103920 -0.028498 -0.031313 -0.086015 0.011313 -0.051498 -0.097218 0.045175 0.111772 0.036908 0.063712 -0.111538 0.043777 0.107279 -0.030956 -0.106919 -0.035312 0.017530 -0.062750 0.023844 0.106382 -0.004594 -0.004529 0.053613 -0.061484 0.035916 0.037256 0.001850 -0.037473 0.051195 0.052672 -0.014194 -0.014431 0.109025 0.034758 0.002654 0.058921 0.048189 -0.086041 -0.018245 -0.116002 0.158381 0.076345 -0.031256 0.005673 0.009995 0.033519 -0.056677 0.009639 -0.085604 0.070620 -0.179542 0.052975 0.000731 -0.095076
289 -0.024907 0.025541 0.118229 0.078329 0.189346 -0.025312 -0.072145 -0.004815 -0.100455 0.016114 -0.117342 -0.052408 0.105900 -0.097658 -0.007196 -0.092804 -0.094517 0.081525 -0.007551 0.033816 -0.074864 -0.006479 0.040045 -0.025156 -0.011622 -0.013757 -0.076299 -0.064878 -0.014534 -0.051921 -0.010915 -0.063958 -0.029402 0.018392 0.051426 -0.064273 -0.038886 -0.023995 0.084318 -0.003735 0.064810 -0.049387 -0.047651 -0.075911 0.006461 0.007058 0.000917 -0.064206 -0.004760 -0.046916 0.017796 0.113139 -0.027432 0.017950 0.080103 0.080017 0.075181 0.160878 -0.097255 -0.028263 0.032565 0.062464 -0.026145 0.018016 -0.035637 -0.013018 -0.016236 -0.113733 0.026365 0.016869 -0.064019 -0.014883 0.067604 -0.100772 0.014867 -0.218787 -0.014901 -0.037537 -0.002921 -0.072834 0.057188 -0.051475 -0.007190 0.097285 -0.040994 0.019541 0.029362 -0.083354 0.005215 0.005408 -0.057972 -0.105974 0.029907 -0.078914 0.002294 -0.042081 0.073068 -0.173303 -0.106519 -0.064313 0.083174 0.006342 0.030700 0.029926 0.179474 -0.073725 0.005685 -0.009301 0.052707 -0.057398 -0.012738 -0.058441 0.042474 0.050566 0.020680 0.128485 0.016302 0.075009 0.071764 0.024839 -0.125839 0.062913 0.039111 0.076760 0.174077 -0.012977 -0.028185 -0.079045 -0.052259 0.008020 -0.023391 -0.066145 -0.035650 -0.046197 -0.104563 0.118914 0.022923 0.031879 -0.082129 0.098627 -0.017872 -0.159003 0.062199 -0.056179 -0.025207 -0.086746 0.024928 -0.093185 0.028583 0.017819 0.067636 -0.108364 0.033075 0.028821 0.040963 0.025459 0.003888 -0.053348 -0.131807 0.024613 0.054497 0.006403 -0.005781 0.055060 0.037535 -0.035612 0.024326 0.043636 -0.143339 -0.081320 -0.064444 -0.239427 -0.091993 0.127923 -0.045543 0.028517 0.000456 0.082804 0.044311 0.145015 -0.021933 -0.191994 0.033018 0.010894 -0.055603 0.018310 -0.052037 0.034696 -0.031930 0.170276 -0.015728 -0.040666
2893 -0.007990 0.061655 0.050819 0.070177 0.055519 0.079036 0.027199 0.016805 -0.024944 -0.115654 -0.132404 0.082592 0.091050 -0.056216 0.028636 -0.081984 0.010393 0.033514 0.043586 0.012262 -0.000742 -0.164748 -0.065982 0.000237 0.028922 -0.085478 -0.050191 -0.038014 0.053702 -0.020559 -0.054436 0.090579 -0.020010 -0.023475 -0.037892 -0.118184 -0.104275 -0.062960 0.069452 -0.062774 -0.018463 -0.028487 -0.119176 -0.073896 0.047828 -0.039624 0.038937 -0.108491 0.147029 0.031348 0.022017 -0.060765 -0.007713 0.072763 0.013806 -0.026369 -0.034188 -0.002271 0.020482 -0.040779 0.075760 0.045112 -0.025357 0.068743 0.017525 0.155906 0.123999 0.020885 -0.024256 -0.145425 -0.027384 0.090015 -0.111320 -0.050634 0.122866 -0.078060 -0.037024 -0.108882 -0.004043 0.057713 -0.103290 -0.062474 -0.038105 0.028044 0.136873 0.028380 0.181987 0.055568 -0.080254 -0.059239 0.060994 -0.001562 0.052761 0.076006 -0.060296 -0.044890 0.054215 -0.121027 -0.024190 0.034940 0.003892 0.019749 0.012931 -0.046495 0.015731 -0.051414 0.075109 -0.065623 -0.078166 0.043597 0.006816 -0.071053 0.059648 0.042445 0.007272 0.002206 -0.004268 0.059852 0.083992 0.160202 -0.061174 -0.083098 0.011295 -0.057754 0.043477 -0.001170 0.022690 -0.112457 -0.065352 0.028608 0.015760 -0.030906 0.021613 0.002568 -0.067310 -0.106447 0.092727 -0.031524 -0.070241 -0.010626 -0.085915 -0.169466 0.004577 -0.084335 0.030554 -0.080251 0.062664 -0.054957 0.061498 -0.065245 0.007621 -0.064399 -0.084406 -0.012790 -0.007088 0.016978 0.072344 -0.020382 -0.121709 -0.036669 0.031727 0.155192 0.009801 0.166144 0.140103 -0.072702 -0.174857 -0.044406 0.120816 0.015190 0.108213 -0.023778 -0.023333 0.045207 -0.012220 -0.028910 0.034096 -0.092484 0.087491 0.091984 -0.152558 -0.080379 0.035342 -0.115991 -0.030184 -0.093070 -0.111572 -0.073545 0.091436 -0.025422 0.011998 0.069417
2910 -0.054660 0.213643 0.034412 0.109464 0.023071 0.038938 0.070007 -0.040099 0.023222 0.019650 -0.085839 -0.006508 0.095524 -0.041969 0.039221 -0.006265 -0.049737 0.059063 -0.051781 -0.007320 -0.041654 -0.063633 0.109130 -0.065132 -0.041021 0.020208 -0.095383 -0.060261 0.016770 -0.044619 -0.001865 -0.037688 -0.101756 -0.046612 0.013162 -0.024663 -0.059124 -0.061227 0.053657 0.025925 0.032562 0.024726 -0.056519 -0.082922 0.083041 0.034589 -0.037573 -0.047856 0.019805 -0.039193 -0.063252 -0.007201 -0.135682 0.123533 0.115478 0.087711 -0.065543 -0.007137 -0.092466 0.075637 0.025411 0.049865 0.036451 0.054309 -0.029304 0.062794 -0.027933 -0.013156 0.082459 -0.119008 0.063819 -0.001991 0.059576 -0.070586 -0.014098 -0.100995 -0.015803 -0.004123 0.109191 0.091686 0.000956 -0.040014 0.020878 -0.028365 0.072698 -0.062325 0.040141 0.072121 -0.182119 0.005920 -0.102219 0.011442 0.130324 0.057700 0.001506 -0.104718 0.050824 -0.094359 -0.158847 -0.118305 0.117469 0.100065 0.012897 -0.127726 0.043752 -0.027695 -0.100966 -0.091839 0.033931 -0.127342 0.033188 -0.036989 -0.052212 0.033192 -0.021222 0.066772 -0.028525 -0.014771 -0.045303 0.065174 -0.061986 -0.040768 -0.189109 0.075243 -0.052109 -0.012655 -0.028171 -0.111880 -0.032144 -0.029129 0.041790 0.003229 0.070512 0.003867 -0.103854 -0.021408 -0.075415 -0.057487 -0.001881 -0.058538 -0.122546 -0.129949 0.051205 -0.042451 -0.009682 -0.004808 0.010159 -0.039512 0.146585 -0.068813 -0.125697 -0.028205 0.088765 0.153400 0.084603 -0.028448 -0.095566 0.000929 -0.126761 -0.004489 0.085419 0.031866 -0.028623 0.007909 0.068368 -0.024856 0.059606 0.048148 -0.081169 0.006947 -0.059412 -0.236306 -0.112991 0.009104 -0.042088 0.072528 -0.054880 -0.048888 0.012787 0.122150 -0.078778 -0.066854 0.020071 -0.024863 0.016068 -0.044413 -0.131633 0.029306 -0.022300 0.079322 0.062211 0.049790
2911 0.042651 -0.048784 0.168922 -0.030619 -0.049971 0.124117 0.004327 0.016106 -0.115600 0.011704 -0.075220 0.059383 -0.121635 -0.109854 0.106022 0.014992 0.031350 0.121678 -0.013036 -0.045302 -0.037882 0.099361 0.027501 -0.025673 0.219221 0.005499 0.022463 0.055903 0.033108 0.026969 -0.041191 0.075262 0.054635 0.093513 -0.060428 0.074503 0.109636 0.048068 -0.018522 0.027333 0.089967 0.009884 -0.047619 -0.002828 -0.133861 -0.031520 -0.039187 -0.152251 0.048529 -0.006936 -0.013392 -0.002729 -0.084661 0.014064 0.021243 0.036656 -0.116931 -0.009207 0.028539 0.078219 -0.039269 -0.041108 0.048818 0.039707 -0.105724 -0.001865 -0.015855 0.135408 -0.056063 -0.041097 -0.114723 0.009756 -0.085522 -0.047367 -0.172855 0.050766 -0.044377 -0.059259 0.029612 0.091633 -0.006274 0.109394 -0.024320 0.034300 -0.000402 0.031151 0.165125 0.130775 -0.027238 0.108898 -0.031345 -0.136292 0.004739 0.025389 0.074985 -0.030531 0.070568 -0.044315 0.028688 -0.029417 -0.029125 0.037799 0.086424 -0.030658 -0.025340 -0.067745 -0.062381 0.022765 -0.062336 0.097799 0.068439 0.013341 -0.075033 0.020661 -0.084035 0.071207 -0.071792 0.145309 0.093530 0.001562 -0.045207 0.005484 0.023504 -0.037001 -0.038330 0.012121 0.111501 -0.052125 -0.040891 -0.171607 0.029677 0.113977 -0.039453 0.029478 0.019769 -0.007040 -0.042930 -0.227126 -0.118803 -0.016745 0.059676 -0.126864 0.065034 -0.028745 0.032741 0.027682 0.036500 0.013713 0.081159 -0.008086 0.043093 -0.073855 0.004095 0.018801 0.051905 -0.054748 0.081449 0.019596 -0.136995 0.082454 0.080869 -0.108491 -0.101223 -0.032495 -0.041896 0.049482 -0.061178 0.020089 -0.002137 0.147115 0.102116 0.031900 0.176238 -0.064877 -0.047589 0.010671 -0.052296 -0.096207 0.014595 0.036201 0.012006 -0.068472 0.003695 0.028344 -0.092654 0.032175 0.020612 -0.064042 0.023306 -0.028607 0.021126 -0.029636
2952 0.046400 0.016111 0.009744 -0.105545 0.015513 -0.019682 -0.137879 0.038251 -0.013682 -0.059844 0.089858 0.045346 0.219656 -0.069001 0.123238 -0.055359 0.027234 -0.084381 0.059080 -0.002346 0.058411 -0.071740 -0.057394 0.093707 0.118058 -0.010397 0.055479 0.109349 0.010329 0.017417 0.068724 0.062480 -0.057284 -0.047445 -0.007054 -0.134714 -0.087194 -0.088344 0.020787 -0.081720 -0.054602 -0.150495 -0.141585 -0.112126 -0.002183 -0.086947 -0.012373 -0.042331 0.010861 0.053380 0.043160 0.049084 0.121735 -0.077804 0.027038 -0.057562 0.008149 0.070160 -0.108891 -0.021129 0.032021 -0.038386 0.041988 0.042538 -0.090176 -0.038167 -0.002392 -0.006405 -0.070860 -0.062133 -0.100219 0.068782 -0.066977 -0.084190 -0.033453 -0.061570 0.040938 -0.072818 0.067762 0.079538 -0.061244 -0.014238 0.020253 -0.101213 0.114840 0.131358 -0.068119 0.033334 -0.017889 -0.085935 -0.010057 -0.009985 0.047640 0.002024 -0.047663 0.026462 0.076502 -0.024599 -0.014256 0.118186 -0.052647 0.029574 0.146434 -0.049415 0.077280 0.024135 -0.015939 -0.071147 -0.046328 -0.036659 0.058367 -0.041796 -0.048557 -0.039767 -0.029792 -0.032848 -0.002597 0.130796 0.128640 0.083638 -0.045855 -0.010489 -0.075567 0.037575 0.054295 -0.008915 0.075881 -0.134314 -0.064332 0.094976 -0.082089 0.024317 -0.000027 0.049442 0.040919 0.008460 -0.094720 0.003443 -0.120852 -0.078392 -0.139980 0.019011 -0.131104 0.042472 -0.051137 0.079672 0.151983 -0.080876 -0.117989 0.077891 0.121596 -0.142621 -0.048196 -0.076365 0.024341 -0.015655 -0.032422 -0.035063 -0.060815 0.063968 0.062578 0.016895 -0.094776 -0.061397 -0.068612 -0.154839 0.006968 -0.057108 -0.111611 -0.061391 0.177046 -0.021327 0.011530 0.057988 -0.084097 -0.011493 -0.007104 -0.055968 -0.020463 0.034725 0.046082 -0.055914 0.029279 -0.060129 0.011514 0.110055 0.082519 -0.038757 0.001054 0.005476 -0.062302 0.067947
298 -0.048830 -0.071634 0.044241 0.028492 0.006638 -0.042234 0.038345 -0.031152 -0.070410 -0.121737 -0.044114 0.048647 -0.005066 -0.112448 0.006421 -0.023261 -0.051450 -0.042102 -0.095031 -0.085850 0.002801 -0.096246 -0.035022 0.030162 0.071257 0.035294 -0.027487 -0.003767 -0.002933 0.042007 -0.033521 0.062152 -0.021786 0.113065 -0.010589 -0.043677 0.127861 -0.031144 -0.008323 -0.025030 -0.060469 -0.028421 0.004899 0.038710 0.078268 -0.030418 0.016495 -0.071084 -0.037087 -0.075450 -0.035953 -0.005281 -0.030166 -0.055462 0.053082 -0.026351 -0.166049 -0.034368 0.081617 -0.097508 0.134404 0.002323 0.065385 0.119506 -0.098503 -0.036539 0.000949 0.014264 0.124725 -0.175467 -0.053723 0.086080 0.034929 -0.052692 0.051768 -0.056091 0.020385 -0.073980 0.010055 0.126293 -0.050075 0.048410 0.010464 0.036424 0.098324 0.096536 0.038498 -0.005173 0.060593 0.090899 0.045492 -0.105839 0.002457 0.070751 -0.130594 -0.114584 0.081673 -0.044981 0.044444 0.160218 -0.003003 -0.135227 0.046330 -0.111813 0.039886 -0.049442 0.019202 -0.049241 -0.067240 -0.045487 -0.095160 -0.006937 -0.071721 -0.039112 0.008084 0.081818 0.000504 0.018368 0.005479 0.173693 0.044454 -0.066171 0.012893 0.069646 -0.047780 -0.035183 -0.078611 -0.061135 -0.161991 -0.050772 0.157076 0.055308 -0.144994 -0.114901 -0.141022 0.029829 -0.006657 -0.037265 -0.003296 0.003424 -0.005315 -0.085208 -0.087924 -0.004419 -0.017733 -0.060120 -0.079878 0.087551 0.030668 -0.092578 0.045618 -0.177949 -0.084622 0.037187 -0.019741 0.012855 -0.126910 -0.031455 -0.165160 -0.124036 0.096687 -0.007017 0.021475 0.047617 -0.065707 0.067459 -0.000241 -0.031936 -0.085691 -0.005773 0.083888 -0.023088 -0.059845 0.032935 -0.038340 -0.000623 -0.015071 0.035477 0.015477 0.010376 -0.052954 -0.130051 -0.105291 -0.066390 -0.021938 -0.079319 -0.120196 0.165865 -0.015530 -0.031226 0.072298 0.109837
2989 0.126054 -0.014831 0.091610 0.016548 0.037694 -0.026673 0.053962 0.041849 -0.078186 0.014112 0.046309 0.004705 0.072761 0.144026 0.148343 0.138763 -0.192793 -0.093501 0.036833 0.019569 -0.092892 -0.104520 -0.018116 0.007936 0.037660 0.071650 0.056631 -0.002546 0.115822 -0.149019 -0.020835 0.067005 0.000366 -0.074598 -0.040951 0.007434 -0.037658 -0.083550 0.085119 0.049871 0.030981 -0.110714 0.012660 -0.015271 0.030634 -0.048611 0.002275 0.043528 -0.094617 0.087906 0.048029 0.104853 -0.029449 -0.006477 0.152443 -0.003468 -0.000465 -0.001984 0.031868 0.063568 0.010154 0.048056 0.056450 -0.030466 -0.046285 0.061334 0.043591 -0.069447 0.011061 0.016106 0.085648 0.047599 -0.008552 -0.108666 -0.079454 -0.008900 -0.018328 0.023080 0.024162 0.074102 -0.081246 0.070721 0.065654 0.001709 0.109448 -0.024489 0.119026 0.141288 -0.081209 -0.004278 0.049179 0.073526 0.013892 0.134293 -0.062754 -0.036910 0.049323 -0.097061 -0.070504 0.024515 0.012267 -0.085037 0.039698 -0.143461 -0.035267 0.045945 -0.091091 -0.068497 0.014350 0.069757 0.010461 -0.010004 -0.083254 -0.037847 -0.039956 0.083175 -0.029848 0.122744 -0.021403 -0.029375 0.006879 0.026535 -0.065633 0.163611 0.063901 -0.069606 -0.169094 -0.011914 0.082190 -0.067049 0.066068 0.060875 0.074917 -0.008449 -0.118812 0.058296 -0.088042 0.035547 0.010428 -0.032254 -0.026512 0.013351 0.035223 -0.028575 0.043088 0.030210 -0.057196 -0.026562 -0.001845 -0.057236 -0.021027 -0.030768 -0.010513 0.051202 -0.007639 -0.011897 -0.044421 0.012197 -0.163697 0.029975 0.005864 -0.192467 -0.071275 0.054860 0.022434 -0.103427 0.087650 0.041053 -0.078460 -0.046637 -0.047004 0.051500 0.092251 0.109793 0.115226 -0.039750 0.041833 0.046089 0.082353 0.009769 0.042446 -0.025044 -0.172168 0.009171 -0.104516 -0.088899 -0.190031 -0.069164 0.079989 -0.007968 0.143949 0.013197
302 0.096748 -0.063021 0.156678 0.034842 -0.014845 -0.110747 0.011356 -0.044652 -0.069179 -0.143781 -0.081483 0.023255 -0.049392 0.138369 0.056763 0.167804 0.106624 -0.010144 -0.048696 -0.045453 -0.042217 -0.071188 0.125022 -0.033375 0.001539 0.009065 -0.045791 -0.048316 -0.006205 0.026630 0.026321 -0.091263 0.023431 0.143764 -0.016887 0.026170 -0.057520 -0.026774 0.054783 -0.004519 -0.093738 0.131078 0.021733 0.156678 -0.030227 -0.013012 0.046911 -0.068098 0.112955 0.015093 -0.040254 0.053677 -0.073349 0.064235 0.108570 0.015151 -0.115004 0.080178 0.050191 0.102300 -0.030491 0.059844 -0.023942 0.073532 0.004791 -0.014537 0.037390 -0.066067 0.029064 -0.154180 0.041543 0.038502 0.000793 -0.107380 0.032589 -0.042464 -0.017500 -0.059451 0.003376 0.094186 0.119012 0.123651 0.063642 0.026357 0.132183 0.147136 -0.003776 -0.004196 -0.052796 0.063494 -0.032585 -0.077991 0.036630 -0.078685 -0.006595 0.027399 0.147613 0.077294 0.017907 -0.074324 0.032844 -0.068942 0.109705 -0.007298 0.085603 -0.172482 0.013850 -0.092153 0.046395 -0.055591 -0.142386 -0.075350 0.024980 -0.125643 -0.012990 0.000814 0.030557 -0.034602 -0.075976 -0.000218 -0.065626 -0.017327 0.054507 0.039094 0.098637 0.008991 -0.070553 0.060644 -0.012325 -0.050021 -0.028309 0.159783 -0.041995 -0.013812 -0.116557 0.085635 -0.043851 0.013906 0.050084 -0.128895 0.064741 0.026712 -0.020021 -0.074212 0.000694 -0.042198 0.043337 0.064294 -0.043954 0.077526 0.027185 -0.000413 -0.025057 -0.071415 0.041637 -0.055935 0.007523 -0.122705 -0.083083 -0.075900 -0.023613 0.051194 -0.031468 -0.141515 -0.086367 -0.047361 0.064895 0.042488 0.023025 0.068852 0.200769 0.091289 -0.072745 0.021631 0.028664 0.002175 -0.113724 -0.038100 0.024466 0.001625 0.028588 -0.093438 -0.095190 0.043589 -0.075706 0.121108 -0.023194 0.027419 -0.029900 -0.005813 0.002192 0.047067
307 -0.001492 -0.069046 0.061704 0.079249 -0.053026 0.006138 -0.093094 0.088558 -0.164597 0.044414 -0.102279 0.044300 0.059779 -0.013979 -0.025336 -0.011747 0.036952 -0.144090 0.002328 -0.051359 0.062950 -0.044611 -0.021075 0.115046 0.021851 -0.091995 -0.041588 -0.053043 -0.032887 -0.122743 -0.021390 -0.031384 0.060689 -0.039838 -0.003655 -0.089723 -0.079309 0.037180 -0.001423 -0.033036 -0.119462 -0.093282 -0.112185 0.084761 0.009045 -0.056641 0.041889 -0.107682 0.004815 0.074133 0.044428 -0.105532 0.082427 -0.022353 0.152544 0.034365 -0.025694 0.046438 -0.047092 0.022461 0.037484 0.035851 -0.055728 0.147996 0.034424 -0.081214 0.033671 -0.023738 -0.059073 -0.014868 -0.025490 0.014405 -0.086535 -0.121566 0.086631 -0.083322 -0.091345 -0.146532 -0.043848 -0.001089 -0.125113 -0.016079 0.028597 -0.077943 0.029802 -0.002702 -0.147121 -0.008896 0.026113 0.084979 -0.102420 0.118031 0.077830 0.108024 -0.100675 0.041375 0.071059 -0.020366 -0.047371 -0.038921 -0.044953 0.025319 0.105424 0.034510 -0.070120 -0.089313 -0.060681 0.033316 -0.048252 -0.098170 0.033791 0.019124 -0.004843 0.020214 0.005058 -0.068505 0.034194 0.061563 -0.106887 0.125454 -0.050027 -0.069237 -0.060994 0.010267 0.094913 0.008619 0.026730 -0.113050 -0.039873 0.028972 -0.039378 0.019456 -0.003648 0.041521 -0.034210 0.010917 -0.053232 0.027947 -0.090634 0.068320 -0.032687 0.127409 -0.066103 -0.094951 0.098230 0.035786 0.080257 0.042893 -0.102809 -0.039083 -0.013760 -0.051052 0.054088 0.019693 0.215203 -0.045683 -0.063750 0.057755 -0.021249 0.074351 0.157808 0.205721 0.019428 -0.009565 -0.023625 -0.009442 0.161360 -0.031989 -0.187186 -0.086968 0.081782 0.100506 -0.004821 -0.012195 -0.003801 -0.007263 -0.004232 -0.097849 0.073213 -0.021239 0.018050 0.132967 0.052894 0.024550 0.031581 0.035120 0.004885 -0.023912 -0.110816 0.018519 -0.028041 0.034506
311 0.050284 -0.154083 0.062884 0.045888 0.052593 -0.009751 0.024417 0.088057 -0.065549 -0.059761 -0.080732 -0.056821 0.007535 -0.005523 0.086607 0.024274 -0.046861 -0.006059 0.018182 -0.008599 0.021885 -0.088654 0.071313 -0.056876 0.014209 0.039035 0.028992 -0.026776 -0.064552 -0.052907 0.085309 0.067974 -0.014879 -0.131430 -0.085132 -0.165197 -0.138469 -0.014512 -0.059222 -0.111283 -0.008494 -0.015862 0.006392 -0.059092 0.018726 -0.115550 0.091604 -0.094704 0.064082 -0.002835 -0.136887 0.008214 -0.037499 -0.035055 0.030454 0.025375 -0.009263 -0.139633 -0.021484 0.051275 0.040997 0.141495 -0.008276 0.154237 -0.026458 -0.000636 -0.031786 -0.075835 0.093562 -0.046911 0.030285 0.137907 -0.023363 -0.111140 0.041842 0.099415 -0.146346 -0.028398 0.058325 0.017239 0.107482 0.134307 0.061255 -0.074007 -0.010548 0.094779 0.004085 -0.014352 0.025236 -0.099983 0.030002 0.005059 0.020763 0.048613 -0.029457 0.029069 0.139060 -0.045349 -0.014658 -0.013049 0.029838 -0.035873 0.037124 -0.001777 -0.135914 0.032697 0.073103 -0.122536 0.149469 -0.143364 0.052231 0.016317 0.029092 0.058255 -0.035359 -0.014812 0.038817 0.102681 -0.075388 0.113983 -0.150110 -0.009991 -0.033848 -0.031042 0.018715 -0.092859 0.090817 -0.175431 -0.154104 0.024310 -0.079728 0.069186 -0.059800 -0.008108 0.052891 0.023053 -0.055407 -0.072175 0.019430 0.059510 -0.117868 0.039961 0.021010 -0.075613 -0.018611 -0.026438 -0.043617 0.061624 -0.063102 0.035658 0.081016 0.055734 -0.154329 0.035593 0.016939 -0.012156 -0.088960 -0.018249 -0.121876 0.127236 0.056472 -0.052785 -0.049636 -0.113364 0.096832 -0.016261 -0.075946 -0.107071 -0.062717 -0.048965 -0.049718 0.013729 -0.009908 0.074694 0.037140 -0.040336 0.057512 -0.121737 0.025623 0.038175 0.015738 0.015891 -0.000257 -0.053465 -0.024941 0.105980 -0.099519 0.045594 -0.114296 0.093680 -0.011760 0.017206
3112 0.000095 0.041425 0.122643 0.029048 0.145741 -0.077277 0.060250 -0.054696 0.207170 0.108140 -0.002033 0.044637 0.137423 0.096602 -0.108195 0.009434 -0.058758 -0.078865 -0.014691 -0.042742 -0.117693 -0.089945 0.077427 -0.110991 0.096335 0.007875 -0.067526 -0.127113 -0.003254 -0.061223 0.037588 0.020676 0.005952 -0.006171 -0.076131 0.007589 0.055088 0.061052 0.166510 -0.073473 0.093138 0.013569 -0.040788 -0.030594 0.060577 0.031351 0.020140 0.102617 0.018763 0.034555 -0.028911 -0.020945 -0.188549 0.044448 0.063375 0.036087 0.082240 0.002376 0.015802 0.002052 -0.041728 0.011924 -0.003274 0.088960 0.024997 0.054310 0.091535 -0.084070 -0.026543 -0.076195 0.118050 0.128088 0.111171 -0.072565 -0.080548 -0.062891 0.047785 -0.105795 0.176973 -0.009246 0.049855 0.005453 -0.001480 -0.002706 0.084446 0.081682 -0.015355 0.120366 -0.138945 -0.034703 -0.014634 0.089991 -0.086026 0.019946 -0.007080 0.059753 0.070540 0.039566 0.011162 0.024293 -0.084099 0.037413 0.028824 -0.018802 -0.027090 -0.064245 0.041956 0.044177 0.046141 0.037937 0.043645 -0.019732 -0.004519 -0.096541 0.050933 -0.041065 -0.062260 -0.021338 0.011166 0.014896 0.029261 -0.003914 -0.133906 -0.013751 0.024102 -0.018147 0.051677 0.076532 0.042024 0.068137 -0.094112 -0.008801 0.020176 0.062620 -0.131226 -0.048532 -0.059055 -0.090069 -0.142644 -0.043262 -0.002436 -0.128405 -0.018532 -0.123431 0.008900 -0.023329 0.123515 -0.065148 -0.116762 -0.076688 0.085897 0.084070 0.072973 -0.009109 0.056601 -0.033387 0.104317 -0.100585 -0.074500 0.094243 0.039598 -0.034204 0.130553 0.035162 0.068986 -0.093564 0.077639 0.117832 -0.035090 0.015029 0.087154 -0.059991 0.016575 -0.057256 -0.049507 -0.033254 -0.066194 -0.007193 -0.042685 0.070451 -0.112829 -0.076991 -0.029584 0.094763 0.071662 0.076197 -0.074091 -0.078830 -0.014475 -0.024827 0.016192 -0.093345
3168 0.048624 -0.038531 0.103376 0.012915 -0.013041 0.046199 -0.085184 -0.052260 -0.057679 0.099951 -0.054618 0.072127 -0.003666 0.016393 -0.051624 -0.082522 0.004769 0.033539 -0.055472 -0.001559 0.075102 -0.013097 -0.101975 0.076163 0.023872 0.075485 0.025329 0.054000 0.079046 -0.060828 -0.147616 0.015343 0.034822 -0.010750 -0.045058 -0.059368 -0.026191 0.028034 0.160170 0.010589 -0.019775 0.086550 -0.038452 0.132522 0.004171 0.000938 -0.096330 -0.061489 -0.034724 -0.040080 -0.011906 0.145629 -0.117404 -0.047277 0.053051 -0.143201 0.005898 0.051160 -0.110878 0.035614 -0.068714 0.070229 -0.127843 0.020772 -0.156241 0.073630 -0.013170 -0.019062 -0.067368 0.045968 -0.079214 0.009462 0.088378 0.067548 0.007549 0.045064 0.063032 -0.029125 0.077216 0.065203 0.084795 0.010110 0.007472 0.035217 0.032552 0.113592 0.081332 0.005122 -0.042878 0.092871 -0.010166 -0.098757 -0.024849 0.053650 -0.118426 -0.035871 0.162230 -0.040146 -0.026636 -0.015630 0.012610 0.140549 0.200197 -0.089768 -0.013170 -0.018932 0.044502 0.032231 -0.041046 -0.012973 0.030896 -0.052868 -0.082961 -0.093392 -0.037011 0.020430 0.079827 0.127580 0.076275 0.000751 -0.016349 0.129778 0.055463 -0.046807 0.049974 0.164529 0.018828 -0.118301 -0.003729 -0.119148 0.054289 0.002614 -0.154729 -0.044352 0.005852 0.011125 0.004418 0.027736 0.164855 -0.026080 0.066748 -0.024360 0.054243 -0.052141 -0.056872 -0.010861 0.041282 0.042397 -0.055782 0.028112 -0.018453 -0.012967 0.000265 0.034899 -0.135504 0.072155 -0.065739 -0.088621 0.000767 -0.054467 -0.063837 0.047148 0.044638 0.162960 0.095388 -0.016780 0.074150 -0.085203 0.079111 -0.049707 -0.075424 -0.180257 0.039017 0.041049 0.039798 0.006741 -0.030189 -0.029242 0.058754 -0.101650 -0.052605 -0.018012 -0.178132 0.105706 0.001341 0.014490 0.044257 0.042515 -0.017530 -0.140002 -0.040623 -0.066357
32 -0.002788 -0.018835 0.048891 0.101947 0.056606 -0.005695 0.031434 0.021617 0.031312 -0.040100 -0.029429 -0.021621 -0.016536 -0.112751 -0.070146 0.036795 -0.102974 0.110188 -0.061095 -0.094928 -0.019738 0.013427 -0.027721 -0.014403 -0.002759 -0.001397 -0.096072 0.105429 0.022410 -0.146720 0.044516 -0.118530 -0.127481 0.052457 0.117292 0.016087 0.031669 -0.000189 0.118738 -0.060415 -0.000638 -0.049516 0.025975 0.024547 -0.077442 0.003586 -0.005637 0.053297 -0.122666 -0.015042 -0.117233 0.046470 -0.034864 -0.029120 -0.059123 -0.052309 -0.064003 0.080747 0.067445 0.119557 0.100043 0.047703 0.025448 -0.044628 -0.027922 -0.141002 0.078710 0.011301 -0.137627 -0.040620 -0.083765 0.045964 0.086016 -0.063960 0.078991 0.082952 0.078026 0.096528 0.134625 0.037593 0.053068 -0.020090 -0.010756 -0.042450 -0.001111 0.031917 -0.071691 -0.002015 0.001677 0.096337 -0.068036 -0.134689 0.066483 0.250803 -0.098534 0.040113 0.179924 0.055737 -0.002940 0.013642 0.045629 -0.076359 -0.037159 -0.004496 -0.000519 -0.088412 0.034380 -0.024687 0.013337 -0.056510 0.019438 -0.096639 -0.078434 0.055139 -0.084134 -0.032570 -0.041804 -0.010209 -0.019438 0.085682 0.048274 -0.057380 -0.046227 -0.032166 0.048289 -0.042855 -0.048759 -0.113444 -0.020784 0.077657 -0.036444 0.100121 0.077203 -0.081002 -0.108804 -0.000205 0.043878 -0.141414 -0.043360 -0.040272 -0.011771 -0.061886 -0.035687 0.071572 -0.019886 -0.043049 0.107357 0.084465 0.097250 -0.035662 -0.043076 -0.023366 -0.146312 0.006526 -0.048138 0.123194 0.041644 -0.080533 -0.090777 -0.052386 -0.026067 -0.128271 0.123268 0.093708 -0.018886 -0.065299 0.079563 0.243366 -0.084778 -0.002085 0.054640 -0.064604 0.006379 0.049368 -0.098449 -0.065465 -0.041985 -0.021138 0.042761 0.098646 0.053699 0.081456 0.027901 0.065747 -0.009139 0.043280 0.009130 -0.020334 -0.039403 0.040253 0.021472 -0.086726
3214 0.088028 -0.007208 0.056516 0.061624 -0.092411 0.029871 -0.069526 0.061240 -0.047988 -0.141330 0.095742 0.070117 0.083753 -0.059085 0.101652 -0.074013 0.045252 0.087024 -0.122684 -0.018455 -0.028808 0.093086 0.166718 0.004219 0.059755 -0.053108 -0.042748 -0.030914 0.059201 0.052306 -0.058292 0.051640 0.057493 0.113104 0.045626 -0.077989 0.044088 -0.157217 -0.090611 -0.013532 -0.006787 0.137679 -0.073368 0.073183 -0.076643 0.050965 -0.042388 -0.148706 0.007275 -0.020373 -0.151066 0.079210 0.141644 0.150213 -0.028086 0.000856 0.031259 0.005074 -0.041078 0.013160 -0.079304 -0.075853 0.082142 0.043339 -0.019732 -0.037449 0.033704 0.025401 -0.172629 -0.018977 -0.084922 -0.042189 -0.012156 -0.001029 0.089498 -0.156824 -0.061630 -0.006319 0.075970 -0.021895 0.096907 0.044453 -0.004591 -0.029137 0.099396 -0.001987 -0.019790 0.006787 -0.093719 0.035226 -0.110396 -0.137695 -0.005199 0.128434 -0.094752 -0.029397 0.026095 -0.107572 0.001122 -0.074804 -0.043530 -0.018652 0.127879 -0.082990 0.011310 -0.016658 -0.004458 0.013223 0.036464 0.033133 0.105783 0.045483 0.066259 0.079894 0.074473 0.018116 -0.081050 0.046768 -0.058163 0.034858 -0.000159 -0.113689 0.022074 -0.025102 0.005646 0.049778 0.129105 -0.023752 -0.034051 0.069262 -0.069806 0.058061 -0.080362 -0.054265 -0.116977 -0.110034 -0.047680 0.039657 -0.054058 0.058868 0.035252 -0.147503 -0.050154 -0.050744 -0.087213 0.098351 0.076713 -0.106715 0.050176 0.019287 0.081399 -0.077986 -0.059092 0.012037 0.010038 0.020362 0.056619 0.047700 -0.113996 0.022200 -0.029057 -0.043894 -0.014728 0.016394 0.086975 -0.024505 -0.047976 0.029381 -0.034756 0.047093 0.146579 0.029046 0.018851 0.121272 -0.077335 -0.058724 0.052253 -0.097074 0.099395 0.077412 -0.021181 -0.050300 -0.036788 0.077716 0.098796 0.075649 0.038620 -0.092105 0.002944 -0.060394 0.070375 -0.073561
322 0.043764 -0.087794 -0.019657 0.046503 0.068133 -0.067120 -0.095302 0.055084 -0.051835 -0.095307 -0.065248 0.140539 0.037835 -0.112090 0.100420 0.039012 -0.043753 0.104894 -0.044541 -0.142666 0.108542 0.011592 0.012945 -0.133370 -0.027236 0.210160 0.006157 -0.127866 0.051635 -0.045295 -0.070895 0.032732 0.021397 0.040750 0.045995 -0.076137 0.144593 0.016093 0.031321 -0.001723 -0.079376 -0.061557 -0.016627 -0.017739 0.014777 -0.088307 0.088031 -0.028785 -0.055890 -0.015838 -0.060962 -0.000219 -0.040712 -0.111724 0.016963 0.053578 -0.084979 0.046235 -0.122438 -0.011376 0.011024 -0.048261 0.090595 0.050248 0.012219 -0.012946 0.002898 0.084907 -0.048956 -0.179730 -0.079101 -0.060493 0.061171 0.039951 -0.080136 -0.020196 0.097893 0.121088 -0.006116 0.078096 0.007409 0.060902 -0.018850 -0.020643 0.093124 0.017243 -0.002825 0.014599 -0.094659 0.030831 -0.012906 -0.047995 -0.111741 -0.019354 0.040769 0.075799 0.091292 -0.038003 -0.037028 -0.116805 -0.154018 0.059159 0.071109 0.013326 -0.064835 0.018381 -0.018688 0.002602 0.075192 0.005165 -0.094454 -0.011358 -0.022390 -0.079710 0.006297 0.110615 -0.070651 -0.024801 0.049526 0.121941 -0.080848 0.044762 0.066052 -0.040503 0.093967 0.003309 0.105299 0.083728 -0.196577 -0.038649 -0.066436 0.079526 0.088991 -0.062545 -0.024910 0.125417 0.024483 -0.073893 -0.082621 0.017308 0.118648 -0.171211 0.038001 -0.040054 -0.010398 -0.204101 0.014439 -0.120931 0.000479 -0.045316 0.070759 -0.120943 0.015469 -0.034481 -0.062556 -0.017710 -0.111477 -0.109168 -0.062771 -0.008756 0.026782 -0.180046 -0.031346 0.004884 0.036318 0.021978 -0.011751 -0.108439 -0.053616 0.046395 0.054097 0.038505 -0.073618 0.008974 -0.023522 0.033182 0.046086 0.018777 -0.006888 0.000250 0.010359 -0.063695 -0.043679 0.037313 0.028168 0.022058 0.077915 -0.007478 0.054972 0.059698 0.068351 -0.029475
3235 -0.043237 0.172338 0.007131 -0.005017 -0.013951 -0.068647 -0.068972 0.078464 0.019558 -0.062694 -0.150670 0.059686 0.131090 -0.031002 -0.018759 0.078924 0.038554 -0.144871 -0.009151 0.088063 -0.045430 -0.107926 0.111091 -0.003842 -0.016522 0.057593 -0.021907 0.043991 -0.003817 -0.116629 -0.023986 -0.063497 -0.065325 0.026844 0.059869 -0.014919 0.052138 -0.008218 0.042570 -0.074108 -0.029251 -0.007832 0.035925 0.137721 -0.064369 -0.003132 -0.088226 -0.066541 0.024725 -0.032401 0.048871 0.008891 0.005191 0.035687 -0.026456 -0.034860 -0.159101 0.040344 -0.058887 0.059432 0.069296 -0.092819 -0.078050 0.078149 0.028291 -0.015433 0.117420 -0.067131 -0.015319 -0.136398 -0.023577 -0.011696 -0.090212 -0.000876 0.156320 -0.108392 -0.032270 -0.006333 0.031425 0.014091 0.000675 0.009321 0.052058 -0.008925 0.178887 0.043401 -0.109821 0.111310 -0.003342 0.032108 0.034764 -0.029075 -0.041811 0.094537 -0.012189 0.006007 0.123754 -0.025171 0.001367 0.040929 0.129703 -0.085334 0.068233 -0.057507 -0.047967 -0.107489 0.051182 -0.087036 -0.113959 0.029601 -0.034643 -0.011384 0.073550 0.143294 0.080282 0.042579 -0.121321 -0.049801 0.038049 0.084961 -0.006132 -0.090426 -0.051675 0.030798 0.112096 0.025933 -0.020592 -0.107537 -0.030203 -0.005915 -0.022090 -0.023050 -0.020767 -0.129432 -0.089589 -0.031983 -0.024618 -0.027160 0.016230 -0.014130 0.017014 -0.048224 -0.049751 -0.048784 -0.070825 -0.055179 -0.012897 -0.022253 0.062798 -0.108457 -0.023451 -0.080644 0.004004 0.162965 -0.012608 0.001477 -0.078870 -0.133901 -0.113732 0.037417 0.041789 0.022270 -0.016461 -0.005241 0.015199 0.026113 0.087518 0.054752 -0.101216 -0.100734 0.142220 0.014172 -0.140077 -0.026490 -0.036655 0.040929 -0.051653 -0.005911 0.143446 0.231609 -0.072798 -0.085787 -0.005604 -0.086318 0.056853 -0.017879 0.056587 0.025825 -0.158350 0.044267 0.049719 -0.012560
3240 -0.016265 -0.067625 0.005285 -0.090752 0.010773 -0.021603 -0.005174 0.034073 -0.067219 0.055822 0.113983 0.112242 0.128531 -0.024674 -0.045947 0.049457 -0.021259 0.000727 -0.107015 0.014820 -0.026751 -0.005932 -0.019862 0.105348 0.000913 -0.122030 -0.056558 0.034511 0.187880 -0.040940 0.132812 -0.049475 -0.060742 0.108123 -0.000716 -0.016547 -0.086218 0.032355 0.046944 -0.138987 0.066075 -0.021979 -0.008518 -0.028499 0.025764 -0.022639 0.012345 -0.097108 0.046476 0.013814 -0.058867 -0.013741 0.071048 -0.065681 -0.088783 0.053977 -0.072351 -0.045673 -0.037687 0.026818 0.037957 -0.097945 -0.039918 0.017535 0.063083 -0.086990 -0.090293 0.054478 -0.125809 0.035671 -0.089395 -0.013042 0.010664 -0.029070 -0.062656 -0.056028 -0.011484 0.025378 0.099659 -0.100554 -0.009394 0.049575 -0.030095 -0.070413 0.007527 -0.020773 0.114244 -0.130653 -0.120372 -0.027716 -0.113718 -0.105091 0.078582 0.057510 -0.055102 -0.051903 0.061404 0.012590 0.098050 -0.028312 -0.117786 -0.033781 0.152237 0.029823 -0.040217 0.009301 -0.178710 -0.116793 -0.060040 0.059693 0.168766 0.026796 -0.001363 0.088725 -0.118313 -0.047385 -0.088933 -0.084843 -0.064045 -0.053654 -0.063767 -0.154015 -0.108340 0.058975 0.047825 0.006008 0.109508 0.066164 0.036475 0.009696 -0.100455 -0.062401 0.040207 -0.193018 0.000639 -0.085839 0.076826 -0.040071 -0.050722 -0.003608 0.036624 -0.056241 -0.076748 0.068355 0.006309 0.084880 0.088617 -0.029007 -0.038189 0.091728 -0.024198 -0.074889 0.020695 0.193198 0.061861 0.009700 -0.018156 0.012972 -0.051113 -0.002241 -0.079523 0.081256 0.141658 -0.040680 0.042755 -0.020528 -0.033114 0.023762 -0.132319 0.037454 0.112610 -0.062538 -0.050135 0.054402 0.019431 0.010568 0.003206 -0.050897 0.030704 0.078783 0.069630 -0.003742 0.019996 0.035169 -0.007135 0.056505 0.099756 -0.135369 0.012441 -0.085306 -0.065594 0.021267
3242 0.049776 -0.013039 0.011804 -0.039285 -0.060372 -0.051717 -0.074221 -0.059380 -0.022942 -0.026189 0.036301 0.101391 0.024775 -0.166514 0.104517 -0.046353 -0.011145 -0.133560 -0.020810 -0.052469 -0.022180 -0.102473 0.093589 0.056346 0.047671 -0.000312 0.016164 0.025849 0.027798 -0.163783 0.034522 0.000520 -0.070343 -0.123831 -0.010553 0.018810 0.061489 -0.057702 0.062080 -0.088400 -0.041725 -0.054442 0.047735 0.030019 0.065877 -0.119842 0.078492 -0.144630 -0.014043 -0.147968 0.006742 0.026895 -0.034022 0.006538 0.051505 -0.046173 0.035742 0.001903 -0.082405 0.141579 -0.004637 0.041793 -0.089546 -0.025653 0.001591 -0.018125 0.072793 0.015117 -0.024049 0.050567 -0.096703 -0.034197 -0.032002 -0.028360 0.076997 0.002883 -0.029799 0.008111 -0.067852 -0.058088 -0.079409 -0.046165 0.002695 -0.048946 0.097382 0.036238 -0.002620 0.106035 -0.099802 0.129489 -0.059405 -0.079362 0.019129 0.026091 0.072764 0.077726 0.040710 -0.040319 -0.031115 -0.018779 -0.034697 0.013434 0.075265 0.016182 -0.165542 0.000654 0.056202 0.060603 -0.053607 0.081710 0.056810 0.050986 -0.033987 0.092290 -0.027998 0.028896 0.147792 -0.108300 -0.040061 -0.037924 0.030129 0.016642 -0.100397 -0.012365 -0.029443 -0.003662 0.030104 0.058781 -0.084451 -0.042299 -0.118848 -0.010679 0.066544 0.003746 -0.020639 -0.028154 -0.000670 -0.022344 -0.148908 -0.037129 -0.068286 -0.043588 0.074387 -0.008230 0.037841 0.060029 -0.052609 -0.035712 -0.033948 -0.128509 0.168769 0.094083 -0.158798 0.179158 0.099325 -0.040937 -0.016259 -0.062228 -0.077348 0.071851 -0.024790 -0.029025 -0.135686 -0.082947 0.052603 -0.106367 0.027792 -0.164612 0.048074 0.056734 0.033054 0.040723 -0.005280 -0.008690 -0.134041 -0.074457 0.027192 -0.096747 0.098155 0.134450 -0.090549 -0.119359 0.033344 0.108542 0.077533 0.028133 0.076116 0.035116 -0.161025 0.013634 -0.126472 -0.048589
3259 0.044448 -0.022722 0.156141 0.077875 0.023227 0.138881 -0.041997 -0.014505 -0.055143 -0.116991 -0.052829 -0.049467 0.131826 0.023325 -0.030071 -0.042221 -0.067698 -0.054886 -0.039466 -0.012678 -0.049682 0.018001 -0.035649 -0.026462 -0.029636 0.069035 -0.002812 0.092247 -0.020183 -0.126099 0.047832 0.052447 -0.003780 -0.051460 0.018255 0.120501 -0.014946 -0.036787 0.151619 -0.152024 -0.064163 -0.038781 -0.004173 -0.122346 -0.061109 0.065104 0.042294 0.005175 -0.053709 -0.034039 0.012748 0.019396 -0.093867 -0.092589 0.056855 0.094941 -0.022982 0.029700 0.054873 0.098347 0.060018 -0.121153 0.038534 -0.033054 -0.066913 -0.013797 0.097265 -0.113019 -0.061438 -0.110045 -0.027805 0.024955 -0.045553 0.041629 -0.043278 -0.038659 0.065063 -0.013436 -0.100186 0.045593 -0.097398 0.055277 0.055121 0.106579 0.056091 0.010331 0.014585 0.025495 -0.078573 0.153190 0.012559 -0.024558 0.049370 0.109924 -0.125500 -0.069006 0.062951 0.025491 -0.059444 0.007506 -0.065879 0.034972 -0.018798 0.110677 0.105476 -0.015630 0.057161 -0.068931 0.097298 0.109587 0.013940 -0.029491 -0.097751 0.049622 -0.051330 0.028357 0.052883 -0.026566 0.022438 0.093609 0.040204 -0.064556 -0.086696 -0.135548 0.063997 -0.005815 -0.034734 -0.048010 -0.036368 0.133514 -0.066571 0.000250 0.009390 -0.141160 -0.057049 -0.078306 -0.038549 -0.029669 -0.052607 -0.118294 0.061454 -0.124671 0.070058 -0.044670 0.019296 0.021990 -0.107371 -0.045603 -0.072597 -0.023483 0.039568 -0.076651 -0.186239 0.004713 0.035055 -0.000225 0.083075 0.008642 -0.105472 0.002899 -0.129126 -0.117547 -0.002970 0.029029 0.008767 -0.082993 0.047152 0.054951 -0.033049 0.012964 0.070503 0.028370 -0.027883 0.117104 -0.045208 -0.005169 0.040067 0.068845 -0.043789 0.047349 -0.180475 -0.126760 -0.056227 -0.052802 -0.019932 0.186154 0.055072 -0.087218 -0.144566 -0.019005 0.074599 0.057267
328 0.020725 0.095060 -0.027749 0.091500 0.025544 -0.061229 0.143588 0.033124 -0.047413 -0.053889 -0.046427 0.085506 0.101012 0.027355 0.020432 -0.095878 0.022351 0.071963 -0.015034 -0.026477 0.018216 0.004915 0.132031 0.003197 -0.006018 0.083849 0.038884 -0.044260 -0.164641 -0.097220 0.026543 -0.046229 -0.021152 0.030057 -0.051320 0.046836 -0.025885 0.067505 0.097539 0.003801 0.071253 0.101189 -0.023926 0.009036 0.131550 0.011622 0.004018 0.089613 0.087798 -0.004109 0.034659 -0.018396 -0.134711 -0.065774 0.152928 -0.080150 -0.029906 -0.052915 -0.059534 0.017627 0.014974 0.140783 -0.004920 0.107656 0.079584 0.093830 -0.038354 -0.081532 -0.066594 -0.005733 -0.027803 -0.062893 0.125788 -0.148854 -0.011012 0.080930 -0.060865 0.001797 0.007472 0.040938 -0.022909 0.067981 -0.026586 0.167878 0.004906 -0.005849 -0.041507 0.092986 -0.091666 0.013415 -0.076844 -0.001929 -0.076421 0.062554 -0.080387 -0.041856 0.045409 -0.077820 -0.178988 0.000688 0.070212 0.081155 0.073161 0.076181 -0.027269 0.011104 -0.072831 -0.062713 0.033512 0.001087 -0.132015 -0.037838 -0.065384 0.039531 -0.071444 -0.047342 0.036784 0.037243 0.013709 0.017696 -0.038156 0.067643 0.024994 -0.006793 0.133647 0.021497 -0.149798 -0.044683 -0.027708 0.089568 -0.065142 -0.035348 0.080921 0.003868 -0.135593 0.034884 0.140202 -0.032139 -0.083127 -0.182715 -0.000516 -0.067308 -0.128955 -0.109506 0.049839 -0.016645 -0.023616 0.020598 0.177858 -0.005028 -0.020322 0.045848 0.059813 0.066891 -0.005571 0.008209 -0.031955 -0.002864 -0.020015 -0.054562 0.039567 -0.064795 0.089819 0.035417 0.134623 0.023530 0.172241 0.086230 0.034879 0.106319 0.091630 -0.077441 0.083147 0.045110 0.131862 0.044324 -0.049968 -0.075162 0.065975 0.026125 0.051353 -0.105090 -0.007108 0.003177 0.044332 -0.008181 -0.105286 -0.052692 0.013814 0.098136 -0.018334 0.015065
332 -0.076486 0.031360 -0.011254 0.007531 0.076332 0.101772 -0.035068 0.123945 0.052078 0.029302 -0.062366 0.100562 -0.031877 -0.085580 0.130565 0.113228 0.123576 0.131996 0.165814 -0.094847 -0.040088 -0.133447 0.127738 0.090287 -0.002246 -0.056607 0.074098 -0.039322 -0.029164 -0.025779 -0.093973 0.067512 0.016540 -0.031058 -0.123055 -0.059411 0.032380 -0.023277 0.011155 -0.102898 0.077696 0.004555 -0.046497 -0.028571 -0.134917 -0.003965 -0.028377 -0.046166 0.105584 0.001882 0.001360 0.174445 -0.004975 0.026913 0.025875 0.015847 -0.055739 -0.000255 -0.020922 0.064388 0.113873 0.041801 0.015051 0.089746 0.005191 0.070831 -0.006256 0.051133 -0.009355 -0.045674 -0.091898 -0.063350 0.046756 -0.085185 -0.015177 -0.009952 -0.034614 0.057660 0.046898 -0.018734 0.142362 -0.061342 -0.033447 -0.054663 0.047287 0.118939 -0.002330 0.103685 0.023945 0.081460 -0.091402 -0.008141 -0.074423 0.040028 0.034573 -0.080034 -0.015546 -0.053403 0.008635 0.059916 0.032849 0.003652 0.043604 0.043976 -0.067285 -0.152558 0.029339 0.125522 -0.006059 0.046351 -0.032070 0.056564 0.033454 0.038233 0.060023 -0.006468 -0.102904 0.114324 0.178578 0.060016 -0.006179 0.046549 -0.090683 -0.013088 0.000737 -0.060498 0.117538 -0.002411 0.085469 0.016968 0.009320 0.085470 0.062664 -0.054672 0.004977 0.006029 -0.074935 -0.186026 -0.064943 -0.118698 0.022259 -0.051987 -0.094838 0.016148 0.015369 -0.003405 -0.020485 -0.031421 0.040429 -0.039749 0.026774 -0.054942 0.039292 0.076432 -0.037300 -0.023447 0.040461 0.004373 -0.082462 -0.010146 -0.080596 0.048044 -0.115576 0.125444 -0.002526 -0.039652 -0.039679 -0.130016 -0.016368 0.075671 0.046181 0.078523 -0.107376 0.113164 -0.097888 0.029593 -0.052255 0.002512 -0.002696 0.002272 0.061461 -0.101527 -0.146580 0.045488 0.060450 -0.010925 -0.061362 -0.101242 0.166743 -0.133312 -0.129725 -0.044852
3374 0.006028 0.109061 0.057271 -0.043038 0.034129 0.071977 -0.006301 0.097900 -0.035162 -0.119805 0.083311 0.135911 0.053181 -0.012010 -0.044133 0.052977 -0.088248 -0.027959 0.002156 0.050579 0.071350 -0.062928 0.157179 0.053914 0.061035 0.141375 -0.026796 0.071045 0.057626 -0.050636 0.000382 -0.083963 -0.083538 0.173125 0.050145 -0.066266 0.028056 0.043945 0.007977 -0.149620 -0.022152 -0.132155 0.083725 0.027549 0.084441 -0.061651 0.188462 -0.053331 0.088168 -0.121429 -0.006519 0.008149 0.080879 0.023297 0.088124 0.037048 -0.017783 0.068367 0.046022 -0.077966 0.046732 0.054124 -0.015206 -0.032711 0.028189 0.060068 -0.130917 -0.031143 -0.082107 -0.085563 -0.015992 0.048437 0.031549 -0.027355 -0.143226 -0.127106 -0.053127 -0.095943 -0.029164 -0.106813 -0.120665 0.049111 0.091637 -0.034055 0.001858 -0.044078 -0.126393 -0.015442 -0.034623 -0.044856 -0.090109 -0.008703 0.024249 0.131810 -0.036215 -0.015727 -0.053418 -0.082558 0.069461 0.018766 0.055142 -0.151742 0.004726 0.092215 -0.016274 0.051564 0.113458 -0.087742 -0.013352 0.091927 0.018377 0.047179 -0.017824 -0.039322 -0.006432 -0.083388 0.046455 -0.002858 0.112933 0.083543 0.076746 -0.028609 0.075333 0.018460 0.076202 0.007320 0.019806 0.004248 0.064984 -0.082348 0.031782 0.004319 -0.016177 -0.070869 0.025324 -0.043958 -0.003400 0.072998 0.078636 -0.056323 0.033085 -0.021922 0.026453 -0.110969 0.082227 0.074164 0.028582 -0.028359 -0.069129 0.032874 0.032735 0.072279 0.045218 0.145203 0.110951 -0.032570 0.037368 0.009431 -0.109319 0.043682 0.040206 -0.047502 -0.034683 0.054803 0.015294 -0.016556 0.144512 -0.151254 -0.091748 0.033801 0.003668 -0.032074 -0.184647 0.027664 -0.074583 -0.066442 0.070677 -0.166057 -0.004744 -0.003092 0.014596 -0.015500 0.076382 0.189934 0.043169 0.018825 0.036848 0.025505 0.004367 -0.005157 0.002718 0.008679
3436 0.121408 0.183507 0.058087 0.036909 0.104400 -0.035579 -0.060729 0.073896 -0.154195 -0.076181 -0.065913 0.175711 0.085729 0.019584 -0.025775 -0.034996 0.090744 -0.049595 -0.096082 0.045485 -0.025426 -0.076882 -0.024254 0.074344 0.041959 0.022245 0.154644 0.064084 0.109259 -0.045273 -0.048893 0.080897 0.063175 0.033775 -0.033321 -0.090935 0.024320 -0.017055 -0.016541 -0.011753 0.084438 0.018690 -0.033384 -0.074452 -0.018542 0.005876 0.064140 -0.028707 0.057900 -0.097226 -0.026515 0.015515 -0.026246 0.084036 0.087377 0.042202 0.002582 0.037387 0.127315 0.014766 0.083990 0.014763 -0.084257 0.075512 0.070113 0.110331 0.101136 -0.083730 -0.068307 -0.050894 -0.025248 -0.021704 0.094102 -0.003434 0.028440 -0.036114 -0.029129 -0.054158 0.060983 0.128641 -0.054793 -0.028419 0.018429 -0.010802 0.041661 -0.052959 0.040100 0.054030 0.004531 0.008642 -0.035947 -0.036986 0.021478 0.083659 -0.065851 0.104987 0.040300 -0.099871 0.014736 0.046096 -0.029845 0.085344 -0.036037 0.218187 0.102171 0.089219 0.028086 -0.040076 -0.060250 0.051386 0.011881 -0.111341 0.052940 0.151746 0.104295 -0.035908 0.094396 -0.014188 0.023499 0.111466 -0.042548 0.007757 -0.005290 0.034702 0.084255 0.018465 0.039923 -0.017757 -0.006161 0.038227 -0.143455 -0.063668 0.025299 -0.002438 -0.069864 -0.008077 0.011739 0.003433 -0.067944 -0.022082 -0.031673 -0.090944 -0.032552 -0.116029 0.042927 0.011839 -0.003948 0.026797 -0.136575 -0.013953 0.016823 -0.025113 -0.028544 0.019836 0.152185 -0.055903 0.045258 0.044507 0.033746 -0.148399 -0.065947 -0.026486 -0.024954 -0.073847 -0.015116 -0.047945 0.026443 -0.036776 -0.094605 0.113109 0.139960 -0.021582 -0.026116 -0.026655 -0.060362 0.042952 -0.014988 0.040780 0.078930 -0.010020 -0.202122 -0.025427 0.064664 -0.098188 -0.028095 0.044979 -0.055341 -0.226955 -0.061448 -0.139786 0.054769 -0.099098
3440 0.020602 0.005585 0.063265 0.066184 0.049492 -0.048355 0.045889 -0.007932 -0.016562 0.050524 -0.029104 -0.112773 0.128561 0.129824 0.115680 -0.109422 -0.097342 0.092364 0.038789 -0.046666 -0.019539 -0.050255 0.059508 -0.058240 -0.050985 0.018582 -0.030098 -0.148230 0.062002 -0.107237 -0.013462 -0.074152 0.028210 0.038357 0.044411 -0.008456 -0.025174 0.083585 0.076532 0.088550 -0.029835 0.065965 -0.022385 -0.088432 0.099953 0.019774 0.127539 -0.098128 0.021820 -0.157351 -0.008436 0.112700 -0.167541 0.006500 0.085580 0.033864 0.083034 0.065893 0.003164 0.028191 0.071140 -0.008178 -0.050715 0.032765 -0.013056 0.063812 -0.032527 -0.074433 -0.067721 -0.050574 0.047414 0.125840 0.017461 -0.109424 0.001242 -0.094905 -0.180322 0.009215 -0.021005 -0.002434 0.018828 0.036271 -0.061962 0.038409 0.069936 -0.059676 0.103058 -0.044840 0.023298 0.054210 -0.029281 -0.048588 -0.047387 0.117109 -0.026011 -0.006471 0.118044 -0.095999 -0.091108 -0.129162 -0.008953 0.014783 0.133439 -0.079200 0.035917 -0.100231 -0.001761 -0.098720 0.021541 -0.025032 -0.068003 -0.085496 0.169834 -0.016643 -0.028268 -0.000726 -0.089108 0.100396 0.081821 0.033179 0.011580 0.074375 -0.016363 0.024301 0.137565 0.032184 -0.116962 0.031912 0.033251 -0.092693 0.094386 0.012757 -0.048008 0.003668 -0.101394 -0.049906 0.022107 -0.110885 -0.086666 -0.075905 0.029050 -0.027539 -0.043605 -0.096063 0.077533 0.044905 0.021320 -0.049102 -0.031512 -0.078130 0.017321 0.082671 0.055494 0.057553 0.043014 0.082993 0.067528 -0.013810 -0.206794 0.031236 0.157426 -0.079218 0.056643 0.010310 0.066146 -0.005540 0.034227 0.051385 -0.044261 -0.078661 0.144456 -0.009272 0.009458 0.015052 0.051892 -0.022918 -0.067002 -0.033876 0.126280 0.052605 0.117374 -0.113131 -0.021131 0.014483 0.092334 0.078378 0.001694 -0.056488 0.004269 0.079259 -0.045014 0.006981
3486 0.136295 0.091307 -0.083998 0.112134 -0.004071 -0.012903 -0.031321 0.075020 -0.027641 0.058697 -0.075298 0.075319 -0.017022 0.048248 0.004748 0.022098 0.031517 -0.174137 0.187951 -0.002843 0.147885 -0.180726 -0.001805 0.058144 -0.011044 -0.052329 0.082741 0.068029 0.059759 -0.171134 0.030082 0.102264 0.067263 0.060143 0.032273 0.060041 -0.081518 -0.063354 -0.032432 0.033409 -0.071141 -0.039275 -0.008953 0.106236 -0.008067 0.013654 -0.006171 -0.092828 0.003413 0.009104 0.026077 0.044097 -0.046479 0.013846 0.099621 0.061860 0.011595 0.004380 -0.104688 0.005670 0.089522 -0.015096 -0.089713 -0.087986 -0.029844 -0.031063 -0.022997 -0.156119 -0.003386 -0.048690 -0.114433 -0.036382 -0.073448 0.059433 0.066309 -0.013280 0.131520 0.004508 0.033355 -0.017383 -0.126531 0.002842 0.043853 0.035145 0.110101 0.047174 0.127846 0.032817 0.043508 0.154485 0.154050 0.107635 0.106157 -0.223831 0.037691 0.080904 0.091928 0.097784 -0.033610 -0.074144 0.011471 0.138758 -0.063364 -0.015544 0.052702 -0.012948 0.055634 -0.043042 -0.014263 0.000547 -0.067164 -0.087818 0.028440 -0.023606 -0.011374 0.080762 0.059292 -0.109003 0.005552 0.085179 0.024201 0.133501 0.013205 -0.004320 -0.002123 0.038375 -0.040523 0.085577 0.023677 0.004316 -0.020805 -0.015247 0.031294 0.016894 0.047964 0.011298 -0.020343 -0.073185 0.040313 -0.040521 -0.018825 0.016244 0.050970 0.015141 0.085536 0.044854 0.069767 0.035024 -0.074311 0.026758 0.011850 -0.131153 -0.030942 0.116930 0.011516 0.081557 -0.159038 -0.007112 -0.025680 -0.083760 -0.023687 -0.008842 0.076163 -0.069916 0.119416 -0.066399 0.089404 0.081385 -0.004197 0.010180 0.057756 -0.063602 0.082038 0.017013 0.050659 -0.092519 -0.002485 0.053406 -0.026502 0.063476 -0.010349 0.011830 -0.009894 0.153130 0.096297 -0.019643 0.090867 0.002722 -0.090911 0.075763 0.091304 0.010631
3526 -0.023167 0.039248 0.091257 -0.064788 0.055759 0.002143 -0.005709 0.026103 -0.014015 0.004679 -0.080123 0.054545 0.027968 -0.054759 -0.012709 0.025346 -0.032591 -0.009257 0.095239 0.068488 -0.015001 -0.144588 -0.013582 -0.052921 0.018061 -0.073228 -0.049662 -0.100087 -0.015256 -0.172500 -0.004512 -0.106196 -0.030349 -0.011688 -0.004000 0.003573 0.099846 0.093221 0.018391 0.019037 -0.021641 -0.052069 -0.086359 0.017380 0.054653 -0.037868 -0.030708 -0.111382 -0.113971 -0.014734 -0.006600 -0.003809 -0.050317 0.019366 0.128355 -0.018528 0.070714 -0.033370 -0.039360 -0.150989 0.126323 0.080962 0.014865 0.083456 0.152204 0.045592 -0.057272 -0.001644 0.132983 0.014372 -0.083785 0.015819 0.045023 -0.071917 -0.130096 -0.139736 0.034699 -0.116146 0.106088 0.053778 0.089413 0.042468 -0.095009 0.111537 0.110129 0.130394 -0.035525 -0.016999 -0.097952 -0.104225 -0.023635 -0.021330 0.000768 0.072232 0.012294 0.036273 -0.062874 -0.146567 -0.148341 0.055227 0.034031 -0.160925 0.165590 0.067958 0.040800 -0.010138 -0.069291 -0.015633 0.052266 -0.004207 0.024078 0.003727 -0.079153 0.029747 0.095238 0.063832 -0.029043 0.109672 -0.036547 -0.023249 -0.019446 0.123315 0.079334 0.088432 0.097789 -0.065902 -0.070786 0.003120 -0.083550 0.022326 -0.022112 0.034733 -0.035430 -0.107107 -0.116410 -0.050820 -0.003775 -0.070355 -0.006182 -0.064307 -0.060185 -0.017239 0.006795 -0.076980 0.012714 -0.103138 0.060002 -0.053992 0.183730 -0.065953 0.038088 0.044570 0.041651 -0.099561 -0.044115 -0.036018 0.036605 -0.039658 -0.050007 -0.117279 0.054578 -0.069997 -0.010912 -0.015039 -0.008002 0.010515 -0.032268 0.039326 -0.135478 -0.140753 -0.103162 -0.075415 -0.128887 0.035237 0.001361 -0.067735 0.006153 0.044255 -0.081565 0.039258 -0.035661 -0.077637 0.054655 0.016406 -0.037932 0.033416 -0.054360 0.032581 0.042175 0.073921 0.097762 -0.157700
3607 0.062964 -0.130504 0.065264 0.034189 0.017152 0.112814 -0.023189 -0.000703 -0.072518 0.050276 0.069935 0.004832 0.146179 0.006705 0.072671 0.143883 0.044328 0.008122 0.020254 -0.172057 0.058223 -0.093517 0.034540 0.012662 0.162529 -0.014043 0.035595 -0.000614 -0.037560 -0.139585 0.024567 0.065672 0.006156 0.012445 0.134438 -0.055380 -0.051842 0.014138 0.004982 -0.039593 -0.061454 -0.155848 0.064350 0.036619 0.046394 -0.108554 0.112594 -0.028369 0.019031 -0.067744 -0.020773 0.029558 0.121034 -0.014647 0.002783 -0.049140 -0.013548 -0.042670 -0.134228 -0.060983 -0.003228 -0.082591 0.065516 0.053994 0.058447 -0.026988 0.009732 -0.004136 -0.005358 -0.075851 -0.011324 -0.099717 -0.067771 -0.067534 -0.085430 -0.020568 -0.070026 -0.226500 0.009862 0.043759 0.041449 0.148917 0.083882 0.002532 0.040859 0.001397 0.023466 0.010776 0.023621 -0.088261 0.148356 0.021081 0.014112 -0.055234 0.140587 0.066503 -0.001388 -0.015169 0.011187 -0.024674 0.028039 -0.062228 0.072586 0.045621 0.081274 -0.025602 0.039401 -0.133002 -0.100354 -0.064762 0.092732 -0.073996 0.066531 -0.020020 0.015746 0.013540 -0.010712 -0.047608 0.005046 0.069582 -0.132529 -0.045354 0.044729 0.062537 0.057892 -0.008355 0.079147 -0.040893 -0.195657 -0.079136 0.018892 -0.006419 -0.063397 0.052750 -0.020688 -0.031868 0.008999 0.006176 -0.212546 0.075278 -0.215746 0.063067 -0.057193 0.042702 0.056708 0.032361 0.012778 -0.036850 0.021946 0.027483 -0.002749 -0.145337 0.000567 -0.103347 -0.035587 -0.028774 0.009372 -0.036863 -0.063383 0.034901 0.005415 -0.067786 0.115074 -0.115514 -0.003086 -0.058951 0.065114 0.012294 -0.054980 0.030788 0.025574 -0.077061 0.106076 0.029813 -0.008301 0.080579 -0.002288 -0.005125 0.032868 -0.005607 -0.037516 0.067891 -0.127648 0.004494 -0.061492 -0.021836 0.124508 0.050453 -0.039835 0.089890 0.084550 0.101671
3664 0.011882 -0.067127 0.127712 -0.073565 0.010186 -0.054771 -0.020824 0.012197 0.012449 -0.070891 0.065375 0.021811 -0.018758 -0.056041 -0.029840 0.011759 -0.033298 0.034992 -0.141330 0.011865 -0.053621 -0.034614 -0.016145 0.027346 -0.095490 0.007959 -0.093316 0.078140 0.037659 -0.005808 -0.015622 -0.105657 -0.108215 -0.006786 0.011818 -0.080052 0.059854 0.042106 -0.064911 0.000209 0.016177 0.037302 -0.045769 0.037865 0.088665 -0.052506 0.091020 -0.136607 -0.031712 0.081072 -0.120248 0.041368 -0.070273 -0.122209 0.101228 -0.059821 -0.054411 0.082347 -0.032772 0.146583 0.005422 0.087014 0.028255 0.005490 -0.007657 -0.047385 0.092622 0.041830 -0.025547 -0.024405 -0.133311 0.011083 0.009939 0.021912 0.092548 -0.034858 -0.006033 0.020511 0.057690 -0.004583 0.194285 -0.028957 -0.006230 -0.054044 0.058852 0.140381 -0.025812 0.078039 -0.069274 -0.015838 -0.030771 -0.218690 0.066093 0.063716 -0.023781 0.052745 0.019614 -0.025055 0.059185 0.046462 0.070889 0.026720 0.095593 -0.035334 -0.097172 0.021293 0.100612 -0.000854 -0.066105 -0.030339 0.134906 -0.105716 -0.202034 0.035855 -0.065970 -0.046763 -0.018148 -0.029685 0.083464 -0.120982 0.028296 -0.037586 0.113836 -0.124572 0.108733 0.098875 -0.013226 -0.099010 -0.114265 -0.126138 0.039628 0.035164 -0.179831 0.009464 0.002481 -0.048549 0.006845 -0.067759 0.005187 0.005553 -0.085368 0.002925 -0.028586 0.030650 -0.065340 0.018693 0.041087 -0.051891 -0.066971 -0.009824 -0.003154 0.016248 -0.002779 0.054757 -0.065599 -0.066330 -0.008949 0.007297 -0.075563 -0.015750 -0.151297 -0.190199 0.003596 0.064283 -0.006024 -0.032783 0.015304 -0.013792 0.081581 -0.085094 -0.006242 -0.073272 0.017480 -0.068809 -0.039971 0.160485 -0.163994 -0.112649 0.048730 -0.117407 0.018083 -0.117735 -0.069817 0.032959 0.077456 0.001940 0.086392 0.044931 -0.042193 0.019434 -0.077748 0.009824
3699 0.039243 0.034192 0.032549 -0.004963 0.053409 0.023275 -0.098547 0.123319 -0.111329 -0.112900 0.033528 0.128106 0.013344 -0.040816 0.126264 -0.047106 -0.026507 0.014803 0.093679 -0.028806 0.060679 -0.092599 0.021294 0.067892 0.072960 0.115329 0.015736 0.059161 0.127532 -0.124598 0.029771 -0.025794 0.027096 0.034244 0.036549 -0.031382 0.042529 -0.042299 -0.054646 -0.052632 -0.070163 -0.049172 -0.033405 -0.031805 0.082639 -0.102906 0.051471 -0.129398 0.032755 -0.031198 0.121516 -0.000767 0.060256 -0.067425 0.094451 0.069548 -0.066194 -0.030584 -0.063067 -0.006155 -0.059469 -0.153593 -0.079216 0.001044 0.071762 0.037191 -0.020173 0.001452 -0.019170 -0.107769 -0.073698 -0.005845 0.029895 0.001486 -0.072992 0.015323 -0.189516 -0.111386 0.063499 0.023582 -0.091031 0.065059 0.058078 -0.016540 0.049765 0.018990 -0.070816 0.131134 -0.003534 0.026646 0.002551 -0.056771 0.105433 0.024725 0.041249 0.065057 0.155257 0.004244 0.040241 0.058489 0.053966 -0.069239 -0.001358 -0.022914 0.131195 -0.006492 0.053346 0.021519 -0.121821 0.157880 0.062772 0.096600 -0.016200 0.087028 0.017275 0.013004 -0.024748 -0.035110 0.015137 0.151033 -0.064290 0.096815 0.104997 -0.136610 -0.022894 -0.007084 0.042740 -0.064307 -0.029692 -0.097615 0.029597 -0.028303 0.029970 -0.015627 0.004043 0.084606 -0.062104 -0.013075 -0.066150 -0.260852 0.007575 0.020829 0.025541 -0.165834 -0.043894 -0.004355 0.100453 0.073588 0.013554 -0.064071 0.078420 0.002579 0.033428 0.037678 0.063286 0.085894 -0.003927 -0.060965 -0.009114 0.008407 0.048597 -0.042928 -0.068471 0.014931 0.036635 -0.034010 -0.031995 -0.101858 0.031743 0.064499 0.108521 0.102454 0.047554 -0.048344 -0.018060 0.068785 -0.064153 -0.113143 0.127777 0.077462 0.079857 -0.060315 -0.062955 0.110049 -0.122774 0.022782 0.089298 0.017619 0.060795 0.115102 -0.008863 -0.047557
3723 0.094144 -0.190541 -0.042900 0.071172 -0.006283 -0.001887 -0.096910 0.120019 0.035808 0.017296 -0.043300 -0.023236 0.035517 0.012277 0.009630 -0.018853 0.022694 -0.000722 0.014579 0.105410 -0.002590 -0.062399 -0.144479 0.019465 -0.061488 0.014833 0.071246 -0.009115 0.037549 -0.066198 -0.118725 -0.021113 0.129107 -0.102904 0.009435 -0.023296 -0.034178 -0.036974 0.013572 -0.053336 0.017497 -0.015776 -0.037319 -0.013725 -0.077515 -0.067180 0.049619 -0.044041 0.015486 0.091108 0.104509 -0.122638 0.043994 0.028791 0.011118 -0.002552 0.074152 -0.024457 -0.047604 0.053800 0.063472 -0.008753 -0.149009 0.121681 0.139365 -0.018875 -0.009961 -0.059169 0.016599 0.030958 0.116645 -0.115645 0.092632 -0.005226 -0.022412 -0.118618 0.054933 -0.108897 0.044263 0.000239 0.006582 0.075466 0.093496 -0.186245 -0.059390 -0.065413 0.005183 -0.025338 -0.068111 -0.038825 -0.091673 0.128112 0.015156 0.017853 -0.186398 0.131990 0.039064 -0.012249 -0.183978 -0.044333 -0.138698 -0.077137 0.083308 -0.017355 0.089186 -0.011350 -0.088197 0.061650 0.080123 -0.064928 0.092301 -0.030275 -0.101250 -0.063131 0.094199 -0.042257 -0.048762 0.001514 0.032795 -0.009163 -0.146120 0.015387 0.025814 0.007392 -0.015160 0.000371 -0.016706 -0.024112 -0.028213 0.015276 0.037261 0.161248 0.136960 0.011282 -0.059026 0.020239 0.110494 0.068864 -0.019384 -0.072994 -0.093615 -0.090023 0.018511 0.027197 0.040974 0.003395 0.072245 0.127186 -0.017130 -0.036646 -0.050330 -0.095685 0.018632 -0.192107 0.120090 0.030661 -0.126950 0.048322 0.010579 0.070887 -0.061280 0.031874 -0.098167 0.021569 -0.022311 0.030130 -0.003350 -0.110773 0.053030 0.080842 -0.018938 0.008498 0.029512 -0.047012 0.056313 0.065606 -0.041799 -0.044811 0.030785 0.123178 0.122078 0.064268 -0.017102 -0.040939 0.016714 -0.006307 0.100253 -0.079767 -0.055132 -0.039944 -0.022660 0.031225
374 0.073596 0.088317 0.091693 -0.020818 0.055231 -0.112848 0.007975 0.009898 0.065800 -0.017171 -0.080020 0.096275 0.136026 -0.100200 -0.009343 -0.126770 -0.051543 -0.096115 -0.032032 0.064391 -0.105704 -0.059590 -0.105548 0.045707 0.033904 -0.029384 -0.044847 -0.008486 0.045184 -0.088203 -0.027989 0.124784 0.029030 0.063794 0.043467 -0.055003 0.046243 -0.073949 0.028833 0.081800 0.158485 0.004301 -0.056125 0.015060 -0.010964 -0.007331 -0.031270 0.035498 -0.037422 -0.124589 -0.041978 0.093860 -0.077441 -0.010185 -0.071302 -0.004018 0.024801 0.041293 0.033866 0.024789 -0.040841 -0.034871 -0.028974 -0.036523 0.035707 0.017046 0.023972 -0.135549 -0.003961 -0.131052 -0.032961 0.130871 -0.004056 -0.035042 0.038578 0.019206 0.177853 0.014985 0.055414 0.003660 -0.010341 -0.016996 -0.044535 -0.052787 0.047288 0.022064 0.057916 0.104281 -0.077464 -0.000986 0.002248 0.095529 0.081310 0.138530 0.001428 0.000650 0.093688 0.101693 -0.102213 -0.077072 -0.010271 0.166713 0.035523 0.022173 0.054670 -0.027070 0.010434 -0.104543 -0.010097 -0.050258 0.041166 -0.080824 -0.027776 0.011997 0.120880 0.102993 0.049825 0.007818 0.053812 -0.004949 -0.047321 0.032495 0.081579 -0.021739 0.055969 -0.069962 0.105029 -0.134829 -0.028152 0.050351 0.041426 -0.062173 -0.084006 -0.026969 0.016829 0.083264 0.049270 -0.039218 0.045104 0.045159 -0.050706 -0.137863 0.016325 -0.036354 -0.050226 -0.012729 0.001756 -0.062767 -0.203772 0.088769 0.058653 0.028436 -0.136711 -0.006739 -0.064828 0.003899 0.029078 -0.014546 -0.139017 -0.031114 -0.222035 -0.062718 0.018217 0.011231 -0.024734 -0.004795 -0.004901 -0.088270 -0.116723 -0.014105 -0.073371 -0.013838 -0.046561 0.049462 -0.062745 -0.051369 -0.009628 -0.033074 0.004662 0.001084 -0.186497 -0.073435 0.040406 0.092053 -0.022170 0.070842 -0.021708 -0.105882 -0.241887 -0.000589 0.106033 -0.009023
3807 0.138815 -0.028477 -0.014611 -0.023724 0.000966 -0.002900 -0.083295 0.090332 0.081514 -0.007561 -0.028532 0.111610 0.022425 -0.033464 0.068631 0.051717 0.011212 -0.171024 0.033858 0.125625 -0.005866 -0.213595 -0.071053 0.010617 0.012251 -0.044079 0.039349 -0.017713 0.004897 -0.166643 0.101211 0.004632 -0.064826 0.045304 -0.121428 0.052020 -0.055855 -0.019819 -0.046918 -0.041820 -0.009482 -0.146790 -0.050638 0.011380 0.026099 0.014159 0.051437 -0.093079 0.072206 0.055846 -0.055654 0.018335 -0.096598 -0.094249 0.131693 0.120176 -0.015203 -0.018802 -0.063900 0.047799 0.035334 0.013830 0.003176 -0.095248 0.022043 0.092849 0.056277 -0.077870 0.034451 -0.024432 -0.084252 -0.069562 -0.079545 -0.088674 0.013414 0.093787 0.001442 -0.078962 0.002557 0.047618 -0.076806 0.083580 -0.048680 0.037601 0.028144 0.042347 0.145054 0.003880 -0.001208 0.052166 0.040608 0.000527 -0.033613 -0.128179 -0.059298 0.064339 0.065318 -0.109734 0.005848 -0.039480 0.018287 0.121204 0.004208 0.008450 0.010575 0.143400 0.074260 -0.074025 -0.063947 -0.023888 -0.004660 -0.032931 -0.016713 -0.014947 -0.074890 -0.080340 -0.001782 -0.026333 0.013158 0.060094 -0.058814 0.062437 0.037033 -0.015569 -0.058988 -0.058220 -0.055332 0.135399 -0.230003 0.062586 0.023294 0.050101 0.073060 0.016157 0.036384 0.025685 0.025102 -0.042422 0.011697 0.020103 -0.086938 -0.058617 0.118101 -0.120829 0.010835 0.097037 0.152468 0.013301 -0.114071 0.074731 -0.044179 -0.070513 -0.158383 0.160302 0.009588 0.021552 -0.082446 0.030040 -0.032287 0.040656 0.092477 -0.060596 -0.012718 0.045781 0.102346 -0.004739 0.044676 -0.080175 0.059949 -0.004350 0.209767 -0.046563 0.081799 -0.023076 0.037264 -0.089790 -0.045258 0.043727 -0.017374 0.138703 0.012420 -0.031028 -0.009587 -0.030797 0.097750 0.002658 0.008187 -0.004624 -0.003141 -0.053390 -0.029471 0.146797
3830 0.040032 -0.054505 0.021675 -0.012229 -0.002244 0.002940 -0.101333 -0.006746 -0.016581 -0.117744 0.044759 0.150526 0.059061 -0.064132 -0.031184 -0.070407 -0.063243 0.002438 0.020507 -0.095884 0.081465 -0.001255 0.045563 -0.013905 0.090967 0.014150 0.034384 0.119735 0.013566 -0.115529 0.033583 0.044679 -0.008423 0.163333 -0.043336 0.002604 0.013054 0.182529 -0.024364 -0.038231 -0.019802 -0.044295 -0.024538 0.128162 0.004879 -0.066368 0.036675 -0.066532 0.070757 -0.164771 0.058462 -0.032583 0.036346 0.018482 0.083599 0.068083 -0.105941 0.016942 -0.010724 -0.047959 0.010604 0.021133 0.044106 -0.009011 -0.070760 0.032641 -0.085568 0.027224 -0.032826 0.023011 0.013871 0.053064 -0.027064 0.027442 -0.116213 -0.086995 -0.136540 -0.039288 -0.051252 -0.000188 -0.165313 0.070981 0.019125 -0.134427 -0.085076 -0.085235 -0.027672 0.042068 -0.017874 0.014150 0.089697 -0.079075 0.013489 -0.088852 0.013692 -0.088217 0.047872 -0.041114 0.129149 -0.041019 -0.011837 -0.066570 0.162449 0.187325 0.126873 0.027054 0.005232 -0.177074 -0.108323 0.012378 0.016504 0.029290 0.028402 0.114189 -0.038768 -0.105761 0.055718 -0.014974 -0.006401 0.161856 0.003603 -0.125911 0.004511 0.069899 0.092401 0.061672 -0.055186 0.032515 -0.093677 -0.074302 -0.044072 -0.060256 -0.041347 0.030903 -0.061488 0.066186 0.083359 -0.006984 -0.046275 -0.003828 -0.122013 -0.007259 0.055490 0.013453 0.029008 -0.067892 0.013673 -0.134392 -0.033282 -0.004660 -0.001021 -0.049593 0.072102 0.077182 0.125952 -0.082909 0.010896 -0.070425 -0.109599 0.056410 -0.009733 0.097562 0.011293 -0.167350 0.031262 -0.114528 0.140538 -0.043073 -0.190716 0.134908 -0.000287 0.083713 -0.015107 -0.003834 -0.000136 -0.021301 0.100304 -0.030749 0.066312 0.022755 0.031541 -0.027890 -0.055508 0.014598 -0.015014 -0.000624 0.005525 0.053114 -0.040162 0.019850 -0.040985 -0.005343
3857 0.136182 -0.003936 0.120650 -0.036827 -0.058023 0.023191 -0.111352 0.052630 -0.062262 -0.130112 0.137407 0.120257 0.048898 -0.036404 0.171324 -0.051492 0.017016 0.134002 -0.036702 0.063826 0.006800 -0.085195 0.135145 -0.049907 -0.056990 -0.103102 0.004437 -0.024946 0.083302 0.087631 -0.039789 -0.007809 -0.021157 0.051860 0.055399 -0.050108 -0.042817 -0.054147 -0.008329 -0.120188 -0.054192 -0.048304 -0.066389 -0.014566 0.043731 -0.051996 0.042867 -0.079303 0.074807 0.039890 -0.051229 -0.065645 0.162938 0.025218 -0.041412 -0.034522 0.016902 0.054126 -0.110442 -0.105588 -0.066683 -0.136159 0.035510 0.017838 -0.003136 0.042558 -0.033882 0.018869 -0.122358 -0.104954 -0.093486 0.112281 0.061025 -0.078303 0.048430 -0.145271 -0.036304 -0.098162 -0.001021 -0.085448 0.014399 -0.031313 0.100689 0.018568 0.038007 -0.044421 0.040251 0.002337 -0.038283 -0.120778 0.019615 -0.039655 0.033782 0.152349 -0.067462 -0.024636 -0.007479 -0.026290 -0.004501 0.013576 0.008343 -0.038163 0.131400 -0.039630 0.110823 -0.079293 -0.043347 0.021476 -0.022582 0.102875 0.043291 0.027988 -0.010731 0.008611 0.037122 0.023353 -0.003942 -0.000956 0.040304 -0.149236 0.091696 -0.097021 0.033016 -0.026008 0.023026 -0.004455 0.061447 0.042224 0.060106 0.018643 0.016525 -0.027193 0.075176 0.045591 -0.072038 -0.004494 0.086820 -0.009304 -0.079122 -0.026157 -0.043113 -0.076418 0.054973 -0.021234 0.059969 0.065408 0.074234 -0.092335 -0.034097 0.069723 0.060737 -0.062633 -0.027580 0.153154 0.169745 -0.023932 0.020246 0.023944 -0.021277 -0.056421 -0.015004 -0.142443 -0.008009 0.029193 0.017709 -0.044201 -0.044594 -0.043546 -0.028306 -0.009726 0.146575 -0.134812 -0.033400 0.007096 -0.191041 0.081771 -0.024061 -0.178764 0.087813 -0.046064 0.074731 -0.060179 -0.018287 0.131907 0.015942 0.072480 0.060911 -0.127502 0.068652 -0.043576 0.047147 -0.020820
3879 0.030155 0.009967 0.091906 0.098429 0.014272 0.070100 -0.133857 0.003570 -0.051170 0.032731 -0.020943 0.067954 0.182059 0.032198 0.120068 -0.083974 -0.054481 -0.017985 -0.114163 0.016383 -0.141156 -0.047958 -0.219615 -0.043663 -0.034115 -0.105582 -0.009706 -0.017923 0.010764 -0.095252 0.039202 0.013605 0.046253 -0.105230 -0.014976 -0.010903 0.122014 0.146745 0.003724 -0.037475 -0.181154 -0.031164 -0.066903 -0.014183 -0.029447 0.092629 0.011831 -0.051230 0.115241 -0.031250 0.011767 0.027882 -0.040245 -0.002667 0.030149 0.057086 0.049670 0.065000 -0.004041 0.009708 0.075247 -0.083969 -0.056111 -0.049126 -0.021285 0.003510 -0.047096 -0.056257 -0.094430 -0.129463 -0.108023 0.101645 -0.024663 0.014853 -0.079880 -0.088186 0.003212 -0.010440 -0.086721 0.029248 -0.016150 -0.022466 0.008551 -0.041559 0.154178 -0.042700 0.071039 -0.061219 0.022828 0.134980 0.001786 -0.086992 -0.053749 0.093209 -0.083424 -0.067517 0.135650 -0.083256 -0.109804 -0.052602 -0.053574 -0.091467 0.071776 -0.033378 -0.019182 -0.081194 -0.010613 -0.007818 0.011634 0.052709 -0.079991 -0.001328 0.011841 -0.033335 -0.006908 0.116227 -0.052659 0.091485 0.113099 0.028570 -0.044659 -0.078468 -0.019175 -0.004838 -0.007122 0.095319 -0.007614 -0.162766 -0.039717 -0.006080 -0.032493 0.031055 0.115470 -0.086710 -0.042589 -0.089192 0.025797 -0.083680 -0.037778 0.040692 0.125079 -0.120698 -0.029593 -0.055236 -0.093792 0.042435 -0.072371 -0.047271 0.121331 0.005649 0.009218 0.073298 0.008353 0.041109 0.044181 -0.048208 0.027479 -0.028845 -0.054858 -0.014089 -0.033081 -0.134988 -0.054794 -0.093063 -0.042066 0.046367 0.001178 -0.124582 0.013359 0.034743 0.082771 -0.075935 0.001971 0.133529 0.017626 0.030262 -0.159821 0.053164 0.036637 0.068519 -0.033089 -0.145588 -0.051754 0.096366 0.141340 0.012738 -0.021111 -0.054224 -0.072677 0.037666 0.027075 0.008747
39 -0.018848 0.055324 0.124530 0.032549 0.085441 -0.030810 0.069494 -0.096174 0.005058 -0.009045 -0.061474 0.049499 0.211600 0.053397 0.022420 -0.070375 0.034949 -0.042648 0.047365 0.021671 0.009304 -0.001072 0.085615 -0.094817 0.121150 0.035703 -0.061124 -0.173330 0.012605 0.064809 0.048119 -0.083564 0.033761 -0.015843 0.000001 0.054467 0.011359 0.029244 -0.050150 0.040936 -0.038662 0.053962 -0.039127 0.062738 0.096949 -0.098453 -0.003980 0.077361 0.122382 0.013016 -0.023977 0.046497 -0.038650 0.084283 0.081072 0.115280 -0.006993 0.123600 0.096774 0.098251 -0.004373 0.075721 -0.046356 0.044298 0.089880 0.067631 0.007649 -0.132591 -0.047012 -0.081198 -0.025636 -0.024137 0.049273 -0.143958 -0.047160 -0.101131 0.044946 -0.175150 -0.029091 0.020295 0.081478 0.019771 -0.075396 0.005791 0.079613 0.038741 0.031151 -0.040827 -0.130809 0.056599 -0.105249 -0.018624 0.060195 0.113062 -0.062103 -0.026568 0.053751 -0.039202 -0.107035 0.015789 -0.006376 -0.028499 0.053678 0.011769 0.035410 -0.025740 -0.079188 -0.137795 0.030700 -0.040499 0.031417 -0.001007 0.059505 -0.013042 -0.151735 0.004750 -0.045746 0.023273 0.064487 -0.015045 -0.047810 0.019879 -0.037437 0.087729 0.137570 0.023582 -0.109190 0.021108 -0.109351 -0.047640 -0.032346 0.017670 -0.039854 -0.000709 -0.160664 0.106084 -0.075692 -0.005263 -0.047449 -0.103087 0.005715 -0.089549 -0.072185 -0.091179 0.025986 -0.072314 0.055376 0.042841 0.169305 -0.032205 0.095910 0.072042 0.040106 0.106069 0.049953 -0.024637 0.051077 -0.002994 -0.017747 -0.050900 0.078584 -0.004403 0.111612 -0.110089 0.122600 0.004881 0.085720 -0.092344 -0.040269 0.051543 0.050075 -0.100155 0.031612 0.059785 -0.000893 0.045576 -0.178300 0.028937 -0.011548 0.006280 0.056809 -0.146540 0.004195 0.009660 -0.026114 0.083927 -0.146917 0.031157 -0.104043 -0.033085 0.088669 -0.003287
3947 0.078759 0.032918 0.102422 0.106649 -0.073264 0.100197 0.037994 -0.009941 0.040517 -0.112306 0.037467 0.038044 0.043778 0.302395 0.043364 0.148140 0.027118 -0.062723 -0.002488 0.116819 0.083597 -0.082232 0.044706 -0.030090 -0.074043 -0.035100 -0.053634 -0.047382 -0.076743 -0.101378 -0.089662 -0.083047 0.031426 -0.021829 -0.111745 -0.029003 0.042846 0.147215 -0.103074 -0.062681 -0.097401 -0.014354 0.005504 -0.125236 -0.019453 0.039904 -0.048349 -0.019455 0.001190 -0.098649 0.060209 -0.069629 -0.021414 0.018848 -0.090388 -0.121904 0.044755 0.022071 -0.089436 -0.019316 0.017353 -0.049914 -0.015701 0.011998 -0.043110 -0.001774 0.067906 0.033853 -0.018786 -0.010725 -0.017712 -0.104318 -0.125755 -0.066775 -0.023706 -0.014210 -0.003261 -0.004320 0.007077 0.083915 0.036131 0.091020 0.092623 -0.033779 0.028763 -0.054033 0.017322 0.000819 -0.045709 -0.028054 0.043371 0.012708 -0.205750 0.128129 0.142562 -0.074339 -0.049085 -0.062254 -0.003589 -0.102442 -0.023191 0.021626 0.080162 -0.006588 0.003653 -0.071542 -0.021577 -0.047851 -0.043416 0.127041 0.079297 0.050926 -0.105932 0.004117 -0.098355 -0.100632 -0.033437 0.003420 -0.018552 -0.055221 0.032008 0.116552 -0.084173 -0.045242 0.076765 -0.017451 -0.018469 0.033987 0.026639 -0.177599 -0.039093 0.040926 -0.060381 -0.028705 0.063949 -0.108974 0.022326 -0.076566 0.053181 -0.100461 -0.017819 0.048368 -0.054553 -0.094149 0.051083 0.103492 -0.030175 0.016982 0.027722 -0.021291 -0.060459 0.011065 -0.108788 0.087573 0.028353 0.000305 0.043802 -0.079952 -0.067087 0.008958 -0.026884 -0.114459 -0.080653 -0.029771 -0.028695 0.000920 0.142980 -0.013725 -0.058485 -0.029831 0.023912 0.121227 -0.081729 -0.040799 0.046707 0.119098 -0.050192 -0.006685 0.001280 0.034792 -0.056602 0.016278 -0.025350 -0.015344 0.053132 0.152955 0.159343 -0.051041 0.104872 -0.007775 -0.116234 0.005074
3982 -0.058901 0.018336 -0.017795 0.015816 -0.017892 0.128559 0.005705 -0.073796 0.008438 -0.022358 0.051828 0.054932 0.082109 -0.049758 0.117987 -0.008344 0.049946 -0.139402 -0.125715 -0.001651 0.129033 -0.156114 0.007273 -0.079897 -0.015552 0.036219 -0.023360 0.089182 0.063498 0.057960 -0.019591 -0.055771 -0.011265 -0.011780 0.093356 -0.070916 0.132264 0.068881 0.038361 -0.023630 -0.120034 -0.023093 0.002782 -0.030273 -0.071345 0.008801 0.072511 -0.005563 0.097373 0.048574 0.062659 -0.113167 0.050374 0.038902 -0.035536 -0.126626 -0.031286 -0.041036 0.000898 -0.077411 0.021590 -0.055131 0.057519 0.036311 0.021743 0.086462 0.134579 -0.010209 0.050095 0.030697 -0.064794 -0.019061 -0.081434 0.006854 -0.041919 -0.051850 0.137285 -0.114554 0.064888 0.108219 0.066374 0.091304 0.027109 0.104618 0.019406 0.060974 0.012814 -0.049986 -0.100545 0.051086 -0.040621 -0.075698 -0.054510 0.048447 -0.023738 0.010200 0.059131 -0.126310 -0.062460 0.066070 -0.053481 0.010088 0.109513 0.184428 0.067309 -0.129049 -0.092122 0.037986 -0.035787 -0.036367 0.105029 0.032406 -0.024181 0.009236 -0.142350 0.019778 -0.076589 0.013674 0.167490 -0.043143 -0.016992 0.032242 -0.079795 -0.025047 0.081644 0.063663 0.038532 0.006502 -0.078629 -0.012156 -0.014071 -0.028913 0.003194 -0.050420 -0.097548 0.004818 -0.016624 -0.026510 0.114963 -0.014765 -0.022654 -0.061097 -0.058447 -0.151861 -0.035396 -0.054886 -0.016101 -0.025470 0.127637 0.032080 0.002366 -0.113857 -0.127351 0.148854 0.026108 0.060092 -0.036812 0.027659 -0.127343 0.027972 -0.038010 0.083511 -0.080074 -0.082613 -0.016268 0.119402 0.115970 -0.004434 0.011736 0.130027 -0.104099 -0.053352 0.051649 0.007745 0.093897 0.129004 -0.020478 -0.128055 -0.124534 0.105688 -0.061663 -0.055427 0.048330 -0.015531 -0.051831 0.009352 -0.003963 0.092702 -0.089491 0.075155 0.014988 -0.083426
3983 -0.024801 0.071960 0.123838 0.027428 0.018047 0.030235 -0.000877 -0.083336 -0.000625 0.021318 -0.004819 0.115951 0.147216 -0.022776 -0.002623 -0.057654 0.004672 0.013665 -0.020756 0.078049 0.026080 -0.015981 0.011938 0.074771 0.071576 -0.002625 -0.071475 -0.047046 -0.025286 -0.138285 -0.013960 0.008751 0.079579 -0.046065 0.029524 -0.079759 0.085845 -0.122421 0.072147 -0.090577 -0.061823 0.041417 0.043043 -0.104585 -0.030997 0.059083 -0.037390 -0.036935 -0.018392 -0.023197 0.066308 -0.060916 -0.023074 -0.053677 0.020376 0.024990 -0.157429 0.059363 -0.041604 0.044340 0.058022 -0.004888 0.032026 0.108619 0.026484 0.007720 0.140670 -0.160509 -0.037129 0.034642 -0.093790 -0.088910 0.064369 0.001386 -0.041336 -0.028507 0.104288 -0.122539 -0.020424 0.072827 -0.010214 0.051928 0.093022 0.127979 0.021566 0.032105 0.089772 0.043696 0.002806 0.065720 0.084336 -0.153151 -0.013989 0.113017 -0.105939 0.020315 0.065528 -0.071544 -0.016544 0.054480 0.107506 -0.066245 0.090923 0.009654 -0.010327 -0.058356 -0.033690 -0.011237 -0.038152 0.015675 -0.042215 0.057499 -0.034719 0.004808 -0.032031 0.027486 -0.255245 0.108479 0.015806 -0.024842 -0.035031 0.081836 -0.083040 0.084878 0.151682 0.016487 0.006248 -0.007374 0.026851 -0.050091 -0.035602 0.004534 0.075142 -0.023619 -0.125244 0.036030 0.048055 -0.073978 0.022305 -0.093317 -0.059019 -0.137746 0.065652 -0.051233 0.000028 -0.122556 0.106736 0.029593 0.187555 -0.006826 0.078734 -0.035790 -0.021517 0.083342 -0.043447 0.007928 0.012484 0.056706 -0.065704 0.047652 -0.068102 -0.077633 -0.105911 0.008880 -0.028053 0.004160 0.156066 -0.045111 -0.155988 0.160886 -0.028037 -0.128908 0.046091 0.047373 -0.080472 0.086250 -0.098960 -0.060986 -0.016233 0.092540 0.076730 -0.051983 0.008359 -0.029827 -0.063240 0.115767 -0.005107 -0.102344 -0.003792 0.057639 0.076586 -0.033467
40 -0.032064 0.088998 0.037037 0.040052 -0.171846 0.003744 -0.053476 0.114229 -0.095127 -0.089238 -0.071055 -0.031600 0.044498 0.060771 -0.017799 0.056123 0.091050 0.041436 -0.117299 0.046769 0.084685 -0.107210 0.006736 -0.098782 -0.108096 -0.100588 -0.021128 -0.089841 -0.076795 0.004496 0.054522 -0.040042 -0.020362 0.046079 -0.039310 0.029702 0.030485 0.054188 -0.005383 0.008424 -0.021017 0.112136 -0.061643 -0.030529 -0.024484 0.024528 -0.068244 0.018492 0.069414 0.070009 0.001188 -0.012172 -0.100606 -0.008170 0.086238 -0.083656 -0.133002 -0.054679 -0.074407 -0.029890 0.029236 0.069689 -0.033767 -0.016386 0.034829 0.165125 0.042282 -0.066400 -0.036827 -0.013379 -0.021581 -0.089070 -0.019150 -0.189605 -0.139390 0.020062 0.031036 -0.077688 -0.034845 0.019151 0.003474 0.179310 -0.001633 0.137208 0.105077 0.028947 -0.082544 0.105776 -0.152785 -0.007136 -0.036980 0.028868 -0.053524 -0.098129 0.042238 -0.026496 0.089546 -0.069228 -0.114989 0.046136 -0.046571 -0.002844 0.094636 0.079176 0.055501 -0.076054 -0.165630 -0.087489 0.004347 0.011174 -0.024425 0.014856 -0.039681 0.069522 -0.025777 -0.034288 0.059071 0.088761 0.041626 -0.052649 -0.017368 0.101016 -0.036748 -0.022996 0.064623 -0.073195 -0.133572 -0.046378 -0.046543 0.043494 -0.184394 0.054611 0.081257 -0.039189 -0.065000 0.037594 0.051349 0.014958 0.014960 -0.153574 0.044159 -0.131740 -0.094064 -0.052659 0.096383 0.067174 0.036943 -0.037968 0.131807 0.042439 0.043441 -0.022671 -0.010193 0.041167 -0.000271 -0.034527 -0.012613 0.045145 -0.040480 -0.089676 0.030655 0.016017 -0.008244 0.023861 -0.035547 -0.016331 0.181486 -0.013210 0.077631 0.046957 0.021458 -0.085028 -0.024445 0.053007 0.129003 0.101316 -0.133765 0.008384 0.015836 0.058465 -0.025980 -0.089868 0.010213 0.033271 0.002205 -0.009516 -0.042905 -0.056086 -0.128625 0.156316 -0.021109 -0.002953
4014 -0.058395 -0.013931 0.058432 -0.095155 -0.010494 0.067693 -0.028080 0.205156 0.070081 0.051770 0.046634 0.091681 -0.120663 0.041439 0.097150 0.013183 -0.054569 -0.088543 -0.112076 -0.092464 -0.042266 0.087100 0.055924 0.006273 0.027099 -0.046449 0.052668 -0.006594 0.022503 -0.093004 -0.033607 0.035221 0.021714 -0.058656 0.031468 -0.059288 0.003525 0.012005 -0.093441 -0.034013 -0.032551 -0.010536 -0.014460 -0.105891 -0.000626 -0.050092 -0.021228 -0.052039 -0.043437 -0.025199 0.049803 0.026200 0.035890 -0.016698 0.073900 -0.022082 -0.073607 0.053621 -0.065273 0.045995 0.068954 0.134961 -0.145399 0.169193 -0.003234 -0.116524 0.018044 -0.072243 -0.156935 -0.159988 -0.065729 0.047238 0.035156 -0.096961 0.001047 -0.141923 -0.117103 0.002820 -0.077814 -0.066905 -0.002319 -0.023973 0.038090 -0.078372 0.094809 -0.046524 0.007786 -0.078175 0.006314 0.025884 -0.105976 -0.065952 0.114622 0.015877 0.001471 -0.035813 0.023592 0.011977 -0.023762 0.128877 -0.001134 0.047342 0.061851 0.106538 0.104086 -0.094658 0.029029 -0.090096 -0.061190 0.011439 -0.001071 0.027269 -0.100661 -0.013801 -0.047849 -0.093562 0.032897 -0.066375 0.098400 0.024667 -0.029417 0.055415 0.021810 0.081925 0.156069 0.067098 -0.079196 -0.066426 -0.059174 -0.032980 0.010858 0.038503 0.023733 0.035095 0.057001 0.137809 0.087642 -0.026894 -0.190817 -0.107461 0.025814 0.065044 0.034517 -0.075341 0.040211 0.075526 0.055711 0.067885 -0.061562 0.083463 -0.017070 -0.134643 -0.029951 -0.037767 0.141413 -0.100673 -0.039280 0.026011 -0.067603 -0.092519 -0.006169 0.063254 0.018048 0.015246 -0.115217 -0.109400 0.085559 0.035546 -0.042958 0.087197 0.003328 0.086905 -0.125666 -0.096873 0.069138 -0.021091 -0.140427 -0.065908 0.070395 0.010352 0.036044 -0.069856 -0.037829 -0.002404 -0.025719 -0.037388 0.031774 0.036537 -0.022193 -0.118891 -0.117986 0.058953
4018 -0.082462 -0.112353 0.019454 0.005040 -0.138599 -0.049063 0.034791 -0.047789 -0.128468 0.028071 0.064774 0.160785 0.080996 0.008872 -0.000741 0.067115 -0.066946 0.017174 -0.124641 -0.056110 0.069270 -0.109651 0.003022 -0.066665 0.055026 -0.031569 0.006024 0.104625 0.043793 -0.166134 0.026299 -0.034199 0.014096 0.049449 -0.069006 -0.071998 0.086058 0.108775 0.017626 -0.017151 -0.009095 -0.059974 0.038663 0.023361 -0.021425 -0.023914 0.128739 -0.140373 0.010460 -0.101076 0.029613 -0.012713 -0.033969 -0.021415 0.030198 0.130156 -0.052431 0.021081 -0.002077 -0.017766 -0.003881 -0.052618 -0.096626 -0.067472 -0.009721 0.036481 0.002968 0.017306 0.035129 0.110849 0.007403 -0.037908 -0.054645 -0.029847 0.001548 -0.111858 -0.083013 -0.033783 -0.070577 -0.055275 -0.129337 0.210193 0.029418 -0.078144 -0.007643 0.025192 -0.034926 0.021659 -0.119482 -0.047449 -0.102432 -0.112791 -0.034188 -0.119240 0.086456 0.047398 -0.028070 -0.125490 0.012750 -0.031775 -0.036401 -0.063255 0.097740 0.181896 0.163988 -0.048097 0.007607 0.017619 -0.069999 0.015805 -0.043077 -0.051096 0.060888 -0.008422 0.034860 -0.020126 0.004397 0.008072 0.088019 -0.020651 -0.111298 -0.050371 -0.026455 0.126513 0.034220 0.092874 -0.035106 0.004923 -0.127623 -0.072182 -0.056207 -0.177021 -0.000740 -0.010538 -0.027121 -0.069502 0.053008 -0.081015 -0.070305 -0.058586 -0.085633 -0.001773 0.022426 -0.009404 0.070487 0.146819 0.115623 -0.032861 0.054776 0.134867 0.079866 -0.021890 -0.024731 -0.017218 0.049876 -0.017891 -0.092719 -0.059880 -0.078913 -0.085963 -0.139301 -0.063162 -0.042903 0.023491 0.050928 0.015856 0.007814 -0.012739 -0.176128 0.068140 0.003297 0.044673 0.009219 -0.074559 0.052481 -0.042684 -0.052648 -0.106810 0.084712 0.073595 -0.071854 -0.064464 -0.066233 -0.012545 -0.010206 -0.001782 0.025047 0.153311 0.001956 0.040091 0.060816 0.025402
403 -0.038331 -0.091892 0.044702 -0.035437 0.101154 -0.158323 -0.064706 -0.029138 -0.038288 -0.050780 -0.051019 0.068556 0.024336 0.060964 0.038515 -0.022129 -0.080636 0.135669 0.079642 0.008355 -0.097960 -0.078730 -0.087189 0.041937 -0.091454 0.013145 0.070076 -0.103526 0.053347 -0.129456 0.014062 0.051151 -0.109898 -0.049337 -0.006979 0.051050 -0.040285 0.062383 0.107745 0.027220 0.072790 -0.034228 0.021678 -0.012959 -0.047056 0.058721 0.054012 -0.154064 -0.092355 -0.054174 0.098015 0.075224 -0.126125 -0.073240 -0.038759 -0.005083 -0.009452 0.079012 0.031962 -0.025897 -0.104090 -0.038399 -0.045428 -0.061678 0.163021 0.007383 -0.097400 -0.018696 0.006065 -0.097644 0.059580 -0.060163 -0.119575 -0.099146 -0.030995 0.064020 -0.026632 0.035236 0.161796 0.193377 0.067951 0.039798 0.060151 0.055790 -0.002470 -0.103607 -0.063868 0.024599 0.034776 0.161157 0.056775 -0.075829 -0.002900 0.019660 -0.024552 -0.011364 0.054185 -0.037724 -0.118829 0.075045 -0.050775 -0.078693 0.045471 -0.106099 0.076733 -0.134809 -0.039280 -0.025987 0.014887 -0.051068 -0.015462 -0.061301 -0.038727 -0.021157 -0.028465 0.080844 -0.010293 0.118761 0.040786 -0.014317 0.051553 0.045083 0.000982 0.005417 0.014148 -0.085433 -0.000552 0.021148 0.026497 -0.096089 -0.028221 0.049298 -0.101848 -0.054565 -0.142108 0.039620 0.055467 0.034289 0.046445 0.047772 -0.003449 -0.070157 0.055177 0.014576 -0.024457 0.116355 -0.022562 -0.007816 -0.118048 -0.090536 0.025664 -0.047486 -0.069243 -0.030160 -0.031612 -0.009889 -0.046103 -0.063549 -0.141818 0.040053 0.023108 -0.038799 -0.103091 0.003946 -0.108877 0.109783 0.056172 0.028241 -0.153095 -0.039655 0.124728 0.000322 0.000921 0.110958 -0.031296 -0.022115 -0.084252 -0.042359 -0.006697 0.003059 0.001037 -0.059550 0.084799 0.171481 -0.053725 -0.125942 0.042450 -0.135120 -0.063716 0.109890 -0.052425 -0.058743
405 0.027228 -0.059317 0.079801 -0.098339 0.018445 0.123499 -0.035894 -0.017887 -0.058488 0.000877 0.111134 0.080989 0.038410 -0.071265 0.101165 -0.090970 -0.053277 0.063935 -0.050474 -0.125692 -0.041529 0.021201 -0.080804 -0.007398 0.049495 0.114729 -0.020649 -0.030688 0.086418 -0.067022 0.019983 -0.015180 0.002778 0.032581 -0.023605 0.031122 0.061394 0.017695 0.114747 -0.073469 0.089126 -0.071082 0.025669 -0.055665 -0.017534 -0.143268 0.022509 -0.128416 0.094323 0.037265 -0.047369 0.011295 0.014459 0.017570 0.075341 -0.058743 -0.012006 0.067163 -0.165268 0.070289 -0.003072 0.043800 0.031747 0.011978 -0.039528 -0.031851 -0.101816 -0.004155 -0.090197 -0.051573 -0.067456 -0.050909 0.048908 -0.077328 -0.147572 -0.026362 0.040484 0.071541 0.035119 0.058160 0.061865 -0.083023 0.014947 -0.113126 0.030442 0.062947 0.097439 -0.110102 -0.007029 0.026799 -0.091062 -0.105419 -0.082142 0.027654 -0.094457 0.176485 0.148057 -0.036920 -0.035743 -0.077997 -0.134466 0.037213 0.170247 -0.086490 0.032191 -0.132608 0.039737 0.011569 -0.013307 0.009643 0.059020 -0.053259 -0.024518 -0.062457 -0.086260 -0.056970 0.028135 0.168616 0.181688 0.074388 -0.068973 -0.023351 -0.053211 -0.007805 0.036356 -0.008795 0.153160 -0.051223 -0.089788 -0.089644 0.002463 0.101943 -0.040264 -0.112911 0.007312 0.002823 0.102385 -0.111919 -0.076698 -0.093671 0.045986 -0.004777 0.025235 -0.000100 0.056345 -0.088619 -0.036469 -0.023311 0.072704 -0.102630 0.028092 -0.119153 -0.044157 -0.071313 -0.112507 0.019926 -0.029757 -0.030474 -0.106789 -0.081410 -0.001997 -0.004941 -0.003851 0.001098 0.009133 -0.020590 -0.077061 -0.038575 0.083180 0.130707 -0.029673 0.010337 -0.060218 0.021786 -0.098485 0.051371 -0.015640 0.006473 -0.050661 0.099718 0.095750 -0.069048 -0.146258 -0.011853 0.059590 0.022265 0.067434 -0.050228 0.032919 -0.073518 -0.049530 -0.058312
4051 -0.019961 -0.021762 0.059258 0.072597 0.092322 -0.120112 0.110255 -0.007271 0.107963 0.006070 -0.015188 0.048833 0.122904 -0.052715 0.015215 0.055398 -0.111818 0.205616 0.023864 -0.047367 -0.068731 0.067154 0.030599 -0.086940 0.023933 0.014458 -0.067762 -0.222692 -0.053331 -0.090316 -0.059488 -0.082406 0.003729 0.014469 -0.073113 -0.035953 -0.027608 0.002761 0.017147 0.048444 0.105752 0.155838 -0.026587 0.089861 0.101656 0.009161 0.081278 0.027420 -0.060348 -0.078447 -0.035368 0.014988 -0.116695 0.030031 -0.035004 0.040678 0.002759 -0.070040 -0.041091 0.013250 0.017654 0.134910 -0.078792 0.042457 -0.068468 0.124243 0.048876 -0.087180 -0.019537 0.006900 0.021010 0.000622 0.086801 -0.075467 -0.030580 -0.133601 -0.105255 -0.033005 0.026049 -0.045326 -0.027742 0.133073 0.034150 0.099474 0.004288 0.060484 0.041745 0.070399 -0.030773 -0.027016 -0.083404 -0.137447 0.044927 0.024721 0.004279 0.011981 -0.006962 -0.099055 0.014639 -0.010617 0.093972 0.110432 0.028451 -0.015572 0.004758 -0.088056 -0.019080 -0.016936 0.122704 0.003477 -0.123751 -0.035591 0.059810 -0.085292 0.035202 0.030242 -0.081170 0.061349 0.056518 -0.075415 -0.076054 0.050310 -0.092873 0.065936 -0.002186 -0.027060 -0.058719 -0.084003 -0.025329 -0.005092 0.040983 -0.087080 -0.069221 0.012613 -0.097296 0.039940 -0.073857 -0.058706 0.043070 -0.042541 -0.061765 0.035315 0.075751 -0.124519 0.021387 -0.168565 0.167731 -0.042813 -0.072285 0.131431 0.003740 0.085310 0.064103 -0.004440 0.064955 -0.001969 -0.095361 -0.033799 -0.127312 -0.032235 -0.016170 0.018468 -0.036916 0.115092 0.046686 0.046589 0.145917 0.061189 0.003854 -0.032320 0.097623 -0.066935 0.066345 0.143045 0.048018 -0.074231 -0.114213 0.020658 0.105318 0.088071 0.064239 -0.026166 -0.044790 0.008231 0.070832 0.061231 -0.060480 -0.010652 0.118939 0.008727 -0.019363 0.024459
4088 0.002621 -0.065703 -0.030722 0.162830 0.007890 -0.023339 -0.038308 0.038189 -0.124379 0.036217 -0.102239 0.134914 0.036212 -0.111888 0.050678 -0.073239 -0.049929 0.046723 -0.029006 -0.054126 0.015456 -0.081161 -0.109390 0.065216 -0.041191 0.030827 -0.082355 0.107159 -0.073744 -0.056081 0.105970 -0.076314 0.047567 -0.066291 0.048464 0.060319 0.135742 0.024690 -0.022938 -0.041646 -0.107616 -0.028092 0.022771 -0.142941 -0.014419 0.071761 -0.035744 0.007779 0.097971 0.070192 0.054425 -0.011865 -0.127021 0.032498 0.039003 0.007308 0.006316 0.040690 -0.041399 0.015769 -0.046627 0.076687 0.074835 0.047100 0.096108 0.021014 0.025494 -0.048567 -0.081708 -0.092706 -0.026580 0.098625 0.018900 -0.177445 -0.157297 -0.087077 -0.065412 0.088457 -0.083720 0.005376 -0.036158 0.091034 -0.023009 -0.030706 0.080843 -0.139755 -0.072731 -0.070274 0.064864 0.031624 0.016578 -0.034227 -0.018407 0.168382 0.070336 -0.155017 0.030357 -0.015057 -0.138733 0.008783 0.108476 -0.105698 -0.029953 -0.074837 0.041197 0.018430 -0.103414 -0.026434 -0.002015 -0.045041 -0.048396 0.025789 -0.124378 -0.010029 0.011523 0.033237 -0.145300 -0.001605 0.099893 -0.026026 0.023025 0.046274 0.032553 -0.019039 -0.111678 -0.009074 -0.046652 -0.147676 -0.031197 -0.060494 -0.056750 0.063930 -0.047153 0.044894 -0.019167 -0.040769 0.155623 0.009100 -0.033837 -0.056690 0.026938 -0.034805 -0.037310 0.067813 -0.045307 0.109923 0.039237 -0.003575 0.054252 -0.113081 -0.040395 0.136287 -0.078740 -0.016464 0.020890 0.097390 -0.019839 -0.053014 0.035419 -0.062278 0.001084 -0.053373 -0.055038 0.138878 -0.034698 -0.050431 0.079024 0.004661 -0.032673 0.031695 0.085651 -0.012368 -0.008201 0.085650 0.132902 0.147092 -0.073287 -0.056464 -0.037033 0.005668 0.015352 -0.029384 -0.101070 0.170441 0.016385 -0.003156 -0.102764 -0.086145 -0.006344 0.052021 -0.057119 -0.037380
412 0.062433 0.103356 0.132167 0.020032 -0.122431 0.008199 -0.092490 0.034157 -0.108131 -0.017623 0.000823 0.090257 0.023416 -0.005989 0.084927 -0.014508 0.002563 0.090331 0.029795 -0.058228 -0.099193 0.006384 -0.041982 -0.030123 0.067085 0.017793 -0.036647 0.032946 0.037791 -0.112174 0.066892 0.034150 0.066169 -0.046434 0.014037 -0.003496 -0.104242 0.083750 0.012513 -0.023557 0.054843 0.016163 -0.113876 -0.103118 -0.101991 0.032639 0.006030 -0.112119 0.021036 -0.000797 -0.063872 0.014193 -0.117158 -0.028233 0.058248 -0.035945 -0.062064 -0.018484 -0.121262 0.100037 0.032759 -0.015477 0.080038 -0.033737 -0.158393 -0.073350 -0.024897 -0.027340 0.058687 -0.079809 -0.132949 0.045672 0.054203 -0.089188 -0.001590 0.084258 -0.042684 -0.042747 -0.009532 -0.012221 -0.042287 0.139408 0.156295 0.002872 0.027201 0.100618 0.145804 0.029547 -0.120405 0.043106 0.006428 -0.167427 -0.023385 0.005831 0.075471 -0.012776 0.084473 -0.057509 -0.091683 -0.011702 -0.045371 0.025389 0.051368 0.024995 -0.037787 -0.047517 -0.036328 -0.047267 0.002337 -0.029539 -0.016432 0.030316 0.101185 0.057236 -0.039835 0.046364 0.031171 0.129070 0.177309 0.056790 0.024893 -0.091550 -0.071233 -0.103108 0.133643 0.013801 0.056761 -0.080157 -0.075824 -0.003343 -0.020240 -0.163316 -0.135582 0.016851 -0.048704 -0.005302 0.001608 -0.020073 0.083472 -0.101395 -0.105454 -0.071441 -0.033970 -0.041505 -0.011275 0.046004 0.119856 -0.063861 -0.036521 0.130308 0.187799 -0.036275 -0.023717 0.159362 0.041862 0.000249 -0.042074 -0.077618 -0.038213 0.015049 -0.161831 -0.085334 -0.070655 -0.074798 -0.022633 0.069195 0.038064 -0.002701 0.027294 -0.046528 -0.088576 -0.049701 0.050635 0.107507 -0.037409 -0.012171 -0.013834 0.069310 0.096753 0.037323 -0.057275 -0.088977 -0.140145 0.031835 0.110077 -0.032577 0.003418 -0.058753 -0.072965 -0.007475 -0.002228 -0.054259
4137 -0.017900 0.113109 0.149553 0.043945 0.072766 -0.076513 0.077723 -0.031872 0.087064 -0.008594 -0.057948 -0.025844 0.085172 0.124615 0.098385 0.049178 0.019880 0.052002 0.022561 -0.010555 -0.048573 -0.057620 0.188708 -0.085533 0.025290 0.012025 -0.014176 -0.178847 -0.084186 -0.166269 -0.041706 -0.069303 0.073973 0.130555 -0.032081 -0.103352 -0.001551 0.040152 0.027516 -0.003941 -0.007851 -0.015186 0.050969 0.014252 0.095798 -0.027598 0.028062 -0.183893 0.005277 -0.088640 0.006583 -0.060675 -0.000577 -0.028514 0.100177 0.010715 0.008506 0.029552 -0.162822 -0.026828 0.061252 0.105033 -0.114883 0.051764 0.058506 0.155813 0.000283 -0.012337 0.172271 0.018978 -0.030416 0.037320 -0.108739 -0.015020 -0.016837 -0.071859 -0.211549 -0.058174 0.072323 -0.029883 0.036367 0.011788 0.037211 -0.008666 0.124521 0.107436 0.033814 -0.010962 -0.049596 0.035793 0.017899 -0.078266 -0.049585 0.021640 -0.069122 0.079924 0.094571 -0.112233 -0.056762 0.060580 -0.067305 -0.032133 0.061983 -0.062118 0.019866 -0.127849 -0.057997 -0.078429 0.038417 0.057954 -0.119099 -0.064194 0.023571 -0.071132 0.038566 -0.029434 -0.127273 0.079875 -0.086516 -0.088168 0.026783 0.042626 -0.049402 -0.001173 0.100855 0.021483 -0.079758 0.030671 -0.068664 -0.050557 0.042512 0.070889 0.070953 -0.062878 -0.052858 -0.100291 -0.004692 -0.057476 -0.025574 0.006205 -0.007478 0.065978 -0.015364 -0.113674 0.028752 -0.003425 0.021491 -0.105870 -0.014715 0.021156 0.026266 0.035463 0.049709 0.060424 0.029607 -0.068772 0.005220 0.030745 -0.138108 0.055448 0.029048 -0.161432 0.067561 -0.054063 -0.050313 0.066697 -0.003992 0.034919 -0.049882 -0.079214 0.087333 -0.036845 -0.061441 -0.025004 -0.039177 0.053879 -0.149354 -0.109480 0.015603 0.021270 -0.006751 -0.126510 -0.076260 -0.043979 -0.043129 0.008212 -0.014593 0.013753 0.087618 0.033028 0.085618 -0.066300
4160 -0.034887 -0.030138 0.057235 0.005592 0.018842 -0.127292 -0.068452 -0.005215 0.009544 0.037175 -0.163293 0.102519 0.121116 -0.100749 0.071004 -0.062987 0.001620 -0.062637 -0.003025 0.064699 -0.064047 0.006981 0.059795 0.055325 -0.061106 -0.003536 0.014362 0.144222 -0.029710 -0.080743 0.026706 0.041839 0.022518 0.139689 0.095150 -0.124461 -0.024102 -0.000825 0.042257 -0.068284 0.062594 -0.019852 0.088452 -0.035901 0.097578 0.075259 -0.089336 -0.115399 0.091572 -0.034957 -0.160595 0.087117 -0.109096 -0.083447 -0.047107 0.073939 -0.013671 -0.076664 -0.045975 0.072078 -0.076692 -0.115863 -0.036430 -0.050941 -0.049102 -0.011827 0.146174 -0.095820 0.025461 0.092706 -0.083057 0.061038 -0.112947 -0.050661 0.086259 0.033000 -0.072806 -0.090076 0.143107 -0.042420 -0.070650 0.035925 0.035444 0.079205 -0.092701 -0.029606 -0.003034 0.027124 0.006169 0.211164 0.057624 -0.180341 0.164151 0.070382 -0.016695 0.042945 0.086509 -0.063143 -0.144709 0.098777 -0.049034 -0.026057 -0.015242 -0.013773 -0.098822 -0.143599 0.049823 -0.103570 0.118829 -0.126120 -0.080583 -0.008988 -0.027140 -0.074808 -0.028335 0.007309 -0.100836 0.034536 0.012962 0.018588 0.094870 -0.064404 0.058178 0.074644 0.067192 -0.033933 0.001810 -0.050750 -0.091305 0.032861 -0.060622 0.039325 0.080658 -0.041632 0.038025 -0.069501 -0.005102 -0.002900 0.026263 0.004142 -0.006429 -0.095434 0.004095 0.000877 0.037020 0.098747 -0.098617 -0.057527 -0.032178 0.006290 -0.014035 -0.030136 -0.010670 0.091895 -0.033299 -0.005694 0.062085 0.066494 -0.103024 0.031977 0.068409 -0.057313 0.030921 -0.016595 -0.084302 0.007973 0.040107 0.047479 0.052578 -0.021135 -0.030121 -0.049064 -0.042273 0.095365 0.025735 -0.027144 -0.034396 -0.019228 -0.003722 0.079471 0.048961 -0.202051 0.074396 -0.050340 -0.063681 -0.083506 0.009661 -0.058398 -0.029427 0.046619 0.048706 -0.013131
4195 -0.053172 0.027959 0.005017 0.092231 0.054756 -0.000740 -0.038077 0.031924 0.011639 0.087820 -0.072077 -0.014713 0.077100 0.042237 0.031522 -0.182475 -0.052484 0.035828 0.106667 0.028052 -0.009864 -0.118926 0.030961 -0.025021 -0.108045 0.047267 -0.029376 -0.055535 -0.059514 -0.175737 -0.026119 0.061690 0.000115 0.067916 0.022559 -0.004827 0.038152 0.066332 -0.110203 0.002215 -0.031519 0.008720 0.100539 -0.023571 0.029241 -0.014941 0.007793 -0.059731 0.084873 -0.092691 0.028088 0.023613 -0.074665 -0.031454 0.041156 -0.160918 0.102431 -0.063401 -0.047595 0.096680 -0.052912 0.024230 -0.009272 0.025706 0.008966 0.043678 0.133083 -0.011936 -0.079328 -0.101844 -0.020831 0.104517 0.020928 -0.086448 -0.052946 0.004877 -0.097431 0.066246 -0.026056 -0.036335 0.024165 0.042575 0.009891 -0.126012 -0.011693 -0.006895 -0.100519 0.066644 -0.060768 0.039083 0.103567 -0.053311 -0.199237 0.271698 -0.034726 -0.074199 0.023930 -0.122877 -0.138964 -0.008282 -0.017636 -0.080571 0.042325 0.014969 -0.015250 -0.029265 -0.033733 0.017384 0.012013 0.068763 -0.012702 0.021702 -0.015632 0.080760 0.129716 0.009250 -0.058282 0.127189 -0.006879 0.011642 0.039739 0.147822 -0.040117 -0.031150 0.068749 -0.075865 0.004340 -0.073565 0.099176 -0.089393 -0.046738 0.001816 0.050190 0.102668 0.006627 -0.092234 0.093380 -0.090243 -0.080835 -0.167308 -0.090854 -0.125728 -0.151679 0.017690 0.026840 0.081007 0.013488 -0.005747 -0.041396 0.069151 -0.025059 0.010232 0.010544 0.097148 -0.039326 0.078570 0.056776 -0.060030 -0.012342 0.092967 0.105167 -0.157216 0.063591 -0.056386 -0.022715 0.035610 0.056859 0.082069 0.052364 -0.012961 0.135782 0.080121 0.034603 -0.031723 0.075301 0.040239 0.002409 0.062990 -0.041669 0.053440 0.050967 -0.089989 -0.076689 0.068128 0.042610 0.044548 0.063704 -0.108206 -0.006891 -0.034007 -0.052219 0.002198
4214 0.009855 -0.050038 0.060314 -0.057142 0.035964 -0.061461 0.003545 -0.002379 0.018120 0.038913 -0.062776 0.065445 0.055507 0.000453 -0.176802 0.051187 0.011643 0.009448 -0.021986 -0.031999 0.004208 0.067887 -0.103900 -0.009106 -0.129625 -0.016767 -0.103116 -0.034425 -0.095874 -0.148652 0.119594 0.021332 0.035798 -0.014066 0.035209 0.081634 0.066651 0.041330 -0.017867 -0.115983 -0.036785 -0.023004 0.002333 0.055470 -0.038390 0.097994 -0.041605 -0.087479 -0.023238 0.056968 -0.007626 -0.042529 -0.156577 0.048678 0.056373 -0.037948 -0.112626 -0.100221 -0.057295 0.075486 -0.116246 0.004496 -0.093533 -0.048948 0.052402 0.045807 0.085646 -0.055424 -0.082271 -0.077769 -0.000419 0.028520 -0.066555 0.090492 -0.067892 0.054485 -0.066484 0.058627 0.154451 0.120384 0.037579 0.065989 0.032905 0.109060 -0.065669 0.033019 -0.024985 0.118579 -0.114529 -0.098968 -0.043669 -0.069568 0.035264 0.051140 -0.091629 -0.058805 -0.046282 -0.041715 -0.090702 -0.008371 0.084671 0.035332 0.023094 -0.042894 -0.085829 -0.084676 -0.118291 -0.040264 0.002667 -0.036427 0.043555 0.039114 0.091347 0.102134 -0.144910 -0.115120 -0.101469 0.045914 0.018823 -0.117354 0.033129 -0.098881 -0.010559 0.022199 0.001660 -0.110114 -0.065502 -0.005731 -0.079214 0.044396 -0.148627 -0.074490 0.017997 -0.068963 0.018505 -0.139593 0.019867 0.044670 -0.198941 0.070943 0.047168 -0.072504 -0.020883 -0.049869 -0.019287 0.158018 0.028617 0.001456 -0.011956 -0.067393 -0.018058 0.026923 0.027251 -0.019038 0.009700 -0.039188 0.017492 -0.005208 0.038995 -0.013198 0.054536 0.074008 -0.035522 -0.005073 -0.073758 -0.012117 0.188707 0.101771 0.088371 0.048970 0.043263 -0.058741 -0.000955 0.076039 -0.023284 0.093287 -0.140669 -0.021604 -0.064253 -0.050955 0.021282 0.000714 0.016041 0.121957 0.027429 0.015466 0.081635 -0.082721 -0.154647 0.138379 0.077693 0.013976
426 -0.045244 -0.025783 0.026499 -0.024954 0.053275 -0.000175 -0.014574 -0.013122 0.035005 -0.061052 -0.054656 0.010512 0.121000 -0.082739 0.064706 0.043781 -0.024740 0.072784 0.010612 0.004749 0.000003 0.007077 -0.032345 0.063357 -0.027233 -0.054994 -0.028144 -0.102691 -0.082164 -0.060005 -0.026113 -0.046313 0.026840 0.047620 0.126993 -0.044509 0.080606 -0.032823 -0.041512 -0.032228 -0.018837 0.067639 -0.015005 -0.004079 0.076413 0.051351 -0.004925 -0.074971 -0.009066 -0.116224 -0.131191 0.106333 -0.063680 -0.009014 0.076874 0.072157 -0.146538 0.026733 0.036776 0.025568 0.088483 -0.074123 -0.056887 0.061877 -0.038499 0.049525 0.064033 -0.212392 0.075629 -0.033515 0.032439 0.071191 0.013234 0.007211 0.023637 -0.030371 -0.093107 -0.034077 0.025218 0.027121 -0.074322 -0.003395 -0.000150 0.148306 0.163733 0.118733 0.075027 -0.118376 0.073733 0.071232 -0.045473 -0.046068 0.086832 0.038695 -0.147850 0.033713 0.223903 -0.032200 -0.055226 0.135913 -0.044284 0.008483 0.052218 -0.123845 -0.078340 -0.170270 -0.019400 -0.169044 0.107867 -0.104018 -0.087161 -0.016639 0.099518 -0.073370 0.057927 0.020192 0.052426 0.066088 -0.051387 -0.065860 0.115002 -0.052731 -0.091073 -0.041697 0.123311 0.010072 0.046860 -0.139086 -0.067973 -0.017551 0.042428 0.085673 -0.060685 -0.032761 -0.004672 -0.034662 -0.064932 -0.005792 -0.001347 -0.050826 -0.021342 -0.037598 0.079010 0.009034 0.008490 -0.036517 -0.023640 -0.003647 0.041746 -0.064402 -0.059521 0.003202 0.019075 0.042763 -0.000630 -0.017023 -0.008135 0.070566 -0.235659 0.038653 0.102781 0.036067 0.087133 0.065039 -0.047914 -0.114722 0.053680 0.097883 -0.025312 -0.044429 0.016070 -0.032641 0.025015 0.036713 0.027802 -0.012908 -0.163076 -0.096039 0.157396 0.085527 0.020131 -0.091940 0.055617 -0.048931 0.023586 -0.002107 -0.084036 0.004326 0.030571 0.071420 0.049416 -0.007130
4267 -0.090718 0.010244 0.172592 0.017916 0.135884 0.002999 -0.007173 0.070900 -0.064988 0.047608 0.001871 0.080446 0.046268 -0.106778 0.123312 -0.036530 -0.077571 0.020264 -0.010930 -0.043995 -0.053472 -0.029488 0.010268 0.047744 0.130292 0.001245 -0.056300 0.072154 0.034712 -0.068714 -0.094204 -0.013861 -0.083845 -0.006687 0.047001 -0.094577 0.042624 0.120221 0.045400 -0.053001 0.007492 0.069440 -0.063018 -0.011340 0.072648 -0.113198 0.024396 -0.089413 0.088546 -0.073545 -0.030131 -0.056975 0.040934 0.066785 0.042361 -0.030671 -0.134029 -0.085074 -0.117059 0.023403 0.065999 0.087066 -0.008142 0.073437 -0.082578 -0.069364 -0.056398 0.045261 -0.084167 -0.061758 -0.003901 0.093752 -0.053319 -0.061887 0.004453 -0.009913 -0.083703 -0.050106 -0.005816 -0.080377 -0.066236 0.062815 0.010326 -0.064435 0.089107 0.079379 -0.093018 -0.080292 0.000747 -0.009788 -0.108992 0.010006 0.083952 0.152000 -0.044977 -0.045944 0.094712 0.030205 0.098413 0.047056 -0.007432 -0.028282 0.101750 0.031952 0.039191 0.014374 -0.079269 -0.038135 -0.009341 -0.040993 0.032866 0.022200 0.071276 0.028402 -0.151334 0.006627 0.000852 0.102512 0.127473 0.138406 0.004892 -0.164102 0.159814 0.156000 0.047436 -0.086997 -0.006816 -0.084732 -0.059097 -0.029816 0.008999 0.030505 0.035360 0.020206 -0.084041 -0.018086 -0.120714 -0.110866 -0.065975 -0.084186 -0.085586 -0.074252 0.021493 -0.056689 0.054036 -0.036568 -0.022850 0.061378 -0.108994 0.025031 0.126247 -0.020510 -0.081592 0.061797 0.085365 -0.046849 -0.045082 -0.068513 -0.151162 0.039298 -0.016473 0.102805 -0.043659 -0.012290 -0.043614 -0.016960 -0.047606 0.014182 -0.107124 0.052790 -0.031853 0.050509 -0.080859 -0.044637 -0.058619 -0.119461 -0.075261 -0.130679 0.149994 -0.024720 -0.064950 -0.075251 -0.061300 0.061876 0.085272 -0.017513 0.023312 -0.134710 0.040946 -0.067043 -0.047268 -0.037282
4297 -0.081499 -0.042594 0.028738 0.079298 0.111955 -0.007106 -0.026985 0.000604 -0.026808 0.010419 -0.111989 0.099180 0.118051 0.019885 0.106341 -0.038015 0.044713 0.045973 0.000676 -0.059011 -0.021803 -0.141072 -0.005602 0.047559 -0.028701 0.115406 -0.035780 0.047468 0.009511 -0.127357 -0.102130 -0.124480 0.048671 0.045290 0.032291 -0.170809 -0.061410 0.064493 0.111053 0.066161 0.041575 -0.015982 0.016597 0.004236 0.057702 0.023131 0.094657 -0.004404 0.049777 0.048099 0.038153 -0.091483 -0.109525 0.034470 -0.068337 -0.010446 0.075605 -0.005219 -0.094919 -0.126116 -0.151687 0.102013 -0.011077 0.034254 0.152502 0.056001 0.004248 0.010892 0.052001 -0.074982 -0.111605 -0.055387 -0.009590 -0.096109 0.046702 -0.047943 -0.049929 -0.048467 0.046754 0.154267 0.046473 -0.038474 0.043389 -0.045103 0.003567 -0.088084 0.007239 -0.019000 0.007885 0.020270 -0.026248 -0.121363 0.101411 0.126429 0.065006 0.086490 0.107936 -0.135258 -0.146924 0.046579 0.070238 -0.006265 0.042152 0.075753 -0.037567 -0.206569 0.002478 0.009727 -0.059482 0.005008 0.130055 0.066020 0.077231 0.075033 -0.064752 0.050941 -0.051217 0.099176 0.047839 0.016506 -0.032550 0.076401 -0.019996 -0.016850 0.161128 -0.022577 0.022260 -0.043450 -0.032367 -0.010968 -0.009181 -0.007081 0.010337 0.018262 -0.115243 -0.015919 0.087570 -0.078400 -0.028509 -0.085624 0.019163 0.093296 -0.089695 -0.010671 0.027886 -0.024116 -0.002126 -0.051120 0.130408 0.023030 0.033689 0.004239 -0.027911 0.112459 0.015763 0.126983 -0.049011 -0.049703 -0.114265 -0.023288 0.104238 -0.044642 -0.020118 -0.126081 0.036118 0.149822 0.047505 0.033642 -0.119187 0.016627 -0.018046 -0.018039 0.027367 -0.010403 0.154339 0.034945 -0.002984 -0.091812 -0.059983 0.035903 0.041378 -0.110657 0.118254 0.044311 -0.054274 -0.033190 -0.051347 0.003742 -0.063634 0.103765 -0.028708 0.018128
4340 -0.020113 0.110309 0.066544 0.089170 0.072491 -0.045023 0.047597 -0.013555 0.134367 -0.034266 -0.057660 0.055804 0.023729 -0.006347 0.075999 0.081464 0.009129 0.081008 -0.036744 -0.000047 -0.045068 -0.037170 -0.096730 -0.037629 0.041486 0.006302 0.007702 -0.025354 -0.069748 -0.102082 -0.021030 0.028778 -0.084276 -0.010627 -0.050565 0.003025 0.009064 0.079054 0.023700 -0.081918 -0.054231 -0.029312 -0.041745 -0.018450 0.056479 0.001355 0.102370 -0.110251 0.053404 -0.005117 0.084177 -0.061655 -0.091332 0.035678 0.063925 -0.101743 0.007362 -0.109306 -0.086166 -0.077094 -0.032688 0.095134 -0.062532 0.042675 0.050624 0.077247 -0.055877 -0.007869 0.155857 -0.010288 -0.036039 0.138588 0.099952 -0.053916 -0.161768 -0.045308 -0.087158 0.041742 0.173614 0.023189 -0.079655 0.067103 -0.056695 0.022209 0.146749 -0.025442 0.167751 0.064177 -0.059731 -0.035413 -0.122830 0.072469 -0.062858 0.167809 -0.003920 0.004555 0.028484 -0.039323 -0.138040 0.080082 -0.025161 -0.041804 0.121785 0.042896 -0.030701 0.005132 -0.047130 -0.097224 0.093485 0.011667 -0.101107 -0.015192 -0.024521 -0.076578 0.014998 0.007584 -0.073478 0.104725 0.116905 -0.005891 0.057067 -0.028765 0.011802 -0.029251 -0.046699 0.038844 -0.061843 -0.011379 -0.104888 0.005197 -0.093731 0.032875 -0.019292 -0.004799 -0.084376 -0.052070 0.027108 -0.179337 -0.112811 -0.072102 -0.002568 -0.045434 -0.106716 -0.022141 0.146759 0.058506 -0.005844 -0.029596 0.020374 -0.021404 0.030598 0.051486 -0.087554 -0.014580 -0.004887 0.031968 -0.081363 0.109874 -0.048747 0.027633 0.141187 -0.121668 0.096143 -0.029994 -0.028169 -0.126182 0.072245 -0.031895 -0.015164 0.060160 -0.001855 -0.043497 -0.005073 0.051314 0.107211 -0.054402 -0.059466 -0.016008 0.008473 -0.019034 -0.178256 0.002246 -0.039239 0.139424 0.012981 -0.026497 -0.081742 0.018764 0.057327 0.140709 0.115358 -0.099502
4362 0.050258 -0.038782 0.003481 0.000808 0.100265 -0.112496 0.022603 0.036498 0.054687 0.033738 -0.009343 0.078698 0.106491 0.073923 0.073379 0.101473 0.148197 -0.005242 -0.069227 -0.041493 -0.039158 -0.143137 0.164729 0.013841 -0.106237 0.025749 -0.085394 -0.113739 0.041801 -0.056994 0.046522 -0.049236 0.097115 0.148287 -0.093634 0.030720 0.070094 0.010823 0.097656 -0.039921 -0.010730 0.051111 0.044821 0.132863 -0.035065 0.042803 0.031046 -0.075366 -0.044806 0.110706 -0.094079 -0.052909 -0.104482 0.029677 -0.002681 0.014405 -0.081352 0.076564 -0.071343 0.005980 -0.133096 -0.037981 -0.036473 0.061117 0.136836 -0.020969 0.091308 -0.058019 0.055612 -0.099226 -0.040238 -0.061841 0.016041 -0.130434 0.017821 -0.023646 0.038940 -0.009372 0.033596 0.068919 0.033316 0.001929 0.075914 0.018260 0.128251 -0.041152 -0.148085 0.032336 -0.105997 -0.060486 0.094212 -0.022262 -0.059690 0.105995 -0.029140 0.001494 0.180091 -0.005693 -0.032255 0.066417 -0.054783 -0.029639 0.026512 -0.045461 0.007747 -0.179082 0.010589 -0.049820 -0.073126 0.055454 0.073745 0.065916 0.086787 -0.076382 -0.099859 0.006037 -0.056090 -0.087638 -0.067764 0.012092 0.078501 0.036995 -0.101866 -0.033744 0.124161 0.070096 0.011916 -0.048575 -0.055194 0.085906 0.021800 0.058349 0.041873 -0.088935 -0.117856 0.014918 0.088056 -0.040431 0.032886 0.009885 -0.003831 -0.053551 0.015676 -0.003023 -0.029645 -0.010210 0.075873 -0.018985 -0.039130 -0.027307 0.104379 -0.092786 -0.016698 0.082444 0.038061 0.065822 -0.115172 -0.044556 -0.105132 0.103186 0.005645 -0.092811 -0.051765 -0.039956 -0.014702 0.122694 0.065864 -0.032264 0.004143 0.009896 0.166604 0.003509 0.044182 0.001053 0.037714 -0.074142 -0.179754 -0.038625 0.018467 0.125492 -0.057851 -0.109091 0.070645 0.050667 0.053742 0.048017 -0.000821 -0.046261 -0.107230 0.001295 -0.043578 0.063937
4397 0.092183 -0.049186 -0.035575 0.018938 0.069184 -0.094698 -0.097941 0.050657 -0.014391 -0.074180 -0.127330 0.065963 0.010593 0.013780 -0.006021 -0.030298 -0.133536 -0.008435 0.088143 0.110623 -0.134561 -0.057711 -0.004893 0.079545 0.075600 -0.029306 0.055268 0.024299 0.112192 0.069627 -0.147302 0.056872 -0.119710 -0.086960 -0.045384 -0.156704 -0.015278 0.024123 0.060882 -0.049917 0.039198 -0.036067 -0.107553 -0.031295 0.100257 -0.102145 -0.026677 -0.118639 0.118642 0.075280 0.036249 0.018687 0.089545 0.034285 -0.120164 0.059327 0.016243 -0.088068 -0.015423 -0.074203 0.032849 -0.126754 -0.018261 0.065705 0.095643 0.015534 0.013120 0.013178 0.073302 0.062265 0.023617 0.057576 -0.037865 -0.065811 -0.061440 -0.064840 0.097015 -0.014633 0.023371 0.078564 0.066857 -0.007831 0.081335 -0.073812 -0.029275 0.096432 -0.025589 -0.007889 0.025553 -0.023231 -0.052381 -0.079522 0.108975 -0.002665 -0.011761 0.080378 0.047382 -0.041017 -0.090463 -0.027880 0.153261 0.003786 0.114435 -0.025296 0.072053 0.023540 0.044560 -0.063713 -0.026011 -0.048181 0.039281 -0.130101 0.016138 -0.040067 0.065857 0.035314 0.027091 -0.006650 -0.067085 0.002949 -0.153987 -0.003366 -0.075845 0.181570 0.049166 -0.101549 -0.023126 -0.041895 -0.090301 0.062163 0.030537 0.084525 0.014818 0.000454 -0.074615 -0.059699 0.098439 0.058076 -0.160206 -0.111789 -0.035039 -0.001147 -0.142305 -0.037350 -0.027147 0.116046 0.147825 0.112229 -0.049973 -0.014722 0.171502 -0.102768 -0.027249 0.018931 -0.028773 0.031240 -0.049665 0.037889 -0.015844 0.020734 -0.101818 -0.029142 0.050829 -0.015036 0.083107 0.073864 0.031827 -0.083993 -0.050337 0.009234 0.125315 -0.023255 0.066565 -0.117429 0.110730 -0.018671 0.019333 -0.053108 0.104719 0.061141 -0.047370 0.014825 0.017287 -0.017239 -0.168068 0.012013 0.000671 0.038225 0.021033 0.008851 -0.067425 0.017061
4406 -0.062548 0.065552 0.000040 0.184029 0.038752 -0.049707 0.026095 0.099779 -0.064619 -0.079952 0.007537 0.175290 0.039731 0.043942 0.114868 -0.045758 0.124396 0.023529 0.019377 -0.038717 0.100249 -0.024614 0.034909 -0.072717 0.109234 0.068122 0.038911 0.098205 0.065725 -0.061772 0.044672 0.107220 -0.003423 0.124181 0.099526 -0.126353 0.025509 -0.025019 -0.093072 0.051651 -0.091252 -0.078739 0.010547 0.039734 0.022630 0.021401 -0.058307 -0.104392 -0.013549 -0.000806 -0.134023 -0.000873 0.057542 0.058393 0.113107 -0.073503 -0.075238 -0.015688 0.104532 -0.146621 0.031243 -0.046551 -0.008385 -0.095999 0.071689 0.108616 0.122490 -0.069933 -0.046741 -0.156526 -0.032178 0.050728 -0.027153 0.009281 0.032115 0.023839 -0.025134 -0.120490 -0.055006 0.077927 -0.058578 -0.067477 -0.007035 0.113065 0.219612 -0.153255 0.032800 0.074957 -0.037161 0.059174 0.117926 0.075784 -0.003646 0.019620 -0.068422 -0.038266 0.079684 -0.079842 -0.041018 0.017140 -0.013504 0.079740 -0.025705 0.034920 0.014505 0.006847 0.001240 0.053914 -0.089747 0.000217 -0.054959 0.064541 0.083530 0.008599 -0.066814 -0.012853 0.057843 0.076901 0.079048 0.018315 -0.029293 -0.065773 -0.075279 0.025306 0.110967 0.092610 -0.027216 -0.095900 -0.116952 0.059503 -0.007087 -0.103890 -0.145011 0.081604 -0.020878 -0.096913 0.020165 0.019097 -0.095875 0.087765 -0.123346 0.019943 -0.026870 -0.067865 0.016911 0.039661 0.109278 -0.021974 -0.189981 -0.018842 0.017913 -0.100087 -0.060725 -0.042334 0.016204 -0.018542 0.029189 0.011680 -0.045262 0.017064 0.056023 0.015470 0.072003 -0.073931 0.002778 -0.090811 -0.009593 0.056541 0.041815 -0.085867 0.086675 -0.029628 0.062515 0.069034 -0.033169 0.018483 0.069076 0.001220 0.077744 0.031593 -0.120321 -0.054426 0.067399 -0.043629 0.002897 -0.061057 -0.012231 -0.011706 -0.085141 -0.086124 -0.035360 -0.023330
441 -0.012374 0.043540 -0.037297 0.068287 -0.039360 -0.088642 -0.002373 -0.063439 -0.045636 -0.073557 -0.015940 0.091798 0.123353 0.011233 0.069426 0.027419 -0.002512 0.043564 -0.007209 0.045869 0.018779 -0.010242 0.006541 0.048863 -0.046218 -0.018183 0.030385 -0.077979 -0.005195 -0.071683 0.064703 -0.089603 0.006907 -0.136332 0.185595 -0.076454 0.002545 0.003433 -0.071573 0.036284 0.085059 0.093841 0.048773 -0.053814 0.134449 -0.000459 -0.056264 -0.063457 0.075477 -0.043826 0.006155 -0.051706 -0.000981 -0.082692 0.027642 0.074340 -0.078021 0.079212 0.015361 -0.030746 0.169100 -0.047587 0.118115 -0.010095 0.034407 0.023994 -0.119894 -0.056279 -0.007974 -0.066087 -0.010701 -0.118373 -0.035251 0.025310 -0.012030 -0.059243 0.046079 -0.098735 0.014584 0.090960 -0.100060 -0.053849 0.047915 0.055488 0.046080 -0.030020 0.058418 0.080570 0.011220 0.095207 0.012194 -0.098481 0.140378 0.069107 -0.068468 -0.106838 0.025960 0.021967 -0.058909 -0.062338 -0.006126 0.008210 0.062096 -0.126612 -0.044339 0.042200 0.042984 -0.014240 -0.030932 0.029375 -0.099217 -0.036674 0.067893 -0.013968 -0.168814 -0.073683 -0.048245 0.062007 -0.004399 0.061600 0.035797 0.012366 0.061743 0.005594 0.047460 0.208749 -0.026605 0.071074 -0.001272 -0.194738 0.082892 -0.133014 0.025127 0.005276 0.001942 -0.044173 0.050873 -0.113703 0.061829 -0.028284 -0.019657 -0.061975 0.071053 -0.120706 0.043112 -0.028446 -0.003024 -0.010828 0.014318 -0.023346 0.049879 -0.040138 0.009143 0.011591 0.058973 0.096415 -0.032479 0.138581 -0.166001 0.005828 -0.052501 -0.175261 -0.102584 0.061218 -0.019891 0.043227 0.032624 0.048843 -0.030747 0.030829 0.124226 -0.086763 -0.053614 -0.160087 -0.070976 0.023626 -0.154007 -0.068016 0.007905 -0.043383 0.131305 -0.022101 0.178806 0.026929 -0.048114 -0.002166 -0.069809 -0.048613 0.130179 0.071413 -0.062415 0.002952
4441 -0.054639 -0.151348 0.057154 0.018863 -0.076921 -0.104020 -0.039970 -0.105592 -0.143135 -0.035754 0.010806 0.054541 0.016439 -0.046316 0.058098 0.125421 0.037579 0.067874 0.028272 0.102861 -0.034878 -0.040674 0.067836 0.014508 0.009750 0.020936 0.062405 0.098175 0.024450 -0.064734 0.019747 0.043043 -0.117663 -0.048120 -0.080939 0.015234 0.147022 0.133043 -0.051199 -0.139366 -0.034231 -0.038262 -0.114769 -0.126299 0.006100 -0.169928 0.083373 -0.114285 0.098780 -0.083013 0.002602 -0.036418 0.105229 -0.091174 0.051144 -0.006344 0.060844 -0.021599 -0.004132 0.018267 0.073824 -0.077415 0.005053 -0.008607 0.002283 0.028305 0.096148 0.113357 0.042584 -0.015182 -0.122953 0.059196 -0.056122 -0.021620 -0.021721 -0.043353 0.010090 -0.074149 0.048082 0.041528 -0.031295 0.038007 0.066406 -0.122300 0.012985 0.014467 -0.095314 0.104159 -0.015979 0.023031 -0.042534 -0.041457 0.068925 0.015751 0.009495 -0.047210 0.021223 -0.090342 -0.003142 0.208155 0.078480 -0.067206 0.039993 -0.058246 0.040286 0.007202 -0.014463 0.095700 -0.069629 0.000565 0.125029 0.033848 -0.045850 -0.040272 -0.016446 0.043797 0.033975 0.102264 0.077700 0.014808 0.014208 -0.091328 0.025434 0.022189 0.038408 0.043197 0.040929 -0.040522 -0.017700 -0.130576 -0.047613 -0.136049 -0.049751 0.114669 0.039606 -0.006191 -0.070478 0.049380 -0.126206 -0.012994 -0.152547 0.037454 -0.020815 -0.097808 -0.000954 0.026503 0.024638 0.047762 -0.106784 0.004681 0.103352 0.016167 0.016879 0.103823 -0.039254 -0.045636 -0.003317 -0.084208 -0.190554 0.157939 0.091249 -0.045727 -0.067936 -0.082450 0.042940 -0.048147 0.047574 -0.002586 -0.043884 -0.027887 -0.043989 0.019564 0.038002 -0.070712 0.148366 -0.062695 -0.104333 -0.156520 0.106493 -0.016285 0.041168 0.006434 -0.038788 0.045614 -0.112314 -0.024826 0.020601 -0.003630 -0.024880 0.097614 -0.096014 -0.022141
445 0.031381 -0.025294 0.037510 -0.020957 -0.062488 -0.114260 0.075938 -0.014383 -0.075458 -0.060893 -0.054464 0.060663 0.114335 0.024754 0.140630 0.124606 0.008251 0.062284 0.049868 0.003691 -0.067751 -0.073837 0.083019 0.031703 -0.014019 -0.015767 0.101501 0.057973 0.008590 -0.064989 0.073021 -0.013992 -0.046263 -0.077356 -0.031721 -0.005256 -0.006736 0.108672 0.085991 -0.043839 0.005415 -0.137579 -0.033656 -0.094905 0.034529 -0.212444 0.090511 0.027317 0.042052 -0.057333 -0.078807 0.018335 0.086305 0.043102 0.011797 0.071341 -0.043324 -0.042613 -0.080426 0.013792 -0.034293 -0.097907 0.008289 -0.018536 0.011860 -0.060605 0.021690 0.057497 0.004760 -0.049063 -0.052491 0.039206 0.007482 -0.105585 -0.046761 -0.002144 -0.041939 -0.018656 -0.003534 -0.047332 0.005304 0.215148 0.188624 -0.014013 0.001948 -0.003650 -0.128688 -0.042656 -0.093921 -0.091835 0.076638 -0.085509 0.121780 -0.035382 0.033788 0.050287 0.026584 -0.048860 0.085069 -0.088184 0.040876 -0.112586 0.092986 0.027264 0.096030 -0.153948 0.061436 -0.031790 -0.003377 -0.040776 0.082976 -0.029884 0.038720 0.012545 -0.077111 0.118150 -0.073269 0.018303 0.054350 0.068479 -0.078916 -0.095852 0.067826 -0.032474 0.123908 -0.028870 0.073008 -0.098242 -0.043150 -0.054090 -0.078451 -0.105786 -0.060100 0.011431 -0.017944 -0.018240 -0.082490 0.074344 -0.052308 -0.034876 -0.113204 0.009165 -0.048168 -0.022430 -0.000023 0.070110 0.015744 0.008620 -0.015349 0.066409 0.065087 -0.195358 0.026666 -0.128378 -0.088479 -0.010631 -0.014564 0.029181 -0.032320 0.141848 -0.061450 0.069963 -0.059135 -0.125421 -0.024333 -0.032675 0.070236 0.089189 -0.057275 0.077871 -0.059319 0.050103 0.064084 0.008852 0.008688 -0.009483 -0.049340 -0.086188 0.000010 0.174400 -0.013252 0.082646 -0.137683 0.152213 -0.098859 0.003369 -0.003686 0.015346 -0.008368 0.115607 0.026955 0.070914
446 0.033030 -0.066670 0.110555 -0.037039 -0.059934 0.025760 -0.063891 0.061742 -0.057141 0.082025 -0.142656 -0.037009 0.028907 -0.014590 0.012397 0.010603 0.068882 0.054941 -0.020562 0.114457 0.079188 -0.083525 0.021808 0.082972 -0.036537 -0.004592 -0.080840 -0.045762 -0.088225 -0.032938 -0.029974 -0.010866 -0.014210 -0.101062 -0.029246 -0.068248 -0.144998 -0.015636 0.078605 -0.017986 -0.090772 0.047041 -0.046857 -0.043657 -0.052299 -0.010260 0.087384 -0.049377 -0.061805 0.054506 0.041864 -0.031974 0.067840 0.000615 -0.100506 0.036426 -0.062327 -0.084041 -0.040660 0.105493 0.073972 0.038643 -0.070491 0.066035 0.061886 0.017544 0.097305 -0.036087 0.005717 -0.014145 -0.036547 0.017373 0.102817 0.020780 0.029763 -0.095289 0.041514 -0.108357 0.168965 0.119687 0.041273 0.113715 0.003770 -0.120166 0.076064 0.057421 0.016195 -0.066452 0.126346 -0.142559 -0.068457 -0.023180 -0.044085 0.002887 0.013187 0.020277 -0.034969 -0.130095 -0.063709 -0.024202 -0.139866 -0.149388 0.046068 0.089986 -0.018530 -0.022418 -0.076146 0.033566 -0.061448 -0.049134 0.081993 -0.031291 0.024715 0.072951 -0.119028 -0.044905 0.033202 0.159972 0.013939 0.065392 -0.092395 -0.083585 0.018490 0.187447 -0.005995 -0.027958 0.026276 -0.093360 -0.070501 -0.022457 -0.104791 0.066779 0.099652 -0.096327 0.001338 -0.055396 0.008356 -0.092895 -0.019608 0.059726 -0.133677 -0.089281 0.015600 -0.024394 0.091058 0.136056 0.105750 -0.017242 -0.068219 0.120743 0.052702 0.014470 -0.094121 0.020711 -0.022724 -0.150124 0.059671 0.011915 -0.057390 0.013080 0.032615 -0.073214 0.031162 0.037471 0.075723 -0.188913 -0.106338 0.029547 0.016647 0.091164 -0.003761 0.042917 0.159312 -0.052420 -0.058223 -0.035500 0.008813 -0.103870 0.092038 0.035414 -0.036413 0.082810 -0.048505 -0.042761 0.012124 0.093467 0.023739 -0.099638 0.021524 -0.045871 -0.007294 -0.044539
4481 -0.071252 -0.012154 0.056731 0.070147 0.013906 -0.071015 0.090355 0.033586 -0.196627 -0.111591 -0.036023 0.019347 0.138193 0.074557 -0.002554 -0.134835 0.003237 0.100914 0.004738 0.013449 -0.067427 -0.036573 0.068864 0.032719 -0.047351 0.026511 -0.049957 -0.009744 -0.014904 -0.056540 0.116012 -0.028029 0.094719 -0.012261 -0.116229 0.012855 0.007801 -0.047846 -0.060008 -0.091564 0.120910 -0.006095 -0.062845 -0.086604 -0.026062 -0.067768 0.046724 0.134324 0.086080 0.029105 0.048823 0.174249 -0.050938 -0.055245 0.026967 -0.042280 0.060678 0.124959 0.032134 0.053257 0.036474 -0.025289 -0.076667 0.014311 0.002543 -0.049742 0.150881 -0.075222 -0.153383 0.030539 -0.069747 -0.075115 -0.044599 -0.167369 -0.066331 0.023352 -0.152783 -0.067355 -0.089889 0.015216 0.034255 -0.014314 -0.025859 0.060335 0.058596 0.030669 -0.146152 0.035016 0.024666 0.131972 -0.119761 -0.012779 0.000667 0.124105 -0.058731 0.013941 0.125316 0.033243 -0.095133 0.079736 0.105732 0.027817 -0.101219 0.035050 -0.102345 -0.073806 -0.041047 -0.060414 0.066402 -0.015710 0.028455 -0.001016 -0.071959 0.081179 0.000188 -0.054617 -0.060096 -0.057155 0.039043 0.029943 -0.014579 0.126500 0.082438 -0.019176 0.064482 0.027876 -0.035548 0.032650 -0.033059 0.038288 -0.063507 -0.043828 -0.030051 0.046078 -0.144325 -0.058237 0.162527 0.070375 0.029791 -0.110754 0.008896 -0.096514 0.052590 0.004886 0.028413 0.078335 -0.071900 -0.102131 0.078170 -0.023947 -0.018202 0.023868 -0.034918 0.057673 0.054582 0.119561 0.053984 -0.018890 0.121231 0.070769 -0.059540 -0.057124 0.066036 0.030104 0.143435 0.014906 0.028693 0.054503 -0.036271 0.049877 0.100168 -0.081354 0.091260 0.027017 0.030718 0.067008 -0.016255 -0.127745 -0.085775 0.080011 0.016474 -0.073348 -0.014943 0.062536 0.013141 -0.005551 -0.063456 0.005018 0.111181 -0.022127 -0.077819 -0.038489
458 -0.052056 0.033479 -0.018033 0.057683 0.026830 -0.094508 -0.149488 -0.081765 -0.076191 -0.017598 -0.093853 0.112163 0.037315 -0.033555 -0.026175 -0.112735 0.018045 0.001619 -0.008867 -0.064984 -0.030665 -0.001323 -0.000095 0.017786 -0.004268 0.129000 -0.025274 0.007442 -0.020767 -0.127993 -0.050389 0.019766 -0.060550 -0.096891 0.065630 0.016568 0.002882 -0.021112 0.145230 -0.018313 -0.063525 -0.032829 -0.116849 0.048072 0.104230 -0.268744 0.007390 -0.024589 -0.084943 -0.028639 -0.008972 -0.036350 0.082252 -0.080076 -0.051631 0.004467 0.047396 -0.042518 -0.023406 0.144569 -0.022469 0.153968 -0.061613 -0.000203 -0.033408 -0.048985 0.012977 -0.036692 -0.063269 -0.069801 -0.007794 0.077729 0.034328 0.016773 0.107099 -0.025912 0.041606 -0.073103 -0.002119 -0.010828 -0.072405 0.084813 -0.002576 0.025504 0.001718 0.009872 -0.092094 0.083392 -0.173418 0.043066 0.043985 -0.012280 0.002049 0.071312 -0.041878 -0.063112 0.062184 -0.074171 0.074288 -0.021918 -0.072886 0.076743 0.149901 -0.062001 -0.110085 -0.007047 -0.007082 -0.071494 -0.056073 -0.006405 0.050304 0.048289 -0.133022 0.025657 -0.042874 0.081437 0.083190 -0.128153 -0.056239 0.010601 -0.034257 0.052851 -0.010301 -0.117093 0.075082 -0.042758 -0.075311 0.073191 -0.036829 0.016558 -0.128302 0.069567 0.017907 -0.107152 -0.049967 0.072937 0.027091 -0.004610 -0.071293 -0.042127 0.063876 0.023706 -0.017845 0.007703 0.019913 0.059569 -0.035242 -0.045165 -0.100851 -0.009573 0.094196 0.133493 -0.063176 -0.010988 0.107361 0.035348 0.023989 -0.009034 -0.079047 0.078990 -0.178301 0.133980 -0.016359 0.024115 0.016910 -0.093211 0.039168 -0.026757 -0.030489 -0.009940 0.024853 0.129048 0.030806 -0.111621 -0.012771 0.043266 -0.036710 0.029730 0.167933 0.118275 -0.118259 -0.077083 0.049208 -0.087645 0.059598 -0.030878 -0.003607 -0.075834 -0.104597 0.028077 -0.168584 -0.110441
460 0.039290 0.087822 0.061232 -0.077724 -0.039693 -0.079588 -0.103922 0.050055 0.009879 -0.095352 -0.072360 0.038235 0.096906 -0.114878 0.089997 -0.126540 -0.049431 0.029160 0.106332 -0.006463 -0.065113 0.014417 -0.110325 0.062712 0.186167 0.016347 0.027468 0.136619 0.077685 0.059054 0.042648 0.033389 0.040622 -0.002059 -0.080461 -0.001705 -0.073734 0.019648 0.126900 -0.012743 0.101614 0.013023 -0.163364 0.010646 0.066516 0.090745 -0.076136 -0.029820 0.027334 -0.051235 0.077386 0.065602 0.030893 0.017623 -0.046189 -0.029033 -0.044240 0.053722 -0.025057 0.030956 -0.018041 0.047305 0.001311 0.006117 -0.140204 0.031621 -0.110031 -0.021610 0.011326 -0.061508 -0.096895 0.076319 0.023455 -0.030636 -0.017609 0.090850 -0.020305 -0.034152 0.177813 0.022059 -0.033619 0.010673 0.009139 -0.002020 0.097730 0.143903 0.164238 0.108527 -0.106352 0.105012 0.013736 -0.085362 0.099386 -0.032762 -0.015463 -0.073254 0.160981 0.077847 0.003391 -0.082323 -0.052860 0.105335 0.120920 -0.088078 -0.056881 -0.032848 0.081849 -0.035330 -0.084793 -0.017893 0.059661 0.075879 -0.008481 0.005704 0.052597 0.026567 -0.044685 0.110083 -0.025381 0.005916 0.038651 0.135373 -0.016913 -0.092577 0.039254 0.078593 0.083327 -0.117217 0.031605 -0.005365 -0.028926 0.097000 0.015428 -0.020437 -0.020573 0.050754 -0.026957 -0.042303 -0.087184 -0.078355 0.001006 -0.082929 -0.102645 -0.084151 0.053328 -0.019994 0.116314 -0.065656 -0.019905 0.072538 0.193302 -0.109223 0.030279 0.055837 0.149032 -0.005351 0.004838 0.005284 -0.063531 -0.060355 -0.079234 0.063988 -0.052769 -0.031848 -0.025188 -0.006287 0.033660 -0.087065 -0.054986 0.026756 0.066910 -0.043171 0.011737 -0.040919 0.039155 -0.102307 -0.065821 -0.025117 0.092500 0.048835 0.008490 -0.001916 -0.010075 0.058983 -0.046499 -0.005924 0.072609 -0.122706 0.053363 -0.045370 -0.158236 -0.061497
4640 -0.044230 0.069514 0.002071 0.104112 -0.021006 0.017972 0.066709 -0.095193 0.031249 -0.065654 -0.059086 0.188074 0.149032 -0.028035 0.122442 0.074520 -0.005555 0.012988 0.063801 0.049638 0.009425 -0.059179 -0.027770 -0.027799 -0.029446 -0.002669 -0.128664 -0.061962 -0.066383 -0.068772 -0.040521 -0.033753 -0.031825 0.054161 -0.023401 -0.101631 0.010760 -0.002826 -0.020354 -0.013625 0.012665 -0.048505 0.033145 0.026239 0.001285 -0.037234 -0.059376 0.024908 0.078431 -0.113934 -0.085419 -0.088934 -0.098013 0.024444 -0.018402 0.066150 0.035290 -0.122568 -0.079861 0.052142 -0.028945 -0.036163 -0.013766 0.086534 0.010931 0.049376 0.077749 -0.023595 -0.046858 -0.140089 0.051331 0.019869 -0.014842 0.054492 0.020777 -0.006997 -0.097450 -0.015083 -0.134652 0.103777 -0.084283 0.103494 0.100835 0.050844 0.067056 -0.048845 -0.001146 -0.080582 0.004652 0.068294 -0.051125 -0.023264 -0.030750 0.221708 -0.005955 -0.002072 -0.082432 0.020924 -0.154977 -0.001714 0.042065 -0.043903 0.091755 -0.066918 -0.037121 -0.021816 -0.102961 -0.091622 -0.052346 -0.118394 -0.062779 0.063318 -0.036083 0.034733 -0.126847 0.017973 -0.070513 0.109833 -0.040033 -0.033502 0.189515 -0.003036 -0.022020 -0.024466 -0.013697 0.074317 0.017716 -0.107368 -0.067275 -0.025063 -0.083969 -0.032078 -0.058752 -0.112363 0.080364 -0.168992 0.112000 -0.108206 -0.029389 -0.207011 0.014160 -0.010399 -0.027689 0.061170 0.040859 0.132321 0.001765 0.016263 0.022981 -0.069616 -0.100982 0.126169 -0.063128 0.045520 -0.028127 -0.045703 -0.061003 -0.053209 -0.028129 0.007623 0.060445 -0.042251 0.045505 0.009568 -0.074942 -0.027439 0.142185 -0.067053 -0.059833 0.078811 0.055011 -0.021486 -0.053959 0.017779 0.032579 0.004727 -0.107035 -0.180225 0.041966 0.031683 0.007260 -0.110490 -0.050392 0.092051 0.051414 0.066592 0.046753 -0.080353 0.042840 -0.036386 -0.097186 -0.040980
4680 -0.102663 0.017146 0.022239 0.005883 0.078240 0.024610 -0.018933 0.005156 -0.072919 -0.004822 -0.031247 0.031401 0.064941 -0.053729 0.108176 0.205173 0.055869 0.112668 -0.137645 -0.065765 -0.057945 -0.047541 -0.027267 -0.110962 0.016960 0.009907 -0.062103 -0.028782 -0.067194 0.080025 0.007902 -0.000103 0.005202 0.011036 0.035488 -0.102980 -0.100927 0.017304 0.096159 -0.048901 -0.112739 0.130010 0.010524 0.052104 -0.068657 -0.091406 0.059209 -0.018218 0.119372 0.028151 0.023027 0.109433 -0.004615 0.027892 -0.018649 -0.010099 -0.144552 0.064267 0.001115 0.057393 0.031883 -0.020641 -0.030124 0.072428 -0.019199 0.019571 0.119013 -0.128095 -0.039429 -0.089630 -0.069472 -0.089929 0.035207 -0.072551 0.104519 0.005549 0.127579 -0.060448 0.053156 0.109436 0.087352 0.015266 0.002507 -0.030381 0.040856 0.028597 -0.136915 0.069182 -0.073454 0.027750 -0.062317 -0.115230 -0.051920 0.094540 -0.036805 0.051549 0.063002 -0.005178 -0.098533 0.104935 -0.109588 -0.032476 0.144057 0.015052 -0.021495 -0.128048 0.027442 -0.111282 -0.031399 -0.066369 0.044064 -0.027666 0.076218 -0.115449 -0.132238 0.121206 -0.164900 -0.123058 -0.007675 0.005349 -0.032938 0.128060 -0.068346 0.042486 0.091277 0.069281 0.036037 -0.035201 -0.052052 0.059916 -0.082830 0.013538 0.052161 -0.061489 -0.029399 0.138800 -0.016478 -0.063268 0.067619 -0.028139 0.129964 -0.066453 -0.140291 -0.001220 -0.092651 -0.014889 0.014669 0.023426 0.077543 0.035736 0.064921 0.010917 0.019046 0.059436 0.011599 -0.009540 -0.079193 -0.015208 -0.028260 -0.062466 -0.051186 -0.042615 0.016262 -0.090018 0.050403 -0.145483 0.044364 -0.118196 -0.004887 0.129744 -0.025166 0.038385 -0.051386 -0.062145 0.007229 -0.002427 -0.109144 0.023768 0.061913 -0.040207 0.038957 -0.013519 -0.033294 -0.018031 -0.091777 0.118775 0.026140 -0.144674 -0.079220 0.028122 0.003659 0.062554
4788 0.052503 0.094475 0.127005 -0.021255 -0.126581 0.031343 -0.097830 0.027101 -0.015987 0.022229 0.006659 -0.010851 0.043398 -0.078591 0.092882 -0.092566 0.008229 -0.081530 -0.191593 -0.035550 -0.180904 0.067447 0.087048 0.027184 0.050784 0.014165 -0.068299 0.045716 0.130288 -0.139983 0.097977 0.128284 -0.032270 0.082038 0.062486 -0.012638 0.047537 -0.013413 0.044822 0.110268 -0.081887 -0.009873 0.049800 -0.023574 -0.015827 -0.038938 -0.114036 -0.029177 -0.199643 -0.107776 0.120615 -0.007466 -0.081322 -0.134168 -0.048072 0.054431 -0.068536 0.028548 -0.012243 0.085404 -0.076996 -0.089888 -0.067435 0.035429 -0.042899 0.079266 -0.030249 -0.048375 -0.143441 0.020314 -0.000288 0.118139 0.087483 -0.048830 -0.095092 -0.073094 0.044331 -0.143006 -0.032770 0.065860 -0.037728 0.133267 0.003983 0.009108 0.040682 0.028390 0.023538 0.033237 -0.000407 0.062887 0.079859 -0.127057 0.055139 0.028436 0.001960 -0.024820 0.005502 -0.074974 0.031661 -0.003110 0.072513 -0.019726 0.065402 0.033333 -0.027376 0.034586 -0.003011 -0.087989 -0.022210 0.099236 0.055408 0.014960 -0.010816 0.054945 -0.029120 -0.027608 0.031600 -0.002200 -0.026170 -0.039976 -0.094199 0.004011 0.078895 -0.081654 0.098418 -0.007458 -0.074584 -0.025141 -0.068451 -0.087341 0.061293 -0.017700 -0.015204 0.015327 -0.109720 -0.013570 -0.017048 0.062841 0.063706 -0.152621 0.053513 -0.012513 0.061356 -0.120770 -0.082590 0.051757 0.087535 0.020190 0.011586 0.069905 0.141984 -0.005341 -0.001155 0.135340 0.165579 -0.004912 0.019409 0.009973 0.019701 -0.104104 0.019501 0.006919 -0.040809 0.101239 0.041633 0.033670 0.029812 -0.071977 0.173166 0.008695 0.064307 0.029433 -0.062504 -0.080513 -0.050896 0.044273 -0.072748 -0.053816 0.079080 0.064249 -0.027281 -0.124441 -0.010564 0.110504 0.013330 0.030156 0.072128 -0.114646 0.052389 -0.026176 -0.046340 -0.088273
481 0.027388 0.058192 0.054810 0.026028 -0.189462 0.040359 -0.136666 -0.047558 -0.069469 0.019292 0.018281 0.041461 0.006150 -0.071423 0.012037 -0.125718 0.021355 0.014320 -0.034293 -0.061113 0.042568 0.014427 -0.019356 -0.138041 0.062811 0.157302 -0.090515 0.023625 -0.044528 -0.013016 0.016640 0.015260 -0.063925 0.033370 0.000299 -0.013602 0.054104 0.013423 0.068166 -0.075455 -0.061591 -0.054475 -0.004834 0.044484 0.087208 -0.035238 0.101214 -0.142144 0.012932 0.075451 0.030793 -0.012807 0.040022 -0.146964 0.044653 0.084484 -0.188263 0.111796 -0.014415 0.162012 -0.010398 -0.002209 -0.032349 -0.088959 -0.178898 -0.015114 -0.038702 0.032230 0.000344 -0.074653 -0.108611 0.057770 0.040457 -0.076833 -0.118212 -0.001641 -0.027180 -0.046504 0.047323 0.132594 -0.015474 -0.039653 0.020449 0.085956 0.168582 -0.055748 0.017999 0.006754 -0.022007 0.012880 0.018541 0.030956 -0.014823 0.015208 -0.065380 0.099963 0.188977 -0.015880 -0.030453 -0.100725 -0.017185 0.093031 0.204768 0.002477 -0.060150 -0.051806 0.072030 -0.087231 -0.071267 0.048422 0.056129 -0.021885 -0.057277 -0.026096 0.017782 -0.004771 0.071358 0.095007 0.068895 0.051935 -0.023503 0.054844 -0.088959 -0.068907 -0.006424 -0.045279 0.104956 -0.070668 -0.010540 0.012736 -0.091935 0.020855 0.029327 0.077262 0.027847 0.116425 -0.110090 -0.127621 -0.144748 0.065251 0.078183 0.057003 -0.032369 -0.147429 0.019252 -0.015127 0.042030 -0.034766 -0.094869 -0.008185 0.058626 -0.089330 -0.040954 0.025528 0.047354 0.050127 -0.077520 0.077960 -0.091212 0.002509 0.019240 0.101623 -0.038751 -0.033364 0.041329 -0.021499 0.016431 0.093921 -0.084099 0.041525 -0.050855 0.041278 0.071442 -0.060989 -0.001150 0.010412 -0.037596 -0.089031 0.118036 0.075701 -0.050366 -0.002136 0.062311 -0.010800 -0.071682 0.053996 0.055621 -0.048281 0.004520 0.025888 -0.190575 0.046487
4813 -0.007852 -0.037616 0.054539 -0.071603 -0.139146 -0.017195 -0.104151 0.023078 0.043587 -0.022761 0.019716 -0.018141 0.037162 -0.070674 0.115590 -0.089272 0.051160 -0.038916 0.059343 -0.000546 -0.026229 -0.069129 -0.095274 -0.024953 0.161239 0.044880 0.048567 0.097310 0.146561 -0.069824 0.059465 0.161336 0.010389 -0.043049 -0.054758 -0.038440 -0.173869 -0.045625 -0.030918 -0.079092 0.048926 -0.069286 0.010662 -0.058500 -0.063522 -0.040648 -0.059969 -0.048367 0.105946 0.071720 0.061215 -0.006359 -0.015536 -0.016743 0.044559 0.033564 -0.077685 -0.035717 -0.157400 -0.004078 0.057842 -0.016291 0.085782 0.112548 0.100305 -0.097872 -0.021314 -0.054519 0.012737 -0.053607 -0.032690 -0.019482 -0.035128 -0.094244 -0.012086 -0.077228 0.012907 0.029308 0.033852 0.091864 0.069915 0.024636 -0.024807 -0.116648 0.032633 -0.001727 0.108959 -0.024806 0.019341 0.070830 0.037331 -0.025556 0.105679 -0.100181 -0.005155 -0.029371 0.150226 0.067852 -0.158413 0.060201 -0.142264 0.024842 0.051967 -0.095714 -0.054152 -0.032109 0.031859 0.122827 -0.001046 0.102403 0.031492 -0.014207 -0.009740 -0.080859 0.031326 0.028878 -0.017216 0.091165 -0.026489 0.041982 0.114203 0.115506 -0.107863 -0.006238 -0.069556 0.067551 0.100419 -0.132379 -0.050662 -0.069078 0.014595 0.080078 -0.003977 -0.015012 -0.010595 -0.052056 0.177058 -0.061477 -0.056095 0.072402 -0.008505 0.040918 -0.065745 -0.011852 -0.032394 -0.073374 0.155261 0.000916 -0.025696 0.074020 0.052040 -0.094096 -0.040797 -0.071964 0.002215 0.000530 -0.091948 -0.005439 0.078052 -0.055347 0.005899 0.034637 -0.004915 -0.031274 -0.081461 0.047410 -0.028808 0.016091 -0.182375 0.047510 0.062283 -0.045188 -0.035475 0.093673 0.060130 -0.115970 -0.082169 -0.120930 0.046735 0.019303 0.158356 -0.110205 0.040740 -0.008934 0.011443 0.019557 0.003020 0.078197 -0.139126 -0.066548 -0.108484 -0.068352
4830 -0.007818 0.051333 -0.020546 0.022283 -0.087577 -0.037528 -0.066577 0.127596 -0.072607 -0.059219 0.014769 0.186589 0.019598 -0.074343 -0.028994 0.152581 0.026551 -0.074859 -0.033526 -0.123136 0.023898 0.019750 0.054379 0.046570 0.094478 0.095124 -0.002740 -0.004575 0.091167 -0.062970 0.050053 0.052140 0.019048 0.010989 0.014128 -0.081619 0.066519 0.023943 -0.066828 -0.026327 -0.073082 -0.062868 -0.051230 -0.155268 0.127951 -0.012729 0.047678 -0.100566 0.028524 -0.104805 0.008137 0.046272 -0.083864 -0.009064 0.030902 -0.076815 0.017009 -0.017759 -0.061737 0.078430 -0.012475 0.079645 -0.098971 -0.041288 0.074204 -0.060715 0.054668 -0.028276 -0.204178 -0.097676 0.005526 -0.001147 0.118936 0.002510 0.023010 -0.073406 -0.022255 0.010589 -0.059934 0.036590 0.050667 0.013064 0.059800 -0.094607 -0.012101 -0.042310 -0.037218 0.036117 -0.086160 -0.020980 -0.106105 -0.049744 -0.076291 0.147859 -0.049997 -0.088153 -0.013386 -0.117074 -0.044778 0.057356 -0.076559 0.033312 -0.082550 0.069542 0.025622 -0.195462 0.076553 -0.021234 -0.154124 0.075131 0.021484 -0.076285 -0.069191 0.132593 -0.015575 0.100689 -0.086385 -0.004700 0.071382 -0.023487 -0.182468 -0.035415 -0.023817 -0.012199 0.020016 0.077394 -0.078501 0.000948 -0.076546 0.132103 -0.014399 -0.068981 -0.030334 -0.044734 0.044515 0.035423 -0.031300 0.017625 -0.046689 0.066000 -0.001916 -0.026079 0.070087 -0.052809 0.033318 0.107640 -0.000114 0.015616 -0.077667 0.014240 -0.025276 -0.018077 -0.070131 0.086507 -0.004488 -0.021571 0.061420 0.024407 -0.195944 0.043792 -0.104680 -0.032182 0.019632 0.000557 -0.056927 -0.053429 0.019128 0.052966 -0.031826 -0.049001 -0.015526 0.035156 -0.227210 0.040849 -0.038173 -0.121817 -0.040103 -0.011194 -0.012540 0.180928 0.055838 0.028408 -0.013811 -0.020693 0.094790 0.043112 0.013229 0.088303 -0.090728 -0.111205 -0.037236 -0.058974
4853 0.041483 0.033565 0.127142 0.087837 0.020127 0.055282 -0.047691 -0.018380 -0.057342 0.056594 -0.083306 0.046420 -0.057598 0.000651 0.026538 -0.049381 -0.103736 0.100236 -0.014296 0.006636 -0.033471 -0.092087 0.003856 -0.028105 -0.084669 0.014005 -0.111417 0.033186 0.017037 -0.178758 -0.070421 -0.037677 -0.056985 0.032524 0.061941 0.010289 0.005904 -0.012873 -0.049758 0.153014 -0.031273 0.097930 0.083897 0.014925 0.065111 0.042871 0.066933 0.017702 0.010759 -0.145154 0.026336 -0.064987 -0.021553 -0.026704 -0.077826 0.010235 0.032102 -0.113009 -0.116057 -0.044792 -0.026826 -0.024555 0.008316 -0.060952 -0.058173 0.025348 0.094529 0.013796 -0.096064 -0.084340 -0.031626 0.113351 0.066564 -0.028617 -0.155884 -0.026020 0.000076 0.076840 -0.032653 -0.006960 0.006072 -0.023792 0.026663 -0.008382 0.041721 -0.052432 -0.026978 0.015748 -0.003186 0.076065 0.111292 -0.121619 0.085865 0.134341 0.012695 -0.050406 0.025670 0.012949 -0.142586 0.042407 -0.028302 -0.144294 0.160062 0.035673 0.036564 -0.152755 0.015148 0.022877 0.080608 0.002390 -0.018319 0.133725 0.050374 0.078763 0.035612 -0.052397 -0.066469 0.061531 0.026363 0.108396 0.053193 0.006776 0.000289 -0.025555 0.020636 0.075357 0.071878 -0.104196 0.013885 -0.037152 -0.068707 0.018728 -0.039500 0.031067 0.093079 -0.062747 -0.003455 -0.129251 -0.074053 -0.132276 0.022786 0.064688 0.022589 0.084187 0.053542 0.109008 0.016862 0.028171 -0.037454 0.003675 -0.022029 0.096662 -0.042706 0.041260 0.049427 -0.048095 0.077291 -0.077102 -0.092962 -0.122199 0.071666 -0.077243 0.085486 0.093267 -0.233429 -0.059411 0.095631 0.119911 -0.030222 0.073369 0.073737 0.012203 -0.033530 0.134817 -0.001202 -0.049500 0.046070 0.048606 -0.012450 0.119095 0.056160 -0.055905 0.005558 0.045523 -0.041125 0.087294 0.095459 -0.216860 0.009033 -0.067091 -0.082551 -0.056164
4859 -0.023111 -0.056154 0.065505 -0.077902 -0.003722 0.053297 -0.035306 0.043581 0.003709 -0.102317 0.044409 -0.000006 0.191757 -0.052496 -0.018447 -0.046930 -0.070523 0.018619 -0.028135 0.015718 -0.000004 -0.047823 -0.008000 -0.048241 0.070170 0.030499 -0.004899 -0.038310 -0.021038 -0.048374 0.065874 0.120115 -0.081015 0.024013 0.074866 0.011142 0.102188 -0.102599 0.015243 -0.081244 -0.000642 0.071243 0.020517 -0.020947 0.069588 -0.029658 0.020961 -0.059280 0.024595 -0.019000 -0.024043 0.069764 0.008151 0.020091 0.015110 0.025583 -0.050680 -0.081092 0.007122 -0.104250 -0.000161 -0.073268 0.119305 0.054126 0.083387 0.157527 0.057740 0.037588 0.123292 -0.112195 -0.060612 -0.041716 -0.008022 -0.010190 -0.021104 -0.051655 0.093875 0.047044 0.061507 -0.039106 0.125539 0.073104 0.011841 -0.084887 0.116359 -0.054941 0.031548 0.093703 -0.021702 -0.090408 -0.152661 -0.082645 0.046781 0.041360 -0.043933 0.101449 -0.013402 -0.012248 0.104723 0.055677 0.014682 -0.122541 0.054860 -0.173809 0.088369 -0.063581 0.037199 -0.081752 0.083956 0.082609 0.132737 -0.055392 -0.004423 -0.100912 0.120520 -0.043898 -0.022911 -0.010803 -0.153534 0.048880 -0.056381 -0.049919 0.052375 -0.017823 -0.125242 -0.148853 0.214629 -0.061362 0.082564 0.067586 0.046160 0.191966 -0.024044 -0.056619 -0.010575 0.000664 0.088973 0.029955 0.024496 0.055848 -0.055628 -0.053238 -0.129533 -0.093214 0.081251 0.013499 -0.000979 -0.030259 -0.065938 -0.014027 -0.033757 0.050400 -0.101390 0.027745 -0.071598 0.091845 -0.054420 0.121806 -0.156960 0.069244 -0.161298 -0.046408 0.010729 0.063523 0.027260 0.051900 -0.058320 -0.058098 -0.098912 -0.027364 0.030134 -0.171626 0.072398 0.087013 0.014856 0.024749 -0.010630 -0.016824 -0.002918 0.030304 -0.022328 0.003877 -0.026417 -0.035407 -0.038532 0.068155 -0.048204 -0.035624 0.054827 -0.079129 0.019028 0.081666
4898 0.198493 0.042485 0.076756 0.060168 0.017432 0.021833 0.021797 -0.011259 -0.052080 0.068566 -0.041912 0.122062 0.058099 0.098821 0.068011 -0.065580 0.076421 -0.066890 0.132824 0.037562 0.128614 -0.081331 0.113386 0.075597 -0.030413 -0.027484 0.080519 0.016703 0.051974 -0.096175 0.072231 0.063666 -0.013590 0.003334 0.016699 0.001951 0.016791 0.032532 0.119669 0.012040 -0.099854 -0.021754 0.024475 -0.065400 0.018554 -0.011074 -0.026415 -0.099368 0.020503 0.083610 0.020768 0.057193 -0.024372 -0.030526 0.040918 0.050553 -0.026250 -0.008819 -0.023622 0.099907 -0.090854 -0.007735 0.150623 -0.005402 0.169007 -0.052078 0.037450 -0.020419 -0.100790 -0.034714 0.034541 -0.081256 0.036798 -0.130935 -0.032663 0.045966 -0.041004 -0.068643 0.080723 0.023531 -0.076645 0.068500 0.108519 -0.026319 0.073562 0.007775 0.091393 0.098613 -0.050203 0.022073 0.043441 0.028067 0.052135 -0.047439 -0.080340 0.135865 0.020036 0.053923 -0.077082 -0.072643 -0.064246 -0.003384 -0.027172 0.096975 0.013353 -0.068429 -0.073877 -0.031484 -0.118370 -0.093324 0.091791 -0.016253 0.086981 -0.074280 -0.098780 0.008274 0.095548 0.191631 0.117865 -0.082818 -0.128404 0.026050 0.072886 0.053999 0.020834 -0.007237 0.031684 -0.057047 -0.037017 -0.086093 -0.052004 0.031964 -0.037829 -0.195828 -0.038789 -0.069127 0.020902 -0.058140 0.089434 0.009000 -0.057884 -0.026769 0.056930 -0.101156 0.047590 0.105883 0.038197 -0.061693 -0.092954 -0.024527 0.056574 0.004252 0.012735 0.001744 -0.164861 0.039286 0.017973 0.023895 -0.089089 0.021857 -0.096528 -0.123025 -0.067855 -0.192770 0.119500 -0.047232 -0.037162 0.044044 0.056460 -0.004606 0.002707 0.019401 0.006724 0.085422 -0.055301 -0.057246 0.073079 -0.113741 -0.045092 0.000054 -0.051380 -0.024203 -0.030486 -0.011917 -0.029225 0.079992 0.074672 -0.152058 -0.049989 -0.114016 -0.040568 0.001595
5022 -0.041615 0.142064 0.057372 -0.024976 0.033909 -0.064744 0.060859 -0.003964 -0.055494 0.133660 -0.135063 0.027209 0.111049 -0.066907 -0.023644 -0.127077 -0.079364 0.096609 -0.011104 -0.007777 -0.067330 -0.019985 0.055648 0.045800 -0.089878 0.019596 -0.059256 -0.070000 -0.028444 -0.036715 0.001835 0.039326 0.101418 0.120171 0.021822 -0.121571 -0.077302 -0.083364 0.002310 0.047654 -0.010881 0.123614 -0.006286 0.028138 0.003015 -0.036274 -0.047532 -0.042083 0.012161 -0.081197 0.021466 0.049033 -0.032809 0.046833 0.112423 0.100933 -0.006152 0.042044 -0.032381 0.072758 0.086809 -0.065549 0.049533 0.004595 -0.036333 0.102209 -0.094991 -0.092318 -0.068075 -0.002042 0.031302 0.015910 0.134644 -0.210632 0.028225 -0.025135 0.016655 -0.044145 -0.039757 0.046419 0.006330 0.098226 -0.033997 -0.070963 -0.050078 0.054104 -0.009395 0.170439 -0.067358 0.032730 0.058249 -0.158112 0.124325 0.040987 -0.069626 0.052952 0.023445 -0.131547 0.003933 -0.030439 0.156977 -0.039570 0.012203 -0.008749 -0.058426 -0.000856 0.013876 0.071088 0.077480 -0.042710 -0.038712 -0.014687 0.074602 -0.090020 0.042256 0.052407 -0.052925 0.092718 -0.084180 0.078153 -0.046916 0.061704 -0.082120 0.248874 0.075719 0.000253 -0.044842 -0.042862 -0.010743 0.069956 0.049491 -0.152791 0.010404 0.036151 -0.109965 -0.030279 -0.070291 -0.036324 -0.005928 -0.067312 -0.005864 -0.118680 0.069770 0.041747 0.067106 -0.046880 0.053613 -0.005130 0.039106 0.031491 0.028337 0.003867 0.051551 0.004074 0.040410 0.041980 0.035992 0.204292 0.005036 -0.054477 0.047301 -0.028263 -0.044075 0.015317 0.038368 0.088142 0.025217 -0.019022 -0.040183 0.003453 0.026423 -0.213970 0.034262 0.085773 -0.068393 -0.044032 -0.037917 0.028588 -0.039597 0.080916 0.131518 -0.139754 -0.007548 -0.109624 -0.085963 0.043062 -0.097826 0.074073 -0.001348 -0.007561 -0.017021 0.031046
5049 -0.041177 0.041414 0.005088 0.130316 0.030267 0.075105 -0.059723 0.035145 -0.141472 -0.011428 -0.053672 0.113575 0.021509 -0.003467 0.006397 0.036161 0.031721 0.029078 -0.041106 -0.069044 0.044659 -0.079656 -0.042413 0.003067 -0.053291 -0.033701 0.004189 -0.047241 -0.027134 -0.044007 -0.032647 0.050412 -0.042725 -0.109088 -0.109158 0.001750 -0.073873 0.018360 -0.020870 0.095413 0.030725 0.092413 -0.003949 -0.100072 -0.013328 -0.003453 0.030750 -0.083900 -0.008049 -0.120886 -0.054090 0.020743 -0.072725 0.044940 0.214850 0.042403 0.086989 -0.024968 -0.062272 -0.002884 0.089156 0.055475 -0.041594 0.128371 -0.044274 -0.088938 0.036655 -0.067554 -0.035087 -0.047371 0.004543 0.063340 -0.053688 -0.119055 0.009435 0.065185 -0.139389 -0.013458 0.058829 -0.038622 0.017864 0.047287 0.062257 -0.001811 0.017956 -0.007789 0.187836 0.014975 -0.043566 0.027909 0.014830 -0.165656 0.045857 0.035799 0.022804 0.054119 0.126997 -0.056830 -0.030082 0.011015 -0.044026 0.062954 0.158046 0.082336 -0.048101 0.006763 -0.032085 -0.025829 -0.147711 -0.088370 -0.036749 -0.012258 -0.046227 -0.043436 -0.032548 0.058340 0.117040 0.016969 0.054366 0.183697 -0.058042 0.059537 0.097310 0.016889 0.111621 0.052653 0.000120 -0.167197 0.008525 -0.093347 0.018756 0.071806 -0.041340 -0.005872 0.011184 0.022179 0.066569 -0.096096 0.127939 0.021573 -0.002483 -0.049090 0.144600 -0.153525 0.065899 0.089302 0.073762 -0.021362 -0.118815 0.128539 -0.017459 -0.061826 -0.051874 0.076868 0.011517 0.066195 -0.041124 -0.133663 -0.140515 -0.097147 -0.019713 -0.079535 0.069756 0.021365 0.111196 -0.074374 0.026141 -0.011433 0.042979 -0.080204 -0.040025 -0.126804 0.036559 0.170801 -0.066326 0.013021 0.043740 -0.002962 0.042749 -0.058135 -0.113737 -0.124380 -0.026895 0.039435 0.041861 -0.041595 -0.061758 -0.057117 -0.048690 -0.045258 -0.027872 -0.031624
5104 -0.005588 -0.014766 -0.053128 -0.165288 0.115034 -0.010939 -0.051980 0.057792 -0.006857 -0.120134 -0.038799 0.136505 -0.004710 0.019198 0.113488 -0.122724 0.034017 -0.069535 -0.097647 -0.004775 -0.065418 -0.079104 0.016815 0.126827 0.078922 0.031574 0.043868 0.058697 0.042699 -0.082211 0.012118 -0.109859 -0.033439 0.008872 0.030452 -0.036625 0.131940 0.031785 -0.011140 -0.023602 -0.060966 -0.037131 -0.066576 0.113708 0.116610 -0.084905 -0.011752 -0.099760 -0.004270 -0.033632 -0.006047 -0.002810 0.003437 -0.065856 0.048650 -0.080829 0.096770 -0.059351 -0.041325 0.197037 -0.065936 0.015404 -0.081718 0.000327 -0.011787 -0.060570 0.033959 0.049920 -0.005427 0.018530 -0.117247 -0.050321 -0.009695 0.031686 0.046230 -0.051914 -0.008572 0.087066 0.004493 0.019555 -0.175989 -0.087451 0.006931 -0.129604 0.005141 0.050842 -0.060653 0.072279 -0.105837 0.073240 0.059140 -0.055981 0.153227 0.055735 -0.040880 -0.015961 0.006028 0.079293 -0.038903 0.021335 0.094763 -0.033298 0.139515 -0.029727 0.022259 -0.031168 -0.081074 0.039772 -0.146615 0.089372 0.161308 -0.014467 -0.035941 0.046914 -0.075439 0.031673 0.028965 -0.065373 0.028900 -0.136987 0.003898 -0.007885 0.056475 0.047469 0.084199 0.015295 -0.039512 -0.022697 -0.041964 -0.026498 0.054839 0.082936 -0.154998 -0.106455 -0.035458 -0.122123 0.029433 0.098546 -0.103697 -0.067271 -0.167671 -0.070566 0.006548 -0.094530 0.018589 0.049880 0.031512 0.028979 -0.161678 -0.032341 0.083707 0.009102 -0.028959 -0.008467 0.027021 0.023388 -0.003992 0.048837 -0.076513 -0.010660 -0.061084 0.082200 0.048354 0.056905 0.018095 -0.062831 0.084525 -0.023779 -0.067863 0.087256 -0.006810 0.087504 -0.117971 -0.061890 0.066756 -0.075585 -0.025881 -0.039971 0.008622 0.088562 -0.093810 -0.063681 -0.026248 -0.015213 0.068122 -0.041581 0.161209 0.060122 -0.159344 0.055727 -0.000440 0.009350
5163 -0.011118 0.028329 0.094222 -0.046386 0.008672 0.057423 -0.015003 0.007310 0.030867 -0.079310 -0.130224 -0.026837 0.048124 -0.041362 -0.058605 -0.096251 0.088075 -0.102284 -0.045316 0.027719 0.011276 -0.084680 -0.082561 0.028882 -0.050811 0.066346 -0.056170 -0.077288 0.062733 -0.054697 0.029705 0.038616 -0.059760 -0.069841 0.204300 -0.060364 -0.040516 0.042215 0.054183 -0.026052 -0.102151 0.011102 0.099035 0.067912 0.030535 0.055249 -0.043360 -0.108527 -0.005504 -0.005594 0.009944 -0.000837 0.036247 0.014097 0.043724 0.003216 -0.087135 0.065744 0.016621 -0.009335 0.031424 -0.093036 0.074320 -0.014208 0.041708 -0.028731 0.067725 -0.110212 0.049646 -0.076612 0.046803 0.051117 0.015584 0.065189 -0.033289 -0.077399 0.154445 -0.149594 0.002134 0.105759 0.007415 0.085516 0.064791 -0.006308 0.081014 -0.070311 -0.039969 0.001636 -0.084120 0.130702 0.123622 -0.050942 0.042254 0.096867 -0.118194 -0.084381 0.082342 -0.053350 -0.156108 0.118896 -0.013355 -0.040191 0.041222 0.012178 0.160646 -0.072772 -0.083674 -0.028598 0.076724 0.003501 0.062384 -0.007754 0.103484 -0.062715 -0.106990 0.052855 -0.010115 -0.063160 -0.011514 -0.047090 0.017741 -0.033098 -0.118685 0.010263 0.056083 -0.069457 0.022888 -0.077839 -0.024570 0.026540 -0.026438 0.027010 0.004429 -0.088766 -0.087542 -0.101354 -0.084647 0.001089 -0.000241 -0.028871 -0.023129 -0.107195 -0.037714 -0.040975 0.000816 -0.020005 0.062658 0.001969 0.006434 -0.059919 0.053198 -0.051968 0.035245 -0.042336 0.083518 0.061960 0.007323 -0.032291 -0.214852 0.082176 0.082482 -0.063515 -0.122970 -0.090033 -0.162353 -0.055489 0.021033 -0.098393 0.002386 0.041122 0.146133 -0.071798 -0.054320 -0.028485 -0.076111 -0.000380 0.043386 0.143737 -0.029374 0.100592 -0.082675 -0.077942 0.144166 0.045352 -0.110856 0.092680 -0.034016 -0.022798 -0.180778 0.018298 0.101280 -0.024231
5192 0.042892 0.123511 0.104335 -0.080464 -0.005723 0.080533 0.000216 -0.017276 -0.161943 0.132877 0.019134 -0.028670 -0.065751 -0.015491 0.004453 -0.107569 0.052386 0.046362 0.046392 -0.056958 0.029297 -0.042995 -0.067706 -0.048652 0.002123 0.087049 -0.022937 0.082502 0.024499 -0.030880 0.016756 0.035080 -0.068301 0.004778 0.103571 -0.045386 0.016375 0.091640 0.020045 -0.076048 -0.099886 0.079536 0.031849 -0.025373 -0.010129 -0.030624 -0.068307 -0.053333 0.087532 -0.006515 -0.014392 0.108759 -0.113733 -0.000447 -0.011419 -0.007311 -0.112580 0.005929 -0.092620 0.095984 0.101641 0.120348 -0.087358 0.011261 -0.092208 0.075658 -0.084293 -0.018331 -0.125543 0.085842 -0.159583 -0.008265 0.066072 -0.011918 0.109159 -0.033065 0.012534 0.088171 0.042124 0.018921 0.022144 0.009377 -0.118306 0.002357 -0.015130 0.077516 -0.003210 -0.105651 -0.022085 0.116330 0.015322 0.044189 0.128174 0.201229 -0.045881 -0.021195 -0.048569 0.005118 0.043481 0.000329 -0.026589 -0.032887 -0.031254 -0.026272 0.010429 -0.129493 -0.100019 0.052799 -0.122956 0.018056 -0.088604 -0.136152 0.026548 0.014356 -0.105345 -0.057672 -0.141514 0.091108 0.098893 0.008120 0.025312 -0.074365 -0.035482 0.076465 0.011932 0.033172 -0.171283 -0.003753 0.021467 -0.006997 0.027607 -0.053702 -0.034528 -0.134785 -0.071695 -0.034785 0.164007 0.000159 -0.015841 -0.154748 0.028982 -0.146707 -0.070174 -0.052172 0.091315 0.014215 0.075820 0.043147 -0.024720 0.032723 0.053096 -0.001689 -0.089308 0.065575 -0.023251 -0.057156 0.067602 0.027266 -0.089564 -0.043136 0.041895 -0.008167 -0.068385 -0.000099 0.005779 -0.138543 -0.019378 0.091194 0.132010 0.026189 -0.045560 -0.117380 0.062662 0.038509 -0.009787 -0.122599 0.065698 0.024751 0.072718 0.068981 0.084558 -0.114298 -0.033331 0.069324 -0.054254 -0.028947 0.072135 0.020282 0.123761 -0.054924 -0.008537 0.043303
5322 -0.024842 -0.004428 0.009463 0.047984 0.026782 0.092261 -0.188684 -0.031951 -0.004376 0.114414 0.205840 0.094373 -0.059337 0.161509 -0.087592 -0.127531 0.008200 0.123313 -0.030313 0.049356 0.022666 -0.092773 0.006595 0.000873 -0.028165 0.088317 -0.135124 0.071005 -0.053003 -0.166499 0.022790 -0.012983 -0.130222 0.002361 0.103737 0.013981 0.009600 -0.035609 0.015017 0.013761 -0.019126 -0.063509 -0.052818 0.057504 0.104180 -0.149879 0.052453 -0.035739 -0.010229 -0.050604 0.003558 0.070706 0.029549 -0.105196 0.024341 -0.021254 -0.171016 0.026894 -0.120141 -0.000399 -0.004064 0.081468 0.019714 -0.020797 0.030674 -0.042126 0.017809 0.052292 0.003721 -0.114480 -0.055547 -0.036057 0.110693 -0.066669 0.030656 -0.015015 0.065794 -0.067650 0.074651 0.074386 0.037057 0.020117 0.012212 -0.007054 0.110217 0.060563 0.069903 0.054204 0.009718 -0.037988 0.012151 0.007190 0.019726 0.045047 -0.056439 0.076034 -0.059526 0.030232 -0.047024 -0.028662 0.084750 -0.106207 -0.043258 -0.006842 0.035376 -0.053538 -0.016233 -0.126480 -0.059433 0.021759 0.007377 0.054849 0.066490 0.060171 -0.027715 -0.069263 0.067609 0.116599 0.008147 0.053125 -0.014633 -0.014992 -0.087393 0.196988 0.028505 -0.068614 0.052809 -0.151048 -0.085736 -0.083337 0.013972 -0.021755 0.020923 -0.135160 -0.095546 0.051023 0.091130 0.023958 -0.047935 -0.004371 0.039799 -0.078513 -0.049870 -0.115913 0.042209 -0.017196 0.014500 -0.030266 -0.046357 0.046729 -0.033863 -0.101159 0.023083 0.085664 0.034538 0.022719 -0.087695 0.180840 -0.107988 0.002555 -0.022825 0.043029 0.096421 -0.051113 0.036291 -0.143851 -0.029448 0.038454 0.058062 0.020531 -0.010196 -0.073791 -0.054355 -0.023885 -0.100506 -0.022505 0.092963 -0.163492 -0.004392 0.095918 -0.028658 0.007629 -0.105284 0.053442 -0.096085 -0.107389 0.035019 0.063135 0.029175 -0.120260 -0.025068 -0.008298
5339 -0.041051 0.163571 0.114122 -0.013763 0.102370 0.015098 0.000013 0.031576 -0.083111 0.090851 -0.026280 0.005622 0.045792 -0.030292 -0.023824 -0.088798 0.000848 0.072459 -0.154563 0.033328 -0.026676 -0.022829 0.079249 -0.031850 -0.027195 0.081956 -0.039349 -0.015026 0.003222 -0.139405 0.073652 0.005330 -0.056859 -0.029751 0.056054 -0.079757 0.027309 0.014022 -0.026766 -0.036595 -0.066733 0.045636 -0.010688 0.024987 -0.015647 0.075221 -0.152030 0.046256 0.058681 -0.100565 0.057271 0.022742 0.010063 0.008930 0.086741 0.050794 -0.020978 -0.061410 -0.143297 0.079037 0.089952 -0.020132 0.013610 -0.009217 -0.006004 0.055589 0.112921 0.035121 0.049407 0.051235 -0.064054 0.000291 0.013644 -0.153161 -0.030923 -0.031787 0.001988 -0.023259 0.094962 -0.130734 0.040167 0.165974 0.076522 0.201080 0.056987 0.043455 -0.000057 0.128932 -0.062288 0.084000 -0.048617 -0.123434 0.032930 -0.004699 0.042704 -0.044611 0.003123 -0.068220 -0.093934 -0.018523 -0.006444 -0.047498 -0.034628 0.080752 0.184462 -0.017715 0.010087 0.044681 0.054455 -0.026615 -0.015469 0.091859 -0.010127 0.120033 0.061967 0.004798 -0.102921 0.086874 0.056375 0.018687 -0.128663 0.103539 0.092627 0.071076 0.074420 -0.074607 0.011974 -0.061947 0.000710 -0.054495 -0.020783 -0.111239 -0.031177 -0.017973 -0.097507 0.057213 0.107423 -0.024105 0.003694 -0.142937 0.091851 -0.073588 -0.001508 -0.032905 -0.028618 0.001893 0.019146 0.011137 0.106687 0.173068 0.009507 0.080373 0.022933 0.078218 -0.032166 0.059482 0.038826 -0.035343 -0.024606 -0.024266 0.001847 -0.060365 -0.060475 0.045800 0.000156 0.089543 0.094923 -0.067218 -0.109161 0.080912 -0.014343 -0.153203 -0.078233 0.156825 0.032394 0.033665 0.103406 -0.037393 0.031736 0.132180 -0.061125 -0.080498 0.030519 -0.095941 0.002805 0.135736 0.006458 -0.059926 -0.081032 0.107903 -0.081025 -0.024289
5390 -0.000599 -0.054004 -0.033154 0.039497 0.004293 0.114580 -0.142515 0.102632 0.048249 0.041081 0.035203 -0.020012 0.099036 0.021809 -0.072783 -0.075270 -0.063973 -0.102878 -0.030856 -0.034695 -0.053461 -0.118122 -0.153677 0.037487 0.026405 -0.025723 0.015432 0.036930 0.037544 -0.138759 0.025536 -0.052976 0.099733 -0.019738 -0.003002 0.117574 -0.010068 0.052872 0.103461 -0.046278 -0.051946 0.006215 -0.161313 -0.012011 -0.047803 -0.122335 -0.108588 -0.027820 0.107327 -0.082507 -0.022563 -0.128927 -0.027761 -0.052261 0.080089 0.015664 0.103688 0.047000 -0.162317 0.078914 0.165976 -0.003186 -0.168471 -0.076582 -0.027403 0.030634 0.034348 -0.105277 -0.047675 -0.139289 0.039713 -0.065003 0.105711 0.018395 0.097406 -0.051978 0.038162 0.098658 0.053253 -0.033465 -0.063213 0.089136 0.018096 -0.142530 0.032679 0.087758 -0.054552 0.011430 0.014106 0.041978 -0.070032 0.066104 0.012641 0.036065 -0.062252 0.139325 -0.014942 -0.016552 -0.013942 0.027860 -0.050246 0.006448 0.039155 0.037101 0.124951 -0.014072 -0.018488 -0.039193 -0.026932 -0.148998 -0.012961 -0.111096 0.055558 0.012158 -0.075287 0.028078 0.016685 0.005065 0.147491 0.034537 -0.092932 -0.047496 0.033301 -0.084362 0.020896 0.052227 0.013041 -0.121976 -0.044281 0.076224 -0.026099 0.045424 0.047003 -0.072931 -0.087044 0.063749 0.061766 0.022561 0.064012 -0.061534 -0.032626 -0.098352 0.045476 0.053085 0.030372 -0.063674 -0.024479 -0.029821 -0.067999 0.018206 -0.016296 -0.012844 -0.038916 -0.064268 0.064851 0.004209 -0.017185 0.055862 -0.104060 0.011075 -0.068002 0.036222 -0.134194 -0.031881 -0.043511 -0.124977 0.010932 0.033612 0.008498 0.111157 -0.010154 0.045764 -0.086390 -0.055424 -0.045653 0.009306 -0.037987 -0.091796 -0.033011 0.083898 0.050313 -0.084548 -0.107137 -0.041090 0.106261 -0.035264 0.171924 -0.154689 -0.077101 -0.075828 0.048924 -0.097584
5393 -0.065207 0.018370 0.006156 -0.015119 0.046607 -0.035474 0.030318 0.001983 0.033775 0.084192 -0.109388 0.093950 0.054019 -0.004465 0.052728 -0.008584 0.039427 -0.013201 -0.122245 -0.006783 0.003814 -0.039456 0.028913 0.089448 0.065016 -0.224294 -0.040961 -0.132710 -0.034575 -0.062363 -0.020262 0.007111 0.079363 0.044929 0.103778 -0.087208 -0.051049 -0.060098 -0.109450 0.019874 0.087573 0.063253 0.026469 -0.035068 -0.038987 -0.072524 -0.048722 0.023392 0.120238 -0.079112 -0.044902 0.069958 0.079059 -0.102705 0.122366 0.037829 0.001412 -0.080020 -0.112775 -0.032924 0.059124 0.055325 0.102766 0.030550 -0.012626 0.019471 0.063383 -0.002617 0.078321 -0.020690 0.010732 -0.024412 0.062612 -0.124038 0.031143 -0.073998 0.135065 0.041152 0.056050 -0.062475 -0.013400 0.047201 0.100855 0.067972 -0.007753 -0.017501 -0.116036 0.099988 0.083522 0.105725 0.004457 -0.106351 -0.067650 -0.051071 0.038178 0.054207 0.020112 -0.074599 -0.097741 -0.034772 -0.059370 -0.028463 0.146645 0.035516 0.083852 -0.025258 -0.024781 -0.014339 0.007313 -0.048182 -0.009691 -0.042660 0.035357 -0.094969 0.095085 0.059692 -0.123502 0.001523 0.045472 0.054830 -0.043247 0.072148 -0.079919 0.076234 0.009098 -0.015728 0.047843 0.032859 -0.143100 0.093950 -0.055374 -0.075895 0.074787 -0.074568 -0.001781 0.090149 0.066546 -0.083524 0.077307 -0.094645 0.055846 -0.092753 -0.092805 0.006393 -0.045086 0.097972 0.082561 0.019700 -0.038507 0.218761 0.070087 0.099715 0.024456 0.054916 0.018546 0.015845 0.036308 -0.010394 0.075743 -0.012916 0.019042 -0.000127 -0.009506 -0.086679 -0.143716 0.029497 0.006513 -0.229227 0.104832 0.150468 0.027737 -0.056598 -0.018285 0.015356 -0.010725 0.108753 -0.008887 -0.055833 0.100251 0.038189 -0.087492 -0.038688 -0.118494 -0.015928 0.031416 0.076106 -0.085377 -0.141312 0.073591 0.024958 -0.042342 -0.038073
5456 -0.116423 -0.076543 -0.005577 0.010723 -0.081521 0.011860 -0.027332 0.005801 -0.106267 -0.048208 -0.131591 0.089371 0.035112 0.064753 0.082369 0.099509 0.137913 0.055830 -0.026745 -0.117166 -0.107038 -0.056906 0.014183 0.079950 0.093549 -0.008753 -0.043579 -0.001112 0.030311 -0.021780 -0.016095 -0.016190 -0.071070 0.051086 0.096481 -0.067124 -0.030317 0.050177 -0.058767 -0.091820 -0.070369 0.084319 -0.094573 0.059608 0.032772 0.050322 -0.011785 -0.178925 0.025990 -0.032576 0.005518 -0.021407 0.024443 0.073518 -0.060317 -0.118957 -0.022512 -0.106309 0.052934 0.037513 0.030838 -0.124683 -0.118895 0.135072 0.015827 -0.021092 0.006514 0.067951 0.075088 0.006131 -0.134470 0.007864 -0.036688 -0.070341 0.117714 -0.030485 -0.146079 -0.067626 -0.009706 0.028255 0.090441 -0.016778 0.077198 0.091887 -0.018103 0.058210 0.183532 0.031717 0.007632 0.095212 -0.213182 -0.015083 0.050167 -0.048047 0.125595 -0.078206 -0.126322 -0.012247 0.036870 0.130592 0.001325 0.016987 -0.072978 0.073696 -0.026473 -0.000693 -0.069956 0.022184 0.027047 0.073057 0.095973 0.044014 -0.008636 0.020778 0.063510 0.027103 -0.017428 0.010530 0.012812 -0.122884 -0.098952 -0.013173 0.008070 -0.002297 -0.098503 -0.033274 0.076838 -0.046525 -0.037648 -0.051669 -0.046061 -0.066913 -0.090926 0.066687 -0.132482 -0.075031 -0.014367 -0.107206 -0.036200 -0.011279 -0.111976 0.024578 -0.074732 -0.119036 0.045025 0.055376 0.078661 0.073508 -0.057626 -0.013757 -0.043396 0.062018 0.038660 0.066430 -0.012833 -0.013562 -0.094791 0.001462 -0.040426 -0.028465 -0.017943 0.042582 -0.010788 -0.138479 0.079207 0.021599 0.042082 0.159337 -0.145112 -0.050198 0.102578 -0.049061 0.009875 0.066909 0.032669 -0.111658 0.021945 -0.023481 0.095258 -0.137134 -0.099726 -0.013353 -0.015903 0.136902 -0.020781 -0.005718 -0.070396 0.004289 0.016307 -0.013571 0.012475 -0.066888
5463 -0.011969 0.014563 -0.013644 0.018100 -0.072581 0.070076 0.018803 0.071035 -0.073163 0.091403 -0.038708 0.115834 0.020472 -0.023188 0.218179 -0.062095 0.115050 0.066119 0.085193 -0.109228 0.024236 -0.093527 0.036038 -0.067333 0.025197 -0.058519 0.047160 0.024035 -0.026079 -0.059674 0.071084 0.083265 0.079455 -0.017018 0.040865 0.056528 0.019840 0.013621 -0.020616 -0.071542 -0.132767 -0.101587 0.003850 0.058468 -0.082071 0.112711 -0.064485 -0.138184 0.017717 0.051865 0.010888 -0.040960 0.025391 0.014120 0.164199 -0.039506 -0.056427 0.091357 -0.052282 -0.067509 0.132220 -0.002686 -0.091388 -0.006073 0.061023 -0.031494 0.043200 -0.141827 -0.031313 -0.024843 -0.046132 -0.038902 -0.026106 -0.059193 0.057510 0.062982 -0.049955 0.014264 0.035700 0.012833 -0.040356 0.007059 0.083277 0.043529 0.092818 -0.004497 0.095953 0.008874 0.010650 0.201597 0.015416 0.036380 0.020421 -0.014882 -0.007398 0.057091 0.082677 0.041819 -0.011986 -0.068038 -0.053068 0.085245 0.074535 0.037144 0.064107 -0.175082 0.039498 0.173572 -0.166935 0.041738 -0.052166 -0.039927 0.185644 -0.038414 0.024779 -0.001042 -0.052985 0.107815 0.128673 0.001809 0.016921 -0.095824 -0.046445 0.001148 0.123318 0.127568 0.062188 0.066969 -0.020084 -0.036708 -0.072565 0.003063 -0.083266 0.049504 0.059159 0.056942 0.042688 0.094164 -0.005314 -0.073526 -0.019132 -0.020248 0.044234 0.104880 0.040757 0.026319 0.071770 -0.067493 0.041907 -0.039012 0.058319 -0.072647 -0.069245 -0.113324 -0.068151 -0.007322 -0.001867 0.021018 -0.110163 -0.064424 -0.028693 -0.030021 -0.085230 -0.119722 -0.037493 -0.043006 0.006292 0.021226 0.074505 0.152924 -0.032683 0.016839 0.007276 0.134859 0.008471 0.016764 -0.030236 -0.105683 0.052630 0.131868 0.121392 -0.034863 -0.003675 0.040586 -0.062125 -0.085569 0.138374 -0.081838 -0.067369 -0.012724 -0.020549 -0.030026
5514 0.008824 -0.071670 0.183836 0.102500 0.092006 0.030785 -0.015128 0.056417 0.001250 0.088253 -0.167051 -0.005848 0.170787 0.079945 -0.009308 0.041398 -0.154125 -0.028247 0.081782 -0.107729 -0.044760 -0.050341 0.069301 -0.031544 -0.023609 0.072884 -0.074418 -0.068012 0.037501 0.038966 -0.055033 -0.042313 0.028089 0.028205 0.032566 -0.030273 0.008973 0.057600 0.093049 -0.049089 -0.058936 0.010658 -0.014823 -0.004134 0.003882 -0.072458 0.000941 0.027066 0.005270 0.002887 0.014795 0.126021 -0.142577 -0.037697 0.153996 0.015307 0.001470 0.107729 0.081910 0.093631 -0.024742 0.007116 -0.041665 0.046268 -0.081267 -0.033511 0.055135 -0.185125 -0.028662 -0.068198 0.009016 0.021908 0.013853 -0.081661 0.007512 -0.113251 -0.070132 -0.076655 0.047779 0.016915 -0.027551 -0.055915 -0.049658 0.008126 0.093766 0.008625 -0.050848 -0.013272 -0.085741 -0.010002 0.062539 0.025488 0.019643 0.055330 -0.083862 0.047513 0.184545 -0.063848 -0.063584 0.097182 -0.046445 -0.020708 0.029473 -0.080693 0.031108 -0.179610 -0.057200 -0.090582 0.091132 -0.005657 0.016813 -0.070659 -0.012699 -0.030337 0.068003 0.089828 0.038230 -0.029669 -0.045669 -0.008240 0.059972 0.022607 -0.113609 0.085550 0.217706 0.052557 -0.091303 -0.094491 -0.010502 0.084575 -0.076792 0.117877 0.066840 -0.014496 -0.176245 0.015414 0.008061 0.043859 0.018792 -0.092835 0.080246 -0.034044 -0.071211 -0.073269 -0.025918 -0.048455 -0.020851 -0.041541 -0.048461 -0.107412 0.106564 -0.018935 0.057686 -0.014553 0.083938 -0.067114 0.048842 -0.069819 -0.117374 0.035090 0.103549 0.027191 0.062916 0.001401 0.053342 -0.065913 0.080920 0.079540 -0.085280 -0.123160 0.103124 -0.022554 0.033527 0.038502 -0.003822 -0.060304 -0.067071 0.074842 0.018757 0.097782 0.072073 -0.114067 -0.053985 0.043720 -0.051171 0.029930 -0.095445 0.010322 -0.115623 0.067897 0.008836 0.008355
5561 -0.008084 -0.020706 -0.034724 -0.030772 0.165812 -0.050223 0.084238 0.029755 -0.060606 -0.124199 -0.056929 0.023498 0.098858 -0.111411 -0.029197 0.050763 0.055111 0.041248 -0.029228 -0.043053 0.171236 -0.085850 0.053846 0.008361 -0.107213 0.080325 -0.061336 0.181354 0.034942 -0.119764 0.014039 -0.019078 0.008241 -0.036838 0.061735 0.045931 0.040568 0.025649 0.158160 -0.074323 -0.051448 -0.005860 -0.008462 -0.051536 -0.040361 -0.134784 0.000893 0.044462 -0.031867 0.022182 -0.035519 0.061347 -0.059129 -0.059812 -0.110868 -0.067570 0.083611 -0.010416 0.005136 -0.031638 -0.020447 0.106470 0.037290 -0.007372 0.057739 -0.161181 0.117597 -0.089756 -0.071333 0.003332 -0.134524 -0.015368 -0.051654 -0.061606 -0.006045 -0.019375 0.042960 0.002909 0.051026 0.103424 -0.031924 0.010552 0.030508 -0.054075 -0.063052 0.078377 -0.061222 -0.033522 0.030014 0.000671 0.005010 -0.078651 0.081210 0.150329 -0.072389 0.035113 0.054340 -0.062728 -0.032247 0.117004 0.035129 -0.062381 0.011526 0.154784 -0.156597 -0.103267 0.052462 0.009662 -0.071094 -0.009020 0.069370 -0.051847 -0.095532 0.015160 -0.005856 0.041496 -0.024175 0.004437 0.062076 -0.033824 -0.018438 -0.077687 -0.045916 -0.045342 0.034875 -0.052037 -0.031642 0.035369 -0.151922 0.005748 0.009316 0.014410 0.080089 -0.006822 -0.135910 -0.124195 0.060482 -0.004357 -0.012843 0.043910 -0.018188 -0.126072 0.060560 0.057275 -0.086710 0.000297 -0.072473 -0.005941 0.075785 -0.098032 0.047956 -0.175776 -0.132358 0.058361 -0.008587 0.033171 -0.043020 0.054096 -0.070490 0.054615 -0.073573 -0.008966 -0.014995 0.068897 0.107557 0.042009 0.013958 0.206132 -0.131019 -0.072083 -0.047002 0.019593 -0.037481 -0.083334 -0.017933 -0.025505 0.017068 -0.059549 -0.122249 0.064239 0.118509 -0.108904 -0.016655 -0.003214 -0.062712 -0.037125 -0.050191 0.151977 0.028358 0.012599 0.093599 0.010395
5652 -0.087977 -0.012224 0.016183 0.105673 0.086188 -0.043691 -0.039010 0.005887 -0.021918 0.008104 -0.068325 0.121465 0.087959 -0.081432 0.014305 -0.111675 -0.074213 0.086011 0.053375 -0.033533 -0.025218 -0.078371 -0.041372 -0.009831 -0.013085 -0.065370 -0.001118 0.052025 0.021911 -0.168622 0.073649 -0.056787 -0.023495 0.047904 0.051935 0.052110 0.022535 0.008166 0.019653 0.084756 -0.078343 -0.075199 -0.019712 -0.046631 0.015124 -0.026972 0.098492 0.065302 0.071549 -0.086354 -0.115802 0.016558 -0.120517 -0.042076 -0.021130 -0.047412 0.103408 0.060423 -0.137559 -0.005933 -0.090112 0.030870 0.005574 0.017649 0.011326 0.019199 0.020108 -0.028101 0.002738 -0.124321 0.024040 0.095110 0.094310 -0.087026 0.065052 -0.029358 0.085187 0.037026 -0.087214 -0.082182 0.055279 0.015552 0.066346 -0.057983 -0.053779 -0.095429 -0.017557 0.044366 0.043999 0.136403 0.032678 -0.032507 -0.046599 0.192622 0.031867 -0.034873 0.014974 -0.013046 -0.189755 -0.021678 0.055420 -0.117733 0.131896 -0.060476 0.042306 -0.060384 0.063192 0.025665 0.037673 0.017480 -0.065095 0.056762 -0.027217 0.148012 0.008520 0.074237 0.030515 0.156413 0.040482 0.039232 0.147413 0.007939 0.009475 -0.013434 -0.038427 0.048949 -0.025055 -0.090369 -0.017800 -0.083829 -0.094031 0.004405 -0.060242 -0.058274 -0.023648 -0.043922 0.115711 -0.171897 -0.068581 -0.098480 -0.020923 -0.000605 -0.121171 -0.053671 -0.012508 0.188050 0.001906 0.061418 0.046413 -0.016776 -0.058644 -0.049513 -0.113409 -0.031493 -0.040965 0.072165 0.008121 -0.073559 -0.118307 -0.023473 0.168032 -0.143771 0.079715 0.134840 -0.084402 -0.100971 0.133952 0.063781 -0.076351 -0.012091 0.087282 0.027940 -0.017512 0.034173 -0.011516 0.078559 0.104183 0.016569 0.038745 0.031666 0.051367 -0.083082 0.069884 0.039956 -0.014316 -0.023682 -0.027790 -0.117995 -0.005163 0.046449 -0.026579 -0.008432
5678 0.097582 -0.111657 -0.006470 0.016045 0.004112 -0.081833 0.003481 0.064719 -0.012286 -0.112295 -0.040939 0.053845 0.103812 -0.014975 0.033660 0.010147 -0.053996 -0.184154 0.046729 0.028861 0.065956 -0.001619 -0.034826 0.030992 -0.072483 0.017297 0.000972 -0.135049 0.048796 -0.074121 -0.002479 0.025296 -0.002699 0.053086 -0.036270 -0.155388 0.022798 0.000436 0.048396 -0.027380 0.025754 0.055433 -0.031374 0.052768 -0.016727 -0.064485 -0.013039 -0.133119 0.103126 0.118153 0.015766 0.016867 0.102324 -0.028673 -0.025646 -0.104817 -0.038676 -0.078620 0.078724 0.013831 0.070701 0.032276 0.015290 0.049190 0.083829 -0.042705 0.048675 -0.125727 -0.066572 -0.072853 -0.036437 0.054187 0.011438 -0.119853 -0.018320 -0.071748 0.073868 0.005190 -0.048684 0.051063 0.101763 -0.155136 0.047301 -0.064248 0.046859 0.054040 0.071949 0.067088 -0.044289 -0.030988 -0.192397 0.027481 0.100937 -0.045971 -0.094298 0.041098 0.065510 -0.015615 0.020607 0.022024 0.100867 -0.093784 -0.004642 0.059591 0.013328 -0.003239 0.067372 -0.036333 -0.112202 0.028348 0.122061 -0.036091 -0.043380 -0.023115 0.052295 -0.027408 0.028381 -0.091630 -0.119146 -0.134305 0.003033 0.001491 -0.057716 0.057228 -0.046947 -0.021567 0.040626 0.015146 -0.060800 0.055530 -0.050660 0.168140 0.050591 0.047680 -0.033835 -0.066907 0.043975 0.047535 -0.152962 -0.073197 -0.032203 0.034710 -0.153896 -0.078091 -0.007828 0.041526 0.118281 -0.085534 -0.191829 -0.006921 0.016017 -0.103720 -0.033668 0.045040 0.135791 -0.022145 -0.037638 0.029669 -0.150976 0.001015 -0.024091 0.050883 0.027673 -0.075823 0.084904 0.040186 0.193285 -0.101746 -0.023858 -0.141438 0.146516 -0.002525 -0.131080 -0.135239 -0.028504 0.054996 -0.031349 -0.064459 0.069090 -0.024993 0.030425 0.042993 -0.030702 0.006411 -0.110122 -0.022740 0.028763 -0.037498 -0.025286 -0.033836 -0.057436 -0.014549
5688 0.051147 0.122944 0.076024 -0.013280 0.063059 -0.051053 0.022267 -0.089914 0.025297 -0.006975 -0.116689 -0.042849 0.053944 -0.110322 -0.031159 0.047004 -0.118620 -0.045439 -0.008495 -0.051714 0.024114 -0.037502 0.022557 -0.049166 0.001315 -0.041041 -0.028473 -0.026315 -0.085551 0.005371 0.036198 -0.044650 -0.041110 0.039741 0.066293 0.080979 -0.009960 0.040265 0.042604 0.014201 0.002112 0.042868 -0.061866 0.062701 -0.066862 -0.131311 0.109330 0.033928 -0.026601 -0.129127 -0.039627 0.116666 -0.040681 -0.099005 0.164581 -0.035944 0.033449 -0.050550 -0.115333 0.007552 0.092337 0.122955 -0.159030 0.050279 -0.054511 0.080820 -0.012974 -0.042679 -0.044071 -0.074703 0.140205 0.209109 0.040826 0.011398 0.091463 -0.046183 0.044228 -0.023028 -0.039467 -0.097536 0.082322 0.029062 0.005965 0.099737 0.060046 -0.046861 0.020258 0.044194 -0.047994 -0.001344 -0.077140 -0.110446 0.071582 -0.019416 0.028819 0.005723 -0.045661 0.007176 -0.241336 0.077111 -0.010939 -0.041323 0.093053 -0.011907 0.087453 -0.060600 -0.007118 -0.014217 0.103588 -0.035262 -0.125137 -0.078481 0.152340 -0.021636 0.120412 -0.040865 0.114623 0.078719 -0.006276 -0.013458 -0.002920 0.011622 -0.060212 0.052676 0.004360 0.037011 -0.015469 -0.037716 -0.066900 0.068689 -0.062756 -0.074113 -0.118255 -0.025110 -0.023444 -0.094824 -0.051980 -0.058018 -0.030716 -0.015550 -0.055091 -0.049165 -0.111061 -0.056600 0.081858 -0.024800 0.105173 -0.005766 -0.049077 0.068367 -0.079322 0.013894 0.104900 -0.068890 0.044234 -0.210117 0.049649 -0.052399 -0.040756 -0.020371 0.083716 -0.039187 0.040469 0.174363 -0.064907 -0.094425 0.074760 0.101008 0.033267 -0.046087 0.047446 -0.082166 -0.052006 0.007345 -0.072116 -0.100176 0.048855 0.088968 0.066956 -0.055029 -0.003568 -0.151550 0.019807 -0.071725 -0.022256 0.032321 -0.090584 -0.004687 -0.007195 0.066337 0.029186 0.020161
5703 -0.116468 0.031310 -0.015423 -0.029951 0.104233 -0.065459 0.061123 0.122214 0.013504 -0.041904 -0.063045 0.089258 0.068117 -0.028066 -0.037030 0.093592 -0.123066 -0.029501 -0.128953 -0.011429 0.082878 0.092524 -0.011835 0.064492 -0.061299 0.035436 -0.019697 -0.012472 -0.092465 0.052837 -0.057477 -0.128647 -0.061294 -0.028084 -0.141472 -0.088775 0.015692 -0.012143 0.178500 -0.024138 -0.000000 0.010913 -0.074739 0.181156 0.030822 -0.186310 -0.029342 -0.096099 0.006045 0.040679 -0.019730 -0.021559 0.054641 -0.085726 -0.061375 0.015726 -0.064997 -0.051208 -0.008337 0.042499 0.122396 0.108390 -0.087358 -0.009168 0.011275 0.069200 0.073385 0.010525 -0.046806 -0.097748 -0.005667 0.041336 -0.131655 -0.103040 -0.050944 -0.044115 0.051137 -0.028426 -0.061571 0.024433 -0.063618 0.141146 -0.004497 0.045457 0.081041 0.010639 -0.072472 0.107198 -0.045227 0.014723 -0.070100 -0.088142 -0.003594 0.042290 0.011938 -0.052630 0.056099 -0.049692 0.033444 0.027580 0.107821 -0.034302 0.068299 -0.095342 0.028370 -0.133424 0.033366 -0.007135 -0.018537 0.083436 0.023589 -0.032292 -0.157448 0.019384 -0.077306 0.047026 0.045930 -0.124779 0.006523 -0.026324 -0.036153 -0.037880 0.006474 -0.100026 0.104440 0.007592 0.094329 -0.002865 -0.077322 0.011023 -0.164852 -0.020699 -0.025035 -0.051777 -0.026559 0.061016 -0.035105 0.048836 -0.066472 -0.027738 0.035053 0.047471 -0.117118 -0.082782 0.045798 -0.023158 -0.016361 -0.058304 -0.191292 -0.049454 -0.005849 0.080608 -0.024223 0.091992 0.069003 0.074090 0.027857 0.101779 -0.057422 -0.023253 0.022618 0.009272 -0.053422 -0.009946 -0.031913 0.006792 0.091299 0.065856 -0.102260 -0.001648 -0.017211 -0.066035 0.081855 -0.013633 -0.147730 0.082385 0.027973 -0.054586 0.090973 0.024951 -0.017776 -0.036927 0.000116 0.059865 0.096509 -0.012331 0.096640 -0.231696 -0.032494 0.120343 -0.052622 -0.067990
5750 -0.095305 -0.003776 -0.000949 -0.105601 -0.027711 0.081204 -0.084667 0.148378 -0.096196 -0.065573 0.052589 0.014457 0.145502 0.024296 -0.047845 -0.041988 -0.122027 0.011192 -0.073536 -0.034995 -0.024005 -0.090734 -0.106609 0.108280 0.089799 0.090481 -0.025176 0.011965 -0.028520 0.074321 0.009634 -0.028385 0.021811 0.069010 0.027000 -0.111653 0.043458 0.039229 -0.031099 -0.019067 -0.119510 -0.075578 -0.129014 0.068055 0.076224 -0.087597 0.101145 -0.118147 0.005324 0.088245 0.052109 -0.012904 0.078779 -0.065491 0.066445 -0.061822 -0.017659 -0.069205 -0.120759 0.027534 0.001040 -0.016821 -0.089424 0.076810 -0.044983 -0.050124 0.004016 -0.052778 -0.084308 -0.047955 0.018092 0.009197 0.055622 0.065763 -0.052334 -0.023198 -0.074907 -0.110749 -0.056057 0.034311 -0.042003 0.155245 0.015546 -0.115094 0.160437 -0.010033 -0.044653 0.112648 0.032496 -0.045328 -0.028048 0.089863 0.025819 0.089066 -0.150634 -0.107114 0.105143 0.026618 -0.004904 0.032379 0.088039 -0.088082 0.033375 -0.092599 -0.060572 -0.020609 -0.089604 0.010570 -0.071053 0.092889 0.127627 0.023338 -0.052440 0.035219 -0.075633 0.025397 -0.034026 -0.042760 0.007135 0.100929 -0.061839 0.029198 0.105496 -0.047554 0.056776 -0.035836 -0.049757 -0.012796 -0.002481 0.085552 -0.077032 0.044019 0.005595 0.015203 -0.026605 0.109369 -0.043244 0.107982 -0.081700 -0.121646 -0.055996 0.072197 -0.033892 -0.179091 -0.043882 0.052554 0.072057 0.132619 -0.078755 0.059535 -0.002263 -0.003088 0.024339 0.061485 -0.007763 -0.002174 0.009750 -0.065427 -0.147016 0.072075 0.053676 0.180326 -0.037194 0.032564 -0.104779 -0.128798 0.049708 -0.077831 -0.027825 0.018923 -0.097388 0.004375 -0.029200 -0.059998 0.087505 -0.032854 -0.075687 -0.074893 0.007858 -0.044560 0.051415 0.070987 -0.018048 0.067511 0.026634 -0.053017 0.021711 -0.049856 0.065020 0.118442 -0.080872 0.100448
5778 -0.129688 0.099909 0.135350 0.041440 0.079830 0.051896 -0.023568 0.057813 0.034232 -0.166645 -0.069771 0.020611 0.143474 0.027591 0.097670 0.019306 -0.007515 0.032936 0.030397 0.067481 -0.076058 -0.048653 0.006606 0.057885 -0.089129 0.011735 -0.096584 -0.011738 -0.056900 -0.119786 -0.009929 -0.098042 -0.054469 -0.014830 0.018144 0.019096 -0.053036 0.054947 0.112537 -0.043172 0.005896 -0.054986 -0.060069 -0.009659 -0.106661 -0.004776 -0.018970 0.013534 0.041100 -0.116787 0.100158 0.074607 -0.119385 -0.139686 -0.032809 0.087471 -0.041775 0.126469 -0.084635 -0.016466 -0.045983 0.005615 -0.076391 0.054770 -0.058029 -0.010307 0.019120 -0.043696 0.015311 -0.088328 -0.019045 -0.012965 -0.011425 0.046387 0.123280 -0.012860 -0.025848 -0.015629 0.014722 0.037242 0.000180 0.004390 0.086300 -0.038520 0.004924 -0.005766 0.162592 -0.068640 -0.048460 0.110765 -0.000582 -0.086911 0.077214 0.057676 -0.029580 -0.066496 -0.005995 -0.093164 -0.180014 0.002877 -0.056508 -0.036918 0.057281 0.032877 0.074647 -0.120135 0.010900 -0.048824 0.025663 -0.084238 0.066006 0.021705 -0.016169 0.090197 -0.112812 0.052443 -0.009390 0.069985 0.021006 0.065799 -0.035112 0.083703 -0.040471 -0.009221 0.158388 -0.023829 -0.089362 -0.008945 -0.029913 -0.095801 -0.039755 0.011260 0.022431 -0.057541 -0.132348 -0.075413 0.084260 -0.051955 -0.016289 -0.028240 0.008243 -0.022917 -0.068928 -0.094152 0.007113 0.036673 -0.033212 -0.043590 0.067938 0.027879 -0.004657 -0.047423 -0.147810 0.089941 0.025719 0.010592 0.012752 -0.032244 -0.173031 -0.021330 0.161864 -0.065750 0.038156 -0.099747 -0.011498 -0.088722 0.144555 0.114725 -0.160672 -0.114811 -0.015447 -0.057782 -0.055308 -0.013624 -0.007889 0.028448 -0.010187 -0.068513 0.077983 0.070277 0.029690 -0.146475 0.127549 -0.087652 -0.049397 0.059744 0.034073 -0.011202 -0.066220 0.171343 0.104222 -0.049119
5789 -0.035093 0.047480 0.062868 0.062959 -0.001011 -0.032125 0.029652 0.063660 0.060558 0.064160 0.027067 0.089451 0.064402 -0.042427 0.004781 -0.012756 -0.060135 -0.021476 0.027959 0.016435 -0.010335 -0.030208 -0.021630 0.069979 -0.116915 0.014580 -0.013387 0.017817 0.015987 -0.114180 0.108835 0.009722 -0.027610 -0.034950 0.153894 -0.015171 0.075990 0.034723 -0.000095 -0.021016 -0.024248 -0.064796 -0.072540 -0.085418 0.028927 0.045187 -0.017936 -0.088522 0.076820 -0.113888 0.043456 0.054105 -0.068533 -0.013590 0.029865 0.047966 -0.075655 0.085584 0.064110 0.031544 0.133631 -0.041507 0.042373 -0.059450 -0.065669 -0.067202 -0.020059 0.030701 -0.055371 -0.084485 -0.047108 -0.007502 0.104728 0.018456 -0.010100 -0.057364 0.030697 -0.081006 -0.027403 0.126618 -0.025294 0.084762 0.134902 -0.004054 -0.109022 -0.002205 0.096847 0.011478 0.083958 0.071002 0.055712 -0.099603 0.086981 0.132490 0.001881 -0.028370 0.020630 -0.109946 -0.037795 -0.130802 0.014289 -0.117876 0.161308 0.002844 0.014115 0.017813 0.035524 0.056263 -0.081914 0.032175 -0.112822 -0.031504 -0.073025 0.056512 -0.117510 0.084806 -0.085178 0.188886 -0.099600 -0.056000 -0.000526 0.001585 -0.002929 0.060048 0.072012 -0.018898 -0.060709 0.114473 -0.007360 -0.180296 -0.020285 0.013007 0.058493 -0.085545 0.036906 -0.149183 0.004604 -0.118247 0.099271 -0.014111 0.003010 -0.039110 0.004015 -0.083602 0.083981 -0.030323 0.003679 0.167309 -0.020631 -0.121176 -0.053427 0.033336 0.009662 -0.027708 0.011132 0.096993 -0.031325 0.037700 -0.125225 0.011596 -0.023092 -0.007634 -0.024602 0.014389 -0.115117 -0.080040 0.069645 0.025808 -0.091644 0.023688 0.032724 -0.002845 -0.140888 -0.128475 -0.177731 -0.061407 -0.149542 0.043859 -0.055712 0.041849 0.132860 0.130075 0.077125 -0.051712 -0.034075 0.069463 0.134887 -0.047125 -0.009309 0.035990 -0.104001 0.011057
5808 -0.026646 0.061720 -0.110201 0.081504 0.027390 0.088476 -0.068703 0.007128 0.002764 0.038107 0.059425 -0.037745 -0.068412 -0.006540 0.008997 -0.088573 0.052513 -0.050502 -0.038541 -0.162460 -0.056842 -0.081964 0.097379 -0.061306 -0.153250 0.089517 -0.109204 -0.120081 0.012584 -0.003934 0.013307 0.036844 0.015570 -0.018310 0.079770 -0.025160 0.047347 0.104135 0.006635 -0.043333 -0.067884 -0.020617 -0.018926 0.090005 0.032018 -0.058647 -0.046637 -0.109218 0.051442 -0.051858 -0.079307 -0.010462 -0.066712 -0.066833 0.089454 -0.076074 -0.137789 0.090527 0.044377 0.026521 -0.009702 -0.009555 -0.081162 -0.080415 -0.082954 -0.125034 0.042635 -0.014604 -0.086525 -0.084313 -0.109183 -0.042599 0.030312 -0.050918 0.013232 -0.042968 -0.060319 0.104570 -0.049194 0.002774 0.093082 -0.101717 0.088318 0.042756 0.040923 -0.001469 0.105611 -0.004503 0.053464 0.133107 -0.072683 0.079243 -0.049864 0.168709 0.024875 0.097576 0.056780 0.083674 -0.080009 -0.017635 -0.019416 0.102202 -0.006845 -0.193551 -0.044244 -0.056736 0.037726 0.009704 -0.053129 0.080498 0.003282 -0.001012 0.055325 0.029669 -0.019833 0.069007 0.090258 0.001748 0.126500 0.029348 0.013511 0.080637 -0.031491 -0.075334 0.050026 -0.010447 -0.059276 -0.067941 0.031198 0.014843 -0.080665 0.112551 -0.119891 -0.097508 0.059177 -0.040974 0.126479 -0.065964 0.070093 -0.129548 0.109666 -0.013603 0.098320 -0.075733 0.003430 -0.035249 0.019567 -0.044607 -0.107261 -0.043675 -0.135563 0.049392 0.027451 0.033771 0.016261 0.105059 0.005346 0.058811 -0.046433 -0.134794 0.026601 -0.061405 0.040825 0.107964 0.030988 0.005651 -0.019392 0.123096 0.055975 -0.039644 -0.075122 -0.073694 -0.023241 0.198754 0.069280 -0.021955 -0.043031 -0.020990 0.055873 -0.004924 0.073333 -0.120168 -0.001624 0.128294 0.012049 -0.022269 -0.100403 0.036627 -0.095998 -0.013607 -0.106066 -0.052492
5867 -0.001577 -0.114122 0.108128 0.025713 -0.069415 0.035215 -0.097574 0.111499 -0.127476 -0.113001 -0.098049 -0.036247 0.126518 0.069946 0.057219 0.011521 -0.027300 -0.074780 0.017978 -0.000011 0.017103 -0.085932 -0.002092 -0.065501 -0.146113 -0.069772 -0.002949 0.068619 0.021555 0.003213 0.100927 -0.024976 0.106285 -0.017267 0.116515 -0.028474 0.147449 0.076586 0.014446 0.036637 -0.136151 0.059224 0.042009 0.017293 0.011168 -0.020170 -0.063695 -0.081903 0.088730 0.023911 -0.057258 0.044341 -0.027917 -0.016833 0.022541 0.003278 -0.059653 0.094692 -0.045082 0.047701 0.129216 -0.052554 0.015547 0.060782 0.045757 -0.054746 -0.028707 -0.162987 -0.050850 -0.118432 0.038224 0.036260 -0.071778 -0.044876 -0.107525 -0.066278 -0.083301 -0.112105 0.064282 0.031664 0.028272 0.089291 -0.046181 0.087982 0.163971 0.113453 0.013383 -0.093824 0.129536 0.072845 0.064212 0.062373 0.044701 -0.011599 -0.011342 -0.143984 0.177629 -0.064088 -0.065556 0.050338 -0.052091 -0.023137 0.079278 -0.115227 -0.019981 -0.107938 0.018673 -0.108819 -0.008754 -0.054355 0.077799 -0.048344 -0.008170 -0.070799 -0.046855 0.034160 -0.007941 -0.035995 0.107155 -0.026534 -0.051286 0.032228 0.023281 0.043838 0.114289 0.048985 -0.039062 -0.006804 -0.099099 -0.078273 -0.023173 0.114425 0.080507 -0.022372 0.016091 -0.110940 -0.007590 0.032004 0.103631 -0.003057 0.077845 -0.094276 0.071732 -0.042462 -0.009003 0.055445 -0.163647 -0.034544 0.036925 -0.114964 0.060985 -0.010493 0.043620 0.082281 0.137448 -0.022538 -0.030420 0.030932 -0.201692 -0.028523 0.030398 0.003964 -0.111244 -0.044806 0.033447 -0.001095 -0.071650 0.024526 0.029941 -0.095963 0.000956 0.007679 -0.107060 0.002863 0.011808 0.069516 -0.129936 0.051471 0.039310 0.103289 0.025735 -0.117123 0.030324 0.002767 -0.029326 0.004046 -0.032658 -0.033286 -0.025540 0.065929 -0.012788 0.036720
587 -0.095798 -0.089136 0.123130 -0.043719 0.028018 0.000864 0.053506 0.016289 -0.050262 -0.013943 -0.220588 0.051554 0.026640 -0.091500 -0.060885 -0.029582 0.085208 -0.004175 -0.014058 -0.072214 -0.122122 -0.147292 0.044841 0.090128 0.022450 0.000568 -0.087681 -0.037581 -0.016334 0.009067 -0.043560 0.017771 0.040011 0.140818 0.022852 -0.163404 -0.044094 0.032482 0.021086 0.013089 -0.049929 0.035636 0.091413 0.011399 0.144903 -0.014227 -0.045081 -0.005491 -0.025619 0.010342 -0.081625 -0.003127 -0.015936 0.065127 0.102959 0.119166 -0.000501 -0.110895 -0.064360 -0.043038 0.019678 0.050214 0.024073 0.034044 0.046072 0.156203 -0.026081 -0.112275 0.141927 -0.036540 -0.020448 0.032709 0.035509 -0.101403 -0.118300 -0.010819 0.076142 -0.122009 0.089629 0.070883 0.069841 0.053956 -0.044999 0.073832 0.015204 0.072506 0.012827 -0.032042 -0.027074 -0.077560 0.014176 -0.020129 0.035147 -0.013423 -0.072732 0.120243 0.094943 -0.018345 -0.058415 0.146368 -0.016917 -0.047738 0.035548 0.070866 -0.010802 -0.135713 -0.036530 -0.099076 0.170603 -0.120774 0.035924 0.009373 -0.003250 -0.096120 -0.007917 0.055387 -0.046383 -0.003677 -0.011878 0.036946 -0.007918 0.068805 0.023573 0.116772 0.054728 -0.082440 0.064709 -0.040525 -0.056652 0.087133 0.005864 0.012420 -0.019322 -0.012498 -0.149920 -0.041953 -0.060017 0.029707 -0.055360 -0.126010 0.072184 -0.013583 -0.042435 -0.016948 0.010182 -0.048262 0.069479 -0.058173 0.037621 0.019299 -0.014670 -0.008550 0.057026 -0.058756 0.042241 0.047953 0.113928 0.047806 -0.030675 -0.025652 0.152285 0.054809 0.030191 0.015600 0.033767 -0.083335 -0.069303 -0.048776 -0.116868 0.057521 0.000951 -0.114145 -0.077024 0.051652 0.047032 -0.082561 0.109621 0.063553 -0.019129 0.018192 -0.139151 -0.204274 0.029906 -0.032595 -0.156526 0.029693 -0.091442 0.004105 -0.017824 0.091508 0.093343 -0.076183
60 0.042699 -0.077972 0.008523 0.192287 0.047624 -0.048002 -0.144405 0.034712 -0.142468 -0.034105 -0.086832 0.146511 0.091471 -0.048035 0.069559 0.060267 -0.025170 0.105747 0.022683 0.050647 0.084356 -0.021703 0.032428 -0.036681 0.022882 0.070260 0.084715 0.000641 0.063735 0.002919 -0.093367 -0.008405 -0.005142 0.013085 -0.131143 -0.177766 0.061807 -0.061064 0.028583 0.017024 -0.025752 -0.013345 -0.029159 0.034718 -0.028585 -0.054551 0.028218 -0.151066 -0.008334 0.001282 -0.078047 0.107859 0.147201 -0.021183 -0.053306 0.019989 -0.035350 -0.087690 0.041165 0.024044 -0.024380 -0.017451 -0.103314 0.030154 -0.088988 0.077811 -0.026993 -0.109107 0.013029 -0.067245 0.052555 0.094846 0.149428 0.034620 -0.110966 -0.032455 0.027353 -0.124474 0.099079 0.034822 -0.016431 0.094799 0.035330 0.087283 0.021617 0.003545 0.037183 -0.040098 -0.042735 -0.012403 0.016373 -0.042314 -0.047782 0.045217 -0.012203 -0.035832 0.233800 -0.030934 -0.056475 -0.087700 -0.013906 0.128708 0.019197 0.015506 -0.023478 0.112183 0.011960 0.066614 -0.070740 -0.009011 0.025878 0.007622 0.023261 0.063164 0.043764 0.070652 0.055374 -0.000404 0.041058 0.056390 -0.072908 0.056566 -0.014633 -0.065737 0.026743 -0.033084 0.032714 -0.035675 -0.033062 0.008087 -0.110762 0.072849 0.022745 0.039267 -0.045837 -0.025328 -0.005708 -0.046705 -0.158420 0.031513 -0.055750 -0.033254 -0.109121 -0.183250 -0.042075 -0.007116 0.031725 0.060551 -0.013947 0.020985 0.208285 -0.088235 -0.112709 0.046683 0.028457 0.040182 -0.066430 -0.038031 -0.007220 0.035337 0.017726 0.168764 0.087617 0.066515 0.025676 0.001245 -0.006068 -0.043561 -0.130877 -0.038428 -0.047017 -0.048195 -0.014074 -0.085971 0.106177 -0.067645 -0.116072 -0.039857 0.116406 0.051451 0.025364 0.050194 -0.030314 -0.058358 -0.004093 0.007688 0.014006 -0.088409 0.053453 -0.169342 -0.112448 -0.075193
6000 -0.008009 0.155202 0.118252 0.038252 0.144370 -0.025615 0.086238 -0.147156 0.131159 0.154198 -0.026876 0.126370 0.083814 -0.027731 -0.089842 0.051884 0.005272 -0.113103 0.054988 -0.086267 -0.032175 0.034066 0.179672 -0.080214 0.087770 0.009051 -0.043224 -0.070248 0.017936 -0.028539 0.113096 0.019408 0.068362 -0.014075 0.016515 -0.044349 -0.006782 -0.053040 -0.006881 -0.041078 -0.005501 0.041046 -0.051962 0.010457 0.148703 0.018691 -0.018520 -0.005025 0.095055 0.100290 0.012993 0.014841 -0.175854 0.055779 0.136257 -0.003509 -0.015189 -0.052349 0.006380 0.104335 0.044666 -0.027353 -0.030179 0.059770 0.102622 0.136513 0.031857 -0.090243 0.039350 -0.039919 0.020524 0.058766 0.119709 -0.048324 -0.013733 -0.089427 0.043975 -0.009076 0.197136 -0.017715 0.114497 0.054899 -0.053801 -0.022218 0.052623 0.080738 -0.007777 0.185397 -0.091285 0.065326 0.014442 -0.058717 -0.005103 -0.019874 -0.124306 0.010436 -0.021721 0.009142 -0.122766 0.127032 0.093661 -0.031975 0.014162 -0.071934 -0.042808 -0.081787 -0.036725 0.003312 0.014671 -0.045683 -0.083177 -0.021743 0.009434 -0.100314 0.032508 -0.027031 -0.107835 0.053481 0.019638 -0.036195 0.005134 -0.074129 -0.047573 0.073729 0.075480 -0.031493 -0.027973 -0.056519 -0.087591 0.037178 -0.089534 -0.058735 0.009357 0.046576 -0.185777 -0.044586 -0.015763 -0.036177 -0.075657 -0.070381 -0.113101 -0.014157 -0.068577 -0.121358 0.025059 -0.098203 0.127996 0.077784 0.038890 -0.020915 0.015428 0.103167 0.109832 0.068579 0.058348 -0.058055 0.076317 0.029734 -0.079387 -0.043318 0.035040 -0.084311 0.015530 -0.032608 0.039316 0.002934 0.046327 -0.008297 0.020920 0.005781 0.070706 0.017891 0.111153 0.008609 -0.050759 0.000121 -0.005127 -0.075110 -0.124379 0.058020 0.030531 -0.048292 -0.091428 -0.096113 0.047043 0.047385 -0.071541 -0.000286 0.007295 0.039385 0.041271 -0.049801
6019 -0.007830 0.056119 0.087889 0.065749 0.009912 0.048023 0.024187 0.105429 -0.038590 -0.053362 -0.039492 0.043158 -0.014195 -0.101480 0.085601 -0.016657 0.147396 -0.002875 -0.080474 0.053232 0.068595 -0.095326 0.071882 0.028853 -0.028822 -0.146018 0.041818 -0.022737 -0.052976 -0.062211 -0.111616 0.002615 -0.035859 -0.002874 0.011234 -0.083508 -0.011264 -0.011559 -0.011257 -0.067949 0.061831 0.004527 -0.065040 -0.149341 -0.172116 0.089885 0.136726 -0.003388 0.081059 -0.057154 -0.040480 -0.015400 0.004242 0.040262 -0.030905 0.094953 -0.014700 -0.096985 -0.054018 -0.020057 -0.030814 -0.109572 -0.113990 -0.046910 0.157763 0.047940 0.103169 -0.001226 0.046705 -0.007070 0.046912 -0.007196 -0.042955 -0.072747 0.095106 -0.004219 0.067629 0.028254 -0.048471 0.060329 -0.052184 0.026465 0.090652 -0.098458 0.047552 0.038200 0.180413 0.003038 0.001390 -0.074359 -0.041448 0.038301 -0.097436 0.186869 0.002431 0.059249 0.054242 -0.067164 -0.071193 -0.056613 0.022961 0.095398 0.150464 0.004336 -0.128411 0.041414 -0.064849 -0.046493 -0.105835 0.004546 -0.002179 -0.042201 -0.064635 0.115413 0.075419 0.081805 0.098402 -0.069830 -0.002419 0.164351 -0.086679 0.024759 -0.015441 -0.083853 0.134080 -0.011493 0.023366 -0.197889 -0.035239 -0.075518 -0.077406 -0.093386 0.058540 0.059160 0.002512 0.069909 0.077009 -0.162735 -0.083855 0.027197 -0.016803 -0.040875 0.132746 -0.071607 -0.003805 0.036999 0.065153 0.012519 0.008010 -0.068211 0.028370 0.010689 -0.024470 -0.079985 -0.068629 -0.015531 0.017407 0.037703 -0.032629 -0.012558 -0.018777 -0.056722 0.032809 0.079298 0.038356 -0.033620 -0.043923 0.014373 0.057664 0.035445 0.135576 -0.116800 0.055261 0.013449 -0.049729 0.094928 -0.049956 -0.068875 0.034419 -0.034896 -0.103274 0.021746 0.090068 -0.063328 0.045550 0.097662 -0.073534 -0.087688 -0.031720 -0.105349 0.099751 -0.006517
6064 0.020585 0.025801 -0.038733 0.040394 -0.068277 0.072019 0.093118 0.001631 -0.092177 -0.065688 -0.075223 0.039188 0.114632 -0.032827 0.004298 0.167997 0.104439 -0.155220 0.030349 -0.010169 0.100565 -0.148380 0.055044 0.093394 -0.052120 0.022798 0.035087 0.018765 0.019417 -0.026503 0.001077 0.000829 0.039724 0.024346 -0.044989 -0.014201 -0.068140 -0.025323 0.042079 0.093526 0.032894 -0.115809 0.005520 0.046962 0.035708 -0.109318 -0.017703 0.011157 0.067291 0.101693 -0.007202 0.004207 0.017566 0.003896 -0.004971 -0.031891 0.096027 -0.105891 -0.025541 -0.014170 0.117269 0.041657 0.015681 0.110069 -0.044623 0.017599 0.068650 0.054440 0.052330 0.016990 0.013128 0.051127 -0.068223 0.095768 -0.104845 0.013406 -0.103788 -0.082132 -0.069107 0.101324 0.117435 0.122697 0.052701 -0.045432 -0.045764 0.024085 0.067070 0.107218 0.047946 0.036816 0.012129 0.028185 -0.046576 0.017002 0.100879 0.095846 -0.200653 -0.075120 0.035269 -0.002438 -0.032930 0.011645 0.112073 -0.000180 -0.087649 -0.043882 -0.000717 0.033961 -0.099045 -0.036725 0.076783 0.045607 -0.033605 0.042192 -0.132216 -0.021278 -0.079133 0.094809 0.081071 -0.009134 -0.056121 0.003642 -0.005907 -0.002792 -0.086391 0.053721 -0.092449 -0.015933 -0.053125 -0.055653 -0.001364 -0.045064 -0.009965 -0.063685 -0.041677 -0.090379 0.084636 0.007184 0.084104 -0.126006 0.061653 0.095639 -0.179604 -0.254376 0.041943 0.076212 -0.057747 0.063845 -0.035405 0.071803 -0.138825 -0.033362 -0.031402 0.093900 0.126139 -0.069666 0.040338 -0.024401 -0.039314 -0.035150 0.005120 -0.004321 -0.157984 -0.072255 -0.029313 0.167026 0.076750 0.054512 -0.104444 -0.094463 0.034793 0.032479 0.020877 -0.054864 -0.029813 0.143899 0.036838 0.066046 -0.042990 0.003073 0.047420 -0.128414 -0.009946 0.015319 -0.007359 -0.046577 0.028770 0.073688 0.001352 -0.118215 -0.008301 0.036042
6078 -0.037310 0.024386 -0.028790 0.080819 -0.044254 -0.074692 0.005900 -0.052752 0.029531 -0.007777 -0.062273 -0.041421 0.098111 -0.056633 0.069396 -0.138944 -0.040781 0.022572 0.004300 0.078509 0.026386 -0.006021 -0.067337 0.003378 -0.020097 -0.087038 0.033877 -0.072596 -0.032976 -0.039299 0.120309 -0.004336 0.054554 0.020766 0.059476 0.036495 0.045734 0.055263 0.017541 -0.071016 -0.017955 -0.049002 0.046878 -0.064220 -0.024741 0.084615 -0.048296 -0.039950 0.064013 -0.134997 -0.024379 0.058042 -0.024177 -0.045462 -0.002383 0.088729 -0.090761 0.045366 -0.102834 0.020300 0.143099 -0.030994 0.122687 0.093212 -0.040111 -0.104224 0.053818 0.013462 -0.017417 -0.008853 0.019863 -0.001385 -0.032672 -0.101781 -0.086130 -0.084680 -0.173087 -0.100823 -0.021397 0.026375 -0.129729 0.074638 0.009023 0.107670 0.063758 -0.001347 0.077754 -0.065453 0.013747 0.204147 -0.100192 -0.078641 0.022123 0.087042 -0.044622 -0.109589 0.066926 -0.031672 -0.084002 -0.042881 -0.080969 0.011297 0.087276 -0.067943 0.061930 -0.025755 -0.043070 0.010930 -0.162171 -0.015701 -0.099333 -0.041400 -0.083234 -0.047729 -0.020292 0.035411 -0.103896 0.007659 -0.002915 0.037220 -0.046324 0.031650 -0.117578 -0.005108 -0.092936 -0.086009 -0.119044 0.005628 -0.210810 -0.061006 0.007577 0.017109 0.088462 -0.058193 -0.028065 -0.033001 0.182462 -0.035447 0.096510 0.018064 0.072918 -0.041945 0.083289 0.002254 -0.029304 0.072277 0.051054 0.023393 -0.034840 -0.036157 0.035157 0.031778 0.012433 0.070084 0.064758 0.051325 -0.075336 0.005475 -0.143444 -0.014838 0.016721 -0.123976 0.002537 -0.018726 -0.020424 0.062097 -0.062731 -0.167038 0.011713 -0.018838 -0.044955 -0.039441 -0.093251 0.064912 0.057167 0.077007 -0.232682 -0.126813 0.137381 0.117559 0.046305 -0.036313 -0.032592 0.100908 0.117413 0.019428 0.027077 0.029812 0.053370 -0.035665 -0.017818 -0.004708
6081 -0.012377 -0.008612 -0.059110 -0.082490 0.031316 0.036366 -0.058690 0.202548 -0.052527 0.014400 0.062559 0.072266 -0.002124 0.019467 0.030258 0.039625 -0.152056 -0.020668 -0.078775 -0.077569 -0.023076 -0.063852 0.004439 0.069299 0.101797 -0.023389 -0.057589 0.103179 -0.026166 -0.096587 0.001193 -0.055084 -0.128930 -0.007066 0.026354 -0.045831 0.069244 -0.022375 -0.042339 -0.034919 -0.068059 0.008506 -0.010860 -0.047648 0.128247 -0.109674 0.026295 -0.128563 0.022517 -0.031579 -0.027177 -0.045065 0.030438 -0.068750 0.029825 0.034026 0.081199 -0.079078 -0.124894 0.134384 0.003684 -0.092356 -0.120211 0.077522 -0.067333 -0.120663 -0.016510 0.010240 -0.045715 -0.044783 0.011615 -0.019293 -0.009022 -0.017238 -0.105744 0.040193 0.059973 -0.001279 -0.100097 -0.051012 -0.095741 0.142920 -0.029794 -0.116896 0.064700 0.026405 0.021424 -0.095731 -0.069154 0.003241 -0.010005 -0.079466 0.120874 0.033669 0.041887 0.011666 0.080833 -0.014933 0.021748 0.004851 0.047687 0.007089 0.068076 0.001787 0.013922 -0.032461 -0.094819 -0.106304 -0.214838 0.121540 0.135005 -0.018525 -0.021406 0.079194 -0.133141 0.075403 0.027087 -0.095096 0.023488 0.009789 -0.141968 0.030373 0.101288 -0.102699 0.116408 -0.031122 -0.033435 0.010436 0.033776 -0.042475 -0.051276 -0.013323 -0.030528 -0.018941 -0.002396 0.065628 0.032005 -0.008142 -0.103494 -0.268029 -0.009013 0.048119 -0.036277 -0.044085 -0.002753 0.104662 0.043269 0.010603 -0.028726 0.069619 0.108556 -0.082159 -0.022569 0.031900 0.065580 0.070765 0.031189 -0.020953 -0.080644 0.028061 -0.113557 0.023059 -0.005454 0.038787 -0.059150 -0.149459 0.026542 -0.017325 0.058059 0.025735 -0.001523 -0.051154 -0.103474 -0.048580 -0.043649 0.010544 -0.109920 -0.060313 -0.058863 0.157583 -0.025536 -0.012567 -0.183152 0.066768 0.002111 0.004227 0.107567 -0.022562 0.020152 0.016183 0.075282 -0.001158
6147 0.040880 -0.131015 0.206427 0.048516 0.031827 0.023882 0.029600 -0.024727 0.047232 0.119646 -0.136925 0.002077 0.116985 -0.012622 0.014206 0.019568 -0.012846 0.012037 0.015341 0.021970 -0.025319 -0.144300 0.110840 -0.044255 -0.043957 0.092570 -0.031354 -0.006291 0.070704 -0.044266 -0.019641 0.004669 0.032381 0.072501 0.029263 -0.122091 -0.085761 0.036723 0.137700 -0.044363 -0.104809 -0.033122 0.000045 -0.101531 0.077580 -0.012343 0.021491 -0.105683 -0.105709 0.038269 -0.047421 0.009354 0.045925 -0.012613 0.029491 0.089026 0.099587 0.068417 -0.002204 -0.052281 0.035716 0.020496 0.085653 -0.034485 0.010554 0.031797 -0.008364 -0.067429 -0.032345 -0.085329 -0.025654 -0.002393 -0.038141 -0.100269 -0.031675 -0.146634 -0.122077 -0.085227 0.075949 0.012834 0.005017 -0.078082 -0.032352 -0.000018 0.016114 0.061182 -0.038363 -0.094599 -0.030812 0.041947 0.059712 -0.053274 -0.031105 -0.046861 -0.070931 0.033578 0.061743 -0.100918 0.003691 0.063010 0.110977 -0.082902 -0.069403 0.017150 -0.025186 -0.148692 -0.160299 -0.007652 -0.059521 0.002135 -0.041198 -0.121693 0.003535 -0.007667 -0.026372 0.070517 -0.074725 0.014894 -0.073256 -0.010144 -0.016797 0.039556 -0.145289 -0.022986 0.187057 -0.071376 -0.054159 -0.072116 -0.016706 0.177489 -0.076379 0.073291 0.070612 -0.049809 -0.114388 -0.042128 -0.143816 -0.049695 -0.087972 0.051470 -0.002175 0.052788 0.115271 0.058999 0.014527 -0.028924 -0.044806 -0.081212 -0.032885 -0.109363 -0.026309 -0.025400 0.003233 -0.037417 0.008229 -0.044036 0.077272 0.013793 -0.196200 -0.030187 0.051350 -0.039049 0.093880 -0.008064 0.041369 0.046847 -0.017126 -0.006099 -0.075383 0.082951 -0.093608 -0.181312 -0.084519 0.057379 0.021463 -0.000278 -0.096591 -0.121918 -0.101708 0.084246 0.032822 -0.097094 -0.075338 -0.023683 -0.009275 -0.008418 0.011732 0.051577 0.006794 0.134417 0.093170 -0.062750
6181 0.135769 0.075651 0.050656 -0.054313 -0.090780 -0.027808 -0.012834 0.032214 -0.031013 -0.081216 0.084922 0.041329 0.121301 -0.084437 0.008117 -0.019372 -0.025119 -0.063156 -0.108678 0.020238 0.098749 0.016200 0.097317 0.048762 0.106195 0.005254 0.018802 -0.053984 0.000818 -0.095358 0.073889 0.024516 -0.006451 0.030190 0.100791 -0.045983 -0.012563 0.038545 -0.044062 -0.082317 -0.019261 0.041621 -0.119184 0.068236 0.039743 -0.146779 0.016463 -0.047553 0.044179 -0.029535 0.012393 0.032372 0.086628 0.049646 0.048118 0.028146 -0.050066 0.067491 -0.031225 0.011022 -0.046229 0.021671 -0.039246 -0.041971 0.079204 -0.081634 -0.101660 -0.091325 -0.172785 -0.075402 -0.098820 -0.000582 0.056008 -0.135152 -0.036017 -0.125564 -0.137989 -0.101596 0.082275 0.000018 -0.063820 0.061902 0.168039 -0.105803 0.083613 0.045396 -0.113827 -0.004452 -0.030349 -0.181190 -0.103262 -0.117697 -0.021907 0.087050 0.007851 -0.066276 0.065787 -0.052283 0.034466 0.055790 -0.019379 -0.020099 0.030555 -0.049336 0.045448 -0.047647 0.013074 -0.141848 -0.046894 0.050263 0.058707 0.045472 -0.104635 0.034645 -0.046483 0.020541 -0.037941 0.000370 0.012225 -0.046021 0.010871 -0.097086 0.097061 0.063260 0.043447 0.021695 -0.006533 -0.100900 -0.027166 -0.005139 -0.139582 0.118349 0.047694 -0.057404 0.049156 -0.008271 0.045110 -0.031181 -0.136668 -0.077844 -0.024398 0.021055 0.007411 -0.036206 0.086809 0.099413 0.037030 -0.051038 -0.088972 0.064180 0.052014 -0.084903 -0.011298 0.088698 0.231052 -0.074731 0.087055 -0.030939 -0.083790 -0.045282 0.055470 0.045498 0.015201 -0.082030 -0.076659 -0.028506 0.075771 -0.044208 0.009848 -0.002286 0.231803 0.109391 -0.096470 -0.017039 -0.119612 0.076643 -0.009636 -0.010283 0.033040 0.053319 0.042654 0.039546 0.027750 -0.006908 -0.020601 0.021885 0.012042 -0.084811 0.003651 -0.051728 -0.094492 0.069876
6209 0.151217 0.022725 0.179212 0.049350 0.021588 0.025402 -0.033879 0.114140 -0.047712 -0.033373 0.142076 0.226516 0.129900 0.006543 -0.026253 0.026183 0.133787 0.120311 0.004267 0.025254 0.126657 0.001884 -0.107856 0.010717 0.053864 0.007580 0.012196 0.006101 0.076159 -0.062785 0.143090 0.020644 -0.002512 0.173617 0.037858 -0.071031 0.060408 -0.061971 0.045999 0.062745 -0.038076 -0.070335 -0.070726 -0.149768 0.021086 -0.072499 0.014057 -0.006051 -0.047080 -0.064174 0.036435 0.044475 0.080194 0.098702 -0.021757 -0.067083 -0.038864 0.020566 -0.009735 0.044346 0.082521 -0.045886 -0.031407 0.091287 0.066301 -0.035400 -0.025801 0.011507 -0.118656 -0.009620 0.000665 -0.053096 0.083981 -0.023889 -0.051806 -0.061338 0.032854 -0.014469 0.060216 0.006565 0.081647 -0.009625 0.021409 -0.148379 0.155694 0.042987 0.036249 0.037564 -0.089233 -0.073172 -0.035541 -0.097313 -0.025564 0.015633 -0.038854 -0.121780 0.071407 0.027013 -0.045820 -0.030076 -0.026999 0.053200 0.021808 -0.001992 0.056386 -0.066104 -0.057948 -0.026655 -0.002125 -0.054026 0.106053 0.049537 0.007817 0.046609 -0.069716 0.055510 -0.046433 0.063346 0.166440 0.028723 -0.035954 -0.075295 -0.073610 0.047784 0.020319 0.008890 0.078918 -0.025165 0.065008 0.009572 -0.074558 0.054644 0.052468 -0.046172 -0.057370 0.090722 0.029657 0.086453 -0.115047 0.029334 0.062345 -0.109773 -0.168082 -0.003109 -0.043544 -0.026806 0.001692 -0.085111 0.024012 0.109414 0.025821 -0.108643 0.051659 -0.065262 0.019543 0.014887 0.044513 -0.032730 -0.076151 0.101220 0.047446 0.046642 0.059921 -0.021575 -0.164106 -0.100176 0.041366 0.021064 -0.052882 0.157893 0.017792 0.066003 -0.075985 -0.058219 0.005035 -0.073746 0.084926 -0.085179 0.078907 0.088657 0.090087 0.069091 0.056863 -0.064280 0.072224 -0.018366 0.027468 -0.164543 -0.007370 -0.092112 0.033252 -0.048426
625 -0.009122 -0.030956 0.074549 -0.068849 0.024014 0.108748 -0.034049 0.112448 -0.065852 -0.040327 0.088592 0.020330 0.064930 0.013749 -0.039464 0.073623 -0.075216 0.063178 -0.047832 -0.029757 0.130333 -0.012573 0.046225 0.054278 -0.074698 0.077499 -0.059635 0.002535 0.007021 0.061552 -0.094526 -0.040568 -0.136734 0.037029 -0.059676 0.071043 0.114930 0.025248 0.008228 -0.168460 -0.043869 -0.027444 -0.040674 0.096681 -0.033892 -0.030571 0.056245 -0.109870 0.089517 0.008017 -0.070561 0.082809 -0.008258 -0.070255 0.002471 -0.045371 -0.094504 0.065966 -0.000157 -0.082556 0.007688 0.019576 0.091692 -0.126051 -0.020519 0.089675 0.047883 -0.012374 -0.048784 -0.061644 -0.023118 -0.016537 0.071655 -0.000712 -0.033726 -0.061232 -0.041210 -0.059837 -0.004401 -0.032250 0.005520 0.196856 0.015140 0.064448 0.110542 0.061721 -0.009844 0.121343 -0.051020 -0.124045 0.082213 -0.115979 -0.138716 0.164827 -0.108308 0.031131 0.073917 -0.151685 -0.069479 0.078110 0.031582 0.045254 -0.073473 -0.113459 0.098457 -0.047142 0.038344 0.062967 -0.087752 0.075739 0.023593 0.053587 -0.084642 0.026785 -0.018952 -0.073710 -0.067680 -0.078979 0.053777 -0.108112 0.008767 -0.119537 -0.044802 0.021874 0.034358 -0.002952 0.102983 0.050840 -0.121323 0.034360 0.025125 -0.045769 0.104554 -0.008650 -0.000636 0.109351 -0.022773 -0.069620 -0.039505 0.080670 -0.049943 -0.060960 -0.090844 -0.064360 0.035148 -0.015043 0.066935 -0.065379 -0.133028 0.050620 0.028654 0.048967 -0.011207 0.170326 0.031583 -0.011731 0.020918 0.110815 -0.039716 -0.011308 -0.021396 -0.122342 -0.084785 0.079218 -0.019138 -0.075767 0.016189 -0.011162 -0.036092 -0.099037 -0.074566 -0.075850 -0.011688 0.095314 -0.194636 0.041422 -0.019446 -0.104708 0.117687 -0.042197 0.076268 -0.052554 -0.034064 0.080643 0.020665 0.005614 -0.009026 -0.124360 0.050605 -0.020689 -0.077526 0.027553
6272 0.019067 0.136941 0.032324 0.044768 0.035782 0.122260 0.082836 0.013166 0.022217 -0.058750 -0.046650 0.038621 0.051722 -0.031155 0.134641 0.107783 0.003774 -0.105265 0.034875 -0.015559 0.034521 -0.045482 0.046235 -0.042689 -0.035179 0.060242 0.079750 -0.004893 0.010566 -0.097110 -0.063945 -0.103290 -0.002521 0.087135 -0.006678 -0.115201 0.149165 0.073152 0.078808 0.050891 -0.073060 -0.076805 0.077531 0.036338 -0.094117 0.026830 0.028646 -0.140821 0.001602 -0.068744 0.093202 -0.134804 -0.078428 0.035151 0.036230 0.047068 -0.016184 0.004504 -0.035781 -0.067003 0.072630 -0.017465 -0.051677 0.085950 0.065290 0.054317 0.054728 0.014545 0.027792 -0.018935 -0.129726 0.001749 0.000793 0.026627 0.009868 -0.124130 0.012292 -0.055246 0.064141 0.111956 -0.002771 0.197373 0.025682 -0.026067 0.110282 0.118347 0.030860 -0.065356 -0.047431 -0.004818 0.027217 0.002299 -0.062876 0.110605 -0.019330 0.039736 -0.004918 -0.056429 -0.095965 -0.009522 -0.007846 -0.013877 0.112186 -0.011821 0.034533 -0.141968 -0.061469 -0.028021 -0.006964 -0.048060 -0.051045 0.011595 -0.025514 0.038075 -0.047678 0.058593 -0.063957 0.161523 0.016877 -0.078643 -0.045982 -0.051753 -0.007470 -0.058618 0.009884 0.094257 -0.051171 -0.002642 -0.099887 -0.028517 -0.063955 0.074942 -0.016589 -0.174644 -0.063461 0.002653 -0.006442 -0.103979 0.035668 -0.064598 -0.049437 -0.051458 -0.046461 -0.079174 0.049597 -0.070809 -0.014142 0.017042 0.225841 -0.027462 0.155277 0.015429 -0.049094 0.067196 0.097218 -0.075716 -0.128670 -0.007796 -0.075801 -0.059008 -0.052284 0.008506 -0.090175 -0.050601 0.079862 0.077493 0.059208 -0.000175 -0.183422 0.076356 -0.087752 0.005725 -0.078451 -0.077799 0.054517 0.082527 -0.183273 -0.078774 -0.033250 0.054372 -0.126971 -0.103599 0.048688 0.051340 -0.031660 -0.003981 -0.051988 0.041339 -0.021015 0.018103 -0.108207 0.020731
6367 0.025646 -0.007158 -0.031598 -0.123892 -0.069156 -0.065290 -0.185708 0.038612 -0.077131 -0.014597 0.126323 0.129198 0.128979 0.092810 -0.098221 -0.000443 -0.019665 0.049733 -0.102292 0.018719 0.058707 -0.082224 -0.166728 0.054507 0.044749 0.081287 -0.024226 0.058237 0.046558 -0.152359 -0.006178 -0.018946 0.051116 0.026580 0.062272 -0.087147 -0.074715 0.082758 0.011528 -0.053202 -0.050284 0.016847 -0.123050 0.008080 -0.053592 -0.092079 0.092960 -0.117105 0.001886 0.008560 -0.046193 0.007377 -0.158165 -0.048088 0.051314 0.025500 0.003795 0.046577 -0.027073 -0.019624 0.096756 0.008241 -0.042090 0.065836 0.111461 0.007878 -0.005881 0.007862 -0.079363 0.007598 -0.013498 -0.089237 -0.147791 0.008016 -0.032471 -0.196942 -0.079132 -0.043340 0.014256 -0.001686 -0.044403 0.015343 0.017761 -0.243610 -0.017264 -0.005985 -0.028539 -0.070611 -0.167568 -0.050473 -0.123765 0.014570 0.011512 0.071550 -0.004335 0.014122 0.046629 0.071816 0.084818 0.038222 0.048124 -0.125859 0.129362 0.043141 0.084039 0.062819 -0.081636 -0.132103 0.025285 -0.065320 -0.035480 0.006272 -0.015342 -0.018115 -0.025849 -0.006014 0.064484 0.066823 0.132072 0.059519 0.020246 -0.020031 0.045649 0.105980 0.126652 0.034493 0.060562 0.002801 -0.117308 -0.069016 -0.051982 -0.039564 -0.065093 0.032164 -0.110082 -0.060158 0.083954 -0.000232 0.017189 -0.075168 -0.032062 -0.028146 0.007044 0.004492 -0.000139 -0.023148 0.034483 -0.126377 -0.136106 0.025327 0.006748 0.057637 -0.024715 0.116841 0.076337 -0.041819 -0.143817 -0.155387 0.007088 -0.002409 -0.012097 -0.046777 0.012701 -0.016794 -0.008279 -0.045483 0.017156 0.040401 -0.072823 -0.017119 0.073386 -0.017210 -0.075037 0.004127 -0.036593 0.017369 -0.030444 0.017914 0.120831 -0.163885 -0.030306 -0.085308 0.014732 -0.010469 0.101325 0.012754 -0.012559 -0.056301 -0.010718 0.057669 0.023350 -0.027706
6385 -0.065307 0.027525 0.095829 0.097857 0.072405 -0.116194 0.017093 0.006470 -0.008834 0.042595 -0.006545 0.071251 0.061058 -0.032188 0.104286 -0.038794 -0.027400 0.020360 0.011544 -0.003142 -0.071033 -0.049578 0.012549 -0.172834 0.105507 -0.009242 0.001987 0.012201 -0.000137 -0.080614 0.053005 -0.012867 0.004434 0.081693 0.063881 0.056864 0.030917 0.086320 0.008897 -0.012622 -0.142312 0.048524 -0.014178 -0.001721 0.117201 -0.019507 0.020745 -0.047825 0.121740 0.002410 -0.089414 -0.037627 -0.115658 0.001014 0.023108 0.086085 -0.021660 -0.055711 0.030019 0.136009 0.012858 0.057491 -0.038581 0.018742 0.055120 0.031226 -0.085220 -0.126165 0.075666 0.001544 -0.109603 0.001542 -0.011609 -0.049005 -0.053296 -0.102661 -0.071428 -0.046595 0.150776 0.025524 0.049100 0.077446 -0.072396 0.096238 0.035578 0.097272 0.125833 -0.035302 -0.091654 0.092489 -0.104694 0.010498 0.092850 0.125721 -0.035133 0.043959 0.036738 -0.047299 -0.139964 0.094944 -0.021137 -0.054566 0.081391 -0.070415 0.005828 -0.014909 0.036727 -0.026761 0.139400 -0.025315 -0.032553 0.078128 -0.003308 -0.118717 -0.078884 0.073178 -0.102382 0.075060 0.023129 0.034501 0.028491 0.025152 0.087176 0.076570 0.088688 0.110856 -0.148467 -0.128991 -0.124158 -0.030700 -0.055831 0.095045 0.137786 -0.022565 -0.131013 -0.031675 0.034326 -0.030343 0.019875 0.004889 0.021046 -0.069733 -0.047623 -0.113803 -0.066995 -0.053722 -0.126380 -0.060197 0.098974 -0.060019 0.076030 0.116962 -0.071694 0.034078 0.103082 0.016790 -0.014323 0.038946 -0.121430 -0.023953 0.039639 -0.066889 0.031551 -0.050192 0.021441 -0.039078 0.037754 0.002435 -0.063402 -0.023983 -0.019649 -0.120790 -0.011908 0.185879 0.071809 0.058498 -0.094999 -0.122649 -0.034206 0.102116 0.050666 -0.059291 0.008790 0.051102 -0.046467 0.043324 -0.061353 -0.049751 -0.003213 0.045506 0.157895 -0.066705
6415 -0.005153 0.056219 0.173673 -0.006105 0.031109 0.040115 0.027492 0.107740 -0.061450 -0.110756 -0.131138 0.076029 0.149900 -0.087561 -0.032473 -0.023593 -0.031135 -0.007156 0.003714 0.048686 0.050475 -0.060282 -0.034591 0.011637 -0.016507 0.035272 -0.155030 0.083593 0.094199 -0.076725 0.010251 0.060487 -0.121696 -0.083481 0.175647 -0.063972 -0.068065 -0.113258 0.059050 -0.071104 -0.017975 -0.020838 -0.005910 -0.076728 0.099167 0.004344 0.009955 -0.071610 0.007189 0.023923 0.040808 0.012867 0.018038 0.015877 -0.057272 0.050506 -0.078428 -0.073927 0.038243 0.051359 0.116113 -0.000661 -0.023960 0.038009 -0.015670 -0.008648 0.105842 -0.147650 -0.092471 -0.140403 -0.005173 0.035899 0.045626 0.096778 0.004941 -0.109193 0.034807 -0.045340 0.009021 0.119884 -0.073633 0.015498 0.099450 0.060223 0.067501 -0.035950 0.004198 -0.005970 0.041434 0.045016 0.008387 -0.103726 0.199747 0.021179 -0.083212 -0.110086 0.018240 -0.021949 -0.074381 0.110150 0.035137 -0.017898 -0.021681 -0.015428 0.005002 -0.087506 -0.043771 -0.001754 0.018282 -0.105223 -0.023898 -0.082915 -0.066659 0.021412 -0.007587 0.137784 -0.085304 0.022623 0.033708 -0.011148 -0.003421 -0.124076 -0.076099 -0.129736 0.073825 -0.038401 -0.099891 -0.173554 -0.068027 0.044387 -0.006705 0.005244 0.098183 -0.085076 -0.096173 -0.124034 -0.042918 -0.033835 0.035259 -0.031890 -0.151638 -0.060792 0.070474 -0.055072 -0.034192 -0.008200 -0.023326 0.038426 -0.059267 -0.004747 0.062124 -0.035320 -0.044744 0.053013 0.004259 -0.101942 0.047908 -0.088048 -0.113374 0.108166 0.013877 0.098328 -0.039187 -0.020782 0.070974 -0.028004 -0.126491 0.043853 -0.144729 0.029502 0.126102 0.059678 -0.032730 0.013573 -0.006739 -0.068352 -0.016205 -0.114224 0.040070 0.079356 -0.139176 -0.061763 -0.022275 0.002667 -0.011145 0.045348 -0.080720 0.022914 0.010751 0.040307 0.124435 -0.006042
6437 0.170308 0.022135 0.030100 -0.125047 -0.002562 -0.103982 -0.038114 0.020636 0.067433 -0.098644 -0.092454 0.095483 0.061645 -0.112222 0.036417 -0.029650 0.121849 -0.042441 0.115181 -0.018630 0.037267 -0.059023 -0.030635 0.060188 0.047287 0.068889 0.018755 0.138739 0.056633 -0.057669 0.036055 0.104291 0.131063 0.108245 0.022460 0.029774 -0.040324 0.145584 0.067104 0.028855 0.098836 0.006054 -0.056449 0.078842 0.045307 -0.009891 -0.128889 -0.033779 -0.033900 -0.079043 -0.048764 0.024594 0.021546 0.031897 0.066545 0.094218 -0.072446 0.066285 0.087245 0.027991 -0.032197 0.019337 0.066078 -0.102485 0.033782 0.015379 -0.015718 -0.005650 0.010342 0.040841 -0.206426 -0.016261 -0.055418 -0.010869 0.041130 -0.076295 -0.205779 -0.074663 -0.001714 0.038729 0.008662 0.064533 -0.028619 -0.115752 0.007318 0.077972 0.006394 0.030456 -0.093496 0.120135 0.016593 -0.050905 -0.008213 -0.010835 0.080465 -0.049308 -0.091027 -0.007298 -0.023884 -0.052695 -0.051590 0.119305 0.013745 0.171307 0.027295 -0.011249 0.031416 -0.108847 0.019113 -0.101790 -0.022314 -0.052769 -0.017283 0.050595 -0.127039 0.128946 -0.025881 0.116617 0.029667 -0.057794 0.039114 -0.046065 -0.023649 -0.029488 0.017430 0.067580 -0.049343 -0.071405 -0.092984 0.046907 -0.007522 -0.076661 0.036464 -0.039748 0.038889 0.004217 -0.021194 0.018310 -0.070188 -0.041308 -0.065527 0.035832 0.108235 -0.109065 0.005128 0.052155 0.108434 -0.092177 -0.143239 0.101898 -0.026121 -0.005479 0.075302 0.062385 0.020744 -0.128614 0.076124 -0.159021 -0.016763 0.064250 0.027360 -0.093931 0.020581 -0.173268 -0.051124 -0.015088 0.056232 0.018495 -0.058699 0.061585 0.212264 0.075712 0.034231 0.065907 0.004819 -0.057006 0.012481 -0.010058 0.008489 -0.015582 0.021818 -0.076333 -0.009436 0.021135 -0.058685 0.088270 -0.043074 -0.062448 -0.083374 0.010907 -0.036376 -0.060913
6454 -0.014908 0.066052 -0.104371 0.098767 0.049628 -0.047687 -0.147220 0.137265 -0.076236 0.099066 0.113824 -0.037171 0.073043 0.110531 0.021447 0.058236 -0.149732 0.047250 0.003993 -0.051364 -0.031649 -0.024726 -0.050346 0.093065 -0.105809 -0.014199 0.009411 0.075792 0.137122 -0.168359 -0.053090 -0.177514 0.005488 -0.092994 0.026901 0.018905 -0.043854 -0.003758 0.047479 -0.007013 0.034140 -0.012810 0.023567 -0.086431 0.065744 -0.215734 0.024239 -0.083185 0.012371 0.072865 -0.029833 0.003853 0.072044 -0.139147 0.095191 -0.008020 0.112769 0.018782 -0.163318 0.069896 0.053717 -0.100877 -0.170834 -0.045822 0.116414 -0.087822 0.054598 -0.019781 0.021085 -0.057479 -0.053559 -0.134678 0.012773 0.082689 -0.042966 -0.031122 -0.022586 0.072891 -0.047659 -0.055178 -0.052273 0.069419 0.068009 -0.068105 0.019609 0.082779 -0.068941 -0.004565 -0.041171 0.055656 -0.030679 -0.043886 0.027006 0.167938 -0.007133 0.166877 0.090207 0.002819 -0.003973 0.031228 -0.111944 -0.014719 0.112819 -0.057686 -0.044327 0.054561 -0.054861 -0.001638 -0.055735 -0.041319 0.040200 -0.138117 -0.063664 0.054851 -0.001648 0.091431 0.061275 -0.015386 -0.005096 -0.033898 -0.056311 0.027738 -0.032139 -0.042584 0.111120 0.030934 0.019943 -0.085460 -0.051911 0.022710 -0.070546 -0.034914 -0.006571 -0.039960 -0.013548 -0.019034 0.042850 -0.033834 -0.009787 -0.077916 0.108962 0.013918 -0.029049 -0.026483 -0.042280 -0.006228 0.040982 -0.030911 0.113017 0.012328 0.021022 -0.098013 -0.033735 -0.063005 0.016820 0.185513 -0.091213 -0.025205 -0.081963 -0.004413 -0.145232 0.023924 0.008089 0.033650 0.007183 0.047490 0.001471 -0.051377 0.000296 0.012400 -0.021661 -0.003040 -0.001498 -0.002561 -0.093834 0.055861 -0.093570 0.040402 -0.053520 0.153664 -0.082863 -0.077724 -0.098404 -0.013342 0.093612 0.046945 0.076535 0.000728 0.050136 0.034481 0.029020 -0.080427
6476 -0.007411 -0.039063 0.072587 0.011823 0.001220 -0.142993 -0.079975 -0.008096 -0.060874 0.079373 -0.031056 0.143178 0.114155 0.059136 0.123696 -0.059559 -0.076469 -0.006132 -0.020034 0.018054 0.002467 -0.102505 0.086907 -0.048764 -0.012689 -0.027527 0.036396 -0.006802 -0.033673 -0.042821 0.010221 -0.014519 0.111912 -0.014875 0.097165 0.112141 0.059735 0.099703 -0.057518 0.034240 -0.191998 0.075270 0.031664 -0.050801 0.098099 -0.094626 0.005502 -0.042651 0.078769 -0.027743 -0.007615 -0.064391 -0.187887 0.078767 0.020745 -0.021283 -0.051970 0.069408 -0.063012 0.140955 0.000345 -0.016539 0.022933 0.039269 0.011780 0.092604 -0.074695 -0.158646 0.047741 -0.181996 0.018533 0.063616 0.008652 -0.047157 -0.057015 -0.026594 -0.013047 -0.043538 -0.035615 0.052942 -0.006313 -0.018334 -0.048464 0.003243 0.098594 0.017754 0.002365 -0.016598 0.007447 0.024492 0.075450 -0.030212 0.023991 0.193593 0.054318 -0.017607 0.095580 -0.099519 -0.078250 0.021130 -0.035355 -0.016908 0.122918 -0.114823 -0.068909 0.029712 0.020431 -0.130897 0.039901 0.065097 -0.122555 0.014417 0.026372 -0.029522 -0.033300 0.026981 -0.065393 0.050428 0.003853 -0.039217 0.090498 -0.044288 -0.000261 0.105320 0.072922 0.108000 -0.023871 -0.015187 -0.015831 -0.127163 0.070693 0.106013 0.079194 0.022564 -0.003006 -0.085765 -0.047534 -0.007030 0.039938 -0.091834 -0.083869 -0.053948 -0.061487 -0.022089 -0.088714 0.018396 -0.108430 -0.033149 0.062359 -0.111308 -0.035736 -0.039184 0.047583 0.055503 0.018167 0.026384 -0.114678 0.135414 -0.165053 0.037436 0.020938 -0.139361 0.043837 0.149594 -0.024785 -0.085512 0.030587 -0.082665 -0.037001 -0.086026 0.050615 0.039704 0.030580 0.027320 -0.054038 0.082711 -0.072263 0.010611 0.032764 0.008944 0.094429 -0.136509 0.098459 0.080067 -0.006060 0.010550 -0.076627 -0.062299 0.042756 0.039663 -0.006210 0.169146
6529 -0.050678 -0.046884 0.006730 -0.005305 0.052215 0.024943 -0.108452 0.151609 -0.075365 -0.096345 0.125080 -0.070812 -0.037963 0.133684 -0.107884 0.003502 0.002595 0.007568 -0.084457 -0.150052 -0.007950 0.024828 -0.047387 0.016133 -0.045882 0.065473 -0.075634 0.027024 0.114131 0.029620 -0.026817 -0.108642 0.053619 0.043882 0.074881 -0.011418 -0.094445 0.066920 -0.061458 -0.019504 -0.026754 -0.037780 -0.115805 0.042923 0.105513 -0.022290 -0.017783 -0.024734 -0.078252 -0.047902 -0.030406 0.021972 -0.062217 -0.024881 0.110907 0.042676 0.032020 -0.016811 -0.032590 0.100088 0.019960 -0.021426 -0.038536 0.095106 0.087428 -0.104883 -0.033561 -0.050549 -0.044502 -0.021538 -0.174507 0.003230 0.080921 0.028339 0.117901 -0.016687 -0.008732 -0.040399 0.013565 -0.080456 0.019528 0.081839 0.011499 -0.035036 -0.114479 0.106415 0.098175 -0.025372 -0.097221 0.004560 0.056297 -0.017798 -0.056146 0.142778 -0.105916 0.036056 -0.024827 -0.047525 -0.069355 0.010531 0.023781 0.126993 -0.094380 -0.132284 0.064678 -0.089774 -0.021198 0.012432 -0.008624 0.099359 0.033190 -0.028019 -0.053170 0.052914 -0.063842 0.001689 -0.073042 -0.033533 0.003684 -0.050575 0.045839 -0.089771 0.061080 -0.050010 -0.033255 0.051601 -0.084680 0.026498 0.019117 -0.013545 0.169838 -0.026624 -0.016076 0.051271 -0.003401 0.037041 0.186339 0.073998 0.070962 -0.070411 -0.054557 -0.013907 0.008955 0.117364 0.048507 0.099418 0.032593 -0.037339 -0.088045 0.091297 -0.052052 -0.112898 0.037194 0.167605 0.130457 -0.078741 -0.052874 -0.011552 -0.038860 -0.030731 -0.119407 -0.101482 0.152032 0.121306 -0.056879 0.054307 -0.031129 -0.057264 0.050487 -0.104087 0.000604 -0.089877 -0.119556 -0.000605 -0.072354 0.014964 -0.123418 0.024275 -0.006113 -0.097626 0.062394 -0.015711 0.010637 0.096542 -0.053832 -0.127400 -0.057975 -0.020324 0.077031 -0.113512 -0.038437 0.079479
6531 0.072765 0.028194 0.040617 0.019571 0.071811 -0.112026 0.141786 0.048444 0.059393 0.008262 -0.009918 0.133922 0.147691 -0.058700 -0.109356 -0.064625 -0.142009 0.032344 -0.069173 0.108748 0.074613 0.047811 0.080534 -0.113102 -0.047050 -0.025913 -0.015502 0.027509 0.125573 -0.060982 0.049016 -0.059121 -0.054981 0.037251 0.168134 0.061051 -0.156053 -0.079120 0.010325 0.037547 0.019192 -0.031875 -0.011616 -0.008259 0.011085 -0.021640 0.085965 -0.063044 0.045240 -0.070839 -0.023471 -0.034322 0.013111 -0.123786 -0.066505 -0.003563 -0.074347 -0.035640 0.026295 0.090185 0.080256 0.049704 0.089429 -0.061577 0.024956 -0.035744 -0.018374 0.061719 -0.106351 -0.083743 -0.052784 -0.022732 0.050274 -0.050953 -0.073507 0.009973 0.024660 0.007768 0.023116 0.199043 -0.098380 -0.034038 0.081767 0.058949 0.079457 0.037391 -0.035372 -0.092208 -0.076962 -0.026807 -0.047510 -0.057633 0.119256 0.091162 -0.040500 0.066491 0.065849 -0.037842 -0.058728 -0.076224 -0.081038 0.010242 0.040725 0.034058 -0.095335 -0.069121 0.063365 0.002865 0.008232 -0.033094 -0.000815 -0.076285 0.043283 0.073445 -0.145192 0.085618 0.001129 0.016928 -0.020823 0.036181 -0.054630 -0.030515 -0.000977 -0.033586 0.150147 -0.063311 -0.220042 -0.009340 -0.099823 -0.008415 -0.032310 -0.023841 0.186327 -0.150831 -0.102899 -0.082934 -0.041545 -0.081961 0.033570 0.027293 -0.026170 -0.030862 0.071721 0.078960 -0.020644 -0.000329 -0.124426 0.113945 -0.026527 -0.117098 0.056053 -0.114527 -0.015336 0.043495 -0.079069 -0.052765 -0.039505 0.053755 -0.026123 0.109970 -0.112395 -0.043045 0.006720 -0.031685 -0.037840 -0.069599 -0.033732 0.044308 -0.039848 -0.001416 0.054734 -0.019935 -0.136803 -0.008853 -0.044567 0.013126 -0.059670 -0.127796 0.079374 0.003112 0.032264 -0.051478 -0.085394 -0.028036 0.052660 0.091937 -0.038645 0.016162 0.045270 0.007145 0.021766 0.139673
6563 -0.045716 -0.066633 -0.160857 0.022769 0.004100 -0.112394 0.014069 0.060555 0.000611 0.002934 0.020924 0.103708 0.028174 -0.039343 0.026235 0.148636 -0.062857 0.114766 0.060189 0.128092 0.041380 -0.174368 0.023578 -0.031972 0.039455 -0.044399 -0.019467 0.082910 -0.060079 0.028911 -0.031968 -0.009058 -0.026236 0.057728 0.144401 0.039026 -0.128784 0.062225 -0.015337 -0.126822 0.023088 -0.027888 -0.037543 -0.054050 -0.044611 -0.097136 0.155192 -0.003196 0.054154 0.003377 -0.107760 -0.068795 0.082046 0.028008 0.018971 -0.087426 -0.065098 -0.004228 -0.070798 -0.040242 0.066808 -0.016416 -0.077210 -0.070102 0.009553 -0.060069 0.022397 -0.086100 -0.049500 -0.035391 -0.100781 -0.077654 0.004497 0.025870 -0.071775 -0.164846 0.102781 -0.086438 0.001982 -0.040355 -0.086323 0.150441 -0.033267 -0.009520 0.068252 -0.130270 0.040491 -0.061034 0.020569 -0.034975 -0.045274 0.060030 0.068006 0.010974 0.055863 -0.015096 -0.036123 -0.094886 0.018079 0.064847 -0.089249 -0.156243 0.096620 0.017754 -0.024907 -0.188000 -0.103471 0.026363 0.044154 0.017344 -0.042251 0.076340 -0.046934 -0.058203 -0.023293 0.090854 0.004165 0.069096 0.029165 -0.133770 -0.042386 -0.075187 0.060518 0.071411 -0.072892 -0.016438 0.088074 -0.041956 -0.120615 0.069896 0.039534 -0.026677 0.047847 -0.036304 0.039415 0.079210 0.029771 -0.125774 -0.036154 0.007662 -0.049318 0.016621 0.114463 -0.091459 0.054735 0.017008 0.037979 -0.001261 0.060868 0.006677 -0.040610 -0.068870 0.009518 0.151355 -0.027885 -0.009017 -0.017480 -0.117285 -0.058610 0.038468 -0.021482 -0.089771 -0.015401 -0.135290 0.033302 -0.004415 -0.072740 0.088819 -0.034472 0.055376 0.085788 -0.021926 0.016938 0.027605 -0.073238 0.051590 0.077582 -0.108781 0.010625 0.098122 0.059463 -0.049275 0.050853 0.090224 0.110991 0.155330 0.113379 -0.061419 -0.080347 0.124117 -0.071223 0.017617
669 0.140518 -0.077017 0.085582 0.081207 -0.086016 -0.049449 0.143911 -0.002196 -0.040220 -0.134459 -0.081452 0.073518 0.094848 -0.016939 -0.012577 -0.078830 0.026003 -0.032337 0.031568 -0.007554 -0.007527 0.003125 -0.092445 0.044870 0.142012 -0.010074 0.094555 0.044231 0.085122 -0.085217 0.056666 0.008804 0.004531 0.031028 0.192809 -0.036266 -0.069819 -0.020953 -0.053010 0.052618 0.032683 0.055292 0.092243 0.068364 -0.022452 -0.000454 -0.059051 -0.025325 -0.087163 -0.091430 -0.026327 -0.014140 -0.037307 -0.082779 -0.079769 0.030855 -0.044676 -0.066538 -0.083581 -0.072721 0.144011 -0.114587 -0.087997 -0.032580 0.180580 0.031417 0.022076 0.054362 -0.014478 -0.056602 -0.080268 -0.122602 0.008630 -0.013931 -0.074493 0.062309 0.186263 -0.097277 0.001848 0.212584 -0.073217 0.124890 0.027710 0.008347 0.138631 -0.014334 0.041442 0.175412 0.026956 0.000232 0.060894 -0.069704 -0.013496 0.142221 0.040508 -0.024377 0.012044 -0.014881 -0.085564 0.040017 -0.013949 -0.023288 0.024685 -0.113181 0.051153 0.092267 -0.022606 0.013094 -0.000821 -0.047856 -0.052387 -0.023075 -0.172124 -0.020292 -0.044708 -0.027702 0.049656 -0.018105 -0.033228 0.061778 -0.022235 -0.012349 -0.053145 0.004569 0.014228 -0.015172 0.041311 -0.034017 -0.033774 -0.034203 -0.061601 0.019753 0.052281 -0.132735 -0.062429 0.037911 -0.047846 -0.080011 -0.079184 -0.039793 -0.018666 0.014259 -0.008932 0.091987 -0.087634 0.021779 -0.075418 0.014222 -0.054791 -0.021799 0.089589 -0.079586 0.039758 -0.055308 0.030016 -0.103605 -0.055484 0.016988 -0.076176 0.062424 0.004517 -0.141994 0.081295 -0.022900 -0.076694 -0.018086 -0.071957 -0.054023 -0.122928 0.025403 0.159495 0.073694 -0.028439 -0.068940 0.006158 0.104074 0.068830 0.013752 0.014539 -0.079918 -0.154283 -0.016348 -0.085863 0.029171 -0.085426 0.113240 0.057113 0.030784 0.020858 -0.051313 0.053266 0.038377
6818 0.054121 0.099539 0.092441 0.029138 0.066053 -0.073426 0.010795 -0.109100 0.008345 -0.117804 -0.084251 0.072065 0.126169 -0.010135 0.084562 -0.020711 -0.002883 -0.029646 0.084073 0.039697 -0.005509 -0.045549 0.042230 -0.026293 -0.026080 -0.065754 -0.048032 -0.006949 -0.097037 -0.150726 0.072282 -0.096281 0.125333 0.006163 0.074088 -0.037464 0.028537 -0.025696 -0.037105 0.066810 -0.020675 -0.132912 0.026734 0.052750 -0.029502 -0.034311 0.003414 -0.067371 0.072671 -0.021091 0.069803 -0.040131 -0.061036 -0.017054 0.051064 -0.021525 -0.056054 0.019972 -0.136542 0.039903 0.023552 0.069816 0.008668 0.116128 0.086292 0.051927 -0.010951 -0.020183 0.026639 -0.049490 -0.037775 0.037017 0.045640 -0.045584 -0.006352 -0.080343 -0.124159 -0.082952 -0.044187 0.080297 0.055246 0.127245 0.050030 0.007368 0.015373 0.021483 0.048968 0.056246 0.011612 0.091437 -0.031909 -0.183860 -0.012556 0.117449 -0.057349 -0.091776 -0.040492 -0.022500 -0.136142 -0.063670 -0.073454 -0.099386 0.111015 0.070674 0.067655 -0.041249 -0.082346 -0.021997 -0.110441 0.096194 -0.040164 0.013321 -0.021523 -0.024375 -0.085668 -0.070224 -0.102156 0.099400 0.045826 -0.065274 -0.009286 0.047225 0.063677 0.078237 0.116156 -0.007566 -0.088427 0.122665 -0.110131 0.016863 -0.011434 -0.054081 -0.021906 -0.127013 0.035206 -0.021255 0.144418 -0.025453 -0.031712 -0.048392 0.047695 -0.092859 -0.056815 -0.059950 0.091850 -0.004478 0.009725 0.037336 0.132596 -0.115155 -0.045971 -0.055766 -0.036806 0.015959 -0.035978 -0.017420 -0.002278 0.041452 -0.008317 -0.140536 0.019559 -0.043013 0.013767 -0.040800 -0.136767 0.006835 0.077065 0.021982 -0.122735 0.052671 -0.063311 -0.149733 -0.097835 0.023453 -0.148589 0.105628 -0.115998 -0.001115 0.043065 -0.005404 0.112518 -0.213378 0.071543 0.000520 -0.107535 -0.000871 0.069650 -0.019225 -0.062447 0.090190 0.082944 -0.038324
6836 0.013010 -0.119207 -0.009041 -0.049324 0.020774 -0.100175 -0.126606 -0.065893 -0.123474 -0.094065 0.010525 0.099928 0.049451 -0.055852 0.029863 -0.015786 0.082324 0.101179 -0.077400 0.020988 0.033442 -0.129494 -0.068973 0.108675 0.051783 -0.072360 0.003191 0.005989 0.090301 -0.033029 -0.016138 -0.059910 -0.132155 0.086040 -0.006422 -0.005790 0.163443 0.006205 -0.017458 -0.028004 -0.111620 0.019620 -0.060064 -0.029177 -0.006769 -0.055679 0.138616 -0.140557 -0.023675 0.052193 -0.055646 -0.039167 -0.037072 -0.132891 0.039936 -0.010322 0.002041 0.028654 -0.071819 0.167867 -0.135711 0.013512 -0.067322 0.028902 0.049323 -0.139124 -0.018256 0.034669 0.060311 0.118951 -0.056915 -0.082052 -0.048678 0.097468 0.111887 0.048323 0.058485 0.015791 0.079726 0.014171 -0.019188 -0.036902 0.014975 -0.098553 -0.021637 0.045797 0.001195 0.091203 -0.161038 0.074954 -0.009348 -0.034590 0.154763 0.031714 0.033417 -0.014454 -0.013601 0.016751 -0.125786 0.042566 0.025690 0.007711 0.064718 -0.028314 0.004184 0.003502 -0.014320 0.030760 -0.079228 -0.083239 0.103954 -0.047834 -0.041062 0.138591 -0.095332 0.035363 0.044831 0.027031 0.058966 -0.102724 -0.025828 -0.045807 -0.005753 0.022506 0.104853 0.020500 -0.037703 0.017412 -0.033278 -0.165506 -0.031651 -0.058360 -0.079490 -0.007582 -0.028289 -0.034813 0.010657 -0.083258 -0.096108 0.034892 -0.122573 0.003695 -0.001426 -0.047135 -0.037230 -0.042078 0.041757 0.016635 -0.008169 -0.004662 0.031463 -0.049298 0.059674 0.122353 0.011641 0.001764 -0.044995 0.001016 -0.070095 0.061006 -0.133250 0.065218 0.114179 -0.007551 -0.121984 -0.039537 0.132798 0.040680 -0.096753 0.030850 -0.060483 -0.045463 0.002133 -0.019123 0.114733 -0.031646 -0.071897 -0.105523 0.111928 -0.015887 -0.147885 -0.026109 -0.026875 0.065934 0.109558 0.030000 0.191827 -0.022451 -0.147337 -0.040730 0.046991 0.004711
6848 -0.032465 -0.050790 -0.012762 0.084878 -0.038829 0.145243 -0.169565 -0.070793 0.063786 -0.057206 0.134506 0.049431 0.140911 0.075909 0.017153 -0.013552 0.125634 0.104173 -0.070935 -0.112501 0.054940 -0.002183 -0.069956 -0.027477 0.039503 0.088583 0.024616 0.002004 -0.024572 -0.027293 0.106039 0.066367 0.023813 0.038352 0.039686 -0.045497 0.076952 -0.064638 0.050449 -0.050024 -0.030901 -0.029558 0.032912 0.035919 0.103327 -0.010361 -0.086499 -0.081185 -0.054679 -0.051060 0.015032 -0.046014 -0.033682 -0.045837 -0.011211 0.039950 -0.005348 -0.033257 -0.080283 0.033962 0.005086 -0.155132 -0.035291 -0.017099 0.039572 -0.028276 -0.072672 0.121115 0.027004 0.061575 -0.023900 -0.120233 0.151701 0.014523 -0.007779 -0.086922 -0.037453 -0.001440 0.020255 0.046221 0.074005 0.069399 -0.005237 -0.064680 -0.078117 -0.054597 -0.028174 -0.037901 -0.034933 -0.014373 -0.055064 -0.056555 0.015001 -0.123993 -0.000253 -0.051239 -0.159742 -0.033887 -0.098666 -0.001202 -0.103709 -0.010655 0.183439 -0.059743 0.169277 -0.135682 0.057466 0.040152 0.018956 0.080957 0.083920 -0.217935 0.021986 -0.040505 0.039159 -0.007771 -0.032778 0.023357 0.122635 0.084952 -0.093238 -0.179298 -0.039804 -0.056765 -0.045116 -0.005109 0.053812 0.011305 -0.007823 0.085647 0.012619 0.033050 -0.076600 -0.080388 -0.020488 0.061834 0.068696 0.103737 0.031471 -0.029527 0.037771 -0.051237 -0.040563 0.104748 0.014708 -0.070649 -0.060214 0.064494 0.000373 -0.020901 -0.063067 0.063564 -0.079188 -0.057262 -0.070580 0.002934 -0.019036 -0.070153 -0.198944 0.070687 -0.010982 -0.088042 0.065953 0.056106 -0.065965 -0.071328 -0.071839 0.027961 -0.078332 0.098294 0.036198 -0.025297 -0.029111 0.140720 -0.007492 -0.174428 0.106395 -0.036045 -0.034338 -0.062159 -0.074462 -0.058760 -0.093276 -0.017705 0.004017 0.025287 -0.084269 0.033001 -0.043781 -0.017893 0.073364 0.007047
6880 0.051633 0.092515 0.036227 0.036365 0.064423 -0.109409 -0.120990 0.029622 -0.170874 -0.037665 0.086010 0.021439 0.043321 0.013291 0.085901 -0.052663 -0.102958 -0.059880 -0.049384 -0.050066 0.021211 0.056319 -0.111376 0.074337 -0.000346 0.078608 0.029975 0.024305 0.074654 -0.011182 -0.072367 0.089226 -0.053377 -0.031528 -0.015327 -0.077270 0.027355 0.038669 -0.047238 -0.078380 -0.047996 0.155086 -0.078147 0.098071 0.030311 0.004334 -0.122512 -0.104417 0.101425 0.014557 -0.042805 -0.040432 0.042267 -0.158676 -0.052764 0.007429 0.091280 -0.013489 -0.054027 0.085485 0.007697 0.013030 -0.081620 -0.006567 0.093942 0.104923 0.072557 -0.013534 -0.032379 -0.081664 -0.046800 0.004126 0.154576 0.064214 -0.010754 -0.123279 -0.017497 0.067217 0.125445 -0.018335 -0.033481 0.018543 -0.019740 0.001270 -0.024182 0.065526 -0.074401 -0.018390 -0.056475 0.030748 0.036880 -0.099949 -0.010390 0.086163 -0.168856 0.000880 -0.006637 -0.073786 0.040934 0.052093 -0.098403 0.041797 0.127203 -0.084381 -0.063608 -0.035482 -0.052397 -0.098524 -0.091164 -0.117944 -0.005803 -0.031247 -0.083521 -0.027831 -0.061744 0.048735 -0.047908 0.072486 0.023709 -0.013134 -0.094481 -0.009504 0.013637 -0.109597 -0.017029 -0.012308 0.141528 -0.019112 0.006133 0.063954 -0.055015 -0.047080 -0.095621 -0.081986 -0.017189 0.075998 -0.034107 -0.036546 0.120246 0.089036 0.013273 0.037355 -0.049873 -0.106466 -0.020910 0.014459 0.116407 -0.040479 0.085875 -0.004159 0.029927 0.032049 0.002473 0.155524 -0.020822 0.233130 -0.044312 -0.072485 -0.144667 0.063757 -0.008361 -0.083444 0.039863 -0.034837 -0.128020 -0.114146 0.008802 0.046752 0.020985 -0.092264 -0.060520 -0.109177 0.013164 0.113204 0.077956 0.042462 0.005920 -0.049813 0.061744 0.010247 -0.109059 -0.048999 -0.068563 -0.055264 0.107385 0.007520 0.113470 0.021401 0.035160 -0.068411 0.008377 -0.099265
6925 0.040607 -0.130493 0.048779 0.079694 0.110428 0.031568 -0.021913 -0.033832 -0.007795 0.051460 -0.079430 0.034923 0.029933 -0.017806 0.187627 0.049101 -0.015758 0.053264 0.033737 0.105187 0.146658 0.065187 0.011304 -0.072543 -0.019464 -0.006984 0.045493 0.092035 -0.040772 -0.192943 -0.055104 0.077292 -0.047617 0.088946 -0.015239 -0.035981 0.082454 -0.007420 0.113086 -0.008872 -0.049307 -0.032750 -0.063320 0.019940 -0.047104 0.031922 0.032786 -0.051852 0.040267 -0.058846 0.001218 0.044195 0.114275 -0.163082 0.099537 -0.086273 -0.006204 -0.036150 0.064386 -0.029002 0.123162 -0.063388 -0.207961 -0.142040 -0.054914 0.112589 0.026416 -0.002026 0.026432 -0.019932 -0.002063 -0.068601 0.121801 0.004540 0.066085 -0.051541 -0.001918 0.054719 0.125055 0.043541 -0.080136 -0.088333 0.006499 0.033050 -0.002181 -0.019181 -0.006497 0.092105 -0.027409 0.067244 -0.032920 -0.000148 0.066208 -0.072968 -0.019806 -0.081182 0.084736 0.004870 -0.030527 0.175498 -0.005743 0.058582 0.206973 -0.062566 -0.028151 0.045510 0.025592 0.209607 -0.134778 0.065410 -0.084082 -0.014198 -0.030437 0.077715 0.135532 0.070404 -0.045988 0.063319 0.013475 0.017657 -0.016065 0.006698 -0.034401 -0.039299 -0.021613 0.167762 0.008761 -0.012147 -0.065669 -0.016770 0.043698 0.004947 -0.025434 -0.016177 -0.061449 0.030814 0.019228 0.072709 -0.077819 -0.037311 -0.096820 -0.047080 -0.054799 -0.062213 0.021040 -0.125738 0.154923 -0.087125 -0.019864 0.036117 0.090356 0.010048 -0.022656 0.034921 -0.070218 0.032793 -0.065040 0.000893 -0.136261 0.055233 -0.002398 0.005660 0.012842 -0.033343 0.036554 -0.001214 0.101901 -0.080630 -0.061418 0.065137 -0.066405 0.058274 0.012281 0.007958 0.022869 -0.045096 0.007800 -0.068595 0.091143 0.106264 0.104403 0.020751 -0.057303 -0.072872 -0.095714 0.001038 0.050548 -0.004463 0.017911 -0.000390 -0.133745 -0.097870
696 -0.052110 -0.033668 0.095375 0.030646 -0.060571 -0.209081 0.033262 -0.026792 -0.074592 -0.061564 -0.004374 0.060404 0.030771 -0.024375 0.030076 -0.051551 -0.046558 0.108373 -0.079780 -0.024451 -0.005884 0.055804 0.083343 0.029392 -0.001326 0.097030 -0.004427 0.064346 0.016689 -0.042591 0.003831 0.000542 0.042170 -0.002021 0.046951 -0.142393 -0.082907 0.020903 -0.105541 0.078501 0.141208 0.128331 0.059988 0.058975 0.051061 -0.019898 0.111098 -0.009921 -0.085332 -0.066324 0.012883 0.043821 0.054001 0.018868 -0.100556 -0.002340 0.018758 -0.080150 -0.066666 -0.000781 0.108957 0.048085 0.024794 0.000158 -0.025137 0.021186 -0.050306 -0.018615 0.000809 -0.062138 -0.138193 -0.090472 -0.051848 -0.033894 -0.048664 0.003799 -0.141131 -0.048615 0.010403 0.170823 -0.027097 0.098432 0.057479 -0.003924 -0.016899 0.037212 0.072991 -0.012241 0.131677 0.077117 0.059630 -0.150846 0.186396 0.010857 0.061075 0.000177 0.114352 -0.049834 -0.028911 0.101823 0.058966 -0.063713 -0.012704 -0.003635 -0.074144 -0.095245 -0.012927 -0.038036 -0.123549 -0.012610 -0.061309 0.022057 0.130403 -0.081587 -0.020764 0.110642 -0.094830 0.046496 0.052488 0.048273 -0.064974 0.055041 -0.013545 0.019162 -0.009643 0.003995 -0.043772 -0.030409 -0.097035 0.093222 0.132092 -0.074241 0.052657 0.036422 -0.126548 -0.107813 0.091920 0.050861 0.055906 -0.026624 -0.100909 -0.071458 0.081459 -0.061025 0.033266 -0.089742 0.013292 -0.070840 -0.063028 0.081525 -0.004252 -0.051407 -0.031666 0.012597 0.096244 0.041787 -0.004941 0.072308 -0.001307 0.027107 0.057502 0.037710 -0.092110 0.016395 0.058932 0.198213 -0.049771 0.034467 -0.173132 -0.030810 0.070098 -0.054421 -0.049016 0.070467 -0.010127 -0.050352 -0.091460 -0.117515 0.064435 0.087917 0.086702 -0.058449 -0.043936 -0.024251 -0.093674 -0.096322 -0.020759 0.044914 0.191188 -0.040946 0.022696 -0.008904
7059 -0.131016 0.082239 0.154273 0.052346 0.030076 0.025513 -0.006769 -0.103381 0.062035 0.052844 -0.134237 0.094285 0.112779 0.057090 -0.042372 0.043419 0.057045 0.004801 -0.103777 0.044694 0.064231 -0.065999 0.108495 0.019960 0.043523 -0.015453 -0.025782 -0.013658 0.034422 -0.055741 -0.082916 -0.051020 -0.042098 0.025970 0.143204 -0.165422 -0.021571 -0.000318 0.102240 -0.000841 -0.074369 0.019786 -0.008885 -0.053000 0.021636 -0.024969 -0.139388 -0.010781 0.137382 -0.055004 0.002557 -0.044764 -0.060967 0.005337 0.026844 0.065464 -0.064267 -0.109308 -0.042246 -0.016187 0.069887 0.063595 0.058420 0.092145 -0.024326 0.062858 0.097198 -0.066094 0.060100 -0.067224 -0.069152 -0.022207 0.042108 -0.080388 -0.049072 0.001836 0.033980 -0.153519 0.051833 0.196820 -0.104793 0.057935 -0.028740 0.104422 0.043320 0.048978 0.084498 0.033509 -0.078136 -0.024579 -0.051165 -0.057276 0.052204 0.067668 0.005796 0.004252 -0.027804 -0.111485 -0.035121 0.041973 -0.048707 -0.055123 0.130179 0.068981 0.048759 -0.116126 0.001935 0.002429 -0.076768 -0.099395 0.048601 -0.048517 -0.027382 0.028877 -0.016696 0.052698 -0.116318 0.086874 0.105454 0.041419 -0.087196 0.042697 -0.000022 0.097207 0.056898 -0.119951 -0.096402 0.024159 -0.128164 -0.122978 -0.022615 0.008682 0.058787 0.007272 -0.138534 0.086648 -0.014657 -0.148109 0.020768 -0.124578 0.055640 -0.123601 0.016472 0.063070 -0.051563 0.072354 0.013103 -0.016532 0.064646 0.069940 0.007609 0.096822 -0.046784 0.079576 -0.009076 -0.075820 0.019550 0.043467 -0.080892 -0.114458 0.090222 -0.009763 -0.021754 -0.093196 -0.050274 -0.055709 0.112850 -0.068474 -0.098506 0.018113 -0.023996 -0.105106 -0.086549 -0.017623 0.036388 0.031421 -0.069194 -0.109260 0.012714 0.002578 0.062382 -0.134029 -0.006639 0.036853 -0.134644 0.043772 -0.025119 -0.057826 -0.029658 0.062915 0.088848 -0.035334
7067 0.039120 -0.132934 -0.039251 0.000983 0.002255 0.027373 -0.033526 0.059130 -0.021417 0.059181 0.015374 0.001646 0.058054 -0.018732 0.167964 -0.078845 0.069364 0.004814 0.032298 -0.030087 0.098636 -0.204090 -0.078818 0.004378 0.102333 0.068984 -0.027450 0.147795 -0.042122 -0.030220 -0.034571 0.053166 0.050847 -0.036838 -0.046010 -0.130631 0.028650 0.042887 0.077016 0.022047 0.013475 -0.016372 -0.113252 0.073211 0.045366 0.007565 0.106525 -0.003774 0.070575 -0.008817 -0.003505 -0.142289 0.125183 -0.053753 -0.001860 -0.026417 0.077220 0.077774 0.029437 -0.095232 0.068091 -0.026948 -0.151439 -0.050475 0.085328 0.101958 0.142478 -0.007131 0.104548 -0.087961 -0.008241 -0.002061 -0.118038 0.080693 -0.014189 -0.064840 0.011866 -0.084150 0.102097 0.085730 -0.015844 0.033454 0.054051 -0.069872 0.140605 0.084551 -0.029971 0.028645 0.047277 -0.007284 -0.008361 0.128611 -0.086178 -0.087921 -0.047673 0.092931 -0.134026 -0.068427 -0.034309 0.063828 -0.057395 -0.054476 0.056372 0.068558 0.132501 0.029118 0.044225 -0.049111 0.098533 0.028534 0.045439 -0.004463 0.048348 -0.012718 0.028760 0.027854 -0.012609 0.130466 0.109483 0.079199 -0.008760 -0.020349 -0.047044 0.076269 0.120552 -0.013914 0.013391 -0.079110 -0.124414 0.044087 -0.058203 -0.026649 -0.001937 0.045662 -0.045017 -0.003753 0.079046 -0.042527 -0.118525 -0.037236 -0.093368 -0.016230 -0.042067 -0.000938 0.043456 0.064327 0.018180 -0.105944 -0.063959 0.049498 0.100827 -0.068837 -0.067420 -0.051491 0.119573 -0.151866 -0.060912 0.030274 -0.061960 -0.004307 0.037068 -0.190851 -0.016605 -0.075932 0.079028 -0.090386 -0.016724 -0.079968 -0.045560 0.108811 0.148390 0.046769 -0.036880 -0.017904 0.008393 0.045698 0.022333 -0.065882 -0.017540 0.136529 -0.052022 -0.080338 0.050971 -0.116846 -0.035070 0.009075 -0.010192 -0.059129 -0.023943 0.027870 0.102491 -0.008156
7078 -0.130678 -0.049896 -0.001089 -0.044150 0.123752 -0.031460 -0.002795 0.018299 -0.053710 0.003341 -0.090786 0.042644 -0.023214 -0.009514 0.150251 0.234172 0.071405 -0.046891 -0.002910 -0.024856 -0.029526 -0.078457 0.030675 0.069739 -0.014417 -0.018450 0.030486 -0.025715 -0.045356 0.046272 0.024193 -0.174467 0.041947 0.041599 0.043016 -0.061413 -0.010029 -0.001741 0.038800 0.021100 -0.022285 0.019380 -0.000951 0.095482 0.005830 -0.075785 0.018483 -0.058447 -0.002337 -0.010206 0.032465 0.008702 -0.057848 -0.029584 0.037448 0.045878 -0.087126 0.073058 0.070478 -0.030132 0.061291 -0.000620 0.016360 0.111930 0.012495 -0.054076 0.078375 0.000532 -0.015203 -0.097817 -0.038338 -0.068472 0.035127 -0.125806 0.019824 -0.037737 0.050573 -0.127427 0.085261 0.087097 0.103168 0.032053 -0.075053 -0.071076 0.144980 0.061702 0.039099 -0.094517 0.012628 0.059347 -0.105144 -0.018267 -0.009338 0.007498 0.006641 0.074316 0.089993 -0.037017 -0.149456 0.083832 -0.027877 -0.150034 0.106431 0.121476 -0.028564 -0.137441 0.098073 -0.221749 -0.014129 -0.075040 -0.033840 -0.056916 0.059834 -0.143356 -0.061679 0.023857 -0.138128 0.033606 0.122891 0.019125 -0.018350 0.114842 0.058843 0.033119 0.124761 0.038838 0.063883 0.103473 -0.139604 -0.075277 0.022068 0.097492 -0.049693 -0.013164 -0.003736 0.009617 -0.054672 -0.165139 0.067778 -0.048347 0.125553 -0.015818 -0.177307 -0.037861 -0.003600 -0.012427 0.043464 0.041773 0.080022 -0.057287 0.044827 -0.008177 0.018844 0.107574 0.088474 -0.025603 -0.026492 -0.044145 -0.120623 -0.002695 -0.015300 -0.025876 0.061635 -0.082983 0.076125 -0.018288 0.130410 0.020148 0.023093 -0.077121 0.067511 0.108838 -0.043752 -0.009737 0.020960 0.047791 -0.112942 0.022516 0.075052 0.062228 -0.028046 -0.032208 0.034370 -0.009120 -0.070022 0.097752 -0.003423 -0.065615 -0.047339 0.022097 -0.055063 -0.015243
7113 -0.021768 -0.059893 0.097663 0.080991 0.017581 0.063809 0.066483 0.047240 0.169702 0.064607 -0.067944 0.000441 0.127688 -0.012127 -0.008740 -0.032800 0.028333 0.005665 -0.010006 -0.041151 0.036539 -0.091534 -0.042568 -0.039540 0.036712 0.008082 -0.055196 0.011030 0.009332 -0.112124 -0.029856 -0.121160 -0.068823 0.009963 0.166869 0.070398 0.019993 0.153559 0.070076 -0.000334 -0.119722 -0.043688 0.013544 0.000560 -0.092875 0.061829 0.027376 -0.067842 0.056259 -0.017874 -0.046014 -0.078366 -0.062759 0.000341 -0.048691 -0.118688 -0.030564 -0.034039 -0.037055 0.105842 -0.027218 0.099248 -0.061778 0.074939 0.029718 -0.079259 0.090754 -0.102207 -0.049706 -0.046600 -0.040605 0.042530 0.025542 0.022617 -0.007396 -0.087350 -0.061651 -0.081225 0.135731 0.054335 -0.051652 0.076968 -0.011769 0.044346 0.051966 -0.011154 0.031374 -0.012172 -0.049374 0.016572 -0.102336 0.113686 -0.040840 0.138612 -0.035860 0.015493 0.134093 0.079029 -0.028531 0.045849 -0.052422 0.107849 0.002219 0.053580 0.044600 -0.040593 0.005605 -0.036578 -0.007888 0.062307 0.092117 -0.050173 0.069328 0.002640 -0.057360 0.000462 -0.058177 0.016668 0.015422 -0.120272 0.036375 -0.019681 -0.108682 -0.140826 0.086080 -0.101819 -0.052958 -0.015134 0.019020 -0.021431 -0.047479 0.131017 0.212841 -0.055252 -0.118432 -0.036897 0.027377 -0.054481 0.050646 -0.147664 0.010617 0.018003 -0.090399 -0.054633 0.025830 -0.065190 0.062529 0.012421 -0.058731 -0.084633 0.027160 0.044315 -0.098888 -0.014143 -0.001798 0.059913 -0.005459 0.026518 -0.119344 0.129709 0.086069 -0.107146 0.032093 -0.079011 -0.042069 -0.146071 0.133673 0.176027 0.059272 0.023138 0.073175 0.022581 0.028714 -0.002861 0.023186 -0.123089 -0.058588 -0.037070 0.118504 0.086036 0.046285 -0.056117 0.054604 0.137435 -0.063339 0.120474 0.094444 -0.050662 -0.103376 0.052050 0.045386 0.002782
7148 0.085130 -0.124764 0.044923 0.025997 0.029563 0.007599 0.023057 0.046876 -0.083679 -0.150329 -0.032986 0.042180 -0.020243 -0.001013 -0.089950 0.018875 -0.125229 -0.094988 -0.089670 -0.062522 0.046031 -0.121517 -0.113603 -0.030358 -0.012580 0.099033 -0.095384 0.019408 0.042975 0.019216 0.017002 0.015782 -0.067824 -0.076155 0.006073 0.017290 -0.120939 -0.044622 -0.024065 0.076481 -0.002379 0.057552 0.075293 0.121524 0.016986 -0.037683 0.097421 0.018788 0.011233 -0.036443 0.029290 0.080868 -0.047410 0.017006 0.010761 -0.064829 -0.071655 -0.082279 0.069906 0.040541 0.049092 0.091292 0.034392 0.029517 0.040668 -0.031085 -0.009311 0.092935 0.086108 -0.096213 -0.083522 -0.030683 -0.012181 0.019365 -0.027895 -0.041546 0.028444 -0.036327 -0.062328 0.086591 0.038015 0.064028 0.063861 -0.002218 0.057784 -0.001156 0.107671 -0.044244 -0.008815 -0.090712 -0.013588 -0.120549 0.155740 0.002268 0.068237 -0.141667 0.019036 0.045497 -0.100798 0.002916 0.053135 -0.085673 0.113310 -0.035470 0.143670 0.051735 -0.050548 -0.070081 -0.021109 0.019871 -0.032077 0.099733 -0.023425 0.002511 -0.101793 0.145534 0.028423 -0.084366 -0.007197 0.084471 -0.119670 0.060846 0.026051 0.038949 0.091024 -0.029013 -0.025132 -0.085685 -0.069785 -0.029284 0.152979 -0.022124 -0.052475 -0.119523 -0.170612 0.097550 0.053501 0.081469 0.059022 0.001237 -0.034119 0.020850 -0.047893 -0.053498 -0.044460 -0.089018 -0.123970 0.054639 -0.055817 -0.045860 0.071578 -0.093945 0.039229 0.019786 0.007737 0.001080 -0.132362 -0.124282 -0.055279 -0.041918 0.084605 -0.018014 -0.062768 -0.115566 -0.180409 0.029662 0.020008 -0.010386 -0.027174 -0.033989 0.126113 -0.086064 -0.030776 0.042453 0.012378 -0.014435 0.085966 0.055078 0.093960 -0.096276 -0.011827 -0.116281 -0.104165 -0.090217 -0.072679 0.006109 0.001156 0.111346 -0.009253 0.035548 0.038436 0.219005
7178 0.011147 0.197372 0.085464 0.079748 -0.020728 -0.072242 0.091882 0.085018 0.109922 -0.040289 0.009320 0.048312 0.112249 0.025603 0.072717 -0.000195 0.061014 -0.005447 -0.035839 -0.038816 0.004829 -0.056427 0.070510 0.082730 0.046319 -0.031570 -0.071535 -0.048565 0.035612 -0.115924 -0.001613 -0.102323 -0.036632 -0.038058 0.026870 0.055103 -0.030323 0.096119 0.106300 0.033658 0.061294 -0.107137 0.020985 -0.067265 0.073630 0.012949 0.187749 -0.025428 -0.042875 0.044146 0.043081 -0.026783 -0.110980 0.038856 0.018544 0.004627 0.041171 0.040068 -0.061707 -0.114494 0.002770 0.068607 -0.084030 0.147012 0.032708 0.128200 0.006174 -0.051800 0.052236 -0.025175 0.027584 0.144221 -0.004876 0.001817 -0.002121 -0.125308 -0.034526 0.030020 0.043716 0.056425 -0.029619 -0.003307 0.009199 0.040653 0.083862 -0.073219 0.071670 -0.033920 -0.110995 0.073691 -0.012363 0.082495 0.007771 0.034212 0.002748 0.001549 -0.001508 -0.113325 -0.124197 -0.028716 -0.035842 0.121080 0.098085 -0.021499 0.023785 0.038426 -0.059487 -0.135135 0.007204 -0.009726 0.032470 -0.030984 0.044832 -0.000260 -0.083052 -0.025925 -0.039641 0.018931 -0.040063 -0.086002 0.084699 -0.106529 -0.078758 -0.058583 -0.081990 0.050598 -0.184076 0.005515 0.001265 -0.004227 -0.010635 0.048464 0.080410 -0.131507 -0.057243 -0.184246 0.005615 -0.089995 0.001699 -0.050096 -0.080498 -0.047085 -0.006611 -0.241752 0.069304 -0.060802 0.064838 -0.014523 -0.083588 -0.016632 0.039111 -0.005931 -0.058149 -0.008832 0.016688 0.052390 -0.070501 0.089010 -0.168773 0.125091 0.032792 -0.036909 -0.059849 0.100705 0.046647 -0.082435 0.069860 0.115581 -0.111633 -0.069456 0.034007 -0.038122 -0.025372 -0.055677 -0.001300 0.085089 -0.080660 0.001522 0.011457 0.026393 -0.025816 0.053127 0.101532 0.097126 0.099741 0.093753 -0.072040 -0.029618 0.126899 0.011492 0.073111 -0.053424
7190 0.052842 -0.093240 0.019640 -0.041650 0.005946 0.094581 -0.083160 0.060998 -0.073982 0.116623 -0.038861 0.092083 0.016034 -0.000433 0.014190 0.072380 0.135629 -0.004208 0.056247 0.154786 0.031366 0.025135 0.143003 0.058895 -0.143641 0.033853 0.047621 -0.000492 0.030912 0.025287 -0.067487 -0.085506 0.036626 -0.056870 -0.024533 -0.057098 0.070683 0.010809 -0.011349 -0.011230 -0.075622 0.013165 -0.045791 -0.118854 -0.053720 -0.118328 0.102307 -0.082055 0.017285 0.044499 0.111105 0.097826 -0.024554 -0.082966 -0.079800 0.040270 -0.013827 -0.058417 0.031015 0.013560 0.034731 0.039920 -0.035440 -0.098656 -0.108183 -0.055390 0.074379 0.020810 -0.025031 0.054578 -0.037811 0.013999 0.093463 -0.044679 0.029587 -0.074978 -0.068084 -0.004116 0.193387 0.024156 0.006067 0.075741 0.095833 -0.020643 -0.062716 0.026173 0.023816 0.032061 0.063035 -0.062144 -0.175851 -0.133159 -0.069601 0.097430 0.041529 0.039129 0.065093 0.010276 -0.075639 0.072981 -0.009616 0.056611 0.125542 0.002037 0.097625 0.099753 0.032620 0.005158 -0.111654 -0.044264 0.069891 -0.032120 -0.124424 0.015684 -0.138405 0.057934 0.001239 0.011473 0.010090 0.027426 -0.054561 -0.062922 -0.014573 0.044213 0.026699 0.041175 0.009652 -0.182236 -0.093853 -0.088789 0.016724 -0.024163 0.116636 -0.097089 0.145368 -0.096439 0.090327 -0.105520 -0.127011 0.042947 -0.131736 0.016747 0.027755 -0.062902 -0.031587 0.067652 0.030485 0.007433 -0.025295 0.000698 0.073179 0.058825 -0.041676 0.003714 -0.074046 0.008673 0.093760 0.035196 0.042177 0.035844 0.060143 -0.025883 -0.018978 0.007662 0.034437 -0.033625 -0.024008 0.050950 -0.010583 -0.006358 0.022029 -0.025161 0.174992 -0.028619 0.129058 -0.004205 -0.105759 -0.191023 0.141041 -0.008612 0.007382 -0.014826 -0.025761 0.020339 -0.070173 0.071628 -0.034269 -0.022257 -0.074687 -0.189556 -0.067844 0.028754
7226 0.182496 -0.017539 0.069278 -0.039876 -0.000472 0.049996 0.033718 0.030155 0.117188 -0.069142 -0.031206 0.111016 0.003131 -0.048221 0.094781 -0.104210 0.071721 0.015078 0.055286 0.074934 0.027598 0.036738 -0.067239 -0.058027 0.037443 -0.012001 -0.032053 0.026086 0.091091 -0.123025 0.015026 0.075692 -0.041213 0.008243 -0.034859 0.023548 -0.058787 -0.026198 0.009120 -0.075844 0.029272 -0.087931 -0.122240 -0.118203 0.019659 -0.086547 0.059665 -0.028347 0.078815 -0.059924 -0.043754 -0.036530 -0.009068 -0.031653 0.045381 0.026140 -0.032893 0.077842 0.055528 0.030561 -0.081002 -0.046894 0.068371 -0.029728 0.004371 -0.063048 -0.005573 -0.084465 -0.039958 -0.067192 -0.023833 -0.033829 0.049506 -0.054234 -0.127778 0.096589 0.011594 -0.066597 0.169294 0.053990 0.013237 -0.031733 0.082575 -0.069711 0.135095 0.063076 0.075871 0.038094 -0.085546 0.101955 -0.009792 0.012092 -0.015293 0.005503 0.007483 0.103576 0.197007 -0.045349 -0.131483 -0.083500 -0.122875 0.181564 0.128147 0.010307 -0.133105 0.145649 0.046804 -0.018126 0.027164 -0.029002 0.094668 0.090914 0.038593 -0.033453 -0.072399 -0.033166 0.053783 0.021654 0.055143 -0.003178 -0.070732 0.134631 0.005551 -0.069336 0.034174 -0.079488 0.185354 -0.091095 -0.049708 0.029329 -0.083707 0.119291 0.077566 0.046623 -0.036932 -0.065160 0.027219 -0.042773 -0.148907 -0.051967 -0.004624 -0.041065 -0.022097 -0.062084 -0.016847 0.004041 0.105833 -0.003731 -0.063759 -0.060053 0.092801 -0.081681 -0.073409 -0.140298 0.000239 -0.011415 -0.025127 0.020413 0.064046 -0.023443 -0.123248 0.005619 -0.009307 0.036694 0.048330 0.006372 -0.041021 0.001320 -0.032041 0.031902 0.015720 0.070807 0.003259 -0.036001 -0.037190 0.163952 -0.109375 -0.031401 0.005311 0.075033 0.057155 -0.124656 0.017188 -0.087367 0.053492 0.151997 0.109593 0.026284 -0.021490 -0.062824 -0.112857 -0.047564
7264 -0.002190 0.111199 0.009584 -0.083157 -0.067988 -0.028243 -0.085082 -0.030035 -0.074428 0.025939 0.057369 0.183999 -0.021090 -0.064879 0.080430 0.038234 0.104719 -0.149537 -0.031918 -0.075097 0.036005 -0.117011 0.052574 -0.010622 0.014656 -0.012193 0.160634 0.064619 0.169576 0.055046 0.062565 0.042866 0.000052 0.007414 0.069233 -0.027934 -0.074677 0.105736 0.008181 0.010414 -0.138099 -0.034717 0.000391 -0.167625 0.140728 -0.034227 0.125346 -0.099862 0.042537 -0.062466 0.138421 0.071514 -0.025220 0.013198 0.008154 0.030963 -0.038920 0.102607 -0.112778 0.044840 -0.104831 0.070959 -0.138022 -0.016592 0.086349 -0.049616 0.116070 -0.010246 -0.156653 -0.052074 -0.201747 -0.065123 0.004707 -0.180172 0.104331 -0.134991 -0.034578 -0.135355 0.029029 0.057927 -0.037948 0.005924 0.090471 0.030900 0.077433 -0.007938 0.001228 0.105910 -0.002990 -0.032896 0.074274 -0.017322 0.080275 0.013485 -0.077650 0.032122 0.078401 0.062184 -0.073922 -0.023095 -0.015937 0.034302 0.080786 0.048001 -0.068059 -0.033540 0.056160 -0.023460 -0.021319 0.041393 0.017210 0.088496 0.023693 0.014648 -0.081314 0.110814 0.002163 0.025968 0.073582 -0.063983 -0.092949 -0.035335 0.104444 -0.034596 0.152856 -0.032743 0.078781 0.025169 0.064792 -0.037411 -0.037894 -0.001407 0.057176 0.043963 -0.024605 -0.058873 0.057571 0.045651 -0.062354 0.039655 -0.082960 -0.041967 0.057354 -0.043019 0.138815 0.090958 0.017884 0.006755 -0.081849 -0.028886 0.041557 -0.017068 0.019801 0.073077 0.024827 -0.076733 0.000816 0.001469 -0.066045 -0.060848 0.024354 0.015386 -0.021248 -0.052849 -0.012438 -0.124101 0.150390 0.027307 -0.046593 -0.028717 0.045110 0.123736 -0.049383 0.049249 -0.056838 -0.027584 0.059266 0.004745 0.022062 -0.023413 -0.027756 -0.040969 -0.048098 0.081296 -0.065682 0.000095 0.049822 -0.031236 -0.121076 -0.028930 -0.051251 0.049667
7278 -0.071190 0.058008 0.022677 0.011570 -0.047558 0.074633 -0.035235 -0.005887 -0.056569 0.046988 -0.000797 0.094581 0.135321 -0.114824 -0.009082 0.017364 0.087636 0.022038 -0.014241 -0.024073 0.000662 -0.054441 -0.087052 0.036428 0.056749 -0.055936 -0.071223 -0.013997 -0.032906 -0.007302 -0.030667 0.059086 -0.108947 0.065232 0.078234 0.022886 0.116939 -0.095956 0.031179 -0.143152 -0.022805 -0.098841 -0.090247 -0.090908 -0.004046 -0.050730 -0.046937 0.047378 0.097913 0.027377 0.076420 0.110677 -0.029306 0.032023 -0.116505 -0.055409 -0.123130 0.028054 -0.036925 0.087188 -0.054417 0.011927 -0.134209 0.075021 0.076838 0.073751 0.073793 0.015212 -0.025746 -0.022824 -0.126753 0.000738 -0.002266 0.073590 0.125866 -0.128022 0.063820 0.068736 -0.000586 0.044658 0.067837 -0.078232 -0.078391 -0.077190 0.103296 0.072044 0.064062 0.008640 -0.013168 -0.010928 -0.016905 -0.045809 -0.107281 0.129628 0.061405 -0.129921 -0.059437 0.004223 -0.001933 0.056196 0.093085 -0.018681 -0.037237 -0.152599 -0.034862 -0.023119 0.002363 0.082519 -0.094514 0.105205 -0.031766 -0.034186 0.006396 0.070121 -0.066221 -0.089810 -0.149640 0.034891 0.271275 0.084697 -0.007089 0.059371 -0.114656 0.010262 -0.006437 0.016907 0.079072 -0.048864 0.012674 0.028112 -0.027197 -0.019730 0.029369 -0.094577 -0.050835 -0.042027 0.156588 -0.058585 -0.125555 -0.093499 -0.049821 -0.091299 -0.142250 -0.017239 -0.081275 0.027128 0.008070 -0.018716 0.143013 0.000701 -0.019268 0.007818 -0.095588 0.056137 0.053447 -0.019491 0.046190 -0.089911 0.032358 -0.064962 0.048916 0.036580 -0.084401 0.085719 -0.113365 -0.059932 -0.066473 -0.057440 0.084823 0.101182 0.056518 -0.011582 -0.051485 0.029038 -0.066839 0.046064 -0.034179 -0.081351 0.055940 0.028452 0.004757 -0.119285 -0.072380 -0.110679 -0.015467 0.012043 0.033466 -0.084607 0.078646 -0.004331 0.103140 0.017241
730 -0.127439 0.074246 0.114079 0.118593 0.023824 0.001301 0.054303 0.074253 -0.014360 -0.132118 -0.024853 0.005421 0.097926 -0.002258 -0.016138 -0.009685 0.075529 0.121662 -0.133971 -0.006379 0.013999 -0.063260 0.047830 -0.039250 0.087995 -0.058550 0.046874 0.101542 -0.028892 0.032335 -0.040272 0.070782 -0.096046 0.065589 0.021009 -0.083079 0.034584 0.051178 0.037674 -0.074803 -0.051586 0.069587 -0.021287 -0.093286 0.083673 0.026207 0.062180 0.020797 0.058415 -0.089155 -0.016452 -0.001505 -0.065753 -0.062194 -0.006193 -0.048372 -0.116097 0.044386 0.017407 -0.134937 0.001745 0.043784 -0.056066 0.100078 0.037811 0.137684 0.111169 -0.145342 0.075839 0.045104 -0.046785 0.052064 0.103248 -0.057182 0.031891 0.023211 0.128904 -0.138967 0.012384 -0.014116 0.030323 -0.011835 0.082847 0.154604 0.127006 0.136444 0.003569 0.004959 -0.094051 0.104844 0.096116 -0.014311 -0.150830 0.023566 -0.019696 -0.103214 0.186325 -0.061337 -0.064470 0.002214 0.047519 -0.040235 -0.060325 0.080627 0.057485 -0.054079 0.018543 -0.041297 0.038722 -0.005264 0.001004 0.030827 -0.055967 0.026195 -0.092340 -0.042395 0.089730 -0.010506 0.036935 -0.015541 -0.087781 0.044326 -0.073023 -0.050255 0.131500 -0.014758 0.031093 -0.126985 0.011948 0.104912 -0.074697 0.032040 0.023551 -0.023901 -0.047792 -0.078722 0.048196 -0.038231 -0.013150 -0.047159 -0.040140 -0.076193 -0.123916 -0.064101 -0.003544 -0.047441 -0.063266 0.038171 0.077984 0.031508 -0.055850 -0.083132 -0.028849 0.017736 0.013658 0.049695 -0.005257 0.069294 -0.236553 -0.011627 0.010291 -0.041095 0.004648 0.040170 0.010265 -0.021669 0.020404 0.016399 -0.013393 0.233144 -0.093210 -0.062865 0.011283 0.007386 0.105320 0.113166 0.012876 -0.019884 -0.000168 0.129734 -0.124385 -0.040116 0.031562 -0.080594 -0.023317 0.029966 -0.102887 -0.036728 -0.038779 0.090578 0.008227 -0.022942
7302 0.102769 0.109170 0.037455 0.045870 0.168251 -0.019317 0.081118 0.005031 0.050123 -0.059638 -0.047991 0.073101 -0.098981 -0.022925 0.103091 0.134077 0.093919 0.029718 0.072169 -0.080156 -0.046303 0.022301 -0.008558 0.076605 0.003408 0.032968 -0.024609 -0.084923 -0.101540 0.020311 -0.023359 -0.171521 0.051218 0.103550 0.027483 -0.038673 0.016712 -0.008407 0.007216 0.098157 0.070644 -0.092493 0.066141 0.242841 -0.021116 0.030301 0.105386 -0.051922 0.066300 0.025947 0.051267 -0.074769 -0.042806 0.070390 0.018835 -0.093426 0.001962 0.001863 -0.083550 -0.087606 -0.052804 0.024520 -0.073482 0.078794 0.133208 -0.004975 0.028604 -0.002907 0.062494 0.010125 -0.055647 0.058832 0.044634 0.089120 0.010539 -0.098940 -0.076554 -0.025348 0.048046 0.061290 0.021320 0.077527 0.033233 -0.074300 0.122509 0.021325 0.054595 -0.059088 0.079286 0.091351 -0.041892 -0.024464 0.024504 0.032689 -0.081570 0.108749 -0.048472 0.033521 -0.059560 -0.017189 -0.001293 -0.064835 0.101040 0.103458 0.011834 -0.003929 -0.090756 0.002614 -0.092211 0.013851 0.028543 0.022889 0.180282 0.011290 -0.028052 0.038100 0.034041 0.055804 0.008633 -0.075474 -0.033952 0.052416 0.012483 -0.089988 0.041825 0.074400 -0.008605 0.080138 -0.106696 0.017448 -0.133596 -0.024455 -0.018748 -0.074468 -0.034526 -0.044981 0.129337 0.034815 -0.032436 -0.022887 0.018696 0.047795 -0.181650 -0.068642 0.103665 -0.079983 0.068634 -0.044859 0.020069 -0.092440 0.098937 0.020841 0.025781 0.031239 0.040194 -0.078455 -0.014064 -0.097862 -0.032067 -0.066098 0.026247 0.019565 0.039712 -0.133342 -0.014733 0.100289 0.053161 0.045159 -0.140169 0.007475 0.050946 0.133724 0.051231 0.014826 -0.011639 0.002760 -0.257201 -0.036065 -0.031497 0.076222 0.096196 -0.015247 0.014341 0.094037 0.053299 0.136866 -0.025946 -0.050905 0.005101 -0.007280 -0.084541 -0.065551
7312 0.014746 0.119740 0.119447 0.153310 0.005307 -0.018773 -0.024610 0.103914 -0.062576 0.081011 -0.025169 0.233465 0.025707 -0.042265 -0.051605 -0.148795 0.018708 0.052800 -0.059485 0.024197 0.049735 -0.040549 0.002686 -0.068030 0.043947 0.043253 -0.095277 0.091090 0.096821 -0.137446 0.008348 0.149621 -0.048267 0.062978 0.094317 -0.034909 -0.048519 0.025671 0.049228 0.048750 -0.018603 -0.035603 -0.018635 0.020164 -0.023405 0.049905 0.019313 -0.039409 0.068887 -0.028598 0.023306 -0.072643 -0.027130 0.017526 0.036690 -0.046046 -0.062183 0.018023 -0.034050 0.106280 0.102145 -0.012980 0.053793 0.008252 0.006109 0.094149 0.095472 0.065433 -0.161229 -0.059048 -0.114717 0.093242 0.039374 -0.033899 0.074914 0.005537 -0.055386 0.056775 0.006896 0.104411 0.041365 0.085850 0.003716 -0.013637 0.082342 -0.001374 0.060634 -0.038667 -0.117843 0.068490 0.101264 -0.020581 0.081838 0.054930 -0.029669 0.030769 0.052959 -0.095906 -0.016385 -0.123531 -0.062267 0.045100 0.052302 0.236840 -0.034240 -0.007790 -0.073254 0.091697 -0.087209 -0.032587 0.010074 -0.027741 0.191390 0.111909 -0.023531 0.101249 0.013968 0.089631 -0.011883 0.016488 -0.058269 -0.091972 0.018627 0.005743 0.001886 0.058057 -0.073440 -0.045064 -0.042175 0.096843 -0.105248 -0.081521 -0.032203 -0.042229 -0.126693 -0.071926 0.011898 0.005061 -0.044379 0.016538 -0.106588 -0.088046 -0.051786 -0.105074 0.040551 -0.008995 0.078806 -0.010519 -0.089749 -0.007322 0.052625 -0.012722 0.015063 -0.066318 -0.104913 -0.030128 0.007840 -0.109529 0.005603 0.006685 -0.109045 -0.034873 0.004735 -0.086695 0.016737 -0.107840 -0.074536 0.023678 -0.107851 0.140686 -0.028072 0.013657 -0.098038 0.050457 -0.042569 -0.077177 0.025735 -0.090278 0.117088 -0.001764 -0.091068 0.006283 0.014981 -0.113227 -0.001207 -0.000825 0.058104 -0.123782 -0.059787 -0.082395 0.017665 -0.086861
7367 0.129078 -0.052612 -0.091137 -0.023825 0.039730 -0.003541 0.034770 0.156615 0.059486 -0.045768 -0.145290 -0.032869 0.178457 0.032731 0.128255 -0.068267 0.051044 -0.048315 0.030266 0.019815 -0.016289 -0.174012 0.039202 -0.005305 -0.119366 0.192159 0.074679 -0.040974 -0.088307 -0.040186 0.017750 0.007706 0.029428 -0.146748 -0.019372 0.005760 -0.050927 0.042284 0.071709 -0.099990 0.086338 -0.037499 -0.103087 -0.053642 0.014857 -0.132174 -0.084531 0.027612 0.010871 -0.004195 -0.019295 -0.136854 -0.017264 -0.007293 0.093753 -0.014127 -0.039420 0.009296 -0.074590 0.078873 0.009732 0.087267 0.036611 0.094785 -0.061361 -0.072980 0.071544 -0.103160 -0.003939 -0.034929 -0.039713 -0.041426 0.075723 -0.021931 -0.055748 0.033295 -0.042385 -0.010660 0.022033 -0.047500 0.056514 -0.003069 0.101231 -0.075010 0.117936 0.016989 0.007054 0.032469 0.004775 0.010252 -0.056613 -0.021129 0.044196 0.105780 -0.123471 0.194269 0.121774 -0.006820 -0.043300 -0.126817 -0.075674 0.017762 -0.024498 0.030746 0.037298 -0.178488 0.008584 0.029752 0.011434 0.023724 -0.000136 -0.016986 -0.095646 0.011201 -0.027006 -0.006764 -0.041674 0.138376 -0.039522 -0.046577 -0.192466 0.069885 -0.010812 0.089842 -0.019476 0.009158 0.047569 -0.076922 -0.042247 0.108347 -0.052765 0.081133 0.010416 -0.046262 0.018201 -0.039954 -0.149753 0.009447 0.005333 0.061419 -0.013868 0.001687 0.012232 -0.098547 -0.037343 0.101149 0.079657 -0.035018 -0.108697 -0.051106 -0.063897 0.018747 -0.125304 0.008658 -0.026666 0.021256 0.026539 0.026142 -0.109980 0.020076 -0.077826 -0.060818 -0.110267 -0.068813 0.174648 -0.008942 -0.073054 0.023720 -0.004528 0.087979 -0.009009 0.063034 0.063420 0.095044 -0.053735 0.002543 -0.083226 -0.047392 0.039989 -0.010181 0.034402 0.066363 0.000614 0.049447 -0.016442 0.118140 0.000671 -0.088143 -0.125289 0.083501 -0.027553 0.016555
7402 -0.098145 -0.000523 -0.001915 0.123537 -0.023644 0.019984 -0.005495 0.128389 -0.108251 0.120255 -0.194039 0.051924 0.076047 -0.029844 0.011644 -0.072002 0.008403 0.009651 -0.050371 -0.067151 0.134512 -0.083747 -0.031368 -0.022295 0.004013 -0.061787 -0.027562 0.024807 -0.053487 -0.164023 -0.028513 -0.025052 -0.074423 -0.024136 0.065383 -0.023309 0.008342 0.032561 -0.031863 -0.017968 -0.074819 0.020420 -0.046810 -0.016021 -0.059666 0.004576 0.021015 -0.204244 0.032555 -0.045356 0.010451 -0.045890 -0.029601 -0.070998 0.104071 0.101251 -0.023550 0.002656 0.175859 -0.000822 0.055271 0.012620 0.009463 0.124910 -0.010837 -0.030997 0.111091 0.024295 -0.040047 0.021436 0.044204 0.115683 -0.159563 -0.099870 0.124482 0.065285 0.009870 0.006330 -0.018106 -0.109504 -0.024134 0.066147 0.043967 -0.014481 0.075235 0.011699 0.057089 -0.005739 -0.056277 0.052520 -0.037106 0.016460 0.072779 0.011093 0.064952 0.002351 0.049299 -0.095496 0.006420 -0.011089 0.032298 0.056212 0.061636 0.116172 0.021411 -0.150607 -0.083296 0.021718 -0.096606 -0.167327 -0.033231 0.062230 0.123275 0.040140 -0.070729 -0.009800 0.099190 0.048925 0.112143 0.058868 -0.052132 -0.192824 -0.041678 0.123362 0.150047 0.026199 0.005122 -0.052078 -0.047805 -0.044851 -0.020800 -0.016243 -0.043211 0.000663 -0.021784 -0.012886 -0.057508 -0.039874 -0.038571 0.023481 -0.064972 0.017630 0.080544 -0.044098 0.055240 0.013528 0.134488 -0.045739 -0.053991 0.054883 0.049730 -0.016800 0.033200 0.051935 0.020687 0.009584 -0.092617 0.035585 -0.203594 0.009642 0.009001 0.076247 -0.037412 0.070332 0.005644 -0.059290 -0.065403 0.063124 0.010905 -0.044696 0.088682 -0.056069 -0.088217 0.151313 0.006309 -0.020823 -0.065350 -0.114414 0.218433 0.067586 -0.097673 -0.023032 -0.029734 0.050150 0.031990 -0.002141 -0.079493 -0.033976 -0.060735 -0.029853 -0.085370 0.006318
7447 0.054250 0.053957 0.130490 0.075534 -0.071469 0.024264 -0.149132 0.086063 -0.013270 -0.084832 0.096874 -0.032689 0.066778 0.070828 -0.024042 0.027682 -0.039113 -0.020825 -0.094561 -0.068275 -0.019308 0.028615 -0.004528 0.082182 -0.071163 0.080395 -0.096196 -0.061603 -0.007712 -0.048573 0.002559 -0.029676 0.041873 0.006044 0.093570 -0.032919 0.028017 -0.078205 -0.004616 -0.055888 -0.077679 0.122678 -0.138345 0.033775 0.046072 0.000257 -0.098938 -0.076845 0.014030 0.018925 -0.060113 0.117401 0.094349 -0.051244 -0.022400 0.037358 -0.002978 -0.096366 0.006901 0.106927 0.063864 -0.015454 -0.146865 0.018252 0.132465 -0.024406 0.150653 -0.008976 -0.117895 0.025317 -0.053814 -0.038586 0.018150 -0.104342 -0.029078 -0.058660 -0.106356 0.061683 0.082993 -0.027190 0.029701 0.121536 0.118397 -0.027672 0.141036 0.137377 -0.033440 0.027628 -0.089358 -0.092871 -0.099044 -0.183156 0.110666 -0.034883 -0.044397 0.046990 0.039141 -0.114081 0.011218 0.022581 0.102922 -0.032302 0.119361 -0.058847 0.048571 -0.029016 -0.007171 0.028328 -0.009289 0.039081 0.122324 0.053774 -0.030097 0.014503 0.001593 0.066566 -0.148246 -0.019604 -0.030989 0.014882 0.038290 -0.053446 0.044253 0.065366 0.054582 0.129883 -0.026815 0.008826 -0.156529 -0.001386 -0.001525 -0.036241 -0.072907 -0.052663 -0.016888 -0.027440 0.022919 0.053645 0.018038 0.077282 -0.003525 -0.016990 -0.089728 -0.016717 -0.034282 0.049267 0.046915 -0.131380 -0.093686 0.062210 0.040846 0.002352 0.042492 0.047474 0.050881 0.091657 -0.003754 0.096722 -0.095126 -0.022872 -0.201215 -0.110407 -0.025246 -0.088800 -0.028437 0.028343 0.051194 0.023594 0.085767 -0.000024 0.077597 -0.015095 0.080251 -0.010165 -0.088504 -0.000259 0.041391 -0.086607 0.189894 -0.021252 0.038751 -0.001366 -0.082171 0.027980 -0.019577 -0.103881 0.069831 -0.082521 0.119802 -0.058323 0.067670 -0.055410
7505 0.096123 0.135047 0.081268 -0.007700 -0.162917 -0.064534 -0.059905 0.036901 -0.019426 0.068958 -0.013340 0.149807 0.065158 -0.023671 0.115373 0.021839 -0.041187 0.049485 0.034744 -0.105636 0.062912 -0.085107 0.012803 -0.001157 0.011462 -0.080268 0.071229 0.234774 0.008358 -0.141893 0.111532 0.002722 0.038963 0.044614 -0.026755 -0.140357 -0.106360 -0.060579 -0.004029 -0.022108 -0.106537 -0.093734 -0.048221 -0.127566 -0.138630 0.030625 0.047405 -0.030163 -0.116589 -0.120083 0.051683 -0.013287 -0.075363 0.043703 0.082219 -0.027426 0.003306 0.041832 -0.014803 0.071723 0.105401 -0.008113 -0.130026 0.074842 0.026668 -0.068348 0.004586 -0.021504 -0.146591 -0.012137 -0.036414 0.051854 0.007557 -0.014036 0.088868 0.054779 -0.038345 -0.057394 -0.035304 -0.001204 -0.072166 -0.014517 0.079271 -0.118944 0.109221 -0.003667 -0.010764 0.011534 -0.130848 -0.028051 -0.005464 -0.002137 0.048887 0.001445 0.101194 -0.028104 0.092918 0.049123 0.001943 0.021232 0.008093 0.004565 0.196713 0.062049 0.009817 0.024110 -0.080015 -0.000892 -0.036616 -0.011426 -0.005076 -0.007034 0.077393 -0.014020 0.027814 0.026710 0.051945 0.009920 0.091737 -0.034330 -0.135003 -0.029630 0.031562 -0.066711 0.202378 0.150556 -0.020211 0.002087 0.003969 -0.016650 -0.083420 -0.089479 -0.092947 0.103394 0.021745 0.072890 0.095509 -0.082681 -0.014763 -0.091998 -0.141285 0.075140 0.066168 0.053769 0.140764 0.065708 0.036934 -0.086404 -0.003528 0.049497 0.094382 0.045205 0.013442 0.007138 0.142282 -0.066890 0.015147 -0.060121 0.025623 -0.113798 -0.060936 -0.042384 0.044140 -0.061723 -0.031887 -0.073958 0.013211 -0.007654 -0.026693 0.022360 0.035652 0.033490 -0.067544 0.011524 -0.064882 -0.054518 0.025339 -0.045059 0.004914 0.017173 -0.028186 -0.093042 -0.053961 0.084434 0.077294 0.003885 0.035818 -0.015184 -0.106478 0.083331 -0.021950 -0.099733
7511 -0.036608 -0.064156 0.051494 -0.028379 -0.092282 0.038732 0.108222 0.030600 0.097015 -0.187239 -0.071468 0.099686 0.021736 0.012728 0.104355 0.028249 0.111890 -0.027439 -0.049311 0.056947 0.019401 -0.097458 -0.047737 0.053732 0.000566 0.031173 -0.054783 0.059506 -0.025750 -0.179864 -0.069989 -0.054783 -0.022790 -0.054090 0.102223 -0.055456 -0.067294 0.060725 0.068180 0.128056 -0.071388 0.014118 0.017102 -0.034704 -0.066703 0.010784 0.043591 -0.119996 -0.023808 0.040005 -0.020996 -0.094288 0.011143 -0.112585 -0.037713 -0.001525 -0.072644 -0.020013 -0.042228 -0.044537 0.019759 -0.078512 -0.080603 -0.013153 0.166354 -0.038957 0.027388 -0.046520 0.094893 -0.086774 -0.114390 -0.038618 -0.043591 0.028442 0.024313 -0.107892 0.081895 -0.043317 0.082474 0.171666 -0.005158 0.022179 0.093794 -0.041913 0.111236 -0.085115 -0.033584 -0.017442 -0.002153 0.020532 0.096688 0.038382 0.006522 0.157485 -0.087622 -0.017292 0.006243 -0.020471 -0.115593 0.012721 0.062208 -0.059571 0.115905 0.009157 0.002323 -0.013886 -0.066371 -0.146357 -0.014637 -0.094460 0.010448 0.048707 0.009039 -0.079205 -0.078244 0.020788 -0.053605 0.055001 -0.033576 -0.093850 0.076338 -0.022466 -0.012494 -0.048928 0.103267 0.014411 -0.092335 -0.051253 -0.059228 -0.072667 -0.012866 0.008180 0.072973 -0.058697 -0.050058 -0.050953 0.098124 -0.089302 0.050031 0.003866 -0.095065 0.048479 0.005902 -0.073237 0.021293 -0.038326 -0.011868 -0.016697 0.129515 -0.051351 0.070545 -0.042633 -0.073195 0.039593 0.010401 0.063541 -0.194128 -0.003056 -0.150206 0.068942 0.076653 0.009389 -0.087273 -0.119166 -0.049651 -0.013244 0.057196 0.057698 -0.179161 -0.074795 0.040480 0.045707 -0.058840 -0.163603 0.014836 0.124919 -0.027682 -0.037479 0.112379 0.063364 -0.044463 -0.094716 0.107272 0.045955 -0.087399 0.101568 0.048774 0.020104 0.014410 0.027635 0.068828 -0.041508
7517 0.036999 -0.001823 0.105651 0.039126 0.038036 -0.051005 0.100992 -0.023914 -0.045798 -0.199521 -0.062624 0.094920 0.037962 0.005007 0.085130 0.101564 -0.016826 0.057221 -0.052465 0.015242 0.030892 0.023227 -0.002930 0.034093 -0.002416 -0.041048 -0.009453 0.011866 -0.049953 -0.120021 0.001084 0.041735 -0.115930 -0.010431 0.105771 -0.081065 0.033641 -0.060715 0.044276 -0.067767 0.045989 0.046774 0.042703 -0.031830 0.073252 0.036963 0.137889 -0.122463 0.050431 -0.135456 -0.001785 -0.028883 0.023778 -0.020457 0.065826 0.006912 -0.026785 -0.009609 -0.016394 -0.091548 0.190906 -0.013663 -0.005084 0.007831 0.007313 0.033433 0.077112 -0.085135 0.011277 -0.090058 -0.003363 -0.026472 0.046871 0.003021 0.008022 -0.124230 0.090140 -0.091133 -0.032702 0.142381 -0.038013 -0.096357 0.106392 -0.002949 0.102011 0.055666 0.081546 -0.036028 0.069951 0.158571 0.006370 -0.098495 0.011550 0.014641 -0.056025 -0.122942 0.161410 -0.040571 0.025025 -0.051775 -0.042975 -0.023395 0.121528 0.009385 0.029350 0.068570 0.082323 -0.003776 -0.084922 -0.005086 -0.155130 0.122331 0.113520 -0.132353 -0.074936 0.053990 -0.038010 0.091671 0.024942 0.023298 0.020387 -0.071998 0.003018 -0.072728 0.031070 0.068978 0.000437 0.046017 -0.038535 -0.076405 0.037890 -0.008363 0.009738 0.041151 -0.080266 -0.099835 0.057978 -0.130733 0.003971 -0.011359 -0.055526 -0.070353 0.017906 -0.116419 0.080249 -0.051067 0.121049 -0.011126 -0.053924 -0.013094 0.000777 0.039653 0.037368 0.011709 0.027911 0.102677 -0.041082 -0.091178 -0.186745 0.101330 -0.070440 -0.106426 0.026489 -0.021079 -0.059644 -0.049907 0.052041 -0.043478 -0.137444 0.164365 0.018686 0.089437 -0.050155 -0.000804 -0.065370 0.038860 -0.110266 -0.068639 0.099059 -0.005029 -0.017983 -0.021145 0.020945 0.040412 -0.015769 0.103856 -0.027960 -0.100772 0.127629 -0.078975 -0.116118 -0.056789
7635 -0.054627 0.090613 -0.014940 0.131383 0.032205 0.024726 -0.030912 -0.069795 0.024717 -0.017581 0.066813 0.082048 0.053210 0.043487 -0.026790 0.060973 0.058561 0.099136 -0.017585 0.004099 0.023649 -0.003820 -0.020140 0.018534 -0.065419 -0.018194 0.092064 -0.057587 -0.118350 0.031554 0.026989 0.117854 -0.012253 -0.034388 -0.039107 0.047421 -0.047924 -0.072724 -0.060174 -0.006675 0.010611 0.038426 0.079645 0.080342 -0.005210 0.071331 -0.090328 0.018159 0.074182 -0.027292 -0.039893 0.009310 0.065407 0.081461 -0.051721 -0.119678 0.039629 -0.003497 -0.077607 0.029532 0.009442 -0.010972 -0.032530 -0.039465 -0.077972 0.035022 0.072621 0.045339 0.053648 -0.020113 0.037729 0.023928 -0.136139 -0.030307 0.003189 -0.092438 -0.057433 0.033661 -0.032421 -0.087172 0.023173 -0.010820 0.103279 -0.126958 0.054048 0.020567 0.080928 0.022975 -0.030432 0.142308 -0.032633 0.036691 -0.003392 0.096149 -0.007664 0.013564 0.061134 0.001337 -0.086954 0.018172 -0.034053 -0.056821 0.065718 -0.020500 -0.008059 0.008791 0.081901 -0.015859 0.005568 0.007838 -0.171480 0.135904 0.064906 0.048291 0.083486 0.046973 -0.007577 0.153093 -0.042594 0.026108 -0.086009 -0.075013 -0.033605 -0.204922 -0.079548 0.051760 0.126886 0.091076 -0.165226 -0.068998 -0.140730 -0.106102 -0.049890 0.057480 -0.006360 -0.050623 0.027332 -0.062451 0.051596 -0.074531 -0.031850 -0.028000 -0.042293 -0.068013 -0.022565 0.178694 -0.040048 0.045151 0.046298 0.073920 -0.102323 0.057409 -0.050677 0.048835 0.049037 -0.093031 -0.031561 0.023301 -0.050839 0.005061 -0.077329 -0.127846 0.077393 -0.102103 -0.091709 -0.080296 0.145608 0.056472 -0.109979 0.138663 0.078800 0.014559 -0.052535 -0.061721 -0.107911 0.036546 -0.082908 -0.194344 -0.029421 0.013493 0.011371 -0.083720 -0.003984 0.001944 0.014950 -0.044065 0.118844 -0.138455 0.129378 -0.054284 -0.176985 -0.079350
7780 0.094483 0.000323 0.125013 0.062558 -0.036561 0.053872 0.059133 0.081305 0.069788 -0.056550 -0.137007 0.103189 0.213361 -0.051614 -0.034796 0.036351 -0.113941 0.111700 -0.038516 -0.086215 -0.105023 -0.148293 -0.146309 -0.036634 0.057339 0.008974 -0.173159 -0.119031 0.034806 0.053279 -0.057778 0.025416 -0.094283 0.089740 0.096268 0.047939 -0.049056 0.076182 0.032158 0.058205 -0.105337 0.000464 -0.034698 0.068768 0.046232 -0.016926 0.118455 -0.113521 0.048037 0.037001 0.052593 0.056137 -0.101381 0.045151 0.046572 -0.020755 -0.104422 -0.019526 0.003593 0.018258 0.072497 -0.025154 -0.055700 0.030290 0.014610 -0.044411 0.113789 -0.042610 0.182066 0.004004 0.027712 0.008641 -0.061398 -0.004576 0.051701 -0.035755 -0.005998 -0.090183 0.018675 0.049964 -0.090039 -0.011130 0.125062 -0.020688 0.144397 -0.002515 0.053785 0.103287 -0.204097 -0.037656 0.005974 -0.015892 0.029129 0.131300 0.017682 -0.017696 0.039815 -0.031217 -0.034672 0.040367 -0.028550 -0.051654 0.078216 -0.114741 0.112959 -0.041776 -0.070022 -0.106512 0.055817 -0.004784 0.028784 -0.010511 -0.056611 0.069193 -0.065809 0.047431 0.095708 -0.164981 0.020011 0.074657 0.062373 0.006045 -0.028350 0.031955 0.050478 -0.010391 -0.030956 -0.149061 -0.021453 0.092092 -0.040106 0.070439 0.076125 -0.162358 -0.068940 -0.037396 -0.053511 0.027097 0.044591 -0.078313 0.017109 0.036105 -0.068442 -0.041512 -0.050658 0.042479 0.000269 -0.015472 -0.003085 0.024876 -0.001667 -0.047942 0.044838 0.001893 -0.028684 -0.019620 -0.055378 0.015218 -0.020632 0.009286 0.107882 -0.056835 0.046644 -0.010289 -0.062772 -0.042152 0.019065 0.054973 -0.112955 0.022594 0.082119 0.012964 -0.022968 -0.095283 0.002620 -0.050814 0.009007 0.052077 0.069291 0.039987 -0.048601 -0.111728 0.002773 -0.008370 -0.071551 0.136563 -0.070529 0.014927 -0.073001 0.078098 0.162517 0.100238
7794 0.079579 0.131273 0.129618 0.010664 0.002742 -0.180535 -0.064817 -0.094779 0.006327 0.073722 0.023586 0.023433 0.018463 -0.076787 0.014098 0.105596 -0.051970 0.085205 -0.054296 -0.029470 -0.011712 -0.005750 0.175515 -0.066523 0.026005 0.041480 0.053838 0.062727 -0.065820 -0.125306 0.125184 -0.008525 0.098086 -0.000081 -0.036744 0.050073 0.020068 -0.056533 -0.032250 -0.139934 0.021386 0.144680 -0.164196 -0.044136 0.009352 0.049512 0.047423 -0.022891 0.064582 0.021832 0.153768 -0.067075 0.087474 0.049115 0.087677 -0.066813 -0.142119 -0.180435 -0.029878 0.056490 0.068389 0.169820 0.011705 -0.019425 -0.027271 0.111704 0.029067 -0.084563 0.023488 -0.001043 0.001840 -0.046803 0.073620 -0.068301 0.021411 -0.190867 0.035712 -0.037922 -0.035451 0.097081 0.023518 0.049014 -0.043446 0.138479 0.058909 -0.036883 -0.011772 0.128458 -0.083503 -0.008763 -0.098598 -0.061547 0.051479 0.002731 0.014505 0.016645 -0.041524 -0.028494 -0.102098 0.014552 0.174006 -0.018804 -0.014408 -0.083653 -0.008442 0.064717 -0.094038 -0.032597 0.062744 0.089719 -0.101923 -0.076706 0.050663 -0.083132 0.046059 -0.062654 -0.066963 0.034121 0.049933 -0.002794 -0.134307 0.051226 -0.003383 0.005202 0.010369 -0.032629 0.007259 -0.069656 -0.121102 0.023864 -0.009760 0.022171 0.088758 0.080108 -0.028162 0.037160 0.000054 -0.110692 -0.029284 -0.111554 0.017203 -0.026847 0.005154 -0.045807 0.105479 -0.079079 0.043908 0.000458 -0.058639 -0.059084 -0.042770 0.065446 0.097723 0.019917 0.058185 -0.055676 -0.077256 0.075050 -0.045622 -0.045612 -0.049232 -0.012665 0.049039 0.060462 -0.036206 -0.058363 0.055574 -0.038076 0.042981 0.125256 -0.003626 -0.079121 -0.018474 0.079184 -0.081794 -0.051113 -0.114262 -0.015442 0.045179 0.028842 -0.119218 -0.057650 -0.106629 0.032557 0.031044 -0.024176 0.002487 -0.138841 0.068527 -0.015326 0.058700 0.017072
78 0.041013 -0.109830 0.012300 -0.048072 0.008554 0.135016 -0.064212 0.145579 -0.001060 -0.094902 0.018748 0.082299 0.008938 -0.036052 -0.011616 -0.011857 0.078421 -0.115859 0.059569 -0.064696 -0.005343 -0.152939 -0.026380 0.003956 0.097529 0.121218 0.007153 -0.204951 0.054679 -0.007634 -0.048030 0.182268 -0.036255 -0.003952 -0.036734 -0.098218 0.010394 -0.092240 0.080068 -0.096108 0.002136 0.007536 0.037293 -0.079747 0.051148 -0.010049 0.065070 -0.127878 0.175015 -0.004760 -0.017217 0.035887 -0.013155 0.000443 -0.118008 -0.007049 -0.069784 -0.097870 0.015858 0.018354 0.029317 0.006262 0.007067 0.120091 0.153658 0.014012 0.007449 -0.111649 -0.037078 -0.130479 0.080620 -0.079221 0.076414 -0.152961 -0.086726 -0.099065 0.060164 -0.022216 0.124450 -0.006742 -0.017069 -0.014812 -0.016478 -0.035552 0.120973 0.034503 0.099903 0.032338 -0.031109 -0.024629 -0.189399 0.026183 -0.024257 0.012474 -0.059368 -0.099553 0.102690 -0.165642 -0.034060 0.074068 -0.062010 -0.037836 -0.014105 -0.038303 0.039004 -0.097116 0.107168 -0.101172 -0.027004 0.059066 0.061328 -0.031452 0.016985 -0.029123 -0.008169 -0.063337 -0.007556 0.059808 0.045680 0.051131 -0.126910 0.042820 -0.096226 0.045632 -0.081246 -0.064425 0.173060 -0.026773 -0.034630 -0.024816 -0.007011 0.086583 0.123671 -0.097615 0.038875 -0.063022 0.049685 -0.151743 -0.020949 0.005674 -0.078400 -0.024994 -0.092847 -0.048269 0.062528 0.029958 0.000433 -0.053331 -0.026641 0.037845 0.038084 0.084285 -0.063801 -0.037114 0.007996 0.002810 -0.075930 0.103407 -0.068148 0.012617 -0.058395 0.036117 0.012528 0.056083 0.067039 0.007949 -0.008245 -0.098960 0.059440 0.012276 -0.018038 -0.015951 -0.046489 0.031573 0.016640 -0.014087 -0.024185 -0.098377 0.064773 0.114262 0.044373 0.010787 0.023915 -0.044696 -0.057978 -0.001327 -0.114714 -0.068407 -0.036727 -0.122984 -0.005271 -0.023020
7800 -0.000236 -0.054204 0.168891 0.056572 0.079082 -0.056083 -0.033329 -0.065537 0.012784 0.002043 0.015441 0.025444 0.194726 0.052494 0.027664 0.004431 -0.085276 0.080032 0.017765 0.066536 -0.039496 -0.115685 -0.006994 0.022231 0.033920 0.034736 -0.098625 -0.136504 0.059154 -0.028726 -0.016484 0.025581 -0.041029 0.027433 -0.093462 -0.012824 0.036101 -0.042680 0.088240 -0.114834 -0.065013 0.024461 -0.050182 -0.086591 0.077386 0.019268 -0.062963 -0.079153 -0.017905 -0.130746 0.051977 0.100176 -0.063414 0.003259 0.115564 0.027787 -0.033076 0.036696 0.061229 0.018967 0.087922 -0.003871 -0.016618 -0.031922 -0.041882 0.082155 -0.078950 -0.083653 0.053641 -0.039040 -0.005838 0.044761 0.051914 -0.078095 -0.009654 -0.060252 0.114146 -0.071729 0.015667 0.073113 -0.019035 -0.015750 0.077799 -0.001456 0.021940 -0.026213 0.016930 0.119368 -0.070309 0.099529 0.138291 -0.120913 -0.030852 0.051211 -0.039792 0.115048 0.083992 -0.142746 -0.016125 0.104904 0.020237 -0.113990 0.014898 -0.008738 0.004405 -0.075059 -0.052362 -0.035877 0.014427 0.007625 -0.053892 -0.086299 -0.083354 -0.019604 0.008200 0.071987 -0.135190 0.121153 -0.093456 0.044903 -0.009304 0.090486 -0.222746 0.082895 0.164752 -0.066427 0.019389 -0.063516 0.032878 0.126433 0.015897 0.034740 0.029588 -0.209919 -0.093895 0.015902 -0.092818 -0.037173 -0.132838 -0.045503 -0.092581 -0.164974 -0.056018 -0.035414 -0.064339 -0.047848 0.035013 -0.069881 0.039084 0.007917 -0.032782 -0.047035 0.053146 0.007928 -0.014740 0.004764 0.123073 0.031010 -0.182477 0.017377 0.045105 -0.092883 0.001328 0.007314 0.021650 -0.052876 -0.009065 -0.016320 -0.046023 0.093177 0.040935 -0.062043 0.068332 0.046370 0.043214 -0.053552 0.084709 -0.082320 0.021944 0.091786 0.049543 -0.132656 -0.062908 -0.020380 -0.009820 -0.020913 -0.082168 0.007731 -0.075288 0.074736 0.053992 0.012994
7859 -0.040623 0.069132 0.140330 0.152568 0.011836 0.145952 -0.054761 -0.016047 0.098541 0.019383 -0.049219 0.020793 0.087718 0.036353 0.021931 -0.051347 0.066801 -0.101393 0.032407 0.014717 -0.017535 -0.212146 0.041024 -0.043576 -0.020310 -0.082711 -0.140603 0.032126 0.051599 -0.169705 -0.121584 -0.066117 -0.066879 0.083214 0.057678 0.015093 0.034233 0.069965 0.071141 0.026268 -0.058815 -0.003865 -0.063510 -0.006830 -0.114836 0.074233 0.043185 0.006488 -0.090407 0.056625 -0.054602 -0.070701 -0.079557 -0.014774 0.030507 0.109954 -0.007508 0.015766 -0.031282 -0.082761 0.041669 -0.045794 0.051775 -0.022041 -0.000716 0.027909 0.088308 -0.072503 -0.084159 -0.151566 0.024160 0.011970 -0.047960 -0.044245 0.004331 -0.131068 0.133622 -0.011194 0.179507 -0.004320 0.031030 -0.032379 0.080984 0.052714 -0.087324 0.058185 -0.043976 0.010827 -0.095586 0.076275 0.072590 -0.042814 -0.044769 0.069500 0.108907 -0.045996 0.030723 -0.008614 -0.086231 0.022594 0.129939 -0.044610 0.081648 0.041050 0.109503 -0.080010 0.003360 -0.033078 -0.008828 0.059105 0.126392 0.054265 -0.015009 0.036241 -0.114896 -0.055925 0.005225 -0.034036 -0.136620 0.072278 0.057995 -0.074400 -0.123115 -0.071677 0.006080 0.043783 0.002314 -0.001211 0.047938 0.070499 -0.064372 0.095635 -0.023535 -0.054008 -0.039099 -0.044449 -0.068327 -0.041840 0.041908 -0.042792 -0.049856 -0.034668 0.067014 0.011299 -0.005196 -0.054790 0.061792 -0.079757 -0.027986 -0.025669 0.091968 -0.053037 -0.022023 -0.002149 0.045585 0.128215 0.014834 -0.040364 -0.180961 0.059892 0.011107 -0.062407 -0.103980 0.009972 -0.067506 -0.088525 0.177533 -0.004663 -0.041273 -0.018915 -0.080317 -0.059553 -0.076184 0.047346 -0.043555 0.045504 0.099575 0.030111 -0.086455 0.138742 -0.000643 -0.056833 0.081623 0.064824 -0.069987 0.117637 0.077533 -0.072303 -0.135713 0.012222 0.016199 -0.008753
8014 0.072752 0.164012 0.085799 0.053405 0.174064 0.054666 0.082193 -0.036065 0.041129 -0.010784 0.014101 -0.010553 0.145535 0.050113 0.058465 0.060339 -0.013874 0.000354 0.146776 0.009805 -0.108677 0.059305 0.092445 -0.135218 -0.017848 0.047961 -0.043544 -0.065885 -0.014094 -0.072811 -0.006887 -0.008650 -0.003469 0.055959 0.021224 0.050542 -0.035090 0.001335 0.032905 0.019427 0.014553 0.011355 -0.077598 0.114528 0.053585 0.035215 0.072988 -0.019183 0.135066 -0.001251 0.004440 -0.032049 -0.157401 0.001088 0.149555 0.011602 0.047278 0.002650 -0.100954 -0.001083 0.050596 0.009717 -0.177039 -0.019260 0.044042 0.127764 0.037238 -0.084235 0.004289 0.018520 0.012330 0.116222 0.038422 0.001642 0.006771 -0.111826 -0.145345 0.005211 0.149402 -0.035304 0.062801 0.077981 -0.059177 0.001811 0.086787 0.076836 0.087684 0.084897 -0.096297 0.114363 -0.028922 -0.019018 0.051731 0.013906 0.004666 0.034905 0.009271 -0.052343 -0.167356 0.047716 0.009728 0.014501 0.082462 0.006866 -0.034883 -0.060413 -0.017518 -0.070552 0.118501 -0.043598 -0.048299 -0.037528 0.114051 -0.005990 0.053937 -0.021572 -0.005466 0.108266 0.020504 -0.016550 -0.029722 -0.035077 0.032510 0.005805 0.077306 0.103790 -0.126234 0.026356 -0.058550 0.002669 -0.043882 -0.050711 -0.009632 -0.134347 -0.083724 -0.091214 0.017596 -0.039243 -0.090626 -0.025203 -0.010689 -0.059673 -0.119182 -0.216406 0.075609 -0.053800 0.034746 -0.068608 0.047602 0.071013 0.040880 0.079431 0.071151 -0.001417 0.070262 -0.054948 0.071637 -0.061770 -0.160253 -0.080739 0.021893 -0.127488 0.110237 -0.064360 0.095709 0.049541 0.081390 0.114661 -0.078646 -0.071148 -0.007245 -0.025195 -0.015891 0.072672 0.075901 0.076038 -0.041182 0.084029 -0.103509 0.075136 0.021148 -0.108559 0.060657 0.053853 0.019901 0.072806 -0.004286 -0.003170 0.008551 0.052762 0.010179 -0.044723
8051 0.083057 -0.027058 0.108837 0.058160 -0.052109 -0.038079 0.015788 0.062741 0.048894 -0.007477 0.071058 -0.056295 0.064400 0.106480 -0.006053 0.207050 -0.050221 0.101273 -0.009519 -0.045226 -0.032750 -0.062723 0.022466 -0.031252 0.017357 -0.067692 -0.155968 0.047482 0.105816 -0.011320 -0.022193 -0.086964 -0.143281 -0.047404 0.044489 0.155695 0.018216 0.072198 0.109637 -0.058740 0.051409 -0.058241 -0.039755 0.014773 -0.040618 -0.031851 -0.008140 0.027283 -0.043983 0.056488 -0.065361 0.147445 -0.141479 0.012411 0.024693 -0.093335 -0.109925 -0.015801 -0.033090 0.023034 0.037049 -0.025662 0.022094 0.058331 0.008671 0.047301 0.100109 -0.041884 0.026535 -0.029615 -0.005339 -0.034617 -0.040343 -0.102428 0.032276 -0.028631 0.081083 0.074004 0.065353 0.124037 -0.028571 0.017935 0.017234 -0.117927 0.102110 -0.004342 -0.086277 0.103447 -0.100667 -0.102735 -0.001820 -0.029345 -0.001815 0.179239 0.064811 0.009365 0.090695 0.086431 -0.082621 0.077490 -0.058935 -0.115358 0.032512 0.008777 0.005361 -0.013885 -0.015504 -0.106570 0.061051 -0.021380 -0.021773 0.009777 -0.148177 0.116920 -0.044459 -0.004999 -0.043392 -0.064269 -0.030389 0.108101 0.116994 0.040297 -0.012851 -0.104016 0.092788 0.016283 0.068065 -0.139671 0.061034 0.067857 0.011876 0.087965 0.073453 0.001632 -0.084582 -0.033570 -0.056294 -0.083749 0.034194 -0.168669 -0.034867 0.015340 0.005488 -0.096875 -0.054888 -0.008644 0.029850 -0.114565 0.045087 0.007147 -0.010753 -0.061088 -0.156913 0.015103 -0.093088 0.017321 0.008458 -0.055045 -0.039023 0.125139 -0.008039 -0.118386 0.076121 -0.028269 -0.092439 -0.025978 0.059958 0.123749 -0.040272 -0.139812 0.031331 0.076771 0.028011 -0.019969 0.074774 -0.134037 -0.016228 0.097613 0.074003 0.025553 0.011538 -0.035719 -0.075057 0.095396 -0.026496 0.013815 0.153767 0.033083 -0.051729 -0.011662 0.049715 -0.018360
8063 0.044799 -0.033728 0.095366 -0.050480 -0.084955 0.058286 -0.013321 0.073952 0.062204 0.013622 0.091249 0.148505 0.144808 -0.035507 0.053076 -0.078943 0.112895 -0.069012 -0.002690 0.024761 -0.066974 -0.059063 -0.016737 0.041625 -0.130353 -0.044771 -0.003771 0.040637 -0.000888 -0.030402 0.066216 0.066131 0.076106 0.011103 -0.126874 0.025322 -0.034446 0.005880 0.214110 -0.029292 -0.035108 -0.047228 -0.038095 -0.018855 0.004859 0.058183 -0.020434 -0.036394 0.007497 -0.006285 0.055663 0.011590 -0.034413 -0.142754 -0.092347 -0.007852 -0.085582 0.000143 0.009808 0.029404 -0.078345 0.011104 -0.032296 -0.090081 -0.111939 0.009173 -0.005049 0.030729 -0.118498 -0.098989 -0.076505 -0.017077 0.015999 -0.065520 0.007549 -0.037349 0.026871 -0.034602 0.062632 0.077401 0.063972 0.021157 -0.021020 -0.000256 0.026999 0.047010 0.015741 0.186290 -0.039642 0.054298 -0.123012 -0.052579 -0.022111 -0.017544 -0.132427 -0.050577 -0.013685 -0.128693 0.014133 0.018294 -0.072170 0.000920 0.139973 -0.000821 0.041069 -0.047690 -0.038554 -0.080025 -0.105727 -0.006175 0.095054 0.116445 -0.061917 0.019115 0.029782 0.107725 -0.035609 0.097368 0.018781 -0.038676 -0.264313 0.037202 -0.019675 -0.089898 0.077787 0.107077 0.072943 0.086232 -0.082454 0.038003 -0.018459 -0.033369 -0.060888 0.025534 -0.076091 0.016035 -0.045419 0.015409 -0.011948 0.107662 0.010243 -0.011208 0.013775 -0.034164 -0.061324 0.094727 0.202214 -0.044310 -0.101966 0.011659 -0.011430 -0.011152 0.024786 0.119126 -0.012331 0.001922 -0.027079 0.035002 -0.135030 0.065222 -0.075952 -0.046304 -0.069314 -0.032369 -0.099674 -0.094325 0.056161 0.031875 0.101969 -0.048863 0.060704 -0.047779 0.052670 -0.064813 -0.056016 -0.097777 -0.128906 -0.081371 0.099038 -0.012656 -0.012459 -0.101248 -0.042085 0.114993 -0.077533 0.032628 0.009130 -0.083081 0.115824 -0.098203 -0.134418 -0.038612
8088 -0.091191 0.148597 -0.009407 0.040924 0.011113 -0.005021 -0.071086 -0.024390 -0.035878 -0.157123 -0.045367 0.079565 0.110041 -0.037082 0.003396 -0.131052 -0.206349 0.017719 -0.068925 -0.091887 -0.102593 0.027760 -0.044871 0.073332 0.064998 0.145649 -0.006943 -0.046657 0.041725 -0.088218 0.038012 -0.132374 -0.100534 0.007162 0.105673 0.020368 -0.049765 -0.006334 0.110438 -0.011271 0.020092 0.045705 -0.126774 -0.102698 0.041094 -0.123961 -0.047267 -0.067208 -0.042372 -0.006077 -0.027390 -0.004289 0.011628 -0.094613 0.075527 -0.014904 -0.054460 0.096110 -0.128945 -0.004417 0.084344 0.113353 -0.115096 0.098557 -0.095416 -0.038021 -0.009581 0.068946 -0.070583 -0.153434 -0.046740 0.061338 -0.047695 -0.057347 -0.048368 -0.027476 0.045160 -0.009109 -0.203881 -0.020578 0.072705 -0.091120 0.120167 -0.076029 0.076740 0.040664 -0.001653 -0.026449 -0.079572 -0.078993 0.065941 -0.127067 0.035410 0.008121 0.063355 0.017199 0.019400 -0.001536 0.054173 -0.057132 -0.011772 -0.036245 0.129547 -0.071624 -0.045964 -0.084588 0.045463 -0.181419 0.067322 0.001739 0.109248 0.013226 -0.031805 -0.020335 -0.053065 0.079085 0.127358 0.005423 0.125549 0.070207 0.016641 0.055494 0.003562 0.015720 0.141819 0.079140 0.029098 -0.034890 -0.017157 0.043561 -0.024818 0.052385 -0.141211 0.014780 0.007658 0.055588 -0.060313 0.033848 0.029014 -0.040555 0.057435 -0.084888 -0.019923 -0.047948 -0.034640 0.000155 0.081609 -0.111616 -0.122510 0.107358 0.110520 -0.001373 0.048857 -0.007424 0.045773 0.053353 0.043643 0.013188 -0.136733 -0.065334 -0.054332 0.060409 -0.003298 -0.014570 0.004284 -0.122125 0.097767 0.043862 -0.063885 -0.016793 -0.030219 -0.001644 0.007247 -0.089364 -0.001512 -0.040466 0.060258 0.007659 0.082525 0.037741 0.051442 0.049987 -0.102133 -0.002928 0.035701 -0.037345 -0.076222 0.004687 0.054988 0.040972 0.026477 -0.055174
8095 -0.004602 -0.022445 0.004003 0.010808 0.016890 0.093691 -0.011547 0.089074 0.033903 -0.013321 0.091419 0.007705 0.155209 0.011531 0.052038 -0.137900 0.003581 -0.045923 -0.139279 -0.014826 -0.033032 -0.052913 -0.052648 -0.034793 -0.004169 -0.000503 0.030265 0.056577 0.149812 -0.081836 -0.008319 -0.033033 0.038632 -0.002897 0.050605 -0.055712 0.027684 0.054625 0.077011 -0.041944 -0.048144 -0.036972 -0.030949 0.020053 0.052541 -0.194147 -0.134012 -0.008170 -0.025357 -0.003849 0.038771 -0.046187 0.127630 -0.023095 0.147235 0.002061 -0.040011 0.028943 -0.066445 0.036425 0.044751 -0.048087 -0.192486 0.003444 -0.043989 -0.034239 0.019680 -0.013777 -0.093169 0.021657 0.027492 -0.085672 0.128306 -0.056185 -0.032304 -0.105697 -0.062820 -0.004006 -0.026059 -0.064305 -0.128002 0.104787 0.030228 -0.138872 0.133062 -0.076959 -0.079952 -0.012586 -0.120335 -0.106828 -0.030211 -0.104130 0.091952 0.114641 -0.105816 0.016209 0.023797 0.018683 -0.001766 0.033919 -0.046688 0.009346 -0.010296 -0.027720 0.122566 -0.104863 -0.069328 -0.035393 -0.007711 0.049243 0.024086 -0.077832 -0.057926 0.020209 -0.060563 -0.015241 -0.100224 0.046957 0.134640 0.052261 -0.062498 -0.073494 0.156776 0.044884 -0.005052 0.020969 -0.066862 0.020570 -0.065012 0.056275 0.003348 -0.041509 -0.029950 -0.047515 -0.055263 0.070102 0.093870 0.159527 0.054129 -0.021458 -0.148025 -0.166113 0.028637 0.015259 -0.033725 0.017141 0.059537 -0.049631 -0.097377 0.096124 0.012785 -0.140287 0.029514 -0.093252 0.063715 -0.052675 0.054908 0.051641 -0.127548 -0.027711 -0.091335 0.002568 -0.041341 -0.075408 -0.173416 -0.065385 -0.039429 0.062896 -0.033680 0.131859 0.069619 -0.038504 -0.075605 -0.061289 -0.062367 0.000312 -0.067190 -0.095310 -0.004611 0.077085 0.088230 0.004877 -0.041584 -0.032159 0.024033 -0.036489 0.056339 -0.074461 0.076748 -0.080436 0.050024 0.080801
8098 -0.049626 -0.088352 0.066110 -0.151280 -0.056608 0.004423 0.154087 -0.066157 -0.021369 0.040778 0.120753 0.129034 0.008556 0.010867 0.071209 0.045510 0.064754 -0.026811 -0.022525 0.068513 0.017057 -0.010589 0.045355 0.067866 -0.119275 0.053715 -0.024477 0.101813 0.084593 -0.005861 0.098566 -0.047746 -0.065731 -0.025314 -0.119604 -0.029558 0.038330 0.043951 0.008252 -0.065190 0.045736 0.024450 -0.005591 -0.120085 -0.003462 -0.038316 0.053561 -0.138565 0.088396 0.027874 0.044961 0.097803 -0.032983 -0.063106 -0.122024 0.028972 -0.086695 -0.015031 -0.073475 -0.019883 0.039771 -0.056204 -0.163492 -0.046463 -0.006278 -0.048328 0.072862 0.062760 -0.057754 0.043757 -0.052337 -0.024365 0.088604 -0.006677 -0.095463 0.035134 -0.055654 0.010736 0.089012 -0.035485 0.031414 -0.001075 0.028337 -0.054212 0.041218 -0.046846 -0.018171 0.124007 -0.016716 -0.140633 -0.172030 -0.148226 -0.029636 0.062274 0.038385 -0.015102 0.076707 0.001427 -0.049248 0.078066 -0.072495 0.001076 0.162797 0.008917 0.102664 -0.028532 -0.001700 0.001959 -0.047696 0.069844 0.099958 0.051133 -0.049690 -0.030963 -0.001462 -0.057749 -0.029643 0.035746 0.011639 -0.005233 -0.188229 -0.038764 -0.020780 0.082115 0.041873 0.040004 0.118079 -0.012984 -0.006305 -0.032954 0.023620 -0.132380 0.013371 -0.085936 0.071709 -0.050483 0.042761 -0.065834 -0.020632 0.006651 -0.130844 -0.061897 0.067561 -0.009558 0.062012 0.114693 0.080387 0.055491 -0.071161 -0.079408 0.032264 0.027511 -0.053037 0.191066 -0.010318 0.002853 0.075493 0.086151 -0.062329 -0.016740 -0.069143 -0.143324 0.003637 -0.036354 -0.020234 -0.105180 -0.082545 0.020605 0.010820 0.048134 0.036931 -0.090576 0.068207 -0.012823 0.054232 0.067200 -0.086666 -0.131115 0.146246 0.008479 0.084171 -0.065405 -0.116456 0.107260 -0.115615 0.026245 0.046221 -0.082753 0.110652 -0.001050 -0.123209 -0.046987
8108 0.057054 0.018645 0.097218 0.063679 0.166260 0.026021 -0.079281 0.198645 0.038922 0.040093 -0.125426 0.104798 0.037833 -0.101554 0.038074 -0.044703 -0.091439 -0.010209 -0.019588 0.108949 0.014805 -0.107180 -0.068254 0.066333 -0.007542 0.001442 -0.054941 -0.031911 0.135500 -0.029884 -0.059343 0.105929 -0.010371 -0.041914 0.027713 -0.154813 -0.106801 -0.115347 -0.035172 -0.072191 -0.044544 -0.013839 -0.075887 -0.187611 0.023358 -0.048735 0.088533 -0.002690 0.046965 0.002297 -0.056251 -0.049331 -0.075108 -0.029733 0.037773 -0.079351 -0.067532 -0.003653 -0.035852 -0.073470 0.008331 -0.048966 -0.064987 0.103954 0.048059 0.071095 0.058181 -0.001228 -0.056740 0.004770 0.014018 0.010505 -0.018152 -0.044885 0.069892 -0.043298 0.050407 -0.096442 0.082538 0.083171 -0.108280 0.105149 0.039116 -0.142632 0.057046 -0.066209 -0.016792 -0.069546 -0.092578 -0.013733 -0.082153 0.056796 0.013191 0.094477 -0.233868 0.093488 0.028294 -0.173580 0.018136 -0.016891 0.049694 -0.012646 0.051493 -0.005513 0.020966 -0.100678 -0.028550 -0.014623 0.008407 0.041851 0.014754 -0.046072 -0.036982 0.047583 0.047654 -0.028967 -0.083204 0.021903 -0.029060 0.058041 -0.150558 -0.032808 0.107004 0.116915 -0.030324 -0.031112 -0.032888 -0.074891 -0.056848 0.172896 0.011041 0.055169 0.050618 -0.084977 -0.071709 0.051378 0.055884 -0.058321 -0.045364 -0.113903 0.013801 -0.072344 -0.056909 -0.106257 -0.014525 0.054154 0.130467 0.120172 -0.136341 0.044958 -0.006835 -0.066480 -0.161421 0.000619 0.072682 -0.001557 -0.050902 0.013489 0.027463 -0.037923 -0.013611 -0.130201 -0.048604 0.114735 -0.019194 0.007631 0.042732 -0.098907 -0.045370 -0.014746 0.109399 -0.035539 0.046095 -0.057530 -0.083244 -0.071862 -0.058898 0.013632 -0.026023 0.055513 0.022375 -0.026807 0.014261 -0.007416 0.058210 0.084575 0.008109 0.050045 -0.048774 0.032838 0.005450 0.033105
8123 -0.014721 -0.071008 0.047127 0.048266 -0.109846 0.018429 0.136966 -0.040889 -0.043423 -0.164676 -0.021903 0.088828 0.098119 0.052363 0.072449 0.054626 0.103399 -0.028546 -0.036764 0.117339 0.095240 -0.046364 -0.011568 -0.091504 0.011331 0.012843 -0.073645 0.032804 0.035268 -0.154745 -0.012301 0.034032 -0.072810 0.040787 0.054695 -0.107246 -0.071200 -0.047070 -0.054081 -0.034557 -0.073521 0.058761 0.026104 0.010164 0.004270 0.019917 0.001584 -0.106936 0.093641 -0.034931 -0.075793 -0.111147 0.031044 0.020807 -0.054796 0.012037 -0.046790 -0.006904 -0.036514 0.019832 0.067488 -0.145985 -0.069063 -0.024584 0.054058 -0.042228 0.066762 -0.120867 -0.068545 -0.093558 0.062865 -0.041833 -0.088451 0.031919 0.079789 -0.035756 0.046365 -0.086381 0.003674 0.118696 0.017201 0.064841 0.138651 0.025167 0.075243 -0.018515 -0.017510 -0.031257 0.083181 0.128599 0.036912 -0.085027 -0.049612 0.082148 -0.013641 0.000489 0.068971 -0.070497 -0.011635 -0.021605 0.043416 0.097517 0.116570 -0.078741 -0.018821 -0.137473 0.020411 -0.003962 -0.086464 -0.075286 -0.042028 -0.036441 0.061939 -0.108295 -0.170956 -0.013167 -0.051356 -0.014225 -0.014193 -0.025758 0.023265 -0.008075 -0.071268 -0.146368 0.225746 0.091283 -0.070736 -0.040779 -0.026639 0.011910 -0.032244 0.005610 0.026019 -0.062335 -0.049773 -0.036185 0.100208 -0.091579 0.005413 -0.057880 -0.041882 -0.010410 -0.001988 -0.110614 -0.041003 0.067966 -0.017338 -0.065180 -0.048143 -0.025021 0.070922 0.066256 -0.000627 0.094910 -0.027431 0.046943 0.017434 -0.048542 -0.171568 0.094081 0.050438 -0.034762 -0.021045 -0.127733 -0.046865 0.011325 0.014378 -0.088200 -0.095298 0.086757 0.126171 0.069210 -0.001475 -0.023237 0.161169 0.116972 -0.106039 -0.167019 0.055870 0.109031 0.003818 -0.115702 0.067924 0.009382 -0.024630 0.087835 0.040918 -0.033174 -0.045179 0.053072 -0.021566 -0.053214
8226 -0.126932 0.011917 0.165360 0.013285 0.140028 0.008083 -0.027624 0.049477 -0.042652 0.055930 0.013775 0.064541 0.048278 -0.133431 0.141025 -0.038433 -0.099850 0.016441 -0.022361 -0.016856 -0.084598 -0.082036 0.029264 0.028982 0.135177 -0.041750 -0.083869 0.101014 0.027192 -0.043476 -0.093559 -0.012576 -0.099850 -0.041114 0.036415 -0.055018 0.046539 0.095871 0.022113 -0.050203 0.023315 0.088560 -0.089553 -0.025842 0.072942 -0.067357 0.013627 -0.079429 0.090614 -0.070324 -0.027921 -0.058274 0.017769 0.064567 0.029707 -0.028600 -0.111170 -0.103862 -0.131776 0.050386 0.103534 0.053032 -0.058477 0.070572 -0.067635 -0.023109 -0.020984 0.071581 -0.066322 -0.066919 -0.050902 0.079328 -0.068710 -0.091894 0.029361 -0.002985 -0.058102 -0.073831 -0.020481 -0.078066 -0.074105 0.091812 0.015649 -0.076148 0.118198 0.099111 -0.085279 -0.049818 -0.023971 -0.028276 -0.073090 0.009962 0.093541 0.147242 -0.036028 -0.029017 0.067477 0.034965 0.077348 0.063401 0.003947 -0.041307 0.065117 0.021344 0.043803 0.022370 -0.073203 0.007417 -0.016793 -0.034395 0.006585 0.025348 0.094184 0.022702 -0.108558 0.005127 -0.013378 0.110520 0.088495 0.125513 -0.020499 -0.135640 0.169915 0.125159 0.026215 -0.117496 -0.010674 -0.092549 -0.037158 0.008271 0.012256 0.022138 0.022222 0.026481 -0.068285 0.011382 -0.094018 -0.072825 -0.050747 -0.068398 -0.106958 -0.093583 0.052234 -0.040688 0.046977 -0.037986 -0.015428 0.088209 -0.135409 0.041573 0.119191 -0.036404 -0.099506 0.060812 0.053979 -0.073166 -0.041921 -0.067654 -0.159808 0.038697 -0.021846 0.078490 -0.068909 0.008304 -0.032478 -0.055539 -0.093165 0.002032 -0.083154 0.030068 -0.034794 0.061612 -0.094012 -0.018462 -0.023716 -0.109884 -0.109089 -0.146644 0.153109 -0.009821 -0.054523 -0.073475 -0.089637 0.041677 0.101815 -0.010024 0.065815 -0.125497 0.052877 -0.056821 -0.023896 -0.023160
8238 0.043625 -0.001158 0.001732 -0.076914 -0.012298 -0.039887 -0.022007 -0.083906 -0.063532 0.086457 -0.129249 -0.008028 0.104961 -0.078028 -0.015879 0.138703 -0.067184 0.049609 0.005327 0.060037 0.086937 -0.050354 0.023835 0.027254 -0.032708 -0.106497 -0.037035 0.003922 0.061970 -0.028950 -0.005237 0.061407 0.046048 0.183324 0.130469 -0.072644 -0.020619 -0.021783 0.034766 -0.106680 -0.115223 0.016172 -0.117643 0.041143 0.017909 -0.039586 -0.020937 -0.127837 0.140563 -0.023969 -0.044692 0.194881 0.055925 0.084289 0.206177 -0.008136 -0.016873 -0.124797 -0.043626 -0.012582 0.150039 -0.009255 -0.062968 -0.004859 -0.102403 0.077650 0.071423 -0.135653 0.033252 0.057983 0.095242 0.050157 -0.064541 -0.118510 0.053436 -0.029146 -0.010532 -0.146323 0.067698 0.011521 -0.054584 0.018453 -0.014648 0.025070 0.086531 0.113488 0.048964 0.015606 -0.015928 -0.036565 -0.099613 -0.025756 0.033234 -0.037761 0.010298 0.031243 0.121310 -0.075971 -0.072212 0.040245 0.046515 0.001186 0.070193 -0.038255 -0.018083 -0.069533 0.061751 -0.106313 0.032316 -0.071788 -0.071218 -0.108084 0.121094 -0.033230 0.023816 0.026066 0.011058 0.038504 0.002256 -0.034733 -0.089568 -0.026105 -0.045808 0.096943 0.030335 -0.005047 -0.031284 -0.102419 -0.137051 0.013771 0.047603 0.068546 -0.013137 0.074955 -0.124684 -0.003071 -0.133319 -0.034849 0.063920 -0.082258 0.082689 -0.018371 0.025986 0.052617 0.000540 -0.047688 0.020476 -0.093782 0.008064 0.020320 -0.119503 0.037234 0.017128 -0.019226 -0.012443 -0.078201 0.037385 0.116081 -0.173177 -0.061323 -0.024292 -0.096823 -0.006112 0.038212 -0.052151 -0.008530 0.045831 -0.057314 0.181460 0.009089 -0.043982 -0.075246 0.064674 0.123786 0.013153 -0.136609 0.009671 0.000184 -0.005112 -0.013940 0.017051 -0.132146 0.008877 -0.027133 0.003962 -0.020419 -0.092707 0.067200 0.046103 0.117803 0.013430 -0.000096
83 0.107500 0.023130 0.022445 0.107397 0.082449 0.058839 -0.093074 0.022216 -0.024193 0.020886 -0.127214 0.083054 0.063376 0.000191 0.073332 -0.001330 0.032984 -0.150388 -0.001423 0.094959 -0.099971 -0.093464 -0.037072 0.015142 -0.063401 -0.000713 -0.082661 0.019749 -0.003172 -0.075160 0.092131 0.026710 0.042792 -0.037200 0.089218 -0.006454 0.014646 0.034037 0.023212 -0.049609 -0.046998 -0.048671 0.133925 -0.088030 0.059600 0.061380 -0.072462 -0.170809 0.122244 0.035974 0.022531 0.065658 -0.016473 -0.127774 0.042033 0.043656 -0.116057 -0.001185 -0.063684 0.055213 -0.041581 -0.142641 -0.099164 -0.061495 -0.046460 0.015892 0.117310 -0.059285 0.120961 0.004800 -0.019054 0.054273 -0.155879 -0.035470 -0.011567 -0.110797 -0.059810 0.065671 0.072452 -0.037789 -0.074116 0.008628 0.020025 0.064197 0.171442 -0.050524 0.048974 -0.056082 -0.015876 0.140218 -0.073222 0.072678 0.005017 0.034465 -0.026543 -0.046826 0.018720 0.002319 -0.185226 0.121524 -0.032497 -0.005933 0.019132 -0.078651 0.051769 0.020615 -0.151187 -0.114935 0.098354 0.023334 -0.068504 0.016040 0.022365 0.005349 -0.013787 -0.077981 -0.095467 -0.009765 0.026173 -0.020624 0.105426 0.031318 -0.042158 0.041545 -0.048200 -0.022825 -0.057021 -0.101322 -0.064945 -0.009864 0.015091 -0.017720 0.136334 -0.067681 0.055165 -0.042702 0.032315 0.096602 0.008404 0.043499 0.007441 -0.097392 -0.002655 -0.040934 -0.032885 0.108597 -0.016180 -0.111660 -0.005059 -0.162939 -0.026610 -0.047589 0.023573 0.162485 0.082384 -0.020657 0.001473 0.001526 -0.078911 0.159762 -0.041794 -0.077587 0.013425 -0.042290 -0.001246 -0.073890 0.018001 0.021249 0.107463 -0.146754 0.097517 0.029745 0.092576 0.000124 -0.020388 0.151792 -0.086057 -0.019401 0.048146 0.016642 -0.022330 -0.103449 -0.071533 0.007209 0.039855 0.040683 0.066957 -0.076253 -0.080729 -0.033610 0.088807 -0.029128
831 0.031600 0.101121 0.025775 0.013288 -0.043794 -0.014055 -0.041955 0.100741 0.044579 -0.049305 0.084636 0.039482 0.134300 -0.046524 0.019635 0.031862 -0.027347 0.074374 -0.010890 -0.085201 0.056206 -0.054111 -0.002295 -0.123413 -0.066296 0.008538 -0.029778 0.060597 0.040159 -0.044561 0.028392 0.095976 0.077349 -0.071810 0.052057 -0.043788 0.008830 -0.115684 0.112923 0.060039 0.093985 -0.096416 -0.067364 -0.016400 -0.009416 -0.095419 0.035579 -0.056856 0.086892 -0.057260 -0.074546 0.144612 0.088873 0.058361 -0.087030 -0.024858 0.051121 -0.070018 -0.036556 0.091529 0.021155 0.090648 0.000302 -0.048555 0.040951 -0.010113 -0.000923 -0.098510 -0.147399 -0.073791 -0.192528 -0.053387 0.149440 -0.062442 0.112819 -0.053331 -0.042464 -0.046290 0.078957 0.051131 -0.033307 0.191854 0.034478 0.088275 0.178554 0.060468 0.012827 0.014579 -0.054423 -0.024541 0.008325 -0.102665 0.031560 -0.045770 -0.008960 -0.063917 0.170569 -0.066373 0.005659 -0.075991 -0.044545 -0.110740 0.146664 -0.056068 -0.056368 -0.042822 0.132789 0.021093 0.065399 0.091334 0.061285 0.065893 0.009850 0.038444 -0.092657 0.123416 -0.071401 -0.090873 -0.172641 -0.036966 0.003388 0.042930 0.044935 0.019280 -0.011343 0.097521 0.131858 -0.048695 -0.121720 -0.027976 -0.061975 0.057772 -0.034882 -0.087948 -0.059424 0.033028 0.021404 -0.011088 -0.127647 0.038373 -0.036107 -0.076086 -0.131477 -0.091393 0.092290 0.022339 0.001322 -0.122577 -0.106776 0.063775 0.098406 -0.013722 0.030807 0.032601 -0.049282 -0.042223 0.075571 0.062479 -0.037273 -0.042738 -0.110393 -0.051115 0.028271 -0.006360 -0.000227 -0.034894 0.079452 -0.004856 0.054481 0.032356 0.073837 0.046218 0.023502 0.039509 -0.045911 0.000087 0.050521 -0.103240 0.036853 0.001500 -0.049740 -0.102137 -0.012514 0.039475 0.056592 0.034252 0.057316 -0.081937 -0.011954 -0.022708 -0.073603 -0.082280
8312 0.043730 0.001797 0.108486 0.009987 0.151133 0.099571 0.053400 -0.025468 -0.001915 0.113207 -0.101357 0.003692 0.110174 -0.115744 0.005470 -0.071369 -0.152976 0.005972 0.066829 -0.064637 -0.000033 -0.044274 0.016457 -0.066906 0.056632 0.033707 -0.038100 0.004513 -0.038890 -0.179093 -0.032504 0.063713 -0.001276 0.146883 0.009144 0.043835 -0.009738 0.014991 -0.045553 0.041735 0.021990 -0.018238 -0.026503 -0.042933 -0.030844 -0.055517 0.102556 -0.028891 -0.006713 -0.036273 -0.067011 0.103321 -0.003968 -0.054352 0.088283 0.001679 0.054779 0.068819 -0.067516 0.134917 0.021206 -0.064213 -0.141715 -0.006941 0.012459 0.019717 0.036350 -0.078376 -0.140829 -0.022819 -0.029056 0.060382 0.150234 -0.101475 0.019202 0.056500 -0.044963 0.062249 0.158192 -0.107674 0.041000 0.029524 -0.028889 0.047252 -0.098783 0.011178 0.042761 0.117330 0.003732 0.028695 -0.087916 -0.056312 -0.062868 0.093177 0.027498 0.011686 -0.078433 -0.005370 -0.153487 0.024856 -0.021628 -0.099767 0.106911 -0.095098 0.041732 -0.066672 -0.009137 -0.075153 0.009381 -0.071271 0.003807 -0.139631 -0.027249 -0.018943 -0.018677 0.080038 0.066631 0.081339 0.103824 -0.011386 0.061157 -0.038840 0.053264 0.046293 0.117331 0.021254 -0.080138 -0.058242 -0.145880 0.076880 -0.034898 -0.065822 0.019023 -0.042296 -0.072776 0.006858 0.055948 0.015557 -0.087333 0.052380 -0.018216 -0.146585 -0.123230 -0.059260 0.064781 0.066277 0.037765 -0.057991 -0.056712 -0.003297 0.043890 0.110146 -0.027274 0.135513 0.001422 -0.065634 0.090255 0.014904 -0.064645 -0.003374 0.104729 -0.118231 0.109486 0.060468 -0.074648 -0.013571 0.057964 0.077459 -0.134898 -0.155821 0.064131 -0.063838 0.046280 0.093955 0.012186 -0.006112 -0.023385 0.058843 0.014431 0.032176 0.051994 -0.089108 0.040063 -0.082343 -0.146684 0.027191 -0.052492 -0.015499 -0.003279 0.142272 0.029642 -0.067174
8324 0.047270 -0.020269 0.168688 -0.007954 -0.071974 -0.014380 -0.058973 0.064190 -0.067291 -0.091109 0.001418 0.054977 0.138795 -0.052588 -0.000421 -0.131731 -0.034416 0.057836 -0.056128 -0.009042 -0.040501 0.012301 -0.038811 -0.019568 0.065295 -0.049207 0.004525 0.031405 0.036737 -0.003663 0.165415 0.029291 -0.081998 -0.067922 0.143717 0.083680 0.060830 0.007409 0.024598 -0.061684 -0.045708 0.029725 -0.052837 -0.113431 0.072611 -0.037109 -0.046910 0.036370 0.083193 -0.040816 -0.026584 0.107150 -0.112490 -0.053744 0.032954 -0.019747 -0.011051 0.019812 0.013172 -0.022262 0.218522 -0.015669 -0.061953 0.047115 -0.099124 -0.010515 0.062919 -0.063679 -0.106614 -0.002537 -0.043843 0.087206 0.054479 -0.140377 -0.031794 0.064422 0.028092 -0.077253 -0.104441 0.059186 0.088071 -0.038315 -0.009366 0.026459 0.102519 0.036839 0.042265 0.025094 0.031387 0.228306 -0.006847 0.015150 0.079738 0.181237 0.008109 -0.133716 0.165206 0.004446 -0.202002 0.096326 0.018264 -0.125881 0.028750 0.009433 -0.009925 -0.041418 -0.018007 -0.013932 0.012241 -0.064691 -0.051534 -0.121634 0.025450 0.033820 -0.048819 -0.007580 -0.058198 0.052635 0.090272 0.051463 -0.110849 0.036578 0.012264 -0.109481 0.001809 -0.038092 -0.001187 0.068626 -0.001671 0.049655 0.012322 0.047881 0.035865 0.022721 -0.097738 -0.125092 0.115031 -0.035178 -0.002530 -0.068395 0.002746 -0.096504 0.006206 -0.085419 -0.114966 0.023618 0.068442 0.048341 0.042343 -0.026898 -0.073833 -0.025902 -0.004069 -0.059488 0.076615 0.043987 0.147300 0.049370 -0.089239 0.099378 -0.088847 -0.132246 0.041674 0.029065 0.003295 -0.033029 -0.027667 0.076221 0.071450 0.078698 0.137395 -0.001274 -0.015881 -0.000572 0.012499 0.096562 0.052540 -0.084506 0.038267 0.045438 -0.047840 -0.094182 -0.028067 0.023447 -0.044891 0.011186 0.099712 -0.040403 0.066607 -0.070312 -0.015481 -0.114827
839 -0.017777 0.050459 -0.032354 0.124409 0.032016 0.080220 -0.042673 0.047960 -0.148495 0.127387 -0.020338 0.030863 -0.057988 -0.040621 -0.028131 -0.032870 0.087581 0.089570 0.035938 -0.084038 -0.018624 -0.210096 -0.035261 -0.053432 0.025518 -0.008061 0.068100 0.166091 0.022743 -0.059107 0.020086 0.113251 -0.028283 -0.079260 -0.004024 -0.023019 -0.022789 0.038465 0.092976 0.017026 -0.039032 0.010002 -0.071293 0.015962 -0.079701 0.026685 0.008455 -0.058624 0.044323 0.039283 -0.127817 -0.069841 -0.039476 -0.080052 0.057436 -0.024690 -0.007484 0.019019 0.013622 -0.094593 0.030178 -0.007698 -0.055401 -0.087060 0.056975 -0.027026 0.070880 -0.073398 -0.071477 -0.045937 -0.096145 0.054061 -0.005434 0.018219 0.098519 0.100670 -0.035583 0.018803 0.051818 0.115893 0.045470 -0.114516 0.022552 0.068660 -0.013471 0.066332 0.117325 0.050648 -0.039767 0.071319 0.055036 -0.031465 0.000654 0.054053 0.015666 0.036252 -0.078905 0.003952 -0.024246 -0.009227 -0.007992 -0.019782 0.178265 0.015711 0.139770 -0.109714 0.055789 -0.035141 -0.145532 -0.009306 -0.041313 -0.150971 0.056196 -0.023120 -0.034956 -0.074061 0.109714 0.042526 0.187652 0.056686 0.036221 -0.172176 -0.027537 -0.016780 0.034573 0.070489 -0.089635 -0.050850 -0.025116 0.052614 -0.141431 -0.010424 -0.085325 0.007391 -0.097513 -0.072697 0.173785 0.007846 -0.019265 -0.048555 0.060938 -0.093907 0.046758 -0.031991 0.098737 0.161103 0.031870 0.047024 -0.130373 0.053671 0.011945 -0.102478 -0.066927 0.018442 -0.007629 0.002366 -0.010931 -0.001007 -0.083638 -0.114360 -0.058105 -0.072244 0.119810 0.123705 -0.012842 -0.029926 0.030674 0.022950 0.104913 -0.041344 0.018345 -0.119669 0.033866 0.069306 -0.045259 -0.075248 -0.013739 0.048077 -0.019581 0.095941 -0.093136 -0.080369 -0.009639 -0.056065 -0.035185 -0.047474 0.057100 -0.010950 -0.139267 -0.102425 -0.047132 0.070314
8419 -0.038357 0.017152 0.004247 -0.051696 0.047742 -0.010795 0.038105 0.056574 -0.076439 -0.027425 -0.005127 0.062514 0.118723 -0.020862 -0.008331 -0.031471 0.109894 0.043500 0.096939 0.078565 -0.056528 -0.117832 0.028267 0.058443 0.090613 0.037844 -0.018571 -0.004670 -0.016461 -0.005004 0.090140 -0.002225 -0.001355 0.056854 -0.021300 0.001789 -0.090943 -0.014375 0.132070 0.078648 0.156654 0.021201 -0.017760 0.002144 -0.043248 -0.071276 -0.069720 0.041314 -0.014992 0.070924 -0.011122 0.171419 0.083839 0.025833 -0.067041 0.153817 -0.060499 0.083838 -0.061760 -0.016357 -0.058427 0.033856 -0.008181 0.037293 0.107406 -0.062090 0.005133 0.020271 -0.030596 -0.112651 -0.075902 -0.069327 -0.078013 -0.032464 -0.157322 -0.138095 0.026754 -0.063818 -0.004607 -0.092570 0.057624 -0.022153 -0.087985 -0.043800 -0.049450 -0.050484 0.031785 0.043039 0.077453 0.061585 -0.016926 -0.027979 -0.004608 0.048747 -0.018475 0.037351 -0.071712 0.078593 -0.051578 -0.088757 -0.062844 0.043021 -0.030044 -0.085948 -0.010320 -0.099784 -0.080098 -0.025014 0.029023 -0.049196 0.071431 0.059509 0.046636 -0.018022 -0.213308 0.125213 0.078916 0.133748 0.102331 0.070808 -0.104116 0.124076 -0.096021 -0.027233 0.100699 -0.017068 0.031457 -0.040048 -0.046240 -0.067742 -0.196958 0.076636 0.055021 -0.142611 0.036012 -0.019465 -0.020718 -0.237114 0.019572 0.030126 0.014763 0.091134 0.007353 -0.009659 -0.118391 0.019858 0.043900 -0.086572 -0.016359 -0.008149 0.068331 -0.031763 0.015517 0.028760 0.000999 -0.042972 0.051968 -0.039631 0.125352 0.073232 0.044219 -0.013133 -0.083262 0.016461 0.020256 -0.161606 -0.048279 -0.092869 0.080980 0.058961 0.184780 -0.010509 -0.038744 0.120230 -0.033089 0.140406 0.071783 0.013226 0.029932 -0.023350 0.045277 -0.053110 -0.011226 0.001926 -0.042177 0.057573 -0.118969 -0.040384 0.025567 -0.049361 -0.039700 -0.050999
8425 0.144272 0.015334 0.082729 0.093542 -0.112347 0.025576 -0.109967 -0.056656 -0.102487 0.054289 -0.012961 0.018626 0.110156 -0.087913 0.027873 -0.009907 0.017382 0.031139 -0.041267 -0.062571 -0.016748 -0.007997 -0.100409 -0.037744 0.052985 0.015007 0.005545 0.106555 0.102400 -0.072146 0.020117 -0.000998 0.110464 0.179524 -0.014593 -0.141217 0.112957 0.083490 -0.049977 0.044513 -0.145238 -0.084663 -0.072373 -0.150481 -0.030155 -0.029117 0.007046 -0.002317 -0.052175 -0.079694 0.064766 -0.052362 -0.069691 0.005011 -0.005079 -0.143733 -0.018046 -0.000658 0.002669 0.098285 -0.050608 0.000360 -0.095428 -0.020151 0.054509 -0.015714 -0.050317 -0.107369 -0.102680 -0.020821 -0.002834 0.002417 0.034297 0.018919 -0.094853 0.070031 -0.018684 -0.020378 -0.054446 0.045935 -0.089582 0.061218 0.000184 -0.061295 -0.018004 -0.053239 0.068464 0.029482 -0.085898 -0.140576 0.044117 -0.086975 0.019896 0.114636 0.005892 -0.039212 0.120442 0.025185 -0.028432 0.042747 -0.037974 0.097348 0.044752 -0.039641 0.047273 0.050782 -0.050360 -0.041596 -0.020202 0.072991 0.030487 -0.044996 0.121083 0.026942 -0.088284 0.084058 -0.020551 0.106933 0.176920 0.064015 0.013384 -0.076004 0.080037 -0.061392 0.092947 0.107666 0.020937 0.000343 0.010751 -0.036832 -0.028699 -0.081083 -0.016298 0.115966 -0.122804 0.026964 0.098078 -0.020726 0.128391 -0.070128 -0.130349 -0.029441 0.166758 -0.042440 0.010039 0.011078 0.034571 -0.079647 0.012276 0.135601 0.057208 -0.021895 0.051961 -0.031140 0.094884 0.032986 0.044465 -0.080351 -0.054179 -0.061890 -0.078907 -0.147388 -0.059832 -0.125981 -0.115710 0.034604 0.042824 -0.068328 0.011967 0.087890 -0.045389 -0.059507 -0.092412 0.057409 -0.051634 0.024547 -0.003005 -0.023103 -0.023475 0.012546 -0.036950 -0.057384 0.030160 0.014669 0.043084 0.082749 0.149860 -0.116022 -0.062945 -0.035017 0.075033 -0.121132
8465 0.069299 0.058794 0.130840 0.156423 0.067901 -0.061029 0.075626 -0.092905 0.075159 0.028337 -0.084816 0.084050 0.109571 -0.004288 0.050479 -0.004874 -0.092408 0.106469 0.050616 -0.028657 -0.130859 -0.107920 -0.010282 0.047321 0.027913 0.067867 -0.059566 -0.135593 0.006664 -0.188969 -0.014555 -0.030654 -0.016275 0.074034 0.004613 0.007635 -0.052461 -0.008392 0.034031 -0.100452 0.047243 -0.041129 0.014817 -0.109927 0.081129 0.087438 -0.017438 0.028225 0.063051 0.018361 -0.043455 0.089801 -0.005015 -0.026602 0.101509 0.045067 0.059704 0.002331 -0.015682 0.069809 0.142497 0.074823 0.010008 -0.007617 -0.013023 0.079513 0.075281 -0.029586 0.006004 -0.021717 -0.073385 0.069859 -0.004787 -0.183397 -0.092070 -0.121696 -0.104553 -0.025369 -0.029970 -0.100646 -0.032761 -0.003267 0.109588 -0.037726 -0.036972 -0.057314 0.020958 0.093601 -0.141461 0.030141 -0.029672 -0.112130 0.023995 0.054430 -0.086539 -0.099297 0.096316 -0.065062 -0.115789 0.060280 0.089506 -0.049536 -0.037730 -0.031861 0.052451 -0.040408 -0.019332 0.050891 -0.028634 0.074186 -0.058602 0.036545 0.039303 -0.030730 -0.052127 -0.038667 -0.116712 0.128942 -0.063356 0.131296 0.026798 -0.008636 -0.080558 0.005617 -0.020147 -0.054646 -0.069272 -0.167674 -0.102429 0.033094 0.032315 -0.020007 0.000446 -0.040601 -0.158030 -0.042268 -0.040944 -0.050875 -0.031903 -0.040590 -0.046165 -0.022098 -0.013617 -0.009069 0.018468 -0.015975 0.104375 -0.082416 0.022331 0.031882 0.016341 0.007503 -0.019048 0.070643 0.024222 0.019226 -0.000311 0.011919 -0.185519 -0.056349 -0.013587 -0.234012 0.044728 0.094000 0.015640 0.065319 0.036851 -0.017062 -0.020666 0.011631 0.124694 -0.069796 0.050182 0.107469 -0.008966 -0.011679 0.033483 -0.182135 -0.005244 0.094889 0.042110 -0.010131 0.017721 0.009286 -0.050998 -0.062305 -0.141575 -0.061447 0.005198 0.065657 0.053977 -0.059494
8468 -0.010737 0.068833 0.109126 -0.051027 0.114081 -0.144306 0.009657 0.020768 0.077075 0.003958 -0.060370 0.044000 0.052816 0.000790 -0.085841 0.096800 0.016682 0.133365 0.025273 -0.062301 -0.070309 -0.051615 0.019938 0.149214 -0.007579 0.047484 0.010244 0.088554 -0.128347 -0.090404 -0.002057 -0.071791 0.076971 -0.032236 -0.030551 0.045468 0.011122 -0.009253 0.180590 -0.078429 0.028878 -0.107540 -0.046555 -0.022037 -0.121392 0.087138 0.092445 0.072918 -0.010365 0.063425 -0.011436 -0.040594 -0.065888 -0.026430 -0.050023 -0.069957 -0.018917 0.028785 0.005547 0.167293 -0.053684 0.086973 -0.025474 0.056904 0.099082 -0.023848 0.162721 -0.052529 -0.017106 -0.044990 -0.083023 -0.069809 0.024791 -0.170453 0.112563 -0.056234 0.006249 0.034800 0.078649 0.071530 0.073055 -0.001051 0.175962 -0.051971 -0.024747 0.097204 -0.108964 -0.026806 0.019482 -0.033238 -0.039530 -0.051972 0.056920 0.153697 -0.009713 0.016804 0.161008 0.064836 -0.080449 0.088867 -0.001136 -0.036733 -0.077939 0.073488 -0.046380 -0.083124 0.038205 -0.150669 0.054484 -0.008217 0.020552 0.046641 0.028912 -0.023198 0.002238 -0.010351 -0.012171 0.013866 -0.081552 -0.041815 0.076554 -0.052912 0.107507 -0.109996 0.042649 -0.060851 -0.006335 -0.108951 0.055803 0.007006 0.044091 0.003204 0.102301 0.057550 -0.160688 -0.096527 0.054693 -0.095065 0.002636 -0.050317 0.018276 -0.042590 0.024405 -0.028655 0.036822 -0.090794 0.055141 -0.057338 0.004944 -0.001998 -0.005956 0.002294 -0.226556 0.039849 -0.012849 0.043330 -0.003413 0.009508 0.038051 0.017582 -0.068778 -0.056013 0.073675 0.066867 0.095623 -0.042780 0.076715 0.212663 -0.040190 0.005554 0.045037 0.074278 -0.000916 -0.052989 -0.048247 -0.121410 -0.087990 -0.085048 0.030580 0.031297 -0.069114 -0.064130 0.031036 0.095588 -0.020567 0.023178 0.015279 -0.036562 0.046709 -0.051521 -0.022579 -0.003839
8580 0.073171 -0.010335 -0.027616 0.038610 -0.053705 -0.014628 -0.034879 -0.003563 -0.069754 -0.066031 -0.092820 0.107498 -0.006742 -0.102216 0.111389 -0.016951 0.038631 -0.167961 0.125418 -0.028904 0.042699 -0.058814 -0.025318 0.039459 -0.038131 0.020351 0.018004 -0.061096 0.138072 -0.108783 -0.066946 0.090033 0.004902 0.008856 -0.093225 -0.024122 -0.002986 0.044911 0.024671 -0.077781 -0.007468 -0.030387 -0.030284 0.050086 -0.008402 -0.011819 0.011775 -0.181757 0.103604 0.040812 0.054817 -0.006623 0.068512 0.097896 0.019781 -0.065647 -0.081675 -0.063548 0.014175 0.029334 0.049459 0.060863 0.036412 -0.050507 0.097983 -0.053492 0.031677 -0.111771 0.018781 -0.065639 0.031429 -0.104087 -0.061519 -0.192138 -0.071838 -0.120653 0.011505 -0.002327 0.155420 0.035883 -0.000779 -0.144532 0.078937 -0.043638 0.154402 0.036385 0.084638 0.053367 0.036507 0.132154 -0.126329 0.054275 0.079712 -0.083676 -0.040863 0.071453 0.154792 0.094412 -0.041999 -0.019805 -0.042798 -0.017016 0.062984 -0.069784 -0.056911 0.045711 0.103007 0.106410 -0.023717 -0.041954 0.124587 0.055920 -0.058677 -0.135146 0.023782 -0.039654 0.014121 0.011546 0.001070 -0.007216 0.140983 0.108869 -0.054547 -0.000609 -0.052277 -0.041096 0.122468 -0.078698 0.007618 -0.075871 -0.049186 0.209362 -0.029397 -0.006202 0.030842 -0.115099 -0.015562 -0.096970 -0.067448 -0.046652 -0.051955 0.059206 -0.115526 -0.076966 -0.032913 -0.000245 0.104350 -0.014557 -0.033941 -0.080218 -0.022482 -0.019538 0.054528 0.072042 0.000300 0.056738 -0.059522 -0.076729 -0.124153 -0.021833 0.050032 0.023594 -0.006032 -0.143664 0.153089 0.044679 0.022638 -0.040616 -0.033076 -0.013477 0.089692 0.068109 0.013098 -0.017146 0.002362 -0.079700 -0.056129 -0.036135 0.104024 0.064773 0.106096 -0.006841 0.027236 0.036884 -0.000048 -0.020719 0.012060 0.003318 -0.064755 -0.006823 -0.088902 -0.082452
8609 0.090818 0.054935 0.101853 0.046249 0.016297 -0.010544 -0.099578 -0.008172 0.096409 -0.017360 -0.149458 0.055156 0.048593 -0.001985 -0.010675 -0.043477 -0.082019 -0.012694 0.049357 0.132252 -0.024438 -0.041287 -0.039617 0.025096 -0.098759 0.155386 -0.124006 -0.063932 0.092172 -0.120283 0.013585 0.045103 -0.061040 -0.019910 0.039550 0.011021 -0.117540 0.071856 0.090465 -0.041611 0.052202 -0.042308 -0.014461 0.033501 -0.047430 -0.057338 -0.035818 -0.020993 -0.027809 -0.035115 -0.120343 0.012211 -0.065105 -0.047020 0.122310 0.003772 -0.008185 0.004226 0.023771 -0.006613 0.107938 0.082132 -0.020801 -0.021723 -0.126550 0.069216 -0.039739 -0.071073 0.025132 -0.077642 0.002685 0.010736 0.134008 0.099088 -0.010639 0.020426 0.028733 -0.003829 -0.011741 0.015785 0.055874 0.009945 -0.038930 -0.106107 0.078374 0.000812 0.059862 -0.047097 -0.015706 -0.030395 -0.084852 0.032881 0.029057 -0.055794 -0.098523 0.151521 0.031626 -0.146389 0.038898 -0.032907 -0.064104 0.051066 0.133160 0.059653 -0.056422 0.074477 0.082269 -0.121897 0.012822 -0.004929 0.044981 -0.131598 -0.013714 -0.029502 -0.011075 0.036162 -0.032177 -0.028483 -0.082956 0.050686 -0.041600 0.064249 0.058859 0.044408 -0.025329 -0.008235 0.075282 -0.138919 -0.126247 0.092145 -0.034673 0.106959 -0.049822 -0.179418 0.022012 -0.060092 -0.075429 -0.022316 0.120461 -0.026807 0.097697 -0.053647 -0.009217 -0.133595 -0.010775 -0.042980 0.041534 -0.016114 -0.203732 -0.008906 -0.041294 -0.078061 -0.145037 0.026126 -0.011312 0.085904 0.000951 0.026464 -0.006699 -0.099052 -0.132684 -0.042494 0.025367 0.081089 0.213406 0.137298 0.009383 -0.044506 -0.031637 -0.016150 -0.043315 -0.092176 0.069030 -0.065152 -0.085735 -0.107538 0.143723 -0.027366 -0.000859 0.104835 0.042838 -0.099807 -0.024399 -0.000361 0.091791 -0.012175 0.022644 0.009199 0.010523 -0.052209 -0.094981 -0.012201
8629 -0.019703 0.032405 -0.014922 0.117867 0.149960 0.135216 0.002678 0.028517 -0.015164 0.079073 -0.003802 -0.064954 0.076630 -0.027916 -0.029756 -0.126948 -0.129451 0.047420 -0.183571 0.049020 -0.142497 -0.011925 -0.042643 -0.054323 -0.024464 -0.040729 -0.049646 -0.022230 0.064767 -0.116097 -0.003535 -0.004829 0.044702 -0.063696 -0.011271 0.032658 -0.008680 -0.048355 0.119980 0.000759 -0.035330 0.016187 -0.025137 -0.111185 -0.054730 -0.181524 -0.075987 -0.057423 0.076265 -0.007757 -0.070448 -0.087878 -0.071571 0.004602 0.087645 -0.140080 -0.068273 -0.044289 -0.045343 0.006775 -0.015245 0.011778 -0.158674 -0.013998 -0.038271 0.000961 0.072265 -0.037681 -0.138645 -0.083338 0.013475 0.014106 0.018115 -0.088834 0.028589 -0.086866 0.036998 0.037176 -0.008752 -0.126243 0.049716 -0.057799 -0.015706 -0.035227 0.113598 0.039709 -0.079015 -0.089659 -0.022988 0.004146 0.024820 0.060258 -0.000183 0.066525 -0.082259 0.035897 0.118712 0.049599 -0.042587 0.015382 0.046832 0.053297 0.029454 -0.040584 -0.023031 -0.050004 -0.076542 -0.019903 -0.045449 -0.106809 -0.052517 -0.095428 -0.011450 -0.077875 0.003576 0.110398 0.067270 0.029323 0.143197 -0.007541 -0.064853 0.069922 0.120654 0.099558 0.100633 -0.012750 -0.102628 -0.010234 0.002748 0.135109 0.019859 0.002039 -0.004038 -0.054971 0.013093 0.063725 0.012455 -0.025700 0.131999 -0.050729 0.074188 -0.086070 0.049515 -0.086281 -0.093133 -0.014002 -0.056745 -0.015867 -0.152836 0.038414 -0.004960 -0.020591 -0.078443 0.112914 -0.013387 0.103166 -0.034593 0.052167 -0.121076 -0.087048 0.156080 -0.066197 -0.091884 0.060550 0.013328 -0.101663 -0.070276 0.052105 0.077333 0.047386 -0.120635 -0.023502 -0.043573 0.043137 0.036760 -0.035799 -0.000887 0.027215 0.049656 0.008628 -0.084962 -0.100196 -0.021987 0.033776 0.073385 -0.002259 -0.082308 -0.210675 0.006171 -0.079054 0.114891 -0.056823
8630 0.150734 0.086153 0.062768 0.042765 0.133775 0.113002 -0.116992 0.048684 -0.041286 0.146897 0.095588 0.006227 -0.072766 0.038722 -0.076120 -0.025743 0.126536 -0.015274 -0.064535 0.036331 0.104018 -0.033868 0.000840 0.082865 -0.062974 0.090530 0.115496 0.153545 0.136477 -0.060025 -0.032600 0.042087 0.052798 0.034658 0.021358 0.025701 0.135296 0.056074 0.076998 -0.113523 0.094986 0.083860 0.064104 0.058974 -0.094563 -0.018849 0.001538 -0.016564 0.101196 -0.049073 0.149018 -0.002491 0.014870 0.072094 0.088510 0.120423 -0.019594 0.019090 0.005408 0.040146 0.008273 0.026587 0.008013 -0.038604 0.060442 0.002051 -0.007723 0.010993 -0.049516 0.063233 0.035092 0.045313 0.147486 -0.043314 0.017339 -0.094097 -0.001735 -0.064526 0.139607 0.095404 -0.042323 0.070493 0.059057 -0.103558 0.057507 0.032604 0.003585 0.012771 -0.052211 -0.002777 0.015939 -0.001210 -0.074291 0.025302 -0.069674 0.164447 0.058696 0.047581 0.024696 -0.034272 -0.076763 -0.038785 -0.059334 0.054914 0.064776 0.056771 0.008030 -0.018408 -0.035400 0.020704 0.081714 -0.031001 -0.039616 -0.032506 0.027050 0.076427 0.046267 0.006849 0.057752 0.040608 -0.025418 0.005015 0.089508 0.141864 -0.048476 -0.063440 -0.018653 -0.033956 0.031089 -0.080159 0.062101 -0.020142 0.087980 -0.155868 -0.001642 0.009836 0.226100 0.006190 -0.020162 -0.157590 0.018963 -0.118890 0.045559 -0.058328 0.021971 0.011874 -0.075060 0.012016 0.006892 0.000319 0.075581 0.077001 -0.130926 -0.000857 0.001913 0.029252 -0.057422 0.009478 -0.090037 -0.082976 -0.047403 -0.060773 -0.078725 0.027707 0.011712 0.031709 -0.037825 -0.045061 -0.027930 0.037545 0.000533 -0.046661 0.006478 -0.022701 -0.097165 -0.066430 -0.059971 -0.156751 -0.006237 -0.046698 -0.025432 0.010864 0.043625 0.009645 -0.051247 -0.093880 0.012614 -0.237405 -0.074738 -0.176229 -0.003016 0.071045
87 0.078366 -0.001161 -0.003675 0.007950 -0.041840 -0.023926 -0.039474 0.086733 -0.171369 -0.042223 -0.013045 -0.047578 0.124740 0.170903 0.095807 0.112978 0.046033 0.004928 0.034233 -0.004653 0.011617 -0.032604 0.025347 -0.008600 -0.155077 0.094068 -0.095180 -0.022750 -0.119093 0.000642 -0.071511 0.013278 0.024449 0.010407 0.021286 0.030353 -0.050005 -0.062419 0.086560 -0.054109 -0.145262 -0.025194 0.005162 0.059369 0.042699 -0.044835 0.026138 -0.087294 -0.011147 0.078364 0.014539 0.027635 -0.031769 0.048744 0.035922 0.079395 -0.092133 0.131395 -0.167680 0.015066 0.017239 -0.125534 -0.097048 -0.048157 -0.021033 -0.037434 -0.042791 -0.035990 0.051501 -0.021335 0.023131 0.105945 -0.061030 -0.081961 0.005072 -0.018957 -0.043894 0.055883 0.003045 0.025891 -0.035258 -0.102234 -0.059179 0.009937 0.115148 0.004010 -0.053078 0.022827 0.009188 0.138660 0.125574 0.085472 -0.006134 0.013583 -0.076649 -0.100234 0.108128 -0.105929 -0.153559 -0.055621 0.040418 0.096695 0.018519 -0.047471 -0.050936 -0.049284 -0.131654 -0.189722 -0.056712 -0.000636 -0.033475 -0.133185 -0.022503 -0.048939 0.040947 -0.078300 -0.018333 0.002490 -0.088322 -0.019206 0.102673 0.027704 -0.075385 -0.014286 0.175172 0.073858 0.020632 -0.073257 0.068207 0.078064 -0.018459 0.156219 -0.010236 -0.006541 -0.025507 -0.054401 -0.104581 -0.119383 0.070555 -0.025595 0.003296 -0.044585 0.108063 -0.140291 -0.046753 -0.134744 0.009797 -0.075400 0.048520 0.003408 -0.065950 -0.094293 -0.017635 0.018573 0.079019 0.063732 -0.077357 0.075765 -0.101687 -0.012871 0.033789 -0.159919 -0.010653 0.038108 0.040227 0.040064 0.042684 -0.023139 -0.019845 -0.063181 0.185844 0.027399 0.133787 0.065267 0.069520 -0.004008 -0.009474 0.011632 -0.074702 -0.003523 -0.005178 -0.012609 -0.000578 0.061577 0.050064 -0.014493 -0.010358 0.047778 -0.093267 0.034091 0.077526 -0.002768
8747 0.062805 -0.087343 0.053943 -0.041976 0.073843 -0.128657 -0.092490 -0.124243 -0.014807 -0.130879 0.099374 0.193404 0.030158 -0.055944 -0.004305 -0.049308 0.148445 0.008474 -0.098094 -0.010762 0.043297 -0.090565 0.013264 0.048119 0.162285 -0.000352 0.024334 -0.026201 0.083828 -0.106458 0.071790 0.127174 -0.019453 0.108647 -0.051817 -0.032723 0.031518 0.025072 -0.035185 0.056399 0.068142 0.099563 -0.085410 0.062333 -0.059613 -0.052691 -0.071778 -0.167009 0.018210 -0.104750 -0.001422 0.024742 0.110637 0.023158 0.032407 0.055617 -0.044577 0.032941 0.095237 -0.109716 0.027273 -0.137495 0.106328 0.087226 0.028015 0.047518 -0.026788 -0.031007 -0.034288 -0.078215 -0.096318 -0.067719 -0.180153 0.080113 -0.039833 -0.180485 0.037941 -0.022648 -0.018112 -0.009749 0.028932 -0.043539 -0.045711 -0.161778 0.026725 -0.007530 0.063869 0.076016 -0.066715 -0.028062 -0.122853 -0.111486 -0.031876 -0.077978 0.079533 -0.038874 0.012762 -0.083782 -0.011003 0.084869 0.037567 -0.062333 -0.035318 -0.011536 0.052960 -0.051771 0.011918 -0.018374 -0.000788 -0.019823 0.037867 0.050756 0.004199 0.061248 0.074703 0.034221 0.102656 0.159984 0.051671 0.004371 0.042433 0.041081 -0.031216 0.106535 -0.033550 0.067929 0.087491 -0.082832 -0.028689 -0.066612 0.080033 0.061927 -0.070340 -0.059832 0.006673 -0.013491 0.004370 0.004871 -0.116172 0.033743 0.017263 -0.002399 -0.157435 0.040430 -0.117878 0.012821 0.119720 -0.117771 -0.108925 0.099083 0.014289 -0.110755 -0.019874 0.000647 -0.018083 -0.023660 0.047908 -0.073304 -0.050710 0.086813 -0.002880 0.015353 0.034242 -0.028323 -0.102375 -0.013699 0.076863 0.025655 -0.125003 0.047343 0.122009 -0.012981 0.003271 0.026611 0.052515 -0.064330 0.035102 0.047500 0.063028 -0.027941 -0.030662 -0.087063 -0.019176 -0.121594 -0.032022 -0.040190 -0.012397 0.059607 -0.079211 -0.048841 0.023215 -0.010256
8770 0.090262 0.032918 0.092437 -0.085184 -0.114154 -0.072186 -0.055551 -0.110576 -0.157238 -0.129564 -0.000236 0.144837 -0.049576 -0.012469 -0.014814 -0.043446 0.055561 -0.026939 -0.147707 -0.069238 0.070613 -0.069336 0.024812 0.039243 0.135906 0.044787 0.087526 0.055074 0.172769 0.024152 0.037868 0.072094 0.054351 0.063572 0.030874 -0.106540 0.101660 0.043015 -0.093027 0.003246 -0.063468 0.031724 -0.088257 0.000310 0.124463 -0.073952 -0.015211 -0.080342 0.003442 -0.068849 -0.022320 0.037382 0.065750 0.042600 -0.036586 0.002134 0.008331 -0.016703 -0.023059 0.201182 -0.049775 -0.161004 0.041681 0.026903 0.113290 0.004417 0.000106 0.031193 -0.133271 -0.070073 -0.196396 0.042855 -0.081203 -0.070472 0.008252 -0.062304 -0.117993 -0.024801 0.061133 0.021461 0.004177 0.043792 0.033108 -0.132297 0.076824 0.073135 -0.047559 0.047958 -0.057883 -0.096465 -0.017103 -0.186484 0.076268 0.072682 0.097138 0.023467 0.000660 -0.017402 0.001576 0.000088 0.088167 0.016711 0.023587 0.160271 0.090817 -0.021736 0.048210 -0.093813 -0.071975 0.119269 0.023626 -0.004726 0.015539 0.011525 -0.031165 0.048244 -0.028104 -0.015568 0.053045 -0.004237 0.001836 -0.109224 0.057592 0.022433 0.048307 -0.003516 0.062586 -0.030016 0.114522 -0.031738 -0.043227 -0.023524 -0.110892 -0.114679 -0.007702 -0.102942 0.056823 -0.023366 -0.041972 -0.031076 -0.041116 0.002871 0.055053 0.015862 0.077380 0.134771 -0.042699 -0.056454 0.038108 0.107055 -0.069221 -0.057063 0.093969 0.020398 0.116208 -0.044975 0.067995 -0.055673 -0.039515 0.047450 -0.008987 -0.045884 0.046835 -0.019756 -0.036366 -0.139493 0.018209 -0.009164 -0.057206 0.025190 0.104131 0.025161 0.041888 -0.021771 -0.061225 -0.050894 0.086992 -0.078129 -0.099749 0.021471 -0.056887 -0.005399 -0.042313 0.060562 -0.065406 0.057931 0.110005 0.013721 -0.085312 -0.058124 0.105851 -0.019182
8797 0.159943 -0.037106 0.008066 -0.021114 0.010524 -0.040645 -0.026893 0.061272 -0.088365 -0.070537 -0.137673 0.111206 0.039381 -0.123463 0.214630 -0.050418 -0.003697 -0.146014 -0.052745 0.096718 -0.052641 -0.079876 -0.077575 -0.037570 0.087232 -0.117570 0.089587 -0.010616 0.090428 -0.096870 0.002496 0.052443 0.055621 -0.054612 -0.059191 0.022543 -0.052666 -0.140638 0.025349 -0.011070 -0.021050 0.052727 -0.085467 -0.024809 -0.018749 0.090151 -0.075129 -0.130633 -0.084080 0.076744 -0.051559 0.015181 -0.034956 -0.022124 0.029478 -0.050454 0.063800 0.033521 -0.053906 0.181802 -0.042562 -0.038477 -0.067906 0.042578 -0.048125 0.002573 -0.004095 -0.058824 -0.037402 0.103336 -0.116656 0.008235 0.029428 -0.008135 0.085455 0.018253 0.143954 0.026981 0.055528 0.008637 -0.130747 -0.080388 0.042114 -0.007096 0.086594 0.105126 0.095790 0.022908 -0.059461 0.160360 0.076699 -0.047271 0.232284 -0.126718 -0.015502 0.032830 0.083696 0.058828 0.021728 0.019536 -0.007591 0.137315 0.179441 -0.051619 0.020924 0.034712 0.000136 0.023231 -0.030508 0.058217 -0.006139 -0.027030 0.061523 0.092877 0.040567 0.006401 -0.017746 -0.008260 0.002377 0.013454 -0.135626 0.081054 -0.062428 -0.071300 0.002461 -0.031363 0.081910 0.039337 -0.069089 0.022862 0.061873 0.015541 -0.063172 0.114352 -0.098040 -0.122388 -0.006767 -0.107230 -0.018430 -0.106656 -0.067925 -0.002897 -0.070449 -0.013148 -0.053467 -0.046797 0.057497 -0.099867 -0.027976 -0.012962 0.140711 -0.040178 -0.044578 0.016144 0.004206 0.060464 -0.072903 -0.014849 0.032157 -0.019231 0.023515 0.003735 -0.054686 0.023242 0.091084 -0.091633 -0.003601 -0.026934 0.005270 0.003296 0.114194 -0.001223 -0.029486 0.060392 -0.001868 -0.017801 0.044021 -0.047950 0.047672 0.083658 -0.021296 -0.079629 0.014018 0.078549 0.107238 0.094728 0.075105 0.070755 -0.119553 0.049835 -0.016525 -0.009968
8838 0.061582 -0.055576 -0.070837 0.039384 -0.086141 -0.021040 0.008727 0.024474 -0.027747 -0.005901 -0.027490 0.086022 0.147119 -0.009841 0.077155 0.009242 0.120383 0.106356 0.079891 -0.004945 0.076661 -0.061595 0.028287 -0.042108 -0.121141 0.010449 0.076857 -0.027497 0.076006 -0.037481 -0.064808 -0.118788 0.017977 0.021743 -0.014914 0.001008 0.041789 0.074004 0.056766 -0.088036 -0.052959 -0.169724 -0.104790 -0.134279 -0.029581 -0.167086 0.280643 -0.083724 0.015203 0.063424 0.049016 -0.063998 0.062759 0.023269 0.011150 -0.068116 0.024101 0.050684 0.071807 0.038146 0.036042 0.014601 -0.130915 -0.009700 0.093626 -0.021023 -0.049919 -0.053795 -0.034751 0.038264 0.003846 -0.123111 -0.067048 -0.060990 -0.086005 -0.075213 -0.046172 -0.037895 0.009248 0.102113 -0.000974 0.107804 0.158965 -0.083762 0.052479 0.024187 -0.082939 0.102436 0.031566 -0.055671 0.008651 0.028280 -0.067904 0.037248 -0.011357 0.048398 0.109610 0.086918 -0.108081 -0.024636 -0.081333 0.008824 0.172397 -0.120019 -0.061995 0.015517 0.031951 -0.019770 0.145901 0.047872 0.064578 -0.040629 -0.083877 -0.045027 0.015072 0.121618 0.057424 -0.062358 0.040088 -0.008736 -0.070030 0.063400 0.036453 -0.016017 0.142535 -0.012388 0.069167 -0.049468 -0.057749 -0.085351 -0.174620 0.103190 0.027342 0.020177 -0.063910 -0.049337 0.041025 -0.018525 -0.049071 -0.071745 -0.129159 0.082286 -0.037720 -0.040860 0.060493 -0.060202 -0.011134 -0.045656 0.078111 -0.059741 0.051022 -0.134037 0.061544 -0.062103 0.014986 0.082044 0.040306 -0.105397 -0.016643 -0.078826 0.100905 0.046341 -0.014432 -0.029798 -0.006583 0.055568 0.003893 -0.034805 0.050456 0.035047 -0.015551 0.138100 0.067829 -0.068512 0.087152 0.126892 0.042223 -0.006288 0.006052 0.040162 -0.063576 -0.051328 0.054288 -0.039083 -0.046138 0.028857 0.014739 -0.012435 -0.045511 0.054182 -0.063498 -0.049235
887 0.076390 -0.023947 0.077708 0.069582 0.107770 -0.088931 0.037918 0.020551 0.016135 -0.051623 -0.048188 0.064130 -0.005682 0.090607 0.151743 0.144578 0.063274 -0.001438 -0.052712 -0.040966 -0.042972 -0.068955 0.083780 0.061838 -0.008158 0.064304 -0.086630 -0.015757 0.047571 0.029505 0.049528 -0.030659 -0.022048 0.136759 0.049355 0.021687 0.063082 0.023412 0.093589 -0.022160 0.060735 0.011484 0.051370 0.053776 0.186906 0.032509 0.067367 -0.070742 -0.013600 0.025231 -0.066351 0.044411 -0.169779 0.011880 0.014297 0.071250 -0.135730 0.055343 0.146992 -0.084651 -0.178425 0.016087 0.047008 0.087960 0.063870 0.019004 0.049757 -0.110963 0.049716 -0.189298 -0.113911 0.092752 0.049430 0.031534 0.030196 0.009215 0.037488 0.031461 0.072609 0.011802 0.050637 0.039625 -0.045905 0.053911 0.156614 -0.020001 0.101065 0.021559 -0.022336 0.083375 0.074558 0.034469 0.018198 0.099888 -0.014061 0.048021 0.147387 0.009305 -0.048125 0.044734 -0.124889 -0.017012 -0.016243 0.088388 0.032024 -0.114403 0.058336 -0.089502 0.003770 0.024654 -0.104457 -0.023719 0.072041 0.053448 -0.075752 0.046239 -0.054008 -0.041175 0.041702 -0.003287 0.056784 -0.031007 -0.048610 -0.061018 0.077109 -0.024160 -0.005883 -0.074200 -0.000751 -0.009425 0.020905 0.076595 -0.006625 -0.062118 -0.076281 -0.027501 -0.119667 -0.070289 -0.075135 -0.095084 0.000857 -0.029366 -0.007973 0.055315 0.106584 -0.119804 0.036648 -0.027749 0.044432 -0.020953 -0.035969 -0.001818 -0.023823 -0.093413 -0.015121 0.077493 -0.049064 -0.008722 -0.243866 0.066594 0.052920 -0.074309 0.013835 0.010073 0.009855 0.039114 0.051212 0.043120 0.011146 0.030928 0.035290 0.126948 -0.001887 -0.008335 0.093665 -0.129760 -0.091665 0.019273 0.073486 0.133680 0.035011 -0.032635 0.077573 0.039627 0.070875 0.092574 -0.081322 -0.065518 -0.122156 0.090523 -0.029820 0.133851
89 0.031743 0.075263 0.006279 0.035079 -0.008220 -0.005253 0.134306 0.002235 0.104537 0.012175 -0.105215 -0.001126 0.111211 -0.001640 -0.096305 -0.069186 0.006221 -0.091059 -0.013730 -0.009905 0.136308 -0.006198 0.172975 -0.131481 -0.012931 0.010021 0.046589 0.021906 -0.017953 0.027078 -0.018986 -0.058806 0.042150 0.013783 0.023777 -0.037181 -0.014018 -0.025137 0.092648 -0.111146 -0.055587 0.049342 0.028595 0.001485 -0.039646 0.031589 -0.029574 -0.006500 0.092365 0.103266 0.012323 -0.100075 0.064725 -0.025211 -0.007950 0.079881 -0.074620 0.038072 0.035217 0.113850 0.027357 -0.028627 -0.024068 -0.015567 -0.007939 -0.003039 0.187456 -0.121766 0.023819 -0.113724 -0.047846 -0.062040 0.040354 -0.004881 -0.029503 -0.021167 0.014759 -0.195859 0.005503 -0.054443 -0.000136 0.101623 0.057858 0.053707 0.062098 0.086771 -0.041998 -0.029879 -0.144388 0.001115 -0.050340 -0.013828 0.087472 0.149899 -0.031051 0.084270 0.114982 0.035381 -0.046106 -0.006051 -0.035400 0.088343 -0.047698 0.143325 0.043203 -0.168866 0.087236 -0.047180 0.096022 0.091910 0.011737 -0.007904 -0.034702 -0.031174 0.013762 0.040279 -0.076704 0.040570 -0.006300 -0.051104 -0.027313 0.086772 -0.002229 -0.064632 0.055890 -0.048329 -0.151740 -0.009836 -0.131663 0.041797 -0.066545 0.017414 0.206419 -0.155669 -0.140703 0.021168 0.045348 -0.052592 0.063918 -0.050197 -0.087111 -0.142657 -0.000531 -0.019165 0.020194 0.017603 -0.023289 -0.014114 0.042376 0.032194 0.153136 -0.073217 -0.076559 0.043641 0.031624 0.007853 0.019001 0.060793 -0.115409 0.110234 -0.115340 -0.064839 -0.081718 -0.042498 0.063800 -0.006773 0.010517 0.043488 0.019129 0.055895 0.075975 -0.019551 -0.070156 -0.081377 -0.037902 0.015075 -0.111878 -0.071040 -0.058026 0.090995 -0.119201 -0.128302 0.023217 0.009903 -0.155526 0.059595 -0.028977 -0.018577 0.013098 -0.023700 0.014629 0.086731
8975 -0.069289 -0.004432 0.043339 0.026959 0.121481 -0.069081 0.019387 0.037154 -0.024700 -0.130473 -0.179280 -0.005251 0.102012 -0.053232 -0.006797 -0.121768 0.048780 -0.048687 -0.001743 -0.025965 -0.084442 -0.150966 0.147793 -0.041856 -0.117217 0.010968 0.001359 -0.036901 0.031855 -0.169161 0.004244 -0.089642 0.052280 0.097240 0.017265 -0.027551 0.081674 0.098493 0.124018 -0.027697 -0.030758 0.033748 0.071795 -0.012049 0.053566 -0.088455 -0.026031 0.088552 0.037187 -0.160683 -0.056326 0.022690 -0.130099 -0.099049 0.060411 0.046770 -0.013047 -0.035835 -0.191534 -0.013748 -0.030345 0.035082 0.026924 0.031589 -0.074669 0.031286 0.045225 -0.040984 -0.027826 -0.052675 -0.016765 0.101889 0.003469 -0.023703 -0.054789 -0.016620 -0.018768 -0.047412 -0.053477 -0.025113 0.043558 0.167266 -0.026061 0.179655 -0.023093 0.025422 -0.113843 0.086103 0.049920 0.137181 -0.047604 -0.029395 -0.091129 0.052767 -0.060300 0.081722 0.050516 0.001992 -0.123242 -0.010564 -0.007138 -0.063669 0.069689 0.130964 -0.012792 -0.137457 -0.014653 -0.064314 0.005379 0.060855 -0.069116 -0.117440 -0.067018 0.085652 0.038877 -0.018090 -0.000677 0.094498 -0.021225 0.074051 -0.036250 0.103055 -0.027970 0.105819 0.051646 -0.048709 0.017226 0.003088 -0.027359 0.040028 -0.078827 -0.006793 0.054590 -0.075211 -0.000260 -0.054146 0.074108 0.020352 -0.005724 -0.160750 0.107244 -0.010125 -0.119537 -0.139862 0.060612 0.034316 -0.008821 -0.012593 -0.026564 -0.104253 0.005369 -0.029955 0.028940 -0.042199 0.026653 -0.017766 0.119647 -0.096689 -0.110009 -0.038270 0.000574 0.053801 0.121038 0.053983 0.070831 0.017308 0.061354 0.026232 -0.011703 -0.056113 0.065297 -0.039458 -0.095336 0.004163 0.032027 -0.019895 -0.021134 0.082836 0.065677 0.068180 -0.056592 -0.173042 0.010665 -0.063298 0.034546 0.029784 0.066142 -0.143035 -0.061278 0.007249 -0.018290 -0.032103
909 0.070731 -0.008519 -0.034396 -0.053201 -0.006983 0.001841 0.030415 0.010244 -0.071467 -0.131415 -0.004355 0.137335 0.086496 -0.084547 0.155431 0.067003 -0.023083 0.000892 -0.104586 -0.000440 0.121875 0.081342 0.107238 0.024807 -0.009303 0.086881 0.008306 -0.004481 -0.112245 -0.021361 -0.031910 0.095876 -0.032583 0.051026 0.004903 -0.040555 0.101432 0.011438 -0.021720 -0.045179 -0.197811 0.021332 -0.029814 -0.042860 0.087868 -0.060930 -0.029513 -0.013875 -0.104040 -0.162154 -0.062061 -0.086741 0.046304 -0.100844 -0.087687 -0.167734 -0.023446 -0.087174 0.025598 0.006811 -0.103147 0.034686 -0.098425 -0.135892 0.040828 -0.062362 0.098090 -0.084478 -0.029553 -0.071712 0.054812 -0.012334 -0.022177 -0.050406 -0.085569 -0.135345 -0.031512 -0.019438 0.010877 0.063269 -0.115266 0.084864 -0.050373 -0.007841 0.056147 -0.068446 -0.060207 0.093366 -0.020909 -0.011503 -0.000232 -0.110286 0.066566 0.129312 0.019616 -0.075154 -0.044415 0.025713 0.087196 0.029001 -0.072542 -0.130971 0.165026 -0.045211 0.062542 -0.150297 -0.019996 -0.009115 -0.058708 0.092263 0.049866 0.039070 -0.090515 -0.055829 -0.004304 0.061293 -0.103833 0.007275 -0.057799 0.020334 -0.076889 -0.092249 0.051468 0.003351 0.058307 -0.009970 0.039135 -0.081523 -0.061888 -0.054775 0.050548 0.029855 -0.087927 0.008279 -0.077691 0.030077 -0.011278 0.012497 -0.097980 0.007142 -0.031715 -0.054310 0.062002 -0.075063 0.036498 0.088561 0.099789 -0.034886 -0.016963 -0.011887 -0.070886 -0.033744 0.052045 -0.012105 0.082858 0.032985 0.131353 -0.080858 -0.215625 0.033488 -0.095381 -0.053690 0.004724 -0.014206 -0.008553 -0.024446 0.000768 -0.040256 0.042787 0.012240 0.001205 0.036430 0.063792 -0.014142 -0.030894 0.055752 0.004233 -0.108280 0.062849 0.199899 -0.015542 -0.043017 0.029667 -0.038471 0.005733 0.096054 -0.009420 -0.049984 -0.027268 0.142846 0.009466 -0.144319
911 0.007581 0.111090 0.133907 0.070658 0.087592 0.013492 -0.025171 -0.055404 0.034820 -0.006899 0.004291 0.139883 -0.138972 -0.035531 0.073160 -0.142987 0.015116 0.122817 0.014273 0.066349 0.062221 0.072096 0.016346 0.024062 -0.004497 0.059112 -0.066605 -0.065928 0.149987 -0.076552 0.017560 0.146924 0.017757 0.028566 -0.059038 -0.005100 -0.167759 -0.006811 0.029374 -0.046455 -0.035200 -0.045640 -0.003649 -0.063089 -0.091172 -0.024349 0.030237 -0.082718 0.024678 0.079611 -0.143629 -0.035896 -0.148667 -0.051127 -0.000143 -0.074502 -0.087977 -0.023550 0.083361 -0.013789 0.013050 0.076688 0.082940 -0.018058 -0.038166 0.012017 -0.007358 -0.089443 -0.011885 -0.122256 -0.000445 0.050335 0.099029 -0.031525 -0.079576 0.006297 -0.052902 -0.069104 0.033278 0.104976 -0.026895 -0.034043 0.047404 0.062952 0.172691 -0.047095 0.087023 -0.110229 -0.089374 -0.047739 0.034729 -0.008199 -0.071223 -0.032843 0.036288 0.057235 0.026497 -0.135245 -0.104342 -0.026720 -0.182879 0.010234 0.126054 0.111133 -0.018074 -0.065770 0.012702 0.008777 0.061373 -0.007163 -0.024087 -0.022497 0.039177 0.011023 0.114331 -0.003168 -0.018483 0.129274 0.010567 -0.049629 -0.009632 0.043264 0.058600 0.063884 -0.051075 -0.020125 0.017280 -0.008628 -0.069820 0.039991 -0.040789 0.017722 -0.076415 -0.092182 -0.042981 -0.046669 -0.021312 -0.130854 0.054253 -0.036836 -0.013632 -0.019905 -0.046432 -0.152155 0.046161 -0.053105 0.067929 -0.021819 -0.095260 -0.053703 0.102374 -0.068997 -0.043929 0.143267 0.078110 0.000914 -0.054655 -0.093497 0.039527 -0.120844 -0.173847 -0.092748 0.054404 0.080157 0.116667 0.103786 -0.082917 -0.060268 0.044450 -0.049796 -0.016700 -0.063062 -0.001139 -0.009161 -0.157526 -0.064581 0.022179 -0.053803 0.101760 0.009847 -0.040165 -0.092684 -0.015873 -0.023602 0.092668 -0.009835 0.010845 -0.010228 -0.011892 -0.120342 -0.106190 -0.036771
